window_index,y_now,k,horizon_s,attack_prob,progression_state,attck_phase,confidence
120,0,1,10,0.024,NORMAL,None,Medium
120,0,2,20,0.0251,NORMAL,None,Medium
120,0,3,30,0.0249,NORMAL,None,Medium
120,0,4,40,0.0254,NORMAL,None,Low
120,0,5,50,0.0238,NORMAL,None,Low
120,0,6,60,0.0249,NORMAL,None,Low
121,0,1,10,0.0181,NORMAL,None,Medium
121,0,2,20,0.0226,NORMAL,None,Medium
121,0,3,30,0.0242,NORMAL,None,Medium
121,0,4,40,0.0261,NORMAL,None,Low
121,0,5,50,0.0281,NORMAL,None,Low
121,0,6,60,0.0231,NORMAL,None,Low
122,0,1,10,0.0161,NORMAL,None,Medium
122,0,2,20,0.0199,NORMAL,None,Medium
122,0,3,30,0.0209,NORMAL,None,Medium
122,0,4,40,0.0267,NORMAL,None,Low
122,0,5,50,0.0279,NORMAL,None,Low
122,0,6,60,0.0312,NORMAL,None,Low
123,0,1,10,0.58,NORMAL,None,Medium
123,0,2,20,0.533,NORMAL,None,Medium
123,0,3,30,0.5064,NORMAL,None,Medium
123,0,4,40,0.4835,NORMAL,None,Low
123,0,5,50,0.4766,NORMAL,None,Low
123,0,6,60,0.4687,NORMAL,None,Low
124,0,1,10,0.5273,NORMAL,None,Medium
124,0,2,20,0.4783,NORMAL,None,Medium
124,0,3,30,0.4226,NORMAL,None,Medium
124,0,4,40,0.395,NORMAL,None,Low
124,0,5,50,0.3717,NORMAL,None,Low
124,0,6,60,0.3583,NORMAL,None,Low
125,0,1,10,0.0165,NORMAL,None,Medium
125,0,2,20,0.0201,NORMAL,None,Medium
125,0,3,30,0.0244,NORMAL,None,Medium
125,0,4,40,0.0259,NORMAL,None,Low
125,0,5,50,0.0237,NORMAL,None,Low
125,0,6,60,0.0303,NORMAL,None,Low
126,0,1,10,0.022,NORMAL,None,Medium
126,0,2,20,0.0245,NORMAL,None,Medium
126,0,3,30,0.0275,NORMAL,None,Medium
126,0,4,40,0.0239,NORMAL,None,Low
126,0,5,50,0.0242,NORMAL,None,Low
126,0,6,60,0.0223,NORMAL,None,Low
127,0,1,10,0.0186,NORMAL,None,Medium
127,0,2,20,0.0212,NORMAL,None,Medium
127,0,3,30,0.0231,NORMAL,None,Medium
127,0,4,40,0.0251,NORMAL,None,Low
127,0,5,50,0.0249,NORMAL,None,Low
127,0,6,60,0.0245,NORMAL,None,Low
128,0,1,10,0.0168,NORMAL,None,Medium
128,0,2,20,0.022,NORMAL,None,Medium
128,0,3,30,0.0248,NORMAL,None,Medium
128,0,4,40,0.0249,NORMAL,None,Low
128,0,5,50,0.0261,NORMAL,None,Low
128,0,6,60,0.0303,NORMAL,None,Low
129,0,1,10,0.0204,NORMAL,None,Medium
129,0,2,20,0.024,NORMAL,None,Medium
129,0,3,30,0.024,NORMAL,None,Medium
129,0,4,40,0.0222,NORMAL,None,Low
129,0,5,50,0.0255,NORMAL,None,Low
129,0,6,60,0.0262,NORMAL,None,Low
130,0,1,10,0.0209,NORMAL,None,Medium
130,0,2,20,0.0207,NORMAL,None,Medium
130,0,3,30,0.0237,NORMAL,None,Medium
130,0,4,40,0.0216,NORMAL,None,Low
130,0,5,50,0.0226,NORMAL,None,Low
130,0,6,60,0.0266,NORMAL,None,Low
131,0,1,10,0.0226,NORMAL,None,Medium
131,0,2,20,0.0244,NORMAL,None,Medium
131,0,3,30,0.0248,NORMAL,None,Medium
131,0,4,40,0.0249,NORMAL,None,Low
131,0,5,50,0.0238,NORMAL,None,Low
131,0,6,60,0.0292,NORMAL,None,Low
132,0,1,10,0.0264,NORMAL,None,Medium
132,0,2,20,0.026,NORMAL,None,Medium
132,0,3,30,0.0277,NORMAL,None,Medium
132,0,4,40,0.0263,NORMAL,None,Low
132,0,5,50,0.026,NORMAL,None,Low
132,0,6,60,0.0254,NORMAL,None,Low
133,0,1,10,0.0261,NORMAL,None,Medium
133,0,2,20,0.0248,NORMAL,None,Medium
133,0,3,30,0.0282,NORMAL,None,Medium
133,0,4,40,0.0257,NORMAL,None,Low
133,0,5,50,0.0266,NORMAL,None,Low
133,0,6,60,0.0267,NORMAL,None,Low
134,0,1,10,0.2991,NORMAL,None,Medium
134,0,2,20,0.2413,NORMAL,None,Medium
134,0,3,30,0.1968,NORMAL,None,Medium
134,0,4,40,0.1535,NORMAL,None,Low
134,0,5,50,0.1072,NORMAL,None,Low
134,0,6,60,0.0868,NORMAL,None,Low
135,0,1,10,0.6857,ACTIVE,Attack (unspecified),Low
135,0,2,20,0.7527,ACTIVE,Attack (unspecified),Low
135,0,3,30,0.7812,ACTIVE,Attack (unspecified),Low
135,0,4,40,0.7918,ACTIVE,Attack (unspecified),Low
135,0,5,50,0.786,ACTIVE,Attack (unspecified),Low
135,0,6,60,0.7838,ACTIVE,Attack (unspecified),Low
136,0,1,10,0.7122,ACTIVE,Attack (unspecified),Low
136,0,2,20,0.7847,ACTIVE,Attack (unspecified),Low
136,0,3,30,0.8214,PRE_ATTACK,Reconnaissance,Low
136,0,4,40,0.8395,ACTIVE,Attack (unspecified),Low
136,0,5,50,0.842,ACTIVE,Attack (unspecified),Low
136,0,6,60,0.8417,ACTIVE,Attack (unspecified),Low
137,0,1,10,0.7426,PRE_ATTACK,Reconnaissance,Low
137,0,2,20,0.7531,PRE_ATTACK,Reconnaissance,Low
137,0,3,30,0.7556,PRE_ATTACK,Reconnaissance,Low
137,0,4,40,0.7592,PRE_ATTACK,Reconnaissance,Low
137,0,5,50,0.7649,PRE_ATTACK,Reconnaissance,Low
137,0,6,60,0.7717,PRE_ATTACK,Reconnaissance,Low
138,0,1,10,0.0485,NORMAL,None,Medium
138,0,2,20,0.0386,NORMAL,None,Medium
138,0,3,30,0.0375,NORMAL,None,Medium
138,0,4,40,0.0305,NORMAL,None,Low
138,0,5,50,0.0309,NORMAL,None,Low
138,0,6,60,0.0304,NORMAL,None,Low
139,0,1,10,0.106,NORMAL,None,Medium
139,0,2,20,0.0689,NORMAL,None,Medium
139,0,3,30,0.0499,NORMAL,None,Medium
139,0,4,40,0.0446,NORMAL,None,Low
139,0,5,50,0.0381,NORMAL,None,Low
139,0,6,60,0.0344,NORMAL,None,Low
140,0,1,10,0.03,NORMAL,None,Medium
140,0,2,20,0.0262,NORMAL,None,Medium
140,0,3,30,0.0242,NORMAL,None,Medium
140,0,4,40,0.0258,NORMAL,None,Low
140,0,5,50,0.0238,NORMAL,None,Low
140,0,6,60,0.0261,NORMAL,None,Low
141,0,1,10,0.0238,NORMAL,None,Medium
141,0,2,20,0.0227,NORMAL,None,Medium
141,0,3,30,0.024,NORMAL,None,Medium
141,0,4,40,0.0231,NORMAL,None,Low
141,0,5,50,0.0233,NORMAL,None,Low
141,0,6,60,0.025,NORMAL,None,Low
142,0,1,10,0.0173,NORMAL,None,Medium
142,0,2,20,0.0197,NORMAL,None,Medium
142,0,3,30,0.0211,NORMAL,None,Medium
142,0,4,40,0.0228,NORMAL,None,Low
142,0,5,50,0.0252,NORMAL,None,Low
142,0,6,60,0.0264,NORMAL,None,Low
143,0,1,10,0.0172,NORMAL,None,Medium
143,0,2,20,0.0223,NORMAL,None,Medium
143,0,3,30,0.0225,NORMAL,None,Medium
143,0,4,40,0.022,NORMAL,None,Low
143,0,5,50,0.0254,NORMAL,None,Low
143,0,6,60,0.0276,NORMAL,None,Low
144,0,1,10,0.0184,NORMAL,None,Medium
144,0,2,20,0.0219,NORMAL,None,Medium
144,0,3,30,0.0245,NORMAL,None,Medium
144,0,4,40,0.0252,NORMAL,None,Low
144,0,5,50,0.0247,NORMAL,None,Low
144,0,6,60,0.0269,NORMAL,None,Low
145,0,1,10,0.0202,NORMAL,None,Medium
145,0,2,20,0.0269,NORMAL,None,Medium
145,0,3,30,0.0259,NORMAL,None,Medium
145,0,4,40,0.0261,NORMAL,None,Low
145,0,5,50,0.0263,NORMAL,None,Low
145,0,6,60,0.0244,NORMAL,None,Low
146,0,1,10,0.0203,NORMAL,None,Medium
146,0,2,20,0.0223,NORMAL,None,Medium
146,0,3,30,0.0234,NORMAL,None,Medium
146,0,4,40,0.0245,NORMAL,None,Low
146,0,5,50,0.0226,NORMAL,None,Low
146,0,6,60,0.0242,NORMAL,None,Low
147,0,1,10,0.5727,NORMAL,None,Medium
147,0,2,20,0.5627,NORMAL,None,Medium
147,0,3,30,0.5345,NORMAL,None,Medium
147,0,4,40,0.5182,NORMAL,None,Low
147,0,5,50,0.5162,NORMAL,None,Low
147,0,6,60,0.4998,NORMAL,None,Low
148,0,1,10,0.5868,NORMAL,None,Medium
148,0,2,20,0.574,NORMAL,None,Medium
148,0,3,30,0.5812,NORMAL,None,Medium
148,0,4,40,0.5816,NORMAL,None,Low
148,0,5,50,0.562,NORMAL,None,Low
148,0,6,60,0.557,NORMAL,None,Low
149,0,1,10,0.0182,NORMAL,None,Medium
149,0,2,20,0.0207,NORMAL,None,Medium
149,0,3,30,0.024,NORMAL,None,Medium
149,0,4,40,0.0246,NORMAL,None,Low
149,0,5,50,0.0241,NORMAL,None,Low
149,0,6,60,0.0217,NORMAL,None,Low
270,0,1,10,0.0152,NORMAL,None,Medium
270,0,2,20,0.0239,NORMAL,None,Medium
270,0,3,30,0.0257,NORMAL,None,Medium
270,0,4,40,0.0255,NORMAL,None,Low
270,0,5,50,0.0256,NORMAL,None,Low
270,0,6,60,0.0273,NORMAL,None,Low
271,0,1,10,0.0145,NORMAL,None,Medium
271,0,2,20,0.022,NORMAL,None,Medium
271,0,3,30,0.022,NORMAL,None,Medium
271,0,4,40,0.0217,NORMAL,None,Low
271,0,5,50,0.0224,NORMAL,None,Low
271,0,6,60,0.0224,NORMAL,None,Low
272,0,1,10,0.016,NORMAL,None,Medium
272,0,2,20,0.0202,NORMAL,None,Medium
272,0,3,30,0.0224,NORMAL,None,Medium
272,0,4,40,0.0235,NORMAL,None,Low
272,0,5,50,0.0254,NORMAL,None,Low
272,0,6,60,0.0258,NORMAL,None,Low
273,0,1,10,0.0162,NORMAL,None,Medium
273,0,2,20,0.0223,NORMAL,None,Medium
273,0,3,30,0.0252,NORMAL,None,Medium
273,0,4,40,0.0236,NORMAL,None,Low
273,0,5,50,0.0263,NORMAL,None,Low
273,0,6,60,0.0254,NORMAL,None,Low
274,0,1,10,0.0179,NORMAL,None,Medium
274,0,2,20,0.0226,NORMAL,None,Medium
274,0,3,30,0.0248,NORMAL,None,Medium
274,0,4,40,0.0251,NORMAL,None,Low
274,0,5,50,0.0253,NORMAL,None,Low
274,0,6,60,0.028,NORMAL,None,Low
275,0,1,10,0.0168,NORMAL,None,Medium
275,0,2,20,0.0211,NORMAL,None,Medium
275,0,3,30,0.0239,NORMAL,None,Medium
275,0,4,40,0.0251,NORMAL,None,Low
275,0,5,50,0.0244,NORMAL,None,Low
275,0,6,60,0.0277,NORMAL,None,Low
276,0,1,10,0.0162,NORMAL,None,Medium
276,0,2,20,0.0199,NORMAL,None,Medium
276,0,3,30,0.0231,NORMAL,None,Medium
276,0,4,40,0.0237,NORMAL,None,Low
276,0,5,50,0.0233,NORMAL,None,Low
276,0,6,60,0.0258,NORMAL,None,Low
277,0,1,10,0.0233,NORMAL,None,Medium
277,0,2,20,0.0243,NORMAL,None,Medium
277,0,3,30,0.0239,NORMAL,None,Medium
277,0,4,40,0.0258,NORMAL,None,Low
277,0,5,50,0.0258,NORMAL,None,Low
277,0,6,60,0.028,NORMAL,None,Low
278,0,1,10,0.0269,NORMAL,None,Medium
278,0,2,20,0.0241,NORMAL,None,Medium
278,0,3,30,0.0248,NORMAL,None,Medium
278,0,4,40,0.0242,NORMAL,None,Low
278,0,5,50,0.0244,NORMAL,None,Low
278,0,6,60,0.0243,NORMAL,None,Low
279,0,1,10,0.0342,NORMAL,None,Medium
279,0,2,20,0.0304,NORMAL,None,Medium
279,0,3,30,0.0257,NORMAL,None,Medium
279,0,4,40,0.0281,NORMAL,None,Low
279,0,5,50,0.0278,NORMAL,None,Low
279,0,6,60,0.0254,NORMAL,None,Low
280,0,1,10,0.0208,NORMAL,None,Medium
280,0,2,20,0.0251,NORMAL,None,Medium
280,0,3,30,0.0233,NORMAL,None,Medium
280,0,4,40,0.025,NORMAL,None,Low
280,0,5,50,0.0237,NORMAL,None,Low
280,0,6,60,0.0243,NORMAL,None,Low
281,0,1,10,0.0262,NORMAL,None,Medium
281,0,2,20,0.0258,NORMAL,None,Medium
281,0,3,30,0.0246,NORMAL,None,Medium
281,0,4,40,0.0255,NORMAL,None,Low
281,0,5,50,0.0276,NORMAL,None,Low
281,0,6,60,0.0265,NORMAL,None,Low
282,0,1,10,0.0189,NORMAL,None,Medium
282,0,2,20,0.0222,NORMAL,None,Medium
282,0,3,30,0.0218,NORMAL,None,Medium
282,0,4,40,0.0222,NORMAL,None,Low
282,0,5,50,0.0237,NORMAL,None,Low
282,0,6,60,0.0261,NORMAL,None,Low
283,0,1,10,0.0184,NORMAL,None,Medium
283,0,2,20,0.0225,NORMAL,None,Medium
283,0,3,30,0.0277,NORMAL,None,Medium
283,0,4,40,0.024,NORMAL,None,Low
283,0,5,50,0.0274,NORMAL,None,Low
283,0,6,60,0.0249,NORMAL,None,Low
284,0,1,10,0.0179,NORMAL,None,Medium
284,0,2,20,0.0219,NORMAL,None,Medium
284,0,3,30,0.0238,NORMAL,None,Medium
284,0,4,40,0.0261,NORMAL,None,Low
284,0,5,50,0.0284,NORMAL,None,Low
284,0,6,60,0.0268,NORMAL,None,Low
285,0,1,10,0.0157,NORMAL,None,Medium
285,0,2,20,0.0214,NORMAL,None,Medium
285,0,3,30,0.0238,NORMAL,None,Medium
285,0,4,40,0.0244,NORMAL,None,Low
285,0,5,50,0.0253,NORMAL,None,Low
285,0,6,60,0.0257,NORMAL,None,Low
286,0,1,10,0.0148,NORMAL,None,Medium
286,0,2,20,0.0215,NORMAL,None,Medium
286,0,3,30,0.0229,NORMAL,None,Medium
286,0,4,40,0.0241,NORMAL,None,Low
286,0,5,50,0.0222,NORMAL,None,Low
286,0,6,60,0.0244,NORMAL,None,Low
287,0,1,10,0.0165,NORMAL,None,Medium
287,0,2,20,0.0203,NORMAL,None,Medium
287,0,3,30,0.0244,NORMAL,None,Medium
287,0,4,40,0.025,NORMAL,None,Low
287,0,5,50,0.0234,NORMAL,None,Low
287,0,6,60,0.0265,NORMAL,None,Low
288,0,1,10,0.0229,NORMAL,None,Medium
288,0,2,20,0.0244,NORMAL,None,Medium
288,0,3,30,0.0273,NORMAL,None,Medium
288,0,4,40,0.0238,NORMAL,None,Low
288,0,5,50,0.0256,NORMAL,None,Low
288,0,6,60,0.0222,NORMAL,None,Low
289,0,1,10,0.0202,NORMAL,None,Medium
289,0,2,20,0.0239,NORMAL,None,Medium
289,0,3,30,0.0256,NORMAL,None,Medium
289,0,4,40,0.0267,NORMAL,None,Low
289,0,5,50,0.0269,NORMAL,None,Low
289,0,6,60,0.0246,NORMAL,None,Low
290,0,1,10,0.0192,NORMAL,None,Medium
290,0,2,20,0.0247,NORMAL,None,Medium
290,0,3,30,0.0222,NORMAL,None,Medium
290,0,4,40,0.0255,NORMAL,None,Low
290,0,5,50,0.0242,NORMAL,None,Low
290,0,6,60,0.0246,NORMAL,None,Low
291,0,1,10,0.022,NORMAL,None,Medium
291,0,2,20,0.026,NORMAL,None,Medium
291,0,3,30,0.027,NORMAL,None,Medium
291,0,4,40,0.0249,NORMAL,None,Low
291,0,5,50,0.0262,NORMAL,None,Low
291,0,6,60,0.026,NORMAL,None,Low
292,0,1,10,0.0219,NORMAL,None,Medium
292,0,2,20,0.0272,NORMAL,None,Medium
292,0,3,30,0.0285,NORMAL,None,Medium
292,0,4,40,0.0289,NORMAL,None,Low
292,0,5,50,0.0291,NORMAL,None,Low
292,0,6,60,0.0268,NORMAL,None,Low
293,0,1,10,0.0212,NORMAL,None,Medium
293,0,2,20,0.0286,NORMAL,None,Medium
293,0,3,30,0.0301,NORMAL,None,Medium
293,0,4,40,0.0273,NORMAL,None,Low
293,0,5,50,0.0291,NORMAL,None,Low
293,0,6,60,0.0279,NORMAL,None,Low
294,0,1,10,0.0191,NORMAL,None,Medium
294,0,2,20,0.0231,NORMAL,None,Medium
294,0,3,30,0.0262,NORMAL,None,Medium
294,0,4,40,0.026,NORMAL,None,Low
294,0,5,50,0.0246,NORMAL,None,Low
294,0,6,60,0.0248,NORMAL,None,Low
295,0,1,10,0.0216,NORMAL,None,Medium
295,0,2,20,0.0269,NORMAL,None,Medium
295,0,3,30,0.0261,NORMAL,None,Medium
295,0,4,40,0.0252,NORMAL,None,Low
295,0,5,50,0.0294,NORMAL,None,Low
295,0,6,60,0.0307,NORMAL,None,Low
296,0,1,10,0.0182,NORMAL,None,Medium
296,0,2,20,0.0231,NORMAL,None,Medium
296,0,3,30,0.0269,NORMAL,None,Medium
296,0,4,40,0.0261,NORMAL,None,Low
296,0,5,50,0.0264,NORMAL,None,Low
296,0,6,60,0.0268,NORMAL,None,Low
297,0,1,10,0.0175,NORMAL,None,Medium
297,0,2,20,0.023,NORMAL,None,Medium
297,0,3,30,0.0278,NORMAL,None,Medium
297,0,4,40,0.0281,NORMAL,None,Low
297,0,5,50,0.0269,NORMAL,None,Low
297,0,6,60,0.0254,NORMAL,None,Low
298,0,1,10,0.0217,NORMAL,None,Medium
298,0,2,20,0.023,NORMAL,None,Medium
298,0,3,30,0.0239,NORMAL,None,Medium
298,0,4,40,0.0246,NORMAL,None,Low
298,0,5,50,0.0275,NORMAL,None,Low
298,0,6,60,0.0268,NORMAL,None,Low
299,0,1,10,0.0236,NORMAL,None,Medium
299,0,2,20,0.0266,NORMAL,None,Medium
299,0,3,30,0.0264,NORMAL,None,Medium
299,0,4,40,0.0276,NORMAL,None,Low
299,0,5,50,0.026,NORMAL,None,Low
299,0,6,60,0.0264,NORMAL,None,Low
420,0,1,10,0.0172,NORMAL,None,Medium
420,0,2,20,0.0217,NORMAL,None,Medium
420,0,3,30,0.0229,NORMAL,None,Medium
420,0,4,40,0.024,NORMAL,None,Low
420,0,5,50,0.0249,NORMAL,None,Low
420,0,6,60,0.0265,NORMAL,None,Low
421,0,1,10,0.0224,NORMAL,None,Medium
421,0,2,20,0.0241,NORMAL,None,Medium
421,0,3,30,0.0251,NORMAL,None,Medium
421,0,4,40,0.0232,NORMAL,None,Low
421,0,5,50,0.0228,NORMAL,None,Low
421,0,6,60,0.0247,NORMAL,None,Low
422,0,1,10,0.0172,NORMAL,None,Medium
422,0,2,20,0.0209,NORMAL,None,Medium
422,0,3,30,0.0248,NORMAL,None,Medium
422,0,4,40,0.0251,NORMAL,None,Low
422,0,5,50,0.0245,NORMAL,None,Low
422,0,6,60,0.0247,NORMAL,None,Low
423,0,1,10,0.0218,NORMAL,None,Medium
423,0,2,20,0.0228,NORMAL,None,Medium
423,0,3,30,0.0235,NORMAL,None,Medium
423,0,4,40,0.0246,NORMAL,None,Low
423,0,5,50,0.0251,NORMAL,None,Low
423,0,6,60,0.023,NORMAL,None,Low
424,0,1,10,0.0188,NORMAL,None,Medium
424,0,2,20,0.023,NORMAL,None,Medium
424,0,3,30,0.0252,NORMAL,None,Medium
424,0,4,40,0.0227,NORMAL,None,Low
424,0,5,50,0.0244,NORMAL,None,Low
424,0,6,60,0.0234,NORMAL,None,Low
425,0,1,10,0.0189,NORMAL,None,Medium
425,0,2,20,0.0233,NORMAL,None,Medium
425,0,3,30,0.0235,NORMAL,None,Medium
425,0,4,40,0.0256,NORMAL,None,Low
425,0,5,50,0.0273,NORMAL,None,Low
425,0,6,60,0.0265,NORMAL,None,Low
426,0,1,10,0.0172,NORMAL,None,Medium
426,0,2,20,0.0246,NORMAL,None,Medium
426,0,3,30,0.0243,NORMAL,None,Medium
426,0,4,40,0.0243,NORMAL,None,Low
426,0,5,50,0.0296,NORMAL,None,Low
426,0,6,60,0.0263,NORMAL,None,Low
427,0,1,10,0.0171,NORMAL,None,Medium
427,0,2,20,0.0222,NORMAL,None,Medium
427,0,3,30,0.0261,NORMAL,None,Medium
427,0,4,40,0.0233,NORMAL,None,Low
427,0,5,50,0.0246,NORMAL,None,Low
427,0,6,60,0.0252,NORMAL,None,Low
428,0,1,10,0.0171,NORMAL,None,Medium
428,0,2,20,0.022,NORMAL,None,Medium
428,0,3,30,0.0241,NORMAL,None,Medium
428,0,4,40,0.0263,NORMAL,None,Low
428,0,5,50,0.0264,NORMAL,None,Low
428,0,6,60,0.0271,NORMAL,None,Low
429,0,1,10,0.019,NORMAL,None,Medium
429,0,2,20,0.0243,NORMAL,None,Medium
429,0,3,30,0.0269,NORMAL,None,Medium
429,0,4,40,0.0239,NORMAL,None,Low
429,0,5,50,0.0245,NORMAL,None,Low
429,0,6,60,0.0253,NORMAL,None,Low
430,0,1,10,0.0341,NORMAL,None,Medium
430,0,2,20,0.0265,NORMAL,None,Medium
430,0,3,30,0.0269,NORMAL,None,Medium
430,0,4,40,0.026,NORMAL,None,Low
430,0,5,50,0.0275,NORMAL,None,Low
430,0,6,60,0.0251,NORMAL,None,Low
431,0,1,10,0.0238,NORMAL,None,Medium
431,0,2,20,0.0267,NORMAL,None,Medium
431,0,3,30,0.0241,NORMAL,None,Medium
431,0,4,40,0.0264,NORMAL,None,Low
431,0,5,50,0.0261,NORMAL,None,Low
431,0,6,60,0.0262,NORMAL,None,Low
432,0,1,10,0.0203,NORMAL,None,Medium
432,0,2,20,0.0241,NORMAL,None,Medium
432,0,3,30,0.025,NORMAL,None,Medium
432,0,4,40,0.0256,NORMAL,None,Low
432,0,5,50,0.0257,NORMAL,None,Low
432,0,6,60,0.0257,NORMAL,None,Low
433,0,1,10,0.0176,NORMAL,None,Medium
433,0,2,20,0.0216,NORMAL,None,Medium
433,0,3,30,0.023,NORMAL,None,Medium
433,0,4,40,0.0241,NORMAL,None,Low
433,0,5,50,0.0232,NORMAL,None,Low
433,0,6,60,0.0252,NORMAL,None,Low
434,0,1,10,0.015,NORMAL,None,Medium
434,0,2,20,0.0201,NORMAL,None,Medium
434,0,3,30,0.0239,NORMAL,None,Medium
434,0,4,40,0.0254,NORMAL,None,Low
434,0,5,50,0.0232,NORMAL,None,Low
434,0,6,60,0.0236,NORMAL,None,Low
435,0,1,10,0.0144,NORMAL,None,Medium
435,0,2,20,0.0206,NORMAL,None,Medium
435,0,3,30,0.0264,NORMAL,None,Medium
435,0,4,40,0.0242,NORMAL,None,Low
435,0,5,50,0.0261,NORMAL,None,Low
435,0,6,60,0.0245,NORMAL,None,Low
436,0,1,10,0.0146,NORMAL,None,Medium
436,0,2,20,0.0204,NORMAL,None,Medium
436,0,3,30,0.0237,NORMAL,None,Medium
436,0,4,40,0.024,NORMAL,None,Low
436,0,5,50,0.0254,NORMAL,None,Low
436,0,6,60,0.0247,NORMAL,None,Low
437,0,1,10,0.0151,NORMAL,None,Medium
437,0,2,20,0.0193,NORMAL,None,Medium
437,0,3,30,0.0229,NORMAL,None,Medium
437,0,4,40,0.025,NORMAL,None,Low
437,0,5,50,0.0254,NORMAL,None,Low
437,0,6,60,0.0244,NORMAL,None,Low
438,0,1,10,0.015,NORMAL,None,Medium
438,0,2,20,0.0209,NORMAL,None,Medium
438,0,3,30,0.0244,NORMAL,None,Medium
438,0,4,40,0.0267,NORMAL,None,Low
438,0,5,50,0.0255,NORMAL,None,Low
438,0,6,60,0.0287,NORMAL,None,Low
439,0,1,10,0.0153,NORMAL,None,Medium
439,0,2,20,0.021,NORMAL,None,Medium
439,0,3,30,0.0233,NORMAL,None,Medium
439,0,4,40,0.0256,NORMAL,None,Low
439,0,5,50,0.0239,NORMAL,None,Low
439,0,6,60,0.0279,NORMAL,None,Low
440,0,1,10,0.0161,NORMAL,None,Medium
440,0,2,20,0.0223,NORMAL,None,Medium
440,0,3,30,0.0241,NORMAL,None,Medium
440,0,4,40,0.0235,NORMAL,None,Low
440,0,5,50,0.0267,NORMAL,None,Low
440,0,6,60,0.0216,NORMAL,None,Low
441,0,1,10,0.0167,NORMAL,None,Medium
441,0,2,20,0.0226,NORMAL,None,Medium
441,0,3,30,0.0218,NORMAL,None,Medium
441,0,4,40,0.0223,NORMAL,None,Low
441,0,5,50,0.0238,NORMAL,None,Low
441,0,6,60,0.0253,NORMAL,None,Low
442,0,1,10,0.0165,NORMAL,None,Medium
442,0,2,20,0.0213,NORMAL,None,Medium
442,0,3,30,0.0223,NORMAL,None,Medium
442,0,4,40,0.0231,NORMAL,None,Low
442,0,5,50,0.0246,NORMAL,None,Low
442,0,6,60,0.0263,NORMAL,None,Low
443,0,1,10,0.0221,NORMAL,None,Medium
443,0,2,20,0.0248,NORMAL,None,Medium
443,0,3,30,0.0257,NORMAL,None,Medium
443,0,4,40,0.0267,NORMAL,None,Low
443,0,5,50,0.0295,NORMAL,None,Low
443,0,6,60,0.0272,NORMAL,None,Low
444,0,1,10,0.0191,NORMAL,None,Medium
444,0,2,20,0.0202,NORMAL,None,Medium
444,0,3,30,0.0232,NORMAL,None,Medium
444,0,4,40,0.0244,NORMAL,None,Low
444,0,5,50,0.0257,NORMAL,None,Low
444,0,6,60,0.0266,NORMAL,None,Low
445,0,1,10,0.0188,NORMAL,None,Medium
445,0,2,20,0.0208,NORMAL,None,Medium
445,0,3,30,0.0209,NORMAL,None,Medium
445,0,4,40,0.0249,NORMAL,None,Low
445,0,5,50,0.0233,NORMAL,None,Low
445,0,6,60,0.0266,NORMAL,None,Low
446,0,1,10,0.0236,NORMAL,None,Medium
446,0,2,20,0.0226,NORMAL,None,Medium
446,0,3,30,0.0238,NORMAL,None,Medium
446,0,4,40,0.022,NORMAL,None,Low
446,0,5,50,0.0241,NORMAL,None,Low
446,0,6,60,0.0237,NORMAL,None,Low
447,0,1,10,0.0169,NORMAL,None,Medium
447,0,2,20,0.0241,NORMAL,None,Medium
447,0,3,30,0.0237,NORMAL,None,Medium
447,0,4,40,0.0253,NORMAL,None,Low
447,0,5,50,0.024,NORMAL,None,Low
447,0,6,60,0.0278,NORMAL,None,Low
448,0,1,10,0.0334,NORMAL,None,Medium
448,0,2,20,0.0298,NORMAL,None,Medium
448,0,3,30,0.0277,NORMAL,None,Medium
448,0,4,40,0.0278,NORMAL,None,Low
448,0,5,50,0.0264,NORMAL,None,Low
448,0,6,60,0.0265,NORMAL,None,Low
449,0,1,10,0.0203,NORMAL,None,Medium
449,0,2,20,0.0222,NORMAL,None,Medium
449,0,3,30,0.0251,NORMAL,None,Medium
449,0,4,40,0.0259,NORMAL,None,Low
449,0,5,50,0.0246,NORMAL,None,Low
449,0,6,60,0.0272,NORMAL,None,Low
570,0,1,10,0.0252,NORMAL,None,Medium
570,0,2,20,0.0258,NORMAL,None,Medium
570,0,3,30,0.0314,NORMAL,None,Medium
570,0,4,40,0.0294,NORMAL,None,Low
570,0,5,50,0.0313,NORMAL,None,Low
570,0,6,60,0.027,NORMAL,None,Low
571,0,1,10,0.025,NORMAL,None,Medium
571,0,2,20,0.0287,NORMAL,None,Medium
571,0,3,30,0.0288,NORMAL,None,Medium
571,0,4,40,0.0266,NORMAL,None,Low
571,0,5,50,0.0238,NORMAL,None,Low
571,0,6,60,0.0231,NORMAL,None,Low
572,1,1,10,0.0226,NORMAL,None,Medium
572,1,2,20,0.0254,NORMAL,None,Medium
572,1,3,30,0.0253,NORMAL,None,Medium
572,1,4,40,0.0265,NORMAL,None,Low
572,1,5,50,0.0273,NORMAL,None,Low
572,1,6,60,0.0272,NORMAL,None,Low
573,1,1,10,0.0247,NORMAL,None,Medium
573,1,2,20,0.0247,NORMAL,None,Medium
573,1,3,30,0.0254,NORMAL,None,Medium
573,1,4,40,0.0248,NORMAL,None,Low
573,1,5,50,0.0279,NORMAL,None,Low
573,1,6,60,0.0258,NORMAL,None,Low
574,1,1,10,0.0188,NORMAL,None,Medium
574,1,2,20,0.0243,NORMAL,None,Medium
574,1,3,30,0.0273,NORMAL,None,Medium
574,1,4,40,0.0248,NORMAL,None,Low
574,1,5,50,0.0262,NORMAL,None,Low
574,1,6,60,0.0257,NORMAL,None,Low
575,1,1,10,0.0168,NORMAL,None,Medium
575,1,2,20,0.0242,NORMAL,None,Medium
575,1,3,30,0.024,NORMAL,None,Medium
575,1,4,40,0.0262,NORMAL,None,Low
575,1,5,50,0.0252,NORMAL,None,Low
575,1,6,60,0.0258,NORMAL,None,Low
576,1,1,10,0.018,NORMAL,None,Medium
576,1,2,20,0.0223,NORMAL,None,Medium
576,1,3,30,0.0279,NORMAL,None,Medium
576,1,4,40,0.026,NORMAL,None,Low
576,1,5,50,0.0274,NORMAL,None,Low
576,1,6,60,0.0294,NORMAL,None,Low
577,1,1,10,0.0144,NORMAL,None,Medium
577,1,2,20,0.0213,NORMAL,None,Medium
577,1,3,30,0.0242,NORMAL,None,Medium
577,1,4,40,0.025,NORMAL,None,Low
577,1,5,50,0.0273,NORMAL,None,Low
577,1,6,60,0.0272,NORMAL,None,Low
578,1,1,10,0.0154,NORMAL,None,Medium
578,1,2,20,0.0235,NORMAL,None,Medium
578,1,3,30,0.0268,NORMAL,None,Medium
578,1,4,40,0.0248,NORMAL,None,Low
578,1,5,50,0.0264,NORMAL,None,Low
578,1,6,60,0.0257,NORMAL,None,Low
579,0,1,10,0.018,NORMAL,None,Medium
579,0,2,20,0.0209,NORMAL,None,Medium
579,0,3,30,0.0245,NORMAL,None,Medium
579,0,4,40,0.0262,NORMAL,None,Low
579,0,5,50,0.025,NORMAL,None,Low
579,0,6,60,0.0258,NORMAL,None,Low
580,0,1,10,0.0175,NORMAL,None,Medium
580,0,2,20,0.0235,NORMAL,None,Medium
580,0,3,30,0.0234,NORMAL,None,Medium
580,0,4,40,0.0282,NORMAL,None,Low
580,0,5,50,0.0255,NORMAL,None,Low
580,0,6,60,0.0254,NORMAL,None,Low
581,1,1,10,0.0141,NORMAL,None,Medium
581,1,2,20,0.0223,NORMAL,None,Medium
581,1,3,30,0.0242,NORMAL,None,Medium
581,1,4,40,0.0263,NORMAL,None,Low
581,1,5,50,0.0263,NORMAL,None,Low
581,1,6,60,0.0285,NORMAL,None,Low
582,1,1,10,0.0142,NORMAL,None,Medium
582,1,2,20,0.0208,NORMAL,None,Medium
582,1,3,30,0.0227,NORMAL,None,Medium
582,1,4,40,0.0254,NORMAL,None,Low
582,1,5,50,0.0279,NORMAL,None,Low
582,1,6,60,0.0262,NORMAL,None,Low
583,1,1,10,0.0136,NORMAL,None,Medium
583,1,2,20,0.0218,NORMAL,None,Medium
583,1,3,30,0.0224,NORMAL,None,Medium
583,1,4,40,0.0237,NORMAL,None,Low
583,1,5,50,0.0225,NORMAL,None,Low
583,1,6,60,0.0252,NORMAL,None,Low
584,1,1,10,0.0169,NORMAL,None,Medium
584,1,2,20,0.0212,NORMAL,None,Medium
584,1,3,30,0.0241,NORMAL,None,Medium
584,1,4,40,0.0275,NORMAL,None,Low
584,1,5,50,0.0276,NORMAL,None,Low
584,1,6,60,0.0275,NORMAL,None,Low
585,1,1,10,0.0172,NORMAL,None,Medium
585,1,2,20,0.0213,NORMAL,None,Medium
585,1,3,30,0.0244,NORMAL,None,Medium
585,1,4,40,0.0251,NORMAL,None,Low
585,1,5,50,0.0268,NORMAL,None,Low
585,1,6,60,0.023,NORMAL,None,Low
586,1,1,10,0.023,NORMAL,None,Medium
586,1,2,20,0.0229,NORMAL,None,Medium
586,1,3,30,0.0235,NORMAL,None,Medium
586,1,4,40,0.0247,NORMAL,None,Low
586,1,5,50,0.0251,NORMAL,None,Low
586,1,6,60,0.0264,NORMAL,None,Low
587,1,1,10,0.0239,NORMAL,None,Medium
587,1,2,20,0.0233,NORMAL,None,Medium
587,1,3,30,0.0222,NORMAL,None,Medium
587,1,4,40,0.023,NORMAL,None,Low
587,1,5,50,0.0234,NORMAL,None,Low
587,1,6,60,0.025,NORMAL,None,Low
588,1,1,10,0.0213,NORMAL,None,Medium
588,1,2,20,0.0211,NORMAL,None,Medium
588,1,3,30,0.0219,NORMAL,None,Medium
588,1,4,40,0.0212,NORMAL,None,Low
588,1,5,50,0.0213,NORMAL,None,Low
588,1,6,60,0.0253,NORMAL,None,Low
589,1,1,10,0.9618,ACTIVE,Command & Control,Low
589,1,2,20,0.9667,ACTIVE,Command & Control,Low
589,1,3,30,0.9657,ACTIVE,Command & Control,Low
589,1,4,40,0.9619,ACTIVE,Command & Control,Low
589,1,5,50,0.9588,ACTIVE,Command & Control,Low
589,1,6,60,0.9579,ACTIVE,Command & Control,Low
590,1,1,10,0.9309,ACTIVE,Command & Control,Low
590,1,2,20,0.9541,ACTIVE,Command & Control,Low
590,1,3,30,0.9621,ACTIVE,Command & Control,Low
590,1,4,40,0.9593,ACTIVE,Command & Control,Low
590,1,5,50,0.9576,ACTIVE,Command & Control,Low
590,1,6,60,0.9553,ACTIVE,Command & Control,Low
591,1,1,10,0.9633,ACTIVE,Command & Control,Low
591,1,2,20,0.9639,ACTIVE,Command & Control,Low
591,1,3,30,0.9618,ACTIVE,Command & Control,Low
591,1,4,40,0.9598,ACTIVE,Command & Control,Low
591,1,5,50,0.9541,ACTIVE,Command & Control,Low
591,1,6,60,0.952,ACTIVE,Command & Control,Low
592,0,1,10,0.9149,ACTIVE,Command & Control,Low
592,0,2,20,0.9373,ACTIVE,Command & Control,Low
592,0,3,30,0.9399,ACTIVE,Command & Control,Low
592,0,4,40,0.942,ACTIVE,Command & Control,Low
592,0,5,50,0.9396,ACTIVE,Command & Control,Low
592,0,6,60,0.937,ACTIVE,Command & Control,Low
593,0,1,10,0.8661,ACTIVE,Command & Control,Low
593,0,2,20,0.9076,ACTIVE,Command & Control,Low
593,0,3,30,0.9252,ACTIVE,Command & Control,Low
593,0,4,40,0.9281,ACTIVE,Command & Control,Low
593,0,5,50,0.9272,ACTIVE,Command & Control,Low
593,0,6,60,0.9272,ACTIVE,Command & Control,Low
594,0,1,10,0.9535,ACTIVE,Command & Control,Low
594,0,2,20,0.9582,ACTIVE,Command & Control,Low
594,0,3,30,0.963,ACTIVE,Command & Control,Low
594,0,4,40,0.9615,ACTIVE,Command & Control,Low
594,0,5,50,0.957,ACTIVE,Command & Control,Low
594,0,6,60,0.9553,ACTIVE,Command & Control,Low
595,1,1,10,0.8686,ACTIVE,Command & Control,Low
595,1,2,20,0.9152,ACTIVE,Command & Control,Low
595,1,3,30,0.9317,ACTIVE,Command & Control,Low
595,1,4,40,0.9381,ACTIVE,Command & Control,Low
595,1,5,50,0.9375,ACTIVE,Command & Control,Low
595,1,6,60,0.938,ACTIVE,Command & Control,Low
596,0,1,10,0.9152,ACTIVE,Command & Control,Low
596,0,2,20,0.9351,ACTIVE,Command & Control,Low
596,0,3,30,0.9491,ACTIVE,Command & Control,Low
596,0,4,40,0.9539,ACTIVE,Command & Control,Low
596,0,5,50,0.9521,ACTIVE,Command & Control,Low
596,0,6,60,0.9476,ACTIVE,Command & Control,Low
597,0,1,10,0.3483,NORMAL,None,Medium
597,0,2,20,0.2488,NORMAL,None,Medium
597,0,3,30,0.1709,NORMAL,None,Medium
597,0,4,40,0.1224,NORMAL,None,Low
597,0,5,50,0.1026,NORMAL,None,Low
597,0,6,60,0.0847,NORMAL,None,Low
598,0,1,10,0.0216,NORMAL,None,Medium
598,0,2,20,0.0237,NORMAL,None,Medium
598,0,3,30,0.0262,NORMAL,None,Medium
598,0,4,40,0.024,NORMAL,None,Low
598,0,5,50,0.0227,NORMAL,None,Low
598,0,6,60,0.0244,NORMAL,None,Low
599,0,1,10,0.0179,NORMAL,None,Medium
599,0,2,20,0.021,NORMAL,None,Medium
599,0,3,30,0.023,NORMAL,None,Medium
599,0,4,40,0.0245,NORMAL,None,Low
599,0,5,50,0.0274,NORMAL,None,Low
599,0,6,60,0.0237,NORMAL,None,Low
720,1,1,10,0.014,NORMAL,None,Medium
720,1,2,20,0.0205,NORMAL,None,Medium
720,1,3,30,0.0222,NORMAL,None,Medium
720,1,4,40,0.0254,NORMAL,None,Low
720,1,5,50,0.025,NORMAL,None,Low
720,1,6,60,0.028,NORMAL,None,Low
721,1,1,10,0.0162,NORMAL,None,Medium
721,1,2,20,0.0208,NORMAL,None,Medium
721,1,3,30,0.0215,NORMAL,None,Medium
721,1,4,40,0.0238,NORMAL,None,Low
721,1,5,50,0.0224,NORMAL,None,Low
721,1,6,60,0.0238,NORMAL,None,Low
722,0,1,10,0.0177,NORMAL,None,Medium
722,0,2,20,0.0244,NORMAL,None,Medium
722,0,3,30,0.0259,NORMAL,None,Medium
722,0,4,40,0.0262,NORMAL,None,Low
722,0,5,50,0.0257,NORMAL,None,Low
722,0,6,60,0.0263,NORMAL,None,Low
723,0,1,10,0.0184,NORMAL,None,Medium
723,0,2,20,0.0253,NORMAL,None,Medium
723,0,3,30,0.0282,NORMAL,None,Medium
723,0,4,40,0.0274,NORMAL,None,Low
723,0,5,50,0.0267,NORMAL,None,Low
723,0,6,60,0.0261,NORMAL,None,Low
724,0,1,10,0.0164,NORMAL,None,Medium
724,0,2,20,0.024,NORMAL,None,Medium
724,0,3,30,0.0299,NORMAL,None,Medium
724,0,4,40,0.0283,NORMAL,None,Low
724,0,5,50,0.0291,NORMAL,None,Low
724,0,6,60,0.026,NORMAL,None,Low
725,0,1,10,0.0157,NORMAL,None,Medium
725,0,2,20,0.0215,NORMAL,None,Medium
725,0,3,30,0.0229,NORMAL,None,Medium
725,0,4,40,0.0229,NORMAL,None,Low
725,0,5,50,0.0236,NORMAL,None,Low
725,0,6,60,0.0232,NORMAL,None,Low
726,0,1,10,0.0141,NORMAL,None,Medium
726,0,2,20,0.0214,NORMAL,None,Medium
726,0,3,30,0.023,NORMAL,None,Medium
726,0,4,40,0.0237,NORMAL,None,Low
726,0,5,50,0.0237,NORMAL,None,Low
726,0,6,60,0.0225,NORMAL,None,Low
727,0,1,10,0.0193,NORMAL,None,Medium
727,0,2,20,0.0221,NORMAL,None,Medium
727,0,3,30,0.024,NORMAL,None,Medium
727,0,4,40,0.0215,NORMAL,None,Low
727,0,5,50,0.0236,NORMAL,None,Low
727,0,6,60,0.0241,NORMAL,None,Low
728,0,1,10,0.0156,NORMAL,None,Medium
728,0,2,20,0.0224,NORMAL,None,Medium
728,0,3,30,0.0224,NORMAL,None,Medium
728,0,4,40,0.0231,NORMAL,None,Low
728,0,5,50,0.0228,NORMAL,None,Low
728,0,6,60,0.0257,NORMAL,None,Low
729,0,1,10,0.0146,NORMAL,None,Medium
729,0,2,20,0.022,NORMAL,None,Medium
729,0,3,30,0.0257,NORMAL,None,Medium
729,0,4,40,0.0265,NORMAL,None,Low
729,0,5,50,0.0252,NORMAL,None,Low
729,0,6,60,0.0259,NORMAL,None,Low
730,1,1,10,0.0157,NORMAL,None,Medium
730,1,2,20,0.0199,NORMAL,None,Medium
730,1,3,30,0.0224,NORMAL,None,Medium
730,1,4,40,0.0274,NORMAL,None,Low
730,1,5,50,0.0247,NORMAL,None,Low
730,1,6,60,0.0284,NORMAL,None,Low
731,1,1,10,0.0137,NORMAL,None,Medium
731,1,2,20,0.0196,NORMAL,None,Medium
731,1,3,30,0.021,NORMAL,None,Medium
731,1,4,40,0.0214,NORMAL,None,Low
731,1,5,50,0.0259,NORMAL,None,Low
731,1,6,60,0.024,NORMAL,None,Low
732,0,1,10,0.0159,NORMAL,None,Medium
732,0,2,20,0.0225,NORMAL,None,Medium
732,0,3,30,0.0227,NORMAL,None,Medium
732,0,4,40,0.0236,NORMAL,None,Low
732,0,5,50,0.0267,NORMAL,None,Low
732,0,6,60,0.0259,NORMAL,None,Low
733,0,1,10,0.0194,NORMAL,None,Medium
733,0,2,20,0.0244,NORMAL,None,Medium
733,0,3,30,0.0238,NORMAL,None,Medium
733,0,4,40,0.0257,NORMAL,None,Low
733,0,5,50,0.0261,NORMAL,None,Low
733,0,6,60,0.024,NORMAL,None,Low
734,0,1,10,0.0187,NORMAL,None,Medium
734,0,2,20,0.022,NORMAL,None,Medium
734,0,3,30,0.0257,NORMAL,None,Medium
734,0,4,40,0.0281,NORMAL,None,Low
734,0,5,50,0.0288,NORMAL,None,Low
734,0,6,60,0.0241,NORMAL,None,Low
735,0,1,10,0.0261,NORMAL,None,Medium
735,0,2,20,0.0262,NORMAL,None,Medium
735,0,3,30,0.0268,NORMAL,None,Medium
735,0,4,40,0.0293,NORMAL,None,Low
735,0,5,50,0.0253,NORMAL,None,Low
735,0,6,60,0.0242,NORMAL,None,Low
736,0,1,10,0.0176,NORMAL,None,Medium
736,0,2,20,0.0237,NORMAL,None,Medium
736,0,3,30,0.0256,NORMAL,None,Medium
736,0,4,40,0.0246,NORMAL,None,Low
736,0,5,50,0.0256,NORMAL,None,Low
736,0,6,60,0.0264,NORMAL,None,Low
737,0,1,10,0.0243,NORMAL,None,Medium
737,0,2,20,0.0224,NORMAL,None,Medium
737,0,3,30,0.0229,NORMAL,None,Medium
737,0,4,40,0.0252,NORMAL,None,Low
737,0,5,50,0.0255,NORMAL,None,Low
737,0,6,60,0.0258,NORMAL,None,Low
738,0,1,10,0.1824,NORMAL,None,Medium
738,0,2,20,0.147,NORMAL,None,Medium
738,0,3,30,0.1094,NORMAL,None,Medium
738,0,4,40,0.0849,NORMAL,None,Low
738,0,5,50,0.0708,NORMAL,None,Low
738,0,6,60,0.0531,NORMAL,None,Low
739,0,1,10,0.7534,PRE_ATTACK,Reconnaissance,Low
739,0,2,20,0.7594,PRE_ATTACK,Reconnaissance,Low
739,0,3,30,0.7634,PRE_ATTACK,Reconnaissance,Low
739,0,4,40,0.7616,PRE_ATTACK,Reconnaissance,Low
739,0,5,50,0.7784,PRE_ATTACK,Reconnaissance,Low
739,0,6,60,0.7795,PRE_ATTACK,Reconnaissance,Low
740,0,1,10,0.8197,PRE_ATTACK,Reconnaissance,Low
740,0,2,20,0.8088,PRE_ATTACK,Reconnaissance,Low
740,0,3,30,0.8152,PRE_ATTACK,Reconnaissance,Low
740,0,4,40,0.8123,PRE_ATTACK,Reconnaissance,Low
740,0,5,50,0.817,PRE_ATTACK,Reconnaissance,Low
740,0,6,60,0.8182,PRE_ATTACK,Reconnaissance,Low
741,0,1,10,0.8092,PRE_ATTACK,Reconnaissance,Low
741,0,2,20,0.8049,PRE_ATTACK,Reconnaissance,Low
741,0,3,30,0.8114,PRE_ATTACK,Reconnaissance,Low
741,0,4,40,0.8008,PRE_ATTACK,Reconnaissance,Low
741,0,5,50,0.8075,PRE_ATTACK,Reconnaissance,Low
741,0,6,60,0.8094,PRE_ATTACK,Reconnaissance,Low
742,0,1,10,0.785,PRE_ATTACK,Reconnaissance,Low
742,0,2,20,0.7755,PRE_ATTACK,Reconnaissance,Low
742,0,3,30,0.7752,PRE_ATTACK,Reconnaissance,Low
742,0,4,40,0.7735,PRE_ATTACK,Reconnaissance,Low
742,0,5,50,0.7838,PRE_ATTACK,Reconnaissance,Low
742,0,6,60,0.7808,PRE_ATTACK,Reconnaissance,Low
743,0,1,10,0.6618,PRE_ATTACK,Reconnaissance,Low
743,0,2,20,0.6774,PRE_ATTACK,Reconnaissance,Low
743,0,3,30,0.6804,PRE_ATTACK,Reconnaissance,Low
743,0,4,40,0.6889,PRE_ATTACK,Reconnaissance,Low
743,0,5,50,0.7021,PRE_ATTACK,Reconnaissance,Low
743,0,6,60,0.7157,PRE_ATTACK,Reconnaissance,Low
744,0,1,10,0.6963,PRE_ATTACK,Reconnaissance,Low
744,0,2,20,0.7137,PRE_ATTACK,Reconnaissance,Low
744,0,3,30,0.7198,PRE_ATTACK,Reconnaissance,Low
744,0,4,40,0.7396,PRE_ATTACK,Reconnaissance,Low
744,0,5,50,0.7532,PRE_ATTACK,Reconnaissance,Low
744,0,6,60,0.764,PRE_ATTACK,Reconnaissance,Low
745,0,1,10,0.7431,PRE_ATTACK,Reconnaissance,Low
745,0,2,20,0.7358,PRE_ATTACK,Reconnaissance,Low
745,0,3,30,0.7403,PRE_ATTACK,Reconnaissance,Low
745,0,4,40,0.7502,PRE_ATTACK,Reconnaissance,Low
745,0,5,50,0.7592,PRE_ATTACK,Reconnaissance,Low
745,0,6,60,0.7599,PRE_ATTACK,Reconnaissance,Low
746,0,1,10,0.5959,PRE_ATTACK,Reconnaissance,Low
746,0,2,20,0.5935,PRE_ATTACK,Reconnaissance,Low
746,0,3,30,0.5965,PRE_ATTACK,Reconnaissance,Low
746,0,4,40,0.6018,PRE_ATTACK,Reconnaissance,Low
746,0,5,50,0.6003,PRE_ATTACK,Reconnaissance,Low
746,0,6,60,0.591,PRE_ATTACK,Reconnaissance,Low
747,0,1,10,0.0701,NORMAL,None,Medium
747,0,2,20,0.0515,NORMAL,None,Medium
747,0,3,30,0.0412,NORMAL,None,Medium
747,0,4,40,0.0346,NORMAL,None,Low
747,0,5,50,0.0326,NORMAL,None,Low
747,0,6,60,0.0287,NORMAL,None,Low
748,0,1,10,0.1447,NORMAL,None,Medium
748,0,2,20,0.1109,NORMAL,None,Medium
748,0,3,30,0.0855,NORMAL,None,Medium
748,0,4,40,0.066,NORMAL,None,Low
748,0,5,50,0.0552,NORMAL,None,Low
748,0,6,60,0.0446,NORMAL,None,Low
749,0,1,10,0.1881,NORMAL,None,Medium
749,0,2,20,0.1512,NORMAL,None,Medium
749,0,3,30,0.1079,NORMAL,None,Medium
749,0,4,40,0.0839,NORMAL,None,Low
749,0,5,50,0.0621,NORMAL,None,Low
749,0,6,60,0.0461,NORMAL,None,Low
870,0,1,10,0.025,NORMAL,None,Medium
870,0,2,20,0.0237,NORMAL,None,Medium
870,0,3,30,0.0266,NORMAL,None,Medium
870,0,4,40,0.0283,NORMAL,None,Low
870,0,5,50,0.0261,NORMAL,None,Low
870,0,6,60,0.0265,NORMAL,None,Low
871,0,1,10,0.0225,NORMAL,None,Medium
871,0,2,20,0.0242,NORMAL,None,Medium
871,0,3,30,0.0239,NORMAL,None,Medium
871,0,4,40,0.0234,NORMAL,None,Low
871,0,5,50,0.0222,NORMAL,None,Low
871,0,6,60,0.0234,NORMAL,None,Low
872,0,1,10,0.0175,NORMAL,None,Medium
872,0,2,20,0.0234,NORMAL,None,Medium
872,0,3,30,0.025,NORMAL,None,Medium
872,0,4,40,0.0272,NORMAL,None,Low
872,0,5,50,0.0246,NORMAL,None,Low
872,0,6,60,0.0242,NORMAL,None,Low
873,0,1,10,0.0274,NORMAL,None,Medium
873,0,2,20,0.0276,NORMAL,None,Medium
873,0,3,30,0.0289,NORMAL,None,Medium
873,0,4,40,0.0254,NORMAL,None,Low
873,0,5,50,0.0253,NORMAL,None,Low
873,0,6,60,0.0252,NORMAL,None,Low
874,0,1,10,0.0319,NORMAL,None,Medium
874,0,2,20,0.0287,NORMAL,None,Medium
874,0,3,30,0.0299,NORMAL,None,Medium
874,0,4,40,0.0249,NORMAL,None,Low
874,0,5,50,0.0252,NORMAL,None,Low
874,0,6,60,0.0271,NORMAL,None,Low
875,0,1,10,0.0226,NORMAL,None,Medium
875,0,2,20,0.0242,NORMAL,None,Medium
875,0,3,30,0.0271,NORMAL,None,Medium
875,0,4,40,0.0269,NORMAL,None,Low
875,0,5,50,0.0251,NORMAL,None,Low
875,0,6,60,0.0235,NORMAL,None,Low
876,0,1,10,0.023,NORMAL,None,Medium
876,0,2,20,0.0229,NORMAL,None,Medium
876,0,3,30,0.0249,NORMAL,None,Medium
876,0,4,40,0.0249,NORMAL,None,Low
876,0,5,50,0.0267,NORMAL,None,Low
876,0,6,60,0.0269,NORMAL,None,Low
877,0,1,10,0.0346,NORMAL,None,Medium
877,0,2,20,0.0352,NORMAL,None,Medium
877,0,3,30,0.0308,NORMAL,None,Medium
877,0,4,40,0.0295,NORMAL,None,Low
877,0,5,50,0.0284,NORMAL,None,Low
877,0,6,60,0.0278,NORMAL,None,Low
878,0,1,10,0.0218,NORMAL,None,Medium
878,0,2,20,0.0259,NORMAL,None,Medium
878,0,3,30,0.0262,NORMAL,None,Medium
878,0,4,40,0.026,NORMAL,None,Low
878,0,5,50,0.0252,NORMAL,None,Low
878,0,6,60,0.0249,NORMAL,None,Low
879,0,1,10,0.0325,NORMAL,None,Medium
879,0,2,20,0.0311,NORMAL,None,Medium
879,0,3,30,0.0307,NORMAL,None,Medium
879,0,4,40,0.0285,NORMAL,None,Low
879,0,5,50,0.0271,NORMAL,None,Low
879,0,6,60,0.028,NORMAL,None,Low
880,0,1,10,0.0214,NORMAL,None,Medium
880,0,2,20,0.024,NORMAL,None,Medium
880,0,3,30,0.0257,NORMAL,None,Medium
880,0,4,40,0.0272,NORMAL,None,Low
880,0,5,50,0.0264,NORMAL,None,Low
880,0,6,60,0.0271,NORMAL,None,Low
881,0,1,10,0.0195,NORMAL,None,Medium
881,0,2,20,0.0257,NORMAL,None,Medium
881,0,3,30,0.024,NORMAL,None,Medium
881,0,4,40,0.0269,NORMAL,None,Low
881,0,5,50,0.0257,NORMAL,None,Low
881,0,6,60,0.0268,NORMAL,None,Low
882,0,1,10,0.0194,NORMAL,None,Medium
882,0,2,20,0.0206,NORMAL,None,Medium
882,0,3,30,0.0253,NORMAL,None,Medium
882,0,4,40,0.0246,NORMAL,None,Low
882,0,5,50,0.0254,NORMAL,None,Low
882,0,6,60,0.0271,NORMAL,None,Low
883,1,1,10,0.0186,NORMAL,None,Medium
883,1,2,20,0.0248,NORMAL,None,Medium
883,1,3,30,0.0232,NORMAL,None,Medium
883,1,4,40,0.024,NORMAL,None,Low
883,1,5,50,0.0245,NORMAL,None,Low
883,1,6,60,0.0255,NORMAL,None,Low
884,0,1,10,0.0262,NORMAL,None,Medium
884,0,2,20,0.0289,NORMAL,None,Medium
884,0,3,30,0.0311,NORMAL,None,Medium
884,0,4,40,0.0291,NORMAL,None,Low
884,0,5,50,0.0259,NORMAL,None,Low
884,0,6,60,0.0253,NORMAL,None,Low
885,0,1,10,0.0286,NORMAL,None,Medium
885,0,2,20,0.0309,NORMAL,None,Medium
885,0,3,30,0.029,NORMAL,None,Medium
885,0,4,40,0.028,NORMAL,None,Low
885,0,5,50,0.0267,NORMAL,None,Low
885,0,6,60,0.0284,NORMAL,None,Low
886,0,1,10,0.0233,NORMAL,None,Medium
886,0,2,20,0.0252,NORMAL,None,Medium
886,0,3,30,0.0251,NORMAL,None,Medium
886,0,4,40,0.0265,NORMAL,None,Low
886,0,5,50,0.0261,NORMAL,None,Low
886,0,6,60,0.0261,NORMAL,None,Low
887,0,1,10,0.0309,NORMAL,None,Medium
887,0,2,20,0.0317,NORMAL,None,Medium
887,0,3,30,0.0299,NORMAL,None,Medium
887,0,4,40,0.0317,NORMAL,None,Low
887,0,5,50,0.0314,NORMAL,None,Low
887,0,6,60,0.0284,NORMAL,None,Low
888,0,1,10,0.0304,NORMAL,None,Medium
888,0,2,20,0.0308,NORMAL,None,Medium
888,0,3,30,0.0288,NORMAL,None,Medium
888,0,4,40,0.0291,NORMAL,None,Low
888,0,5,50,0.0309,NORMAL,None,Low
888,0,6,60,0.0279,NORMAL,None,Low
889,0,1,10,0.0332,NORMAL,None,Medium
889,0,2,20,0.0343,NORMAL,None,Medium
889,0,3,30,0.0316,NORMAL,None,Medium
889,0,4,40,0.0285,NORMAL,None,Low
889,0,5,50,0.0291,NORMAL,None,Low
889,0,6,60,0.0272,NORMAL,None,Low
890,0,1,10,0.0282,NORMAL,None,Medium
890,0,2,20,0.033,NORMAL,None,Medium
890,0,3,30,0.0295,NORMAL,None,Medium
890,0,4,40,0.0308,NORMAL,None,Low
890,0,5,50,0.0302,NORMAL,None,Low
890,0,6,60,0.0301,NORMAL,None,Low
891,0,1,10,0.0371,NORMAL,None,Medium
891,0,2,20,0.034,NORMAL,None,Medium
891,0,3,30,0.0315,NORMAL,None,Medium
891,0,4,40,0.0305,NORMAL,None,Low
891,0,5,50,0.0314,NORMAL,None,Low
891,0,6,60,0.0306,NORMAL,None,Low
892,0,1,10,0.0304,NORMAL,None,Medium
892,0,2,20,0.0296,NORMAL,None,Medium
892,0,3,30,0.0254,NORMAL,None,Medium
892,0,4,40,0.0269,NORMAL,None,Low
892,0,5,50,0.0299,NORMAL,None,Low
892,0,6,60,0.0274,NORMAL,None,Low
893,0,1,10,0.0187,NORMAL,None,Medium
893,0,2,20,0.0255,NORMAL,None,Medium
893,0,3,30,0.0241,NORMAL,None,Medium
893,0,4,40,0.0276,NORMAL,None,Low
893,0,5,50,0.0246,NORMAL,None,Low
893,0,6,60,0.0259,NORMAL,None,Low
894,0,1,10,0.03,NORMAL,None,Medium
894,0,2,20,0.0288,NORMAL,None,Medium
894,0,3,30,0.029,NORMAL,None,Medium
894,0,4,40,0.0262,NORMAL,None,Low
894,0,5,50,0.0257,NORMAL,None,Low
894,0,6,60,0.0234,NORMAL,None,Low
895,0,1,10,0.0322,NORMAL,None,Medium
895,0,2,20,0.0299,NORMAL,None,Medium
895,0,3,30,0.0299,NORMAL,None,Medium
895,0,4,40,0.0261,NORMAL,None,Low
895,0,5,50,0.0251,NORMAL,None,Low
895,0,6,60,0.0258,NORMAL,None,Low
896,0,1,10,0.025,NORMAL,None,Medium
896,0,2,20,0.0302,NORMAL,None,Medium
896,0,3,30,0.0304,NORMAL,None,Medium
896,0,4,40,0.0289,NORMAL,None,Low
896,0,5,50,0.0265,NORMAL,None,Low
896,0,6,60,0.028,NORMAL,None,Low
897,0,1,10,0.0234,NORMAL,None,Medium
897,0,2,20,0.03,NORMAL,None,Medium
897,0,3,30,0.0261,NORMAL,None,Medium
897,0,4,40,0.0256,NORMAL,None,Low
897,0,5,50,0.0245,NORMAL,None,Low
897,0,6,60,0.0261,NORMAL,None,Low
898,0,1,10,0.0367,NORMAL,None,Medium
898,0,2,20,0.0342,NORMAL,None,Medium
898,0,3,30,0.0322,NORMAL,None,Medium
898,0,4,40,0.0281,NORMAL,None,Low
898,0,5,50,0.0272,NORMAL,None,Low
898,0,6,60,0.027,NORMAL,None,Low
899,0,1,10,0.0373,NORMAL,None,Medium
899,0,2,20,0.0308,NORMAL,None,Medium
899,0,3,30,0.0271,NORMAL,None,Medium
899,0,4,40,0.0284,NORMAL,None,Low
899,0,5,50,0.0263,NORMAL,None,Low
899,0,6,60,0.0255,NORMAL,None,Low
1020,0,1,10,0.0372,NORMAL,None,Medium
1020,0,2,20,0.0395,NORMAL,None,Medium
1020,0,3,30,0.0328,NORMAL,None,Medium
1020,0,4,40,0.0325,NORMAL,None,Low
1020,0,5,50,0.0288,NORMAL,None,Low
1020,0,6,60,0.0306,NORMAL,None,Low
1021,0,1,10,0.0476,NORMAL,None,Medium
1021,0,2,20,0.0457,NORMAL,None,Medium
1021,0,3,30,0.038,NORMAL,None,Medium
1021,0,4,40,0.0309,NORMAL,None,Low
1021,0,5,50,0.0263,NORMAL,None,Low
1021,0,6,60,0.0287,NORMAL,None,Low
1022,0,1,10,0.0705,NORMAL,None,Medium
1022,0,2,20,0.0573,NORMAL,None,Medium
1022,0,3,30,0.047,NORMAL,None,Medium
1022,0,4,40,0.0368,NORMAL,None,Low
1022,0,5,50,0.0342,NORMAL,None,Low
1022,0,6,60,0.0283,NORMAL,None,Low
1023,0,1,10,0.0545,NORMAL,None,Medium
1023,0,2,20,0.0452,NORMAL,None,Medium
1023,0,3,30,0.0364,NORMAL,None,Medium
1023,0,4,40,0.0357,NORMAL,None,Low
1023,0,5,50,0.0274,NORMAL,None,Low
1023,0,6,60,0.0311,NORMAL,None,Low
1024,0,1,10,0.0375,NORMAL,None,Medium
1024,0,2,20,0.0356,NORMAL,None,Medium
1024,0,3,30,0.0302,NORMAL,None,Medium
1024,0,4,40,0.0301,NORMAL,None,Low
1024,0,5,50,0.0296,NORMAL,None,Low
1024,0,6,60,0.0291,NORMAL,None,Low
1025,0,1,10,0.0962,NORMAL,None,Medium
1025,0,2,20,0.0783,NORMAL,None,Medium
1025,0,3,30,0.0586,NORMAL,None,Medium
1025,0,4,40,0.0475,NORMAL,None,Low
1025,0,5,50,0.04,NORMAL,None,Low
1025,0,6,60,0.0348,NORMAL,None,Low
1026,0,1,10,0.1065,NORMAL,None,Medium
1026,0,2,20,0.0718,NORMAL,None,Medium
1026,0,3,30,0.0572,NORMAL,None,Medium
1026,0,4,40,0.045,NORMAL,None,Low
1026,0,5,50,0.0352,NORMAL,None,Low
1026,0,6,60,0.0377,NORMAL,None,Low
1027,0,1,10,0.0262,NORMAL,None,Medium
1027,0,2,20,0.031,NORMAL,None,Medium
1027,0,3,30,0.0304,NORMAL,None,Medium
1027,0,4,40,0.0303,NORMAL,None,Low
1027,0,5,50,0.0272,NORMAL,None,Low
1027,0,6,60,0.0267,NORMAL,None,Low
1028,0,1,10,0.0189,NORMAL,None,Medium
1028,0,2,20,0.0247,NORMAL,None,Medium
1028,0,3,30,0.0259,NORMAL,None,Medium
1028,0,4,40,0.0259,NORMAL,None,Low
1028,0,5,50,0.0274,NORMAL,None,Low
1028,0,6,60,0.0248,NORMAL,None,Low
1029,0,1,10,0.0246,NORMAL,None,Medium
1029,0,2,20,0.0279,NORMAL,None,Medium
1029,0,3,30,0.0291,NORMAL,None,Medium
1029,0,4,40,0.0262,NORMAL,None,Low
1029,0,5,50,0.0292,NORMAL,None,Low
1029,0,6,60,0.0284,NORMAL,None,Low
1030,0,1,10,0.0185,NORMAL,None,Medium
1030,0,2,20,0.0242,NORMAL,None,Medium
1030,0,3,30,0.0257,NORMAL,None,Medium
1030,0,4,40,0.0221,NORMAL,None,Low
1030,0,5,50,0.0251,NORMAL,None,Low
1030,0,6,60,0.0231,NORMAL,None,Low
1031,0,1,10,0.0167,NORMAL,None,Medium
1031,0,2,20,0.0216,NORMAL,None,Medium
1031,0,3,30,0.0271,NORMAL,None,Medium
1031,0,4,40,0.0262,NORMAL,None,Low
1031,0,5,50,0.0244,NORMAL,None,Low
1031,0,6,60,0.0275,NORMAL,None,Low
1032,0,1,10,0.0173,NORMAL,None,Medium
1032,0,2,20,0.0259,NORMAL,None,Medium
1032,0,3,30,0.0253,NORMAL,None,Medium
1032,0,4,40,0.0278,NORMAL,None,Low
1032,0,5,50,0.0239,NORMAL,None,Low
1032,0,6,60,0.0231,NORMAL,None,Low
1033,1,1,10,0.0145,NORMAL,None,Medium
1033,1,2,20,0.0201,NORMAL,None,Medium
1033,1,3,30,0.0227,NORMAL,None,Medium
1033,1,4,40,0.024,NORMAL,None,Low
1033,1,5,50,0.0249,NORMAL,None,Low
1033,1,6,60,0.0276,NORMAL,None,Low
1034,1,1,10,0.0165,NORMAL,None,Medium
1034,1,2,20,0.0225,NORMAL,None,Medium
1034,1,3,30,0.0206,NORMAL,None,Medium
1034,1,4,40,0.024,NORMAL,None,Low
1034,1,5,50,0.025,NORMAL,None,Low
1034,1,6,60,0.027,NORMAL,None,Low
1035,0,1,10,0.017,NORMAL,None,Medium
1035,0,2,20,0.0231,NORMAL,None,Medium
1035,0,3,30,0.024,NORMAL,None,Medium
1035,0,4,40,0.0271,NORMAL,None,Low
1035,0,5,50,0.0258,NORMAL,None,Low
1035,0,6,60,0.0282,NORMAL,None,Low
1036,0,1,10,0.0188,NORMAL,None,Medium
1036,0,2,20,0.0242,NORMAL,None,Medium
1036,0,3,30,0.025,NORMAL,None,Medium
1036,0,4,40,0.026,NORMAL,None,Low
1036,0,5,50,0.0223,NORMAL,None,Low
1036,0,6,60,0.0267,NORMAL,None,Low
1037,0,1,10,0.0206,NORMAL,None,Medium
1037,0,2,20,0.0219,NORMAL,None,Medium
1037,0,3,30,0.0267,NORMAL,None,Medium
1037,0,4,40,0.0279,NORMAL,None,Low
1037,0,5,50,0.0237,NORMAL,None,Low
1037,0,6,60,0.0263,NORMAL,None,Low
1038,0,1,10,0.0237,NORMAL,None,Medium
1038,0,2,20,0.0266,NORMAL,None,Medium
1038,0,3,30,0.0289,NORMAL,None,Medium
1038,0,4,40,0.0296,NORMAL,None,Low
1038,0,5,50,0.0273,NORMAL,None,Low
1038,0,6,60,0.0281,NORMAL,None,Low
1039,0,1,10,0.0189,NORMAL,None,Medium
1039,0,2,20,0.024,NORMAL,None,Medium
1039,0,3,30,0.0253,NORMAL,None,Medium
1039,0,4,40,0.0256,NORMAL,None,Low
1039,0,5,50,0.0271,NORMAL,None,Low
1039,0,6,60,0.0242,NORMAL,None,Low
1040,0,1,10,0.0263,NORMAL,None,Medium
1040,0,2,20,0.0277,NORMAL,None,Medium
1040,0,3,30,0.0286,NORMAL,None,Medium
1040,0,4,40,0.0285,NORMAL,None,Low
1040,0,5,50,0.027,NORMAL,None,Low
1040,0,6,60,0.0246,NORMAL,None,Low
1041,0,1,10,0.0197,NORMAL,None,Medium
1041,0,2,20,0.0258,NORMAL,None,Medium
1041,0,3,30,0.0247,NORMAL,None,Medium
1041,0,4,40,0.0274,NORMAL,None,Low
1041,0,5,50,0.0267,NORMAL,None,Low
1041,0,6,60,0.0262,NORMAL,None,Low
1042,0,1,10,0.0197,NORMAL,None,Medium
1042,0,2,20,0.0263,NORMAL,None,Medium
1042,0,3,30,0.0273,NORMAL,None,Medium
1042,0,4,40,0.0246,NORMAL,None,Low
1042,0,5,50,0.0254,NORMAL,None,Low
1042,0,6,60,0.0248,NORMAL,None,Low
1043,0,1,10,0.0209,NORMAL,None,Medium
1043,0,2,20,0.0259,NORMAL,None,Medium
1043,0,3,30,0.0265,NORMAL,None,Medium
1043,0,4,40,0.0275,NORMAL,None,Low
1043,0,5,50,0.0254,NORMAL,None,Low
1043,0,6,60,0.0268,NORMAL,None,Low
1044,0,1,10,0.0172,NORMAL,None,Medium
1044,0,2,20,0.023,NORMAL,None,Medium
1044,0,3,30,0.0251,NORMAL,None,Medium
1044,0,4,40,0.0251,NORMAL,None,Low
1044,0,5,50,0.0265,NORMAL,None,Low
1044,0,6,60,0.0242,NORMAL,None,Low
1045,0,1,10,0.0209,NORMAL,None,Medium
1045,0,2,20,0.0229,NORMAL,None,Medium
1045,0,3,30,0.0237,NORMAL,None,Medium
1045,0,4,40,0.025,NORMAL,None,Low
1045,0,5,50,0.0266,NORMAL,None,Low
1045,0,6,60,0.0248,NORMAL,None,Low
1046,0,1,10,0.0378,NORMAL,None,Medium
1046,0,2,20,0.0337,NORMAL,None,Medium
1046,0,3,30,0.0305,NORMAL,None,Medium
1046,0,4,40,0.0291,NORMAL,None,Low
1046,0,5,50,0.0254,NORMAL,None,Low
1046,0,6,60,0.0281,NORMAL,None,Low
1047,0,1,10,0.02,NORMAL,None,Medium
1047,0,2,20,0.0232,NORMAL,None,Medium
1047,0,3,30,0.0281,NORMAL,None,Medium
1047,0,4,40,0.0289,NORMAL,None,Low
1047,0,5,50,0.0318,NORMAL,None,Low
1047,0,6,60,0.0329,NORMAL,None,Low
1048,0,1,10,0.0185,NORMAL,None,Medium
1048,0,2,20,0.0243,NORMAL,None,Medium
1048,0,3,30,0.026,NORMAL,None,Medium
1048,0,4,40,0.025,NORMAL,None,Low
1048,0,5,50,0.0254,NORMAL,None,Low
1048,0,6,60,0.0259,NORMAL,None,Low
1049,0,1,10,0.0216,NORMAL,None,Medium
1049,0,2,20,0.0257,NORMAL,None,Medium
1049,0,3,30,0.0258,NORMAL,None,Medium
1049,0,4,40,0.0287,NORMAL,None,Low
1049,0,5,50,0.0264,NORMAL,None,Low
1049,0,6,60,0.0239,NORMAL,None,Low
1170,0,1,10,0.0245,NORMAL,None,Medium
1170,0,2,20,0.0266,NORMAL,None,Medium
1170,0,3,30,0.0263,NORMAL,None,Medium
1170,0,4,40,0.0259,NORMAL,None,Low
1170,0,5,50,0.0254,NORMAL,None,Low
1170,0,6,60,0.0253,NORMAL,None,Low
1171,0,1,10,0.0191,NORMAL,None,Medium
1171,0,2,20,0.0239,NORMAL,None,Medium
1171,0,3,30,0.0276,NORMAL,None,Medium
1171,0,4,40,0.0305,NORMAL,None,Low
1171,0,5,50,0.0296,NORMAL,None,Low
1171,0,6,60,0.0271,NORMAL,None,Low
1172,0,1,10,0.0206,NORMAL,None,Medium
1172,0,2,20,0.0237,NORMAL,None,Medium
1172,0,3,30,0.0239,NORMAL,None,Medium
1172,0,4,40,0.0248,NORMAL,None,Low
1172,0,5,50,0.0273,NORMAL,None,Low
1172,0,6,60,0.0245,NORMAL,None,Low
1173,0,1,10,0.0167,NORMAL,None,Medium
1173,0,2,20,0.0231,NORMAL,None,Medium
1173,0,3,30,0.0254,NORMAL,None,Medium
1173,0,4,40,0.0246,NORMAL,None,Low
1173,0,5,50,0.0258,NORMAL,None,Low
1173,0,6,60,0.0255,NORMAL,None,Low
1174,0,1,10,0.0176,NORMAL,None,Medium
1174,0,2,20,0.0248,NORMAL,None,Medium
1174,0,3,30,0.0261,NORMAL,None,Medium
1174,0,4,40,0.0268,NORMAL,None,Low
1174,0,5,50,0.0238,NORMAL,None,Low
1174,0,6,60,0.0253,NORMAL,None,Low
1175,0,1,10,0.0215,NORMAL,None,Medium
1175,0,2,20,0.0257,NORMAL,None,Medium
1175,0,3,30,0.0268,NORMAL,None,Medium
1175,0,4,40,0.0273,NORMAL,None,Low
1175,0,5,50,0.0306,NORMAL,None,Low
1175,0,6,60,0.0253,NORMAL,None,Low
1176,0,1,10,0.0219,NORMAL,None,Medium
1176,0,2,20,0.0231,NORMAL,None,Medium
1176,0,3,30,0.0243,NORMAL,None,Medium
1176,0,4,40,0.0249,NORMAL,None,Low
1176,0,5,50,0.0208,NORMAL,None,Low
1176,0,6,60,0.0255,NORMAL,None,Low
1177,0,1,10,0.0264,NORMAL,None,Medium
1177,0,2,20,0.0269,NORMAL,None,Medium
1177,0,3,30,0.0276,NORMAL,None,Medium
1177,0,4,40,0.0279,NORMAL,None,Low
1177,0,5,50,0.0296,NORMAL,None,Low
1177,0,6,60,0.0283,NORMAL,None,Low
1178,0,1,10,0.0198,NORMAL,None,Medium
1178,0,2,20,0.0253,NORMAL,None,Medium
1178,0,3,30,0.0257,NORMAL,None,Medium
1178,0,4,40,0.0243,NORMAL,None,Low
1178,0,5,50,0.025,NORMAL,None,Low
1178,0,6,60,0.0245,NORMAL,None,Low
1179,0,1,10,0.0377,NORMAL,None,Medium
1179,0,2,20,0.0324,NORMAL,None,Medium
1179,0,3,30,0.0294,NORMAL,None,Medium
1179,0,4,40,0.0318,NORMAL,None,Low
1179,0,5,50,0.0284,NORMAL,None,Low
1179,0,6,60,0.0254,NORMAL,None,Low
1180,0,1,10,0.0594,NORMAL,None,Medium
1180,0,2,20,0.0474,NORMAL,None,Medium
1180,0,3,30,0.0384,NORMAL,None,Medium
1180,0,4,40,0.0336,NORMAL,None,Low
1180,0,5,50,0.0279,NORMAL,None,Low
1180,0,6,60,0.0299,NORMAL,None,Low
1181,0,1,10,0.0263,NORMAL,None,Medium
1181,0,2,20,0.0279,NORMAL,None,Medium
1181,0,3,30,0.0269,NORMAL,None,Medium
1181,0,4,40,0.0289,NORMAL,None,Low
1181,0,5,50,0.0294,NORMAL,None,Low
1181,0,6,60,0.0279,NORMAL,None,Low
1182,0,1,10,0.0229,NORMAL,None,Medium
1182,0,2,20,0.0264,NORMAL,None,Medium
1182,0,3,30,0.0288,NORMAL,None,Medium
1182,0,4,40,0.0246,NORMAL,None,Low
1182,0,5,50,0.0251,NORMAL,None,Low
1182,0,6,60,0.0284,NORMAL,None,Low
1183,0,1,10,0.0211,NORMAL,None,Medium
1183,0,2,20,0.0256,NORMAL,None,Medium
1183,0,3,30,0.0261,NORMAL,None,Medium
1183,0,4,40,0.0264,NORMAL,None,Low
1183,0,5,50,0.0274,NORMAL,None,Low
1183,0,6,60,0.0259,NORMAL,None,Low
1184,0,1,10,0.0176,NORMAL,None,Medium
1184,0,2,20,0.023,NORMAL,None,Medium
1184,0,3,30,0.0232,NORMAL,None,Medium
1184,0,4,40,0.0264,NORMAL,None,Low
1184,0,5,50,0.0238,NORMAL,None,Low
1184,0,6,60,0.0245,NORMAL,None,Low
1185,0,1,10,0.0215,NORMAL,None,Medium
1185,0,2,20,0.0271,NORMAL,None,Medium
1185,0,3,30,0.0277,NORMAL,None,Medium
1185,0,4,40,0.0294,NORMAL,None,Low
1185,0,5,50,0.0272,NORMAL,None,Low
1185,0,6,60,0.0281,NORMAL,None,Low
1186,1,1,10,0.0242,NORMAL,None,Medium
1186,1,2,20,0.0287,NORMAL,None,Medium
1186,1,3,30,0.0297,NORMAL,None,Medium
1186,1,4,40,0.0294,NORMAL,None,Low
1186,1,5,50,0.0281,NORMAL,None,Low
1186,1,6,60,0.0247,NORMAL,None,Low
1187,0,1,10,0.0372,NORMAL,None,Medium
1187,0,2,20,0.0364,NORMAL,None,Medium
1187,0,3,30,0.0295,NORMAL,None,Medium
1187,0,4,40,0.0325,NORMAL,None,Low
1187,0,5,50,0.0278,NORMAL,None,Low
1187,0,6,60,0.0279,NORMAL,None,Low
1188,0,1,10,0.0779,NORMAL,None,Medium
1188,0,2,20,0.0699,NORMAL,None,Medium
1188,0,3,30,0.0526,NORMAL,None,Medium
1188,0,4,40,0.0447,NORMAL,None,Low
1188,0,5,50,0.0351,NORMAL,None,Low
1188,0,6,60,0.0322,NORMAL,None,Low
1189,0,1,10,0.0994,NORMAL,None,Medium
1189,0,2,20,0.0841,NORMAL,None,Medium
1189,0,3,30,0.0638,NORMAL,None,Medium
1189,0,4,40,0.0499,NORMAL,None,Low
1189,0,5,50,0.0436,NORMAL,None,Low
1189,0,6,60,0.0354,NORMAL,None,Low
1190,0,1,10,0.0736,NORMAL,None,Medium
1190,0,2,20,0.0558,NORMAL,None,Medium
1190,0,3,30,0.0464,NORMAL,None,Medium
1190,0,4,40,0.0351,NORMAL,None,Low
1190,0,5,50,0.0331,NORMAL,None,Low
1190,0,6,60,0.0319,NORMAL,None,Low
1191,0,1,10,0.0679,NORMAL,None,Medium
1191,0,2,20,0.0569,NORMAL,None,Medium
1191,0,3,30,0.0463,NORMAL,None,Medium
1191,0,4,40,0.0397,NORMAL,None,Low
1191,0,5,50,0.0328,NORMAL,None,Low
1191,0,6,60,0.0294,NORMAL,None,Low
1192,0,1,10,0.7155,PRE_ATTACK,Reconnaissance,Low
1192,0,2,20,0.7142,PRE_ATTACK,Reconnaissance,Low
1192,0,3,30,0.7203,PRE_ATTACK,Reconnaissance,Low
1192,0,4,40,0.7286,PRE_ATTACK,Reconnaissance,Low
1192,0,5,50,0.7358,PRE_ATTACK,Reconnaissance,Low
1192,0,6,60,0.749,PRE_ATTACK,Reconnaissance,Low
1193,0,1,10,0.6776,PRE_ATTACK,Reconnaissance,Low
1193,0,2,20,0.6804,PRE_ATTACK,Reconnaissance,Low
1193,0,3,30,0.69,PRE_ATTACK,Reconnaissance,Low
1193,0,4,40,0.6857,PRE_ATTACK,Reconnaissance,Low
1193,0,5,50,0.6909,PRE_ATTACK,Reconnaissance,Low
1193,0,6,60,0.7065,PRE_ATTACK,Reconnaissance,Low
1194,0,1,10,0.5647,PRE_ATTACK,Reconnaissance,Low
1194,0,2,20,0.5596,PRE_ATTACK,Reconnaissance,Low
1194,0,3,30,0.551,PRE_ATTACK,Reconnaissance,Low
1194,0,4,40,0.5408,PRE_ATTACK,Reconnaissance,Low
1194,0,5,50,0.5357,PRE_ATTACK,Reconnaissance,Low
1194,0,6,60,0.546,NORMAL,None,Low
1195,0,1,10,0.2154,NORMAL,None,Medium
1195,0,2,20,0.1601,NORMAL,None,Medium
1195,0,3,30,0.1243,NORMAL,None,Medium
1195,0,4,40,0.0948,NORMAL,None,Low
1195,0,5,50,0.0674,NORMAL,None,Low
1195,0,6,60,0.0512,NORMAL,None,Low
1196,1,1,10,0.0725,NORMAL,None,Medium
1196,1,2,20,0.0613,NORMAL,None,Medium
1196,1,3,30,0.0485,NORMAL,None,Medium
1196,1,4,40,0.0375,NORMAL,None,Low
1196,1,5,50,0.0334,NORMAL,None,Low
1196,1,6,60,0.035,NORMAL,None,Low
1197,0,1,10,0.0423,NORMAL,None,Medium
1197,0,2,20,0.0378,NORMAL,None,Medium
1197,0,3,30,0.0326,NORMAL,None,Medium
1197,0,4,40,0.0323,NORMAL,None,Low
1197,0,5,50,0.0323,NORMAL,None,Low
1197,0,6,60,0.0297,NORMAL,None,Low
1198,0,1,10,0.0247,NORMAL,None,Medium
1198,0,2,20,0.0286,NORMAL,None,Medium
1198,0,3,30,0.0301,NORMAL,None,Medium
1198,0,4,40,0.0279,NORMAL,None,Low
1198,0,5,50,0.0264,NORMAL,None,Low
1198,0,6,60,0.0295,NORMAL,None,Low
1199,0,1,10,0.0233,NORMAL,None,Medium
1199,0,2,20,0.028,NORMAL,None,Medium
1199,0,3,30,0.0281,NORMAL,None,Medium
1199,0,4,40,0.0315,NORMAL,None,Low
1199,0,5,50,0.029,NORMAL,None,Low
1199,0,6,60,0.0273,NORMAL,None,Low
1332,0,1,10,0.0398,NORMAL,None,Medium
1332,0,2,20,0.0411,NORMAL,None,Medium
1332,0,3,30,0.0361,NORMAL,None,Medium
1332,0,4,40,0.0316,NORMAL,None,Low
1332,0,5,50,0.0276,NORMAL,None,Low
1332,0,6,60,0.0286,NORMAL,None,Low
1333,0,1,10,0.0381,NORMAL,None,Medium
1333,0,2,20,0.0397,NORMAL,None,Medium
1333,0,3,30,0.0326,NORMAL,None,Medium
1333,0,4,40,0.0291,NORMAL,None,Low
1333,0,5,50,0.0275,NORMAL,None,Low
1333,0,6,60,0.0284,NORMAL,None,Low
1334,0,1,10,0.0385,NORMAL,None,Medium
1334,0,2,20,0.037,NORMAL,None,Medium
1334,0,3,30,0.0306,NORMAL,None,Medium
1334,0,4,40,0.0313,NORMAL,None,Low
1334,0,5,50,0.0307,NORMAL,None,Low
1334,0,6,60,0.0276,NORMAL,None,Low
1335,0,1,10,0.0362,NORMAL,None,Medium
1335,0,2,20,0.0395,NORMAL,None,Medium
1335,0,3,30,0.0364,NORMAL,None,Medium
1335,0,4,40,0.0313,NORMAL,None,Low
1335,0,5,50,0.0281,NORMAL,None,Low
1335,0,6,60,0.0309,NORMAL,None,Low
1336,1,1,10,0.0259,NORMAL,None,Medium
1336,1,2,20,0.0302,NORMAL,None,Medium
1336,1,3,30,0.0285,NORMAL,None,Medium
1336,1,4,40,0.0272,NORMAL,None,Low
1336,1,5,50,0.0292,NORMAL,None,Low
1336,1,6,60,0.0265,NORMAL,None,Low
1337,1,1,10,0.05,NORMAL,None,Medium
1337,1,2,20,0.0466,NORMAL,None,Medium
1337,1,3,30,0.0395,NORMAL,None,Medium
1337,1,4,40,0.0352,NORMAL,None,Low
1337,1,5,50,0.031,NORMAL,None,Low
1337,1,6,60,0.03,NORMAL,None,Low
1338,0,1,10,0.0776,NORMAL,None,Medium
1338,0,2,20,0.0628,NORMAL,None,Medium
1338,0,3,30,0.0467,NORMAL,None,Medium
1338,0,4,40,0.041,NORMAL,None,Low
1338,0,5,50,0.0341,NORMAL,None,Low
1338,0,6,60,0.0319,NORMAL,None,Low
1339,0,1,10,0.0661,NORMAL,None,Medium
1339,0,2,20,0.0633,NORMAL,None,Medium
1339,0,3,30,0.0529,NORMAL,None,Medium
1339,0,4,40,0.0455,NORMAL,None,Low
1339,0,5,50,0.037,NORMAL,None,Low
1339,0,6,60,0.0343,NORMAL,None,Low
1340,0,1,10,0.0957,NORMAL,None,Medium
1340,0,2,20,0.0806,NORMAL,None,Medium
1340,0,3,30,0.0644,NORMAL,None,Medium
1340,0,4,40,0.0527,NORMAL,None,Low
1340,0,5,50,0.0422,NORMAL,None,Low
1340,0,6,60,0.0411,NORMAL,None,Low
1341,0,1,10,0.2855,NORMAL,None,Medium
1341,0,2,20,0.2504,NORMAL,None,Medium
1341,0,3,30,0.2044,NORMAL,None,Medium
1341,0,4,40,0.1655,NORMAL,None,Low
1341,0,5,50,0.1381,NORMAL,None,Low
1341,0,6,60,0.1022,NORMAL,None,Low
1342,0,1,10,0.2982,NORMAL,None,Medium
1342,0,2,20,0.2661,NORMAL,None,Medium
1342,0,3,30,0.2175,NORMAL,None,Medium
1342,0,4,40,0.1788,NORMAL,None,Low
1342,0,5,50,0.1414,NORMAL,None,Low
1342,0,6,60,0.1005,NORMAL,None,Low
1343,0,1,10,0.5184,PRE_ATTACK,Reconnaissance,Low
1343,0,2,20,0.5037,NORMAL,None,Medium
1343,0,3,30,0.5114,NORMAL,None,Medium
1343,0,4,40,0.4851,NORMAL,None,Low
1343,0,5,50,0.457,NORMAL,None,Low
1343,0,6,60,0.435,NORMAL,None,Low
1344,0,1,10,0.5153,PRE_ATTACK,Reconnaissance,Low
1344,0,2,20,0.5147,NORMAL,None,Medium
1344,0,3,30,0.5047,NORMAL,None,Medium
1344,0,4,40,0.4939,NORMAL,None,Low
1344,0,5,50,0.4776,NORMAL,None,Low
1344,0,6,60,0.4636,NORMAL,None,Low
1345,0,1,10,0.3728,NORMAL,None,Medium
1345,0,2,20,0.3184,NORMAL,None,Medium
1345,0,3,30,0.2693,NORMAL,None,Medium
1345,0,4,40,0.2242,NORMAL,None,Low
1345,0,5,50,0.1918,NORMAL,None,Low
1345,0,6,60,0.1595,NORMAL,None,Low
1346,1,1,10,0.8273,PRE_ATTACK,Reconnaissance,Low
1346,1,2,20,0.8075,PRE_ATTACK,Reconnaissance,Low
1346,1,3,30,0.8025,PRE_ATTACK,Reconnaissance,Low
1346,1,4,40,0.8066,PRE_ATTACK,Reconnaissance,Low
1346,1,5,50,0.8047,PRE_ATTACK,Reconnaissance,Low
1346,1,6,60,0.8207,PRE_ATTACK,Reconnaissance,Low
1347,1,1,10,0.8448,PRE_ATTACK,Reconnaissance,Low
1347,1,2,20,0.8312,PRE_ATTACK,Reconnaissance,Low
1347,1,3,30,0.8321,PRE_ATTACK,Reconnaissance,Low
1347,1,4,40,0.8328,PRE_ATTACK,Reconnaissance,Low
1347,1,5,50,0.8304,PRE_ATTACK,Reconnaissance,Low
1347,1,6,60,0.8301,PRE_ATTACK,Reconnaissance,Low
1348,1,1,10,0.5711,PRE_ATTACK,Reconnaissance,Low
1348,1,2,20,0.5785,PRE_ATTACK,Reconnaissance,Low
1348,1,3,30,0.5809,PRE_ATTACK,Reconnaissance,Low
1348,1,4,40,0.5758,PRE_ATTACK,Reconnaissance,Low
1348,1,5,50,0.5748,PRE_ATTACK,Reconnaissance,Low
1348,1,6,60,0.5612,PRE_ATTACK,Reconnaissance,Low
1349,0,1,10,0.6769,PRE_ATTACK,Reconnaissance,Low
1349,0,2,20,0.6962,PRE_ATTACK,Reconnaissance,Low
1349,0,3,30,0.7015,PRE_ATTACK,Reconnaissance,Low
1349,0,4,40,0.7041,PRE_ATTACK,Reconnaissance,Low
1349,0,5,50,0.7019,PRE_ATTACK,Reconnaissance,Low
1349,0,6,60,0.7061,PRE_ATTACK,Reconnaissance,Low
1470,0,1,10,0.0253,NORMAL,None,Medium
1470,0,2,20,0.0269,NORMAL,None,Medium
1470,0,3,30,0.0269,NORMAL,None,Medium
1470,0,4,40,0.028,NORMAL,None,Low
1470,0,5,50,0.0276,NORMAL,None,Low
1470,0,6,60,0.0303,NORMAL,None,Low
1471,0,1,10,0.0274,NORMAL,None,Medium
1471,0,2,20,0.0289,NORMAL,None,Medium
1471,0,3,30,0.0289,NORMAL,None,Medium
1471,0,4,40,0.0283,NORMAL,None,Low
1471,0,5,50,0.0304,NORMAL,None,Low
1471,0,6,60,0.0276,NORMAL,None,Low
1472,0,1,10,0.0299,NORMAL,None,Medium
1472,0,2,20,0.0331,NORMAL,None,Medium
1472,0,3,30,0.0305,NORMAL,None,Medium
1472,0,4,40,0.0286,NORMAL,None,Low
1472,0,5,50,0.0299,NORMAL,None,Low
1472,0,6,60,0.0323,NORMAL,None,Low
1473,0,1,10,0.0224,NORMAL,None,Medium
1473,0,2,20,0.0296,NORMAL,None,Medium
1473,0,3,30,0.0271,NORMAL,None,Medium
1473,0,4,40,0.0252,NORMAL,None,Low
1473,0,5,50,0.0272,NORMAL,None,Low
1473,0,6,60,0.0278,NORMAL,None,Low
1474,1,1,10,0.0182,NORMAL,None,Medium
1474,1,2,20,0.026,NORMAL,None,Medium
1474,1,3,30,0.0258,NORMAL,None,Medium
1474,1,4,40,0.0256,NORMAL,None,Low
1474,1,5,50,0.0263,NORMAL,None,Low
1474,1,6,60,0.0289,NORMAL,None,Low
1475,1,1,10,0.0355,NORMAL,None,Medium
1475,1,2,20,0.0361,NORMAL,None,Medium
1475,1,3,30,0.0351,NORMAL,None,Medium
1475,1,4,40,0.0298,NORMAL,None,Low
1475,1,5,50,0.0287,NORMAL,None,Low
1475,1,6,60,0.0281,NORMAL,None,Low
1476,1,1,10,0.0468,NORMAL,None,Medium
1476,1,2,20,0.0447,NORMAL,None,Medium
1476,1,3,30,0.0374,NORMAL,None,Medium
1476,1,4,40,0.0344,NORMAL,None,Low
1476,1,5,50,0.0278,NORMAL,None,Low
1476,1,6,60,0.0271,NORMAL,None,Low
1477,0,1,10,0.0249,NORMAL,None,Medium
1477,0,2,20,0.0304,NORMAL,None,Medium
1477,0,3,30,0.0269,NORMAL,None,Medium
1477,0,4,40,0.0308,NORMAL,None,Low
1477,0,5,50,0.0269,NORMAL,None,Low
1477,0,6,60,0.026,NORMAL,None,Low
1478,0,1,10,0.2668,NORMAL,None,Medium
1478,0,2,20,0.2169,NORMAL,None,Medium
1478,0,3,30,0.1641,NORMAL,None,Medium
1478,0,4,40,0.1189,NORMAL,None,Low
1478,0,5,50,0.086,NORMAL,None,Low
1478,0,6,60,0.0636,NORMAL,None,Low
1479,0,1,10,0.0477,NORMAL,None,Medium
1479,0,2,20,0.0501,NORMAL,None,Medium
1479,0,3,30,0.0441,NORMAL,None,Medium
1479,0,4,40,0.0396,NORMAL,None,Low
1479,0,5,50,0.035,NORMAL,None,Low
1479,0,6,60,0.032,NORMAL,None,Low
1480,0,1,10,0.1594,NORMAL,None,Medium
1480,0,2,20,0.1221,NORMAL,None,Medium
1480,0,3,30,0.0936,NORMAL,None,Medium
1480,0,4,40,0.0649,NORMAL,None,Low
1480,0,5,50,0.0529,NORMAL,None,Low
1480,0,6,60,0.0401,NORMAL,None,Low
1481,0,1,10,0.2118,NORMAL,None,Medium
1481,0,2,20,0.1942,NORMAL,None,Medium
1481,0,3,30,0.1463,NORMAL,None,Medium
1481,0,4,40,0.1108,NORMAL,None,Low
1481,0,5,50,0.0906,NORMAL,None,Low
1481,0,6,60,0.0685,NORMAL,None,Low
1482,0,1,10,0.3604,NORMAL,None,Medium
1482,0,2,20,0.3273,NORMAL,None,Medium
1482,0,3,30,0.2883,NORMAL,None,Medium
1482,0,4,40,0.236,NORMAL,None,Low
1482,0,5,50,0.191,NORMAL,None,Low
1482,0,6,60,0.1547,NORMAL,None,Low
1483,0,1,10,0.2876,NORMAL,None,Medium
1483,0,2,20,0.2541,NORMAL,None,Medium
1483,0,3,30,0.2072,NORMAL,None,Medium
1483,0,4,40,0.1705,NORMAL,None,Low
1483,0,5,50,0.1384,NORMAL,None,Low
1483,0,6,60,0.1134,NORMAL,None,Low
1484,0,1,10,0.4477,NORMAL,None,Medium
1484,0,2,20,0.4232,NORMAL,None,Medium
1484,0,3,30,0.4083,NORMAL,None,Medium
1484,0,4,40,0.3762,NORMAL,None,Low
1484,0,5,50,0.356,NORMAL,None,Low
1484,0,6,60,0.32,NORMAL,None,Low
1485,0,1,10,0.577,PRE_ATTACK,Reconnaissance,Low
1485,0,2,20,0.5746,PRE_ATTACK,Reconnaissance,Low
1485,0,3,30,0.5791,PRE_ATTACK,Reconnaissance,Low
1485,0,4,40,0.5932,PRE_ATTACK,Reconnaissance,Low
1485,0,5,50,0.5776,PRE_ATTACK,Reconnaissance,Low
1485,0,6,60,0.5826,PRE_ATTACK,Reconnaissance,Low
1486,0,1,10,0.5924,PRE_ATTACK,Reconnaissance,Low
1486,0,2,20,0.5792,PRE_ATTACK,Reconnaissance,Low
1486,0,3,30,0.5818,PRE_ATTACK,Reconnaissance,Low
1486,0,4,40,0.5846,PRE_ATTACK,Reconnaissance,Low
1486,0,5,50,0.5762,PRE_ATTACK,Reconnaissance,Low
1486,0,6,60,0.5763,PRE_ATTACK,Reconnaissance,Low
1487,0,1,10,0.5277,PRE_ATTACK,Reconnaissance,Low
1487,0,2,20,0.5064,NORMAL,None,Medium
1487,0,3,30,0.483,NORMAL,None,Medium
1487,0,4,40,0.4671,NORMAL,None,Low
1487,0,5,50,0.4432,NORMAL,None,Low
1487,0,6,60,0.4244,NORMAL,None,Low
1488,0,1,10,0.5827,PRE_ATTACK,Reconnaissance,Low
1488,0,2,20,0.5765,PRE_ATTACK,Reconnaissance,Low
1488,0,3,30,0.5821,PRE_ATTACK,Reconnaissance,Low
1488,0,4,40,0.5803,PRE_ATTACK,Reconnaissance,Low
1488,0,5,50,0.5743,PRE_ATTACK,Reconnaissance,Low
1488,0,6,60,0.5637,PRE_ATTACK,Reconnaissance,Low
1489,0,1,10,0.6933,PRE_ATTACK,Reconnaissance,Low
1489,0,2,20,0.7044,PRE_ATTACK,Reconnaissance,Low
1489,0,3,30,0.7138,PRE_ATTACK,Reconnaissance,Low
1489,0,4,40,0.7288,PRE_ATTACK,Reconnaissance,Low
1489,0,5,50,0.7326,PRE_ATTACK,Reconnaissance,Low
1489,0,6,60,0.7366,PRE_ATTACK,Reconnaissance,Low
1490,0,1,10,0.0428,NORMAL,None,Medium
1490,0,2,20,0.0397,NORMAL,None,Medium
1490,0,3,30,0.0383,NORMAL,None,Medium
1490,0,4,40,0.0347,NORMAL,None,Low
1490,0,5,50,0.034,NORMAL,None,Low
1490,0,6,60,0.0313,NORMAL,None,Low
1491,0,1,10,0.0571,NORMAL,None,Medium
1491,0,2,20,0.0468,NORMAL,None,Medium
1491,0,3,30,0.0411,NORMAL,None,Medium
1491,0,4,40,0.0341,NORMAL,None,Low
1491,0,5,50,0.0317,NORMAL,None,Low
1491,0,6,60,0.0278,NORMAL,None,Low
1492,0,1,10,0.1444,NORMAL,None,Medium
1492,0,2,20,0.1067,NORMAL,None,Medium
1492,0,3,30,0.0862,NORMAL,None,Medium
1492,0,4,40,0.0624,NORMAL,None,Low
1492,0,5,50,0.0445,NORMAL,None,Low
1492,0,6,60,0.0413,NORMAL,None,Low
1493,0,1,10,0.224,NORMAL,None,Medium
1493,0,2,20,0.1768,NORMAL,None,Medium
1493,0,3,30,0.1287,NORMAL,None,Medium
1493,0,4,40,0.1074,NORMAL,None,Low
1493,0,5,50,0.08,NORMAL,None,Low
1493,0,6,60,0.0595,NORMAL,None,Low
1494,0,1,10,0.0983,NORMAL,None,Medium
1494,0,2,20,0.0862,NORMAL,None,Medium
1494,0,3,30,0.0675,NORMAL,None,Medium
1494,0,4,40,0.0518,NORMAL,None,Low
1494,0,5,50,0.035,NORMAL,None,Low
1494,0,6,60,0.0332,NORMAL,None,Low
1495,0,1,10,0.0392,NORMAL,None,Medium
1495,0,2,20,0.036,NORMAL,None,Medium
1495,0,3,30,0.0323,NORMAL,None,Medium
1495,0,4,40,0.0293,NORMAL,None,Low
1495,0,5,50,0.0276,NORMAL,None,Low
1495,0,6,60,0.0305,NORMAL,None,Low
1496,0,1,10,0.0271,NORMAL,None,Medium
1496,0,2,20,0.0308,NORMAL,None,Medium
1496,0,3,30,0.0298,NORMAL,None,Medium
1496,0,4,40,0.0312,NORMAL,None,Low
1496,0,5,50,0.0297,NORMAL,None,Low
1496,0,6,60,0.0268,NORMAL,None,Low
1497,0,1,10,0.0278,NORMAL,None,Medium
1497,0,2,20,0.0293,NORMAL,None,Medium
1497,0,3,30,0.0289,NORMAL,None,Medium
1497,0,4,40,0.0308,NORMAL,None,Low
1497,0,5,50,0.0278,NORMAL,None,Low
1497,0,6,60,0.0252,NORMAL,None,Low
1498,0,1,10,0.0255,NORMAL,None,Medium
1498,0,2,20,0.0272,NORMAL,None,Medium
1498,0,3,30,0.0277,NORMAL,None,Medium
1498,0,4,40,0.0277,NORMAL,None,Low
1498,0,5,50,0.0288,NORMAL,None,Low
1498,0,6,60,0.0262,NORMAL,None,Low
1499,0,1,10,0.0251,NORMAL,None,Medium
1499,0,2,20,0.0307,NORMAL,None,Medium
1499,0,3,30,0.0289,NORMAL,None,Medium
1499,0,4,40,0.025,NORMAL,None,Low
1499,0,5,50,0.0253,NORMAL,None,Low
1499,0,6,60,0.0261,NORMAL,None,Low
1620,0,1,10,0.0218,NORMAL,None,Medium
1620,0,2,20,0.0264,NORMAL,None,Medium
1620,0,3,30,0.025,NORMAL,None,Medium
1620,0,4,40,0.0276,NORMAL,None,Low
1620,0,5,50,0.0242,NORMAL,None,Low
1620,0,6,60,0.0264,NORMAL,None,Low
1621,0,1,10,0.0206,NORMAL,None,Medium
1621,0,2,20,0.0266,NORMAL,None,Medium
1621,0,3,30,0.0277,NORMAL,None,Medium
1621,0,4,40,0.0251,NORMAL,None,Low
1621,0,5,50,0.0269,NORMAL,None,Low
1621,0,6,60,0.0255,NORMAL,None,Low
1622,0,1,10,0.0214,NORMAL,None,Medium
1622,0,2,20,0.0256,NORMAL,None,Medium
1622,0,3,30,0.0241,NORMAL,None,Medium
1622,0,4,40,0.0256,NORMAL,None,Low
1622,0,5,50,0.0256,NORMAL,None,Low
1622,0,6,60,0.026,NORMAL,None,Low
1623,0,1,10,0.0162,NORMAL,None,Medium
1623,0,2,20,0.0221,NORMAL,None,Medium
1623,0,3,30,0.0263,NORMAL,None,Medium
1623,0,4,40,0.0251,NORMAL,None,Low
1623,0,5,50,0.0244,NORMAL,None,Low
1623,0,6,60,0.0247,NORMAL,None,Low
1624,0,1,10,0.017,NORMAL,None,Medium
1624,0,2,20,0.0221,NORMAL,None,Medium
1624,0,3,30,0.0251,NORMAL,None,Medium
1624,0,4,40,0.0268,NORMAL,None,Low
1624,0,5,50,0.0282,NORMAL,None,Low
1624,0,6,60,0.0302,NORMAL,None,Low
1625,0,1,10,0.015,NORMAL,None,Medium
1625,0,2,20,0.0255,NORMAL,None,Medium
1625,0,3,30,0.0248,NORMAL,None,Medium
1625,0,4,40,0.0233,NORMAL,None,Low
1625,0,5,50,0.0239,NORMAL,None,Low
1625,0,6,60,0.0255,NORMAL,None,Low
1626,0,1,10,0.0198,NORMAL,None,Medium
1626,0,2,20,0.0257,NORMAL,None,Medium
1626,0,3,30,0.0294,NORMAL,None,Medium
1626,0,4,40,0.026,NORMAL,None,Low
1626,0,5,50,0.0278,NORMAL,None,Low
1626,0,6,60,0.0284,NORMAL,None,Low
1627,0,1,10,0.0221,NORMAL,None,Medium
1627,0,2,20,0.0274,NORMAL,None,Medium
1627,0,3,30,0.0286,NORMAL,None,Medium
1627,0,4,40,0.0297,NORMAL,None,Low
1627,0,5,50,0.0253,NORMAL,None,Low
1627,0,6,60,0.0264,NORMAL,None,Low
1628,0,1,10,0.0274,NORMAL,None,Medium
1628,0,2,20,0.0298,NORMAL,None,Medium
1628,0,3,30,0.0265,NORMAL,None,Medium
1628,0,4,40,0.0258,NORMAL,None,Low
1628,0,5,50,0.0281,NORMAL,None,Low
1628,0,6,60,0.0273,NORMAL,None,Low
1629,0,1,10,0.0288,NORMAL,None,Medium
1629,0,2,20,0.0313,NORMAL,None,Medium
1629,0,3,30,0.0309,NORMAL,None,Medium
1629,0,4,40,0.0291,NORMAL,None,Low
1629,0,5,50,0.0265,NORMAL,None,Low
1629,0,6,60,0.0265,NORMAL,None,Low
1630,0,1,10,0.0262,NORMAL,None,Medium
1630,0,2,20,0.0282,NORMAL,None,Medium
1630,0,3,30,0.0294,NORMAL,None,Medium
1630,0,4,40,0.0299,NORMAL,None,Low
1630,0,5,50,0.0278,NORMAL,None,Low
1630,0,6,60,0.028,NORMAL,None,Low
1631,0,1,10,0.0218,NORMAL,None,Medium
1631,0,2,20,0.0246,NORMAL,None,Medium
1631,0,3,30,0.0275,NORMAL,None,Medium
1631,0,4,40,0.0265,NORMAL,None,Low
1631,0,5,50,0.0281,NORMAL,None,Low
1631,0,6,60,0.0276,NORMAL,None,Low
1632,0,1,10,0.0236,NORMAL,None,Medium
1632,0,2,20,0.025,NORMAL,None,Medium
1632,0,3,30,0.0262,NORMAL,None,Medium
1632,0,4,40,0.0242,NORMAL,None,Low
1632,0,5,50,0.0247,NORMAL,None,Low
1632,0,6,60,0.0267,NORMAL,None,Low
1633,0,1,10,0.0182,NORMAL,None,Medium
1633,0,2,20,0.023,NORMAL,None,Medium
1633,0,3,30,0.0257,NORMAL,None,Medium
1633,0,4,40,0.0247,NORMAL,None,Low
1633,0,5,50,0.023,NORMAL,None,Low
1633,0,6,60,0.0263,NORMAL,None,Low
1634,0,1,10,0.0171,NORMAL,None,Medium
1634,0,2,20,0.0246,NORMAL,None,Medium
1634,0,3,30,0.0261,NORMAL,None,Medium
1634,0,4,40,0.026,NORMAL,None,Low
1634,0,5,50,0.0269,NORMAL,None,Low
1634,0,6,60,0.0258,NORMAL,None,Low
1635,0,1,10,0.0177,NORMAL,None,Medium
1635,0,2,20,0.0225,NORMAL,None,Medium
1635,0,3,30,0.0246,NORMAL,None,Medium
1635,0,4,40,0.0258,NORMAL,None,Low
1635,0,5,50,0.0267,NORMAL,None,Low
1635,0,6,60,0.0251,NORMAL,None,Low
1636,0,1,10,0.039,NORMAL,None,Medium
1636,0,2,20,0.0356,NORMAL,None,Medium
1636,0,3,30,0.0301,NORMAL,None,Medium
1636,0,4,40,0.0279,NORMAL,None,Low
1636,0,5,50,0.0266,NORMAL,None,Low
1636,0,6,60,0.0263,NORMAL,None,Low
1637,0,1,10,0.0194,NORMAL,None,Medium
1637,0,2,20,0.0249,NORMAL,None,Medium
1637,0,3,30,0.0268,NORMAL,None,Medium
1637,0,4,40,0.0244,NORMAL,None,Low
1637,0,5,50,0.0236,NORMAL,None,Low
1637,0,6,60,0.0263,NORMAL,None,Low
1638,0,1,10,0.0215,NORMAL,None,Medium
1638,0,2,20,0.0269,NORMAL,None,Medium
1638,0,3,30,0.0266,NORMAL,None,Medium
1638,0,4,40,0.0261,NORMAL,None,Low
1638,0,5,50,0.0261,NORMAL,None,Low
1638,0,6,60,0.0238,NORMAL,None,Low
1639,0,1,10,0.0299,NORMAL,None,Medium
1639,0,2,20,0.0335,NORMAL,None,Medium
1639,0,3,30,0.0346,NORMAL,None,Medium
1639,0,4,40,0.0318,NORMAL,None,Low
1639,0,5,50,0.032,NORMAL,None,Low
1639,0,6,60,0.0279,NORMAL,None,Low
1640,0,1,10,0.0499,NORMAL,None,Medium
1640,0,2,20,0.0457,NORMAL,None,Medium
1640,0,3,30,0.0405,NORMAL,None,Medium
1640,0,4,40,0.0388,NORMAL,None,Low
1640,0,5,50,0.0347,NORMAL,None,Low
1640,0,6,60,0.0347,NORMAL,None,Low
1641,0,1,10,0.0275,NORMAL,None,Medium
1641,0,2,20,0.03,NORMAL,None,Medium
1641,0,3,30,0.03,NORMAL,None,Medium
1641,0,4,40,0.0247,NORMAL,None,Low
1641,0,5,50,0.0253,NORMAL,None,Low
1641,0,6,60,0.0251,NORMAL,None,Low
1642,0,1,10,0.0721,NORMAL,None,Medium
1642,0,2,20,0.0635,NORMAL,None,Medium
1642,0,3,30,0.0502,NORMAL,None,Medium
1642,0,4,40,0.0369,NORMAL,None,Low
1642,0,5,50,0.0321,NORMAL,None,Low
1642,0,6,60,0.0308,NORMAL,None,Low
1643,0,1,10,0.0779,NORMAL,None,Medium
1643,0,2,20,0.0625,NORMAL,None,Medium
1643,0,3,30,0.0528,NORMAL,None,Medium
1643,0,4,40,0.0471,NORMAL,None,Low
1643,0,5,50,0.0387,NORMAL,None,Low
1643,0,6,60,0.0339,NORMAL,None,Low
1644,0,1,10,0.0673,NORMAL,None,Medium
1644,0,2,20,0.056,NORMAL,None,Medium
1644,0,3,30,0.0464,NORMAL,None,Medium
1644,0,4,40,0.0442,NORMAL,None,Low
1644,0,5,50,0.038,NORMAL,None,Low
1644,0,6,60,0.0376,NORMAL,None,Low
1645,0,1,10,0.0458,NORMAL,None,Medium
1645,0,2,20,0.0422,NORMAL,None,Medium
1645,0,3,30,0.036,NORMAL,None,Medium
1645,0,4,40,0.0307,NORMAL,None,Low
1645,0,5,50,0.0292,NORMAL,None,Low
1645,0,6,60,0.0286,NORMAL,None,Low
1646,0,1,10,0.1081,NORMAL,None,Medium
1646,0,2,20,0.082,NORMAL,None,Medium
1646,0,3,30,0.0685,NORMAL,None,Medium
1646,0,4,40,0.0562,NORMAL,None,Low
1646,0,5,50,0.0429,NORMAL,None,Low
1646,0,6,60,0.0381,NORMAL,None,Low
1647,0,1,10,0.0721,NORMAL,None,Medium
1647,0,2,20,0.0623,NORMAL,None,Medium
1647,0,3,30,0.0485,NORMAL,None,Medium
1647,0,4,40,0.0397,NORMAL,None,Low
1647,0,5,50,0.0367,NORMAL,None,Low
1647,0,6,60,0.0323,NORMAL,None,Low
1648,0,1,10,0.0535,NORMAL,None,Medium
1648,0,2,20,0.0355,NORMAL,None,Medium
1648,0,3,30,0.0314,NORMAL,None,Medium
1648,0,4,40,0.0287,NORMAL,None,Low
1648,0,5,50,0.0299,NORMAL,None,Low
1648,0,6,60,0.0314,NORMAL,None,Low
1649,0,1,10,0.0978,NORMAL,None,Medium
1649,0,2,20,0.0559,NORMAL,None,Medium
1649,0,3,30,0.0467,NORMAL,None,Medium
1649,0,4,40,0.0362,NORMAL,None,Low
1649,0,5,50,0.0326,NORMAL,None,Low
1649,0,6,60,0.0315,NORMAL,None,Low
1770,0,1,10,0.0598,NORMAL,None,Medium
1770,0,2,20,0.0466,NORMAL,None,Medium
1770,0,3,30,0.0405,NORMAL,None,Medium
1770,0,4,40,0.036,NORMAL,None,Low
1770,0,5,50,0.0303,NORMAL,None,Low
1770,0,6,60,0.032,NORMAL,None,Low
1771,0,1,10,0.0819,NORMAL,None,Medium
1771,0,2,20,0.0627,NORMAL,None,Medium
1771,0,3,30,0.0515,NORMAL,None,Medium
1771,0,4,40,0.0433,NORMAL,None,Low
1771,0,5,50,0.0397,NORMAL,None,Low
1771,0,6,60,0.0378,NORMAL,None,Low
1772,0,1,10,0.1068,NORMAL,None,Medium
1772,0,2,20,0.0798,NORMAL,None,Medium
1772,0,3,30,0.061,NORMAL,None,Medium
1772,0,4,40,0.0489,NORMAL,None,Low
1772,0,5,50,0.0409,NORMAL,None,Low
1772,0,6,60,0.0329,NORMAL,None,Low
1773,0,1,10,0.2106,NORMAL,None,Medium
1773,0,2,20,0.1529,NORMAL,None,Medium
1773,0,3,30,0.1145,NORMAL,None,Medium
1773,0,4,40,0.0848,NORMAL,None,Low
1773,0,5,50,0.0647,NORMAL,None,Low
1773,0,6,60,0.0518,NORMAL,None,Low
1774,1,1,10,0.2655,NORMAL,None,Medium
1774,1,2,20,0.2072,NORMAL,None,Medium
1774,1,3,30,0.172,NORMAL,None,Medium
1774,1,4,40,0.1342,NORMAL,None,Low
1774,1,5,50,0.0952,NORMAL,None,Low
1774,1,6,60,0.0721,NORMAL,None,Low
1775,1,1,10,0.1814,NORMAL,None,Medium
1775,1,2,20,0.1426,NORMAL,None,Medium
1775,1,3,30,0.1147,NORMAL,None,Medium
1775,1,4,40,0.0934,NORMAL,None,Low
1775,1,5,50,0.0624,NORMAL,None,Low
1775,1,6,60,0.0567,NORMAL,None,Low
1776,1,1,10,0.1056,NORMAL,None,Medium
1776,1,2,20,0.0841,NORMAL,None,Medium
1776,1,3,30,0.0626,NORMAL,None,Medium
1776,1,4,40,0.0495,NORMAL,None,Low
1776,1,5,50,0.0471,NORMAL,None,Low
1776,1,6,60,0.0392,NORMAL,None,Low
1777,1,1,10,0.295,NORMAL,None,Medium
1777,1,2,20,0.2486,NORMAL,None,Medium
1777,1,3,30,0.1905,NORMAL,None,Medium
1777,1,4,40,0.1611,NORMAL,None,Low
1777,1,5,50,0.1249,NORMAL,None,Low
1777,1,6,60,0.1022,NORMAL,None,Low
1778,1,1,10,0.1905,NORMAL,None,Medium
1778,1,2,20,0.1599,NORMAL,None,Medium
1778,1,3,30,0.1194,NORMAL,None,Medium
1778,1,4,40,0.0836,NORMAL,None,Low
1778,1,5,50,0.0642,NORMAL,None,Low
1778,1,6,60,0.0592,NORMAL,None,Low
1779,1,1,10,0.0478,NORMAL,None,Medium
1779,1,2,20,0.0387,NORMAL,None,Medium
1779,1,3,30,0.0361,NORMAL,None,Medium
1779,1,4,40,0.0305,NORMAL,None,Low
1779,1,5,50,0.0288,NORMAL,None,Low
1779,1,6,60,0.0306,NORMAL,None,Low
1780,1,1,10,0.0541,NORMAL,None,Medium
1780,1,2,20,0.0512,NORMAL,None,Medium
1780,1,3,30,0.0405,NORMAL,None,Medium
1780,1,4,40,0.0351,NORMAL,None,Low
1780,1,5,50,0.0347,NORMAL,None,Low
1780,1,6,60,0.0286,NORMAL,None,Low
1781,1,1,10,0.3078,NORMAL,None,Medium
1781,1,2,20,0.2619,NORMAL,None,Medium
1781,1,3,30,0.2276,NORMAL,None,Medium
1781,1,4,40,0.1809,NORMAL,None,Low
1781,1,5,50,0.1507,NORMAL,None,Low
1781,1,6,60,0.1177,NORMAL,None,Low
1782,1,1,10,0.5995,PRE_ATTACK,Reconnaissance,Low
1782,1,2,20,0.6119,PRE_ATTACK,Reconnaissance,Low
1782,1,3,30,0.6283,PRE_ATTACK,Reconnaissance,Low
1782,1,4,40,0.632,PRE_ATTACK,Reconnaissance,Low
1782,1,5,50,0.6496,PRE_ATTACK,Reconnaissance,Low
1782,1,6,60,0.6497,PRE_ATTACK,Reconnaissance,Low
1783,0,1,10,0.5458,PRE_ATTACK,Reconnaissance,Low
1783,0,2,20,0.5391,PRE_ATTACK,Reconnaissance,Low
1783,0,3,30,0.5396,PRE_ATTACK,Reconnaissance,Low
1783,0,4,40,0.5213,NORMAL,None,Low
1783,0,5,50,0.5135,NORMAL,None,Low
1783,0,6,60,0.4863,NORMAL,None,Low
1920,0,1,10,0.0165,NORMAL,None,Medium
1920,0,2,20,0.0226,NORMAL,None,Medium
1920,0,3,30,0.0236,NORMAL,None,Medium
1920,0,4,40,0.0242,NORMAL,None,Low
1920,0,5,50,0.0244,NORMAL,None,Low
1920,0,6,60,0.0251,NORMAL,None,Low
1921,0,1,10,0.02,NORMAL,None,Medium
1921,0,2,20,0.0255,NORMAL,None,Medium
1921,0,3,30,0.0252,NORMAL,None,Medium
1921,0,4,40,0.027,NORMAL,None,Low
1921,0,5,50,0.0263,NORMAL,None,Low
1921,0,6,60,0.0251,NORMAL,None,Low
1922,0,1,10,0.0211,NORMAL,None,Medium
1922,0,2,20,0.0255,NORMAL,None,Medium
1922,0,3,30,0.0263,NORMAL,None,Medium
1922,0,4,40,0.0279,NORMAL,None,Low
1922,0,5,50,0.0246,NORMAL,None,Low
1922,0,6,60,0.0275,NORMAL,None,Low
1923,0,1,10,0.0219,NORMAL,None,Medium
1923,0,2,20,0.024,NORMAL,None,Medium
1923,0,3,30,0.0245,NORMAL,None,Medium
1923,0,4,40,0.0271,NORMAL,None,Low
1923,0,5,50,0.0247,NORMAL,None,Low
1923,0,6,60,0.0268,NORMAL,None,Low
1924,0,1,10,0.0289,NORMAL,None,Medium
1924,0,2,20,0.03,NORMAL,None,Medium
1924,0,3,30,0.0284,NORMAL,None,Medium
1924,0,4,40,0.0304,NORMAL,None,Low
1924,0,5,50,0.0281,NORMAL,None,Low
1924,0,6,60,0.0244,NORMAL,None,Low
1925,0,1,10,0.0478,NORMAL,None,Medium
1925,0,2,20,0.0385,NORMAL,None,Medium
1925,0,3,30,0.0336,NORMAL,None,Medium
1925,0,4,40,0.0313,NORMAL,None,Low
1925,0,5,50,0.0289,NORMAL,None,Low
1925,0,6,60,0.0281,NORMAL,None,Low
1926,0,1,10,0.0207,NORMAL,None,Medium
1926,0,2,20,0.0233,NORMAL,None,Medium
1926,0,3,30,0.0257,NORMAL,None,Medium
1926,0,4,40,0.0283,NORMAL,None,Low
1926,0,5,50,0.0279,NORMAL,None,Low
1926,0,6,60,0.0264,NORMAL,None,Low
1927,0,1,10,0.0172,NORMAL,None,Medium
1927,0,2,20,0.0221,NORMAL,None,Medium
1927,0,3,30,0.0244,NORMAL,None,Medium
1927,0,4,40,0.025,NORMAL,None,Low
1927,0,5,50,0.0254,NORMAL,None,Low
1927,0,6,60,0.0276,NORMAL,None,Low
1928,0,1,10,0.0161,NORMAL,None,Medium
1928,0,2,20,0.0209,NORMAL,None,Medium
1928,0,3,30,0.0254,NORMAL,None,Medium
1928,0,4,40,0.0253,NORMAL,None,Low
1928,0,5,50,0.0279,NORMAL,None,Low
1928,0,6,60,0.0275,NORMAL,None,Low
1929,0,1,10,0.0161,NORMAL,None,Medium
1929,0,2,20,0.0231,NORMAL,None,Medium
1929,0,3,30,0.0233,NORMAL,None,Medium
1929,0,4,40,0.025,NORMAL,None,Low
1929,0,5,50,0.025,NORMAL,None,Low
1929,0,6,60,0.025,NORMAL,None,Low
1930,0,1,10,0.0169,NORMAL,None,Medium
1930,0,2,20,0.0218,NORMAL,None,Medium
1930,0,3,30,0.0279,NORMAL,None,Medium
1930,0,4,40,0.0245,NORMAL,None,Low
1930,0,5,50,0.0235,NORMAL,None,Low
1930,0,6,60,0.0263,NORMAL,None,Low
1931,0,1,10,0.0172,NORMAL,None,Medium
1931,0,2,20,0.0208,NORMAL,None,Medium
1931,0,3,30,0.0244,NORMAL,None,Medium
1931,0,4,40,0.028,NORMAL,None,Low
1931,0,5,50,0.0275,NORMAL,None,Low
1931,0,6,60,0.0257,NORMAL,None,Low
1932,0,1,10,0.015,NORMAL,None,Medium
1932,0,2,20,0.0225,NORMAL,None,Medium
1932,0,3,30,0.0225,NORMAL,None,Medium
1932,0,4,40,0.0246,NORMAL,None,Low
1932,0,5,50,0.027,NORMAL,None,Low
1932,0,6,60,0.0274,NORMAL,None,Low
1933,0,1,10,0.0158,NORMAL,None,Medium
1933,0,2,20,0.0215,NORMAL,None,Medium
1933,0,3,30,0.0247,NORMAL,None,Medium
1933,0,4,40,0.026,NORMAL,None,Low
1933,0,5,50,0.0252,NORMAL,None,Low
1933,0,6,60,0.027,NORMAL,None,Low
1934,0,1,10,0.0174,NORMAL,None,Medium
1934,0,2,20,0.0257,NORMAL,None,Medium
1934,0,3,30,0.0275,NORMAL,None,Medium
1934,0,4,40,0.0261,NORMAL,None,Low
1934,0,5,50,0.0254,NORMAL,None,Low
1934,0,6,60,0.0262,NORMAL,None,Low
1935,0,1,10,0.017,NORMAL,None,Medium
1935,0,2,20,0.0221,NORMAL,None,Medium
1935,0,3,30,0.0256,NORMAL,None,Medium
1935,0,4,40,0.0274,NORMAL,None,Low
1935,0,5,50,0.026,NORMAL,None,Low
1935,0,6,60,0.0253,NORMAL,None,Low
1936,0,1,10,0.0167,NORMAL,None,Medium
1936,0,2,20,0.0215,NORMAL,None,Medium
1936,0,3,30,0.0257,NORMAL,None,Medium
1936,0,4,40,0.0278,NORMAL,None,Low
1936,0,5,50,0.0255,NORMAL,None,Low
1936,0,6,60,0.0265,NORMAL,None,Low
1937,0,1,10,0.0152,NORMAL,None,Medium
1937,0,2,20,0.0196,NORMAL,None,Medium
1937,0,3,30,0.0234,NORMAL,None,Medium
1937,0,4,40,0.0245,NORMAL,None,Low
1937,0,5,50,0.0254,NORMAL,None,Low
1937,0,6,60,0.0246,NORMAL,None,Low
1938,0,1,10,0.0179,NORMAL,None,Medium
1938,0,2,20,0.0235,NORMAL,None,Medium
1938,0,3,30,0.024,NORMAL,None,Medium
1938,0,4,40,0.0268,NORMAL,None,Low
1938,0,5,50,0.0261,NORMAL,None,Low
1938,0,6,60,0.0257,NORMAL,None,Low
1939,0,1,10,0.0145,NORMAL,None,Medium
1939,0,2,20,0.0224,NORMAL,None,Medium
1939,0,3,30,0.0232,NORMAL,None,Medium
1939,0,4,40,0.0247,NORMAL,None,Low
1939,0,5,50,0.0256,NORMAL,None,Low
1939,0,6,60,0.0275,NORMAL,None,Low
1940,0,1,10,0.0162,NORMAL,None,Medium
1940,0,2,20,0.0197,NORMAL,None,Medium
1940,0,3,30,0.0233,NORMAL,None,Medium
1940,0,4,40,0.0264,NORMAL,None,Low
1940,0,5,50,0.0269,NORMAL,None,Low
1940,0,6,60,0.0245,NORMAL,None,Low
1941,0,1,10,0.0169,NORMAL,None,Medium
1941,0,2,20,0.025,NORMAL,None,Medium
1941,0,3,30,0.0252,NORMAL,None,Medium
1941,0,4,40,0.0261,NORMAL,None,Low
1941,0,5,50,0.0255,NORMAL,None,Low
1941,0,6,60,0.0248,NORMAL,None,Low
1942,0,1,10,0.0203,NORMAL,None,Medium
1942,0,2,20,0.025,NORMAL,None,Medium
1942,0,3,30,0.0269,NORMAL,None,Medium
1942,0,4,40,0.0269,NORMAL,None,Low
1942,0,5,50,0.0257,NORMAL,None,Low
1942,0,6,60,0.0233,NORMAL,None,Low
1943,0,1,10,0.0587,NORMAL,None,Medium
1943,0,2,20,0.0431,NORMAL,None,Medium
1943,0,3,30,0.0392,NORMAL,None,Medium
1943,0,4,40,0.0302,NORMAL,None,Low
1943,0,5,50,0.0299,NORMAL,None,Low
1943,0,6,60,0.0268,NORMAL,None,Low
1944,0,1,10,0.2,NORMAL,None,Medium
1944,0,2,20,0.1558,NORMAL,None,Medium
1944,0,3,30,0.1217,NORMAL,None,Medium
1944,0,4,40,0.0871,NORMAL,None,Low
1944,0,5,50,0.0621,NORMAL,None,Low
1944,0,6,60,0.0524,NORMAL,None,Low
1945,0,1,10,0.1905,NORMAL,None,Medium
1945,0,2,20,0.1532,NORMAL,None,Medium
1945,0,3,30,0.1173,NORMAL,None,Medium
1945,0,4,40,0.0886,NORMAL,None,Low
1945,0,5,50,0.0661,NORMAL,None,Low
1945,0,6,60,0.0587,NORMAL,None,Low
1946,0,1,10,0.3342,NORMAL,None,Medium
1946,0,2,20,0.3066,NORMAL,None,Medium
1946,0,3,30,0.2584,NORMAL,None,Medium
1946,0,4,40,0.2069,NORMAL,None,Low
1946,0,5,50,0.1684,NORMAL,None,Low
1946,0,6,60,0.1354,NORMAL,None,Low
1947,0,1,10,0.2536,NORMAL,None,Medium
1947,0,2,20,0.195,NORMAL,None,Medium
1947,0,3,30,0.1574,NORMAL,None,Medium
1947,0,4,40,0.1131,NORMAL,None,Low
1947,0,5,50,0.086,NORMAL,None,Low
1947,0,6,60,0.0656,NORMAL,None,Low
1948,0,1,10,0.0849,NORMAL,None,Medium
1948,0,2,20,0.0683,NORMAL,None,Medium
1948,0,3,30,0.0504,NORMAL,None,Medium
1948,0,4,40,0.0443,NORMAL,None,Low
1948,0,5,50,0.0372,NORMAL,None,Low
1948,0,6,60,0.0356,NORMAL,None,Low
1949,0,1,10,0.0473,NORMAL,None,Medium
1949,0,2,20,0.0416,NORMAL,None,Medium
1949,0,3,30,0.0377,NORMAL,None,Medium
1949,0,4,40,0.0345,NORMAL,None,Low
1949,0,5,50,0.033,NORMAL,None,Low
1949,0,6,60,0.0315,NORMAL,None,Low
2070,0,1,10,0.6287,PRE_ATTACK,Reconnaissance,Low
2070,0,2,20,0.6384,PRE_ATTACK,Reconnaissance,Low
2070,0,3,30,0.6473,PRE_ATTACK,Reconnaissance,Low
2070,0,4,40,0.6532,PRE_ATTACK,Reconnaissance,Low
2070,0,5,50,0.6638,PRE_ATTACK,Reconnaissance,Low
2070,0,6,60,0.6585,PRE_ATTACK,Reconnaissance,Low
2071,0,1,10,0.4874,NORMAL,None,Medium
2071,0,2,20,0.46,NORMAL,None,Medium
2071,0,3,30,0.4188,NORMAL,None,Medium
2071,0,4,40,0.3823,NORMAL,None,Low
2071,0,5,50,0.359,NORMAL,None,Low
2071,0,6,60,0.3145,NORMAL,None,Low
2072,0,1,10,0.3219,NORMAL,None,Medium
2072,0,2,20,0.2936,NORMAL,None,Medium
2072,0,3,30,0.2601,NORMAL,None,Medium
2072,0,4,40,0.217,NORMAL,None,Low
2072,0,5,50,0.1834,NORMAL,None,Low
2072,0,6,60,0.1455,NORMAL,None,Low
2073,0,1,10,0.2307,NORMAL,None,Medium
2073,0,2,20,0.2106,NORMAL,None,Medium
2073,0,3,30,0.1618,NORMAL,None,Medium
2073,0,4,40,0.1303,NORMAL,None,Low
2073,0,5,50,0.1077,NORMAL,None,Low
2073,0,6,60,0.0773,NORMAL,None,Low
2074,0,1,10,0.2545,NORMAL,None,Medium
2074,0,2,20,0.1958,NORMAL,None,Medium
2074,0,3,30,0.1584,NORMAL,None,Medium
2074,0,4,40,0.1281,NORMAL,None,Low
2074,0,5,50,0.1041,NORMAL,None,Low
2074,0,6,60,0.0771,NORMAL,None,Low
2075,0,1,10,0.0828,NORMAL,None,Medium
2075,0,2,20,0.0668,NORMAL,None,Medium
2075,0,3,30,0.0497,NORMAL,None,Medium
2075,0,4,40,0.0429,NORMAL,None,Low
2075,0,5,50,0.0371,NORMAL,None,Low
2075,0,6,60,0.0318,NORMAL,None,Low
2076,0,1,10,0.0721,NORMAL,None,Medium
2076,0,2,20,0.0539,NORMAL,None,Medium
2076,0,3,30,0.0421,NORMAL,None,Medium
2076,0,4,40,0.0385,NORMAL,None,Low
2076,0,5,50,0.0308,NORMAL,None,Low
2076,0,6,60,0.0338,NORMAL,None,Low
2077,0,1,10,0.0199,NORMAL,None,Medium
2077,0,2,20,0.0226,NORMAL,None,Medium
2077,0,3,30,0.0272,NORMAL,None,Medium
2077,0,4,40,0.0249,NORMAL,None,Low
2077,0,5,50,0.0269,NORMAL,None,Low
2077,0,6,60,0.0249,NORMAL,None,Low
2078,0,1,10,0.0194,NORMAL,None,Medium
2078,0,2,20,0.0239,NORMAL,None,Medium
2078,0,3,30,0.025,NORMAL,None,Medium
2078,0,4,40,0.0263,NORMAL,None,Low
2078,0,5,50,0.0259,NORMAL,None,Low
2078,0,6,60,0.0255,NORMAL,None,Low
2079,0,1,10,0.0198,NORMAL,None,Medium
2079,0,2,20,0.0231,NORMAL,None,Medium
2079,0,3,30,0.0239,NORMAL,None,Medium
2079,0,4,40,0.0227,NORMAL,None,Low
2079,0,5,50,0.0245,NORMAL,None,Low
2079,0,6,60,0.0263,NORMAL,None,Low
2080,0,1,10,0.0141,NORMAL,None,Medium
2080,0,2,20,0.0201,NORMAL,None,Medium
2080,0,3,30,0.0231,NORMAL,None,Medium
2080,0,4,40,0.0238,NORMAL,None,Low
2080,0,5,50,0.0245,NORMAL,None,Low
2080,0,6,60,0.0256,NORMAL,None,Low
2081,0,1,10,0.0149,NORMAL,None,Medium
2081,0,2,20,0.0217,NORMAL,None,Medium
2081,0,3,30,0.0247,NORMAL,None,Medium
2081,0,4,40,0.0247,NORMAL,None,Low
2081,0,5,50,0.0258,NORMAL,None,Low
2081,0,6,60,0.0241,NORMAL,None,Low
2082,0,1,10,0.0311,NORMAL,None,Medium
2082,0,2,20,0.0284,NORMAL,None,Medium
2082,0,3,30,0.0266,NORMAL,None,Medium
2082,0,4,40,0.0274,NORMAL,None,Low
2082,0,5,50,0.0258,NORMAL,None,Low
2082,0,6,60,0.0241,NORMAL,None,Low
2083,0,1,10,0.019,NORMAL,None,Medium
2083,0,2,20,0.0241,NORMAL,None,Medium
2083,0,3,30,0.0249,NORMAL,None,Medium
2083,0,4,40,0.0259,NORMAL,None,Low
2083,0,5,50,0.0298,NORMAL,None,Low
2083,0,6,60,0.0282,NORMAL,None,Low
2084,0,1,10,0.0161,NORMAL,None,Medium
2084,0,2,20,0.0244,NORMAL,None,Medium
2084,0,3,30,0.0237,NORMAL,None,Medium
2084,0,4,40,0.0272,NORMAL,None,Low
2084,0,5,50,0.0267,NORMAL,None,Low
2084,0,6,60,0.0238,NORMAL,None,Low
2085,0,1,10,0.015,NORMAL,None,Medium
2085,0,2,20,0.0211,NORMAL,None,Medium
2085,0,3,30,0.0222,NORMAL,None,Medium
2085,0,4,40,0.0257,NORMAL,None,Low
2085,0,5,50,0.0259,NORMAL,None,Low
2085,0,6,60,0.0233,NORMAL,None,Low
2086,0,1,10,0.0172,NORMAL,None,Medium
2086,0,2,20,0.0225,NORMAL,None,Medium
2086,0,3,30,0.026,NORMAL,None,Medium
2086,0,4,40,0.0264,NORMAL,None,Low
2086,0,5,50,0.0264,NORMAL,None,Low
2086,0,6,60,0.0255,NORMAL,None,Low
2087,0,1,10,0.0144,NORMAL,None,Medium
2087,0,2,20,0.0193,NORMAL,None,Medium
2087,0,3,30,0.0215,NORMAL,None,Medium
2087,0,4,40,0.0241,NORMAL,None,Low
2087,0,5,50,0.0283,NORMAL,None,Low
2087,0,6,60,0.0258,NORMAL,None,Low
2088,0,1,10,0.014,NORMAL,None,Medium
2088,0,2,20,0.0199,NORMAL,None,Medium
2088,0,3,30,0.0221,NORMAL,None,Medium
2088,0,4,40,0.0245,NORMAL,None,Low
2088,0,5,50,0.0237,NORMAL,None,Low
2088,0,6,60,0.0251,NORMAL,None,Low
2089,0,1,10,0.0134,NORMAL,None,Medium
2089,0,2,20,0.0192,NORMAL,None,Medium
2089,0,3,30,0.0216,NORMAL,None,Medium
2089,0,4,40,0.0261,NORMAL,None,Low
2089,0,5,50,0.0243,NORMAL,None,Low
2089,0,6,60,0.0251,NORMAL,None,Low
2090,0,1,10,0.0145,NORMAL,None,Medium
2090,0,2,20,0.0214,NORMAL,None,Medium
2090,0,3,30,0.0233,NORMAL,None,Medium
2090,0,4,40,0.0256,NORMAL,None,Low
2090,0,5,50,0.0251,NORMAL,None,Low
2090,0,6,60,0.0277,NORMAL,None,Low
2091,0,1,10,0.0135,NORMAL,None,Medium
2091,0,2,20,0.0205,NORMAL,None,Medium
2091,0,3,30,0.0238,NORMAL,None,Medium
2091,0,4,40,0.0241,NORMAL,None,Low
2091,0,5,50,0.026,NORMAL,None,Low
2091,0,6,60,0.0267,NORMAL,None,Low
2092,0,1,10,0.0134,NORMAL,None,Medium
2092,0,2,20,0.0202,NORMAL,None,Medium
2092,0,3,30,0.0212,NORMAL,None,Medium
2092,0,4,40,0.0221,NORMAL,None,Low
2092,0,5,50,0.0244,NORMAL,None,Low
2092,0,6,60,0.0279,NORMAL,None,Low
2093,0,1,10,0.0134,NORMAL,None,Medium
2093,0,2,20,0.0201,NORMAL,None,Medium
2093,0,3,30,0.0233,NORMAL,None,Medium
2093,0,4,40,0.0221,NORMAL,None,Low
2093,0,5,50,0.0267,NORMAL,None,Low
2093,0,6,60,0.0261,NORMAL,None,Low
2094,0,1,10,0.0143,NORMAL,None,Medium
2094,0,2,20,0.021,NORMAL,None,Medium
2094,0,3,30,0.0238,NORMAL,None,Medium
2094,0,4,40,0.0259,NORMAL,None,Low
2094,0,5,50,0.0241,NORMAL,None,Low
2094,0,6,60,0.0265,NORMAL,None,Low
2095,0,1,10,0.0154,NORMAL,None,Medium
2095,0,2,20,0.0217,NORMAL,None,Medium
2095,0,3,30,0.0236,NORMAL,None,Medium
2095,0,4,40,0.0241,NORMAL,None,Low
2095,0,5,50,0.0253,NORMAL,None,Low
2095,0,6,60,0.0269,NORMAL,None,Low
2096,0,1,10,0.0193,NORMAL,None,Medium
2096,0,2,20,0.0245,NORMAL,None,Medium
2096,0,3,30,0.0257,NORMAL,None,Medium
2096,0,4,40,0.027,NORMAL,None,Low
2096,0,5,50,0.0256,NORMAL,None,Low
2096,0,6,60,0.0241,NORMAL,None,Low
2097,0,1,10,0.02,NORMAL,None,Medium
2097,0,2,20,0.0241,NORMAL,None,Medium
2097,0,3,30,0.0229,NORMAL,None,Medium
2097,0,4,40,0.027,NORMAL,None,Low
2097,0,5,50,0.0271,NORMAL,None,Low
2097,0,6,60,0.0268,NORMAL,None,Low
2098,0,1,10,0.0164,NORMAL,None,Medium
2098,0,2,20,0.0213,NORMAL,None,Medium
2098,0,3,30,0.0244,NORMAL,None,Medium
2098,0,4,40,0.0235,NORMAL,None,Low
2098,0,5,50,0.0249,NORMAL,None,Low
2098,0,6,60,0.0248,NORMAL,None,Low
2099,0,1,10,0.0177,NORMAL,None,Medium
2099,0,2,20,0.0214,NORMAL,None,Medium
2099,0,3,30,0.0245,NORMAL,None,Medium
2099,0,4,40,0.026,NORMAL,None,Low
2099,0,5,50,0.0256,NORMAL,None,Low
2099,0,6,60,0.0277,NORMAL,None,Low
2220,1,1,10,0.929,ACTIVE,Reconnaissance,Medium
2220,1,2,20,0.9539,ACTIVE,Reconnaissance,Medium
2220,1,3,30,0.9601,ACTIVE,Reconnaissance,Medium
2220,1,4,40,0.9591,ACTIVE,Reconnaissance,Low
2220,1,5,50,0.9542,ACTIVE,Reconnaissance,Low
2220,1,6,60,0.9547,ACTIVE,Reconnaissance,Low
2221,1,1,10,0.9512,ACTIVE,Reconnaissance,Medium
2221,1,2,20,0.9511,ACTIVE,Reconnaissance,Medium
2221,1,3,30,0.9514,ACTIVE,Reconnaissance,Medium
2221,1,4,40,0.9493,ACTIVE,Reconnaissance,Low
2221,1,5,50,0.945,ACTIVE,Reconnaissance,Low
2221,1,6,60,0.9409,ACTIVE,Reconnaissance,Low
2222,1,1,10,0.9536,ACTIVE,Reconnaissance,Medium
2222,1,2,20,0.9582,ACTIVE,Reconnaissance,Medium
2222,1,3,30,0.9607,ACTIVE,Reconnaissance,Medium
2222,1,4,40,0.9592,ACTIVE,Reconnaissance,Low
2222,1,5,50,0.9581,ACTIVE,Reconnaissance,Low
2222,1,6,60,0.9559,ACTIVE,Reconnaissance,Low
2223,0,1,10,0.9075,ACTIVE,Reconnaissance,Medium
2223,0,2,20,0.9211,ACTIVE,Reconnaissance,Medium
2223,0,3,30,0.9244,ACTIVE,Reconnaissance,Medium
2223,0,4,40,0.9252,ACTIVE,Reconnaissance,Low
2223,0,5,50,0.9258,ACTIVE,Reconnaissance,Low
2223,0,6,60,0.9241,ACTIVE,Reconnaissance,Low
2224,0,1,10,0.2504,NORMAL,None,Medium
2224,0,2,20,0.1223,NORMAL,None,Medium
2224,0,3,30,0.072,NORMAL,None,Medium
2224,0,4,40,0.0531,NORMAL,None,Low
2224,0,5,50,0.0391,NORMAL,None,Low
2224,0,6,60,0.0335,NORMAL,None,Low
2225,0,1,10,0.0391,NORMAL,None,Medium
2225,0,2,20,0.0285,NORMAL,None,Medium
2225,0,3,30,0.0267,NORMAL,None,Medium
2225,0,4,40,0.0247,NORMAL,None,Low
2225,0,5,50,0.0233,NORMAL,None,Low
2225,0,6,60,0.0261,NORMAL,None,Low
2226,0,1,10,0.0214,NORMAL,None,Medium
2226,0,2,20,0.0231,NORMAL,None,Medium
2226,0,3,30,0.0252,NORMAL,None,Medium
2226,0,4,40,0.0274,NORMAL,None,Low
2226,0,5,50,0.0245,NORMAL,None,Low
2226,0,6,60,0.0245,NORMAL,None,Low
2227,0,1,10,0.0193,NORMAL,None,Medium
2227,0,2,20,0.0221,NORMAL,None,Medium
2227,0,3,30,0.0246,NORMAL,None,Medium
2227,0,4,40,0.0228,NORMAL,None,Low
2227,0,5,50,0.022,NORMAL,None,Low
2227,0,6,60,0.0239,NORMAL,None,Low
2228,0,1,10,0.0171,NORMAL,None,Medium
2228,0,2,20,0.0209,NORMAL,None,Medium
2228,0,3,30,0.0253,NORMAL,None,Medium
2228,0,4,40,0.025,NORMAL,None,Low
2228,0,5,50,0.0259,NORMAL,None,Low
2228,0,6,60,0.0264,NORMAL,None,Low
2229,0,1,10,0.0177,NORMAL,None,Medium
2229,0,2,20,0.022,NORMAL,None,Medium
2229,0,3,30,0.0214,NORMAL,None,Medium
2229,0,4,40,0.0231,NORMAL,None,Low
2229,0,5,50,0.0279,NORMAL,None,Low
2229,0,6,60,0.0259,NORMAL,None,Low
2230,0,1,10,0.0154,NORMAL,None,Medium
2230,0,2,20,0.019,NORMAL,None,Medium
2230,0,3,30,0.0212,NORMAL,None,Medium
2230,0,4,40,0.0233,NORMAL,None,Low
2230,0,5,50,0.0259,NORMAL,None,Low
2230,0,6,60,0.0253,NORMAL,None,Low
2231,0,1,10,0.0148,NORMAL,None,Medium
2231,0,2,20,0.0217,NORMAL,None,Medium
2231,0,3,30,0.022,NORMAL,None,Medium
2231,0,4,40,0.0234,NORMAL,None,Low
2231,0,5,50,0.0248,NORMAL,None,Low
2231,0,6,60,0.0241,NORMAL,None,Low
2232,0,1,10,0.0148,NORMAL,None,Medium
2232,0,2,20,0.0203,NORMAL,None,Medium
2232,0,3,30,0.0221,NORMAL,None,Medium
2232,0,4,40,0.026,NORMAL,None,Low
2232,0,5,50,0.0273,NORMAL,None,Low
2232,0,6,60,0.026,NORMAL,None,Low
2233,0,1,10,0.0186,NORMAL,None,Medium
2233,0,2,20,0.0244,NORMAL,None,Medium
2233,0,3,30,0.0235,NORMAL,None,Medium
2233,0,4,40,0.024,NORMAL,None,Low
2233,0,5,50,0.0232,NORMAL,None,Low
2233,0,6,60,0.025,NORMAL,None,Low
2234,0,1,10,0.0161,NORMAL,None,Medium
2234,0,2,20,0.0216,NORMAL,None,Medium
2234,0,3,30,0.0252,NORMAL,None,Medium
2234,0,4,40,0.0221,NORMAL,None,Low
2234,0,5,50,0.0261,NORMAL,None,Low
2234,0,6,60,0.0276,NORMAL,None,Low
2235,0,1,10,0.0156,NORMAL,None,Medium
2235,0,2,20,0.0237,NORMAL,None,Medium
2235,0,3,30,0.0214,NORMAL,None,Medium
2235,0,4,40,0.0247,NORMAL,None,Low
2235,0,5,50,0.0252,NORMAL,None,Low
2235,0,6,60,0.0246,NORMAL,None,Low
2236,0,1,10,0.0174,NORMAL,None,Medium
2236,0,2,20,0.0236,NORMAL,None,Medium
2236,0,3,30,0.0253,NORMAL,None,Medium
2236,0,4,40,0.0246,NORMAL,None,Low
2236,0,5,50,0.0272,NORMAL,None,Low
2236,0,6,60,0.0256,NORMAL,None,Low
2237,0,1,10,0.0194,NORMAL,None,Medium
2237,0,2,20,0.0247,NORMAL,None,Medium
2237,0,3,30,0.0255,NORMAL,None,Medium
2237,0,4,40,0.0255,NORMAL,None,Low
2237,0,5,50,0.026,NORMAL,None,Low
2237,0,6,60,0.0265,NORMAL,None,Low
2238,0,1,10,0.024,NORMAL,None,Medium
2238,0,2,20,0.0283,NORMAL,None,Medium
2238,0,3,30,0.0263,NORMAL,None,Medium
2238,0,4,40,0.0252,NORMAL,None,Low
2238,0,5,50,0.0282,NORMAL,None,Low
2238,0,6,60,0.0257,NORMAL,None,Low
2239,0,1,10,0.0222,NORMAL,None,Medium
2239,0,2,20,0.026,NORMAL,None,Medium
2239,0,3,30,0.0258,NORMAL,None,Medium
2239,0,4,40,0.0281,NORMAL,None,Low
2239,0,5,50,0.0252,NORMAL,None,Low
2239,0,6,60,0.0247,NORMAL,None,Low
2240,0,1,10,0.0251,NORMAL,None,Medium
2240,0,2,20,0.0297,NORMAL,None,Medium
2240,0,3,30,0.0263,NORMAL,None,Medium
2240,0,4,40,0.0286,NORMAL,None,Low
2240,0,5,50,0.026,NORMAL,None,Low
2240,0,6,60,0.0263,NORMAL,None,Low
2241,0,1,10,0.0271,NORMAL,None,Medium
2241,0,2,20,0.0281,NORMAL,None,Medium
2241,0,3,30,0.0307,NORMAL,None,Medium
2241,0,4,40,0.0283,NORMAL,None,Low
2241,0,5,50,0.028,NORMAL,None,Low
2241,0,6,60,0.029,NORMAL,None,Low
2242,0,1,10,0.0192,NORMAL,None,Medium
2242,0,2,20,0.0263,NORMAL,None,Medium
2242,0,3,30,0.027,NORMAL,None,Medium
2242,0,4,40,0.0258,NORMAL,None,Low
2242,0,5,50,0.0268,NORMAL,None,Low
2242,0,6,60,0.0279,NORMAL,None,Low
2243,0,1,10,0.0247,NORMAL,None,Medium
2243,0,2,20,0.0269,NORMAL,None,Medium
2243,0,3,30,0.0252,NORMAL,None,Medium
2243,0,4,40,0.0284,NORMAL,None,Low
2243,0,5,50,0.0239,NORMAL,None,Low
2243,0,6,60,0.0278,NORMAL,None,Low
2244,0,1,10,0.024,NORMAL,None,Medium
2244,0,2,20,0.0299,NORMAL,None,Medium
2244,0,3,30,0.0286,NORMAL,None,Medium
2244,0,4,40,0.0275,NORMAL,None,Low
2244,0,5,50,0.0252,NORMAL,None,Low
2244,0,6,60,0.0261,NORMAL,None,Low
2245,0,1,10,0.0191,NORMAL,None,Medium
2245,0,2,20,0.0214,NORMAL,None,Medium
2245,0,3,30,0.0239,NORMAL,None,Medium
2245,0,4,40,0.024,NORMAL,None,Low
2245,0,5,50,0.0247,NORMAL,None,Low
2245,0,6,60,0.0248,NORMAL,None,Low
2246,0,1,10,0.0218,NORMAL,None,Medium
2246,0,2,20,0.0252,NORMAL,None,Medium
2246,0,3,30,0.0243,NORMAL,None,Medium
2246,0,4,40,0.0291,NORMAL,None,Low
2246,0,5,50,0.0275,NORMAL,None,Low
2246,0,6,60,0.0259,NORMAL,None,Low
2247,0,1,10,0.0207,NORMAL,None,Medium
2247,0,2,20,0.0269,NORMAL,None,Medium
2247,0,3,30,0.0274,NORMAL,None,Medium
2247,0,4,40,0.0284,NORMAL,None,Low
2247,0,5,50,0.0256,NORMAL,None,Low
2247,0,6,60,0.0265,NORMAL,None,Low
2248,0,1,10,0.0386,NORMAL,None,Medium
2248,0,2,20,0.0366,NORMAL,None,Medium
2248,0,3,30,0.0322,NORMAL,None,Medium
2248,0,4,40,0.0286,NORMAL,None,Low
2248,0,5,50,0.0269,NORMAL,None,Low
2248,0,6,60,0.0269,NORMAL,None,Low
2249,0,1,10,0.0281,NORMAL,None,Medium
2249,0,2,20,0.03,NORMAL,None,Medium
2249,0,3,30,0.0264,NORMAL,None,Medium
2249,0,4,40,0.0271,NORMAL,None,Low
2249,0,5,50,0.0257,NORMAL,None,Low
2249,0,6,60,0.0245,NORMAL,None,Low
2370,0,1,10,0.0149,NORMAL,None,Medium
2370,0,2,20,0.0225,NORMAL,None,Medium
2370,0,3,30,0.026,NORMAL,None,Medium
2370,0,4,40,0.0242,NORMAL,None,Low
2370,0,5,50,0.0264,NORMAL,None,Low
2370,0,6,60,0.0229,NORMAL,None,Low
2371,0,1,10,0.0154,NORMAL,None,Medium
2371,0,2,20,0.0219,NORMAL,None,Medium
2371,0,3,30,0.0263,NORMAL,None,Medium
2371,0,4,40,0.0241,NORMAL,None,Low
2371,0,5,50,0.0247,NORMAL,None,Low
2371,0,6,60,0.0227,NORMAL,None,Low
2372,0,1,10,0.015,NORMAL,None,Medium
2372,0,2,20,0.0235,NORMAL,None,Medium
2372,0,3,30,0.0233,NORMAL,None,Medium
2372,0,4,40,0.0253,NORMAL,None,Low
2372,0,5,50,0.0243,NORMAL,None,Low
2372,0,6,60,0.026,NORMAL,None,Low
2373,0,1,10,0.0143,NORMAL,None,Medium
2373,0,2,20,0.0233,NORMAL,None,Medium
2373,0,3,30,0.0237,NORMAL,None,Medium
2373,0,4,40,0.0264,NORMAL,None,Low
2373,0,5,50,0.0263,NORMAL,None,Low
2373,0,6,60,0.0246,NORMAL,None,Low
2374,0,1,10,0.0162,NORMAL,None,Medium
2374,0,2,20,0.0228,NORMAL,None,Medium
2374,0,3,30,0.0219,NORMAL,None,Medium
2374,0,4,40,0.0248,NORMAL,None,Low
2374,0,5,50,0.0242,NORMAL,None,Low
2374,0,6,60,0.0261,NORMAL,None,Low
2375,0,1,10,0.0159,NORMAL,None,Medium
2375,0,2,20,0.0228,NORMAL,None,Medium
2375,0,3,30,0.0234,NORMAL,None,Medium
2375,0,4,40,0.0259,NORMAL,None,Low
2375,0,5,50,0.0248,NORMAL,None,Low
2375,0,6,60,0.0238,NORMAL,None,Low
2376,0,1,10,0.0145,NORMAL,None,Medium
2376,0,2,20,0.0212,NORMAL,None,Medium
2376,0,3,30,0.0257,NORMAL,None,Medium
2376,0,4,40,0.0264,NORMAL,None,Low
2376,0,5,50,0.0262,NORMAL,None,Low
2376,0,6,60,0.0264,NORMAL,None,Low
2377,0,1,10,0.0165,NORMAL,None,Medium
2377,0,2,20,0.0213,NORMAL,None,Medium
2377,0,3,30,0.0246,NORMAL,None,Medium
2377,0,4,40,0.0247,NORMAL,None,Low
2377,0,5,50,0.0267,NORMAL,None,Low
2377,0,6,60,0.0291,NORMAL,None,Low
2378,0,1,10,0.0164,NORMAL,None,Medium
2378,0,2,20,0.0243,NORMAL,None,Medium
2378,0,3,30,0.0289,NORMAL,None,Medium
2378,0,4,40,0.0253,NORMAL,None,Low
2378,0,5,50,0.0259,NORMAL,None,Low
2378,0,6,60,0.0288,NORMAL,None,Low
2379,0,1,10,0.0181,NORMAL,None,Medium
2379,0,2,20,0.0216,NORMAL,None,Medium
2379,0,3,30,0.0242,NORMAL,None,Medium
2379,0,4,40,0.0244,NORMAL,None,Low
2379,0,5,50,0.0261,NORMAL,None,Low
2379,0,6,60,0.0252,NORMAL,None,Low
2380,0,1,10,0.0154,NORMAL,None,Medium
2380,0,2,20,0.0224,NORMAL,None,Medium
2380,0,3,30,0.0238,NORMAL,None,Medium
2380,0,4,40,0.0264,NORMAL,None,Low
2380,0,5,50,0.0238,NORMAL,None,Low
2380,0,6,60,0.0261,NORMAL,None,Low
2381,0,1,10,0.0169,NORMAL,None,Medium
2381,0,2,20,0.0226,NORMAL,None,Medium
2381,0,3,30,0.0248,NORMAL,None,Medium
2381,0,4,40,0.0247,NORMAL,None,Low
2381,0,5,50,0.0273,NORMAL,None,Low
2381,0,6,60,0.0268,NORMAL,None,Low
2382,0,1,10,0.0169,NORMAL,None,Medium
2382,0,2,20,0.0216,NORMAL,None,Medium
2382,0,3,30,0.0229,NORMAL,None,Medium
2382,0,4,40,0.0261,NORMAL,None,Low
2382,0,5,50,0.0256,NORMAL,None,Low
2382,0,6,60,0.0254,NORMAL,None,Low
2383,0,1,10,0.016,NORMAL,None,Medium
2383,0,2,20,0.0235,NORMAL,None,Medium
2383,0,3,30,0.0213,NORMAL,None,Medium
2383,0,4,40,0.0228,NORMAL,None,Low
2383,0,5,50,0.0242,NORMAL,None,Low
2383,0,6,60,0.0278,NORMAL,None,Low
2384,0,1,10,0.0155,NORMAL,None,Medium
2384,0,2,20,0.021,NORMAL,None,Medium
2384,0,3,30,0.0214,NORMAL,None,Medium
2384,0,4,40,0.0251,NORMAL,None,Low
2384,0,5,50,0.0244,NORMAL,None,Low
2384,0,6,60,0.0236,NORMAL,None,Low
2385,0,1,10,0.0168,NORMAL,None,Medium
2385,0,2,20,0.0214,NORMAL,None,Medium
2385,0,3,30,0.0261,NORMAL,None,Medium
2385,0,4,40,0.0234,NORMAL,None,Low
2385,0,5,50,0.0252,NORMAL,None,Low
2385,0,6,60,0.0232,NORMAL,None,Low
2386,0,1,10,0.0149,NORMAL,None,Medium
2386,0,2,20,0.022,NORMAL,None,Medium
2386,0,3,30,0.0237,NORMAL,None,Medium
2386,0,4,40,0.0256,NORMAL,None,Low
2386,0,5,50,0.0259,NORMAL,None,Low
2386,0,6,60,0.0287,NORMAL,None,Low
2387,0,1,10,0.0144,NORMAL,None,Medium
2387,0,2,20,0.0224,NORMAL,None,Medium
2387,0,3,30,0.0238,NORMAL,None,Medium
2387,0,4,40,0.0234,NORMAL,None,Low
2387,0,5,50,0.0243,NORMAL,None,Low
2387,0,6,60,0.0279,NORMAL,None,Low
2388,0,1,10,0.0151,NORMAL,None,Medium
2388,0,2,20,0.0207,NORMAL,None,Medium
2388,0,3,30,0.0229,NORMAL,None,Medium
2388,0,4,40,0.0254,NORMAL,None,Low
2388,0,5,50,0.0264,NORMAL,None,Low
2388,0,6,60,0.0262,NORMAL,None,Low
2389,0,1,10,0.0191,NORMAL,None,Medium
2389,0,2,20,0.0238,NORMAL,None,Medium
2389,0,3,30,0.0254,NORMAL,None,Medium
2389,0,4,40,0.0268,NORMAL,None,Low
2389,0,5,50,0.0254,NORMAL,None,Low
2389,0,6,60,0.0286,NORMAL,None,Low
2390,0,1,10,0.0222,NORMAL,None,Medium
2390,0,2,20,0.0261,NORMAL,None,Medium
2390,0,3,30,0.0252,NORMAL,None,Medium
2390,0,4,40,0.0278,NORMAL,None,Low
2390,0,5,50,0.0271,NORMAL,None,Low
2390,0,6,60,0.0276,NORMAL,None,Low
2391,0,1,10,0.017,NORMAL,None,Medium
2391,0,2,20,0.024,NORMAL,None,Medium
2391,0,3,30,0.0258,NORMAL,None,Medium
2391,0,4,40,0.0245,NORMAL,None,Low
2391,0,5,50,0.0274,NORMAL,None,Low
2391,0,6,60,0.0273,NORMAL,None,Low
2392,0,1,10,0.0157,NORMAL,None,Medium
2392,0,2,20,0.022,NORMAL,None,Medium
2392,0,3,30,0.0266,NORMAL,None,Medium
2392,0,4,40,0.0249,NORMAL,None,Low
2392,0,5,50,0.0229,NORMAL,None,Low
2392,0,6,60,0.0246,NORMAL,None,Low
2393,0,1,10,0.0162,NORMAL,None,Medium
2393,0,2,20,0.0227,NORMAL,None,Medium
2393,0,3,30,0.0217,NORMAL,None,Medium
2393,0,4,40,0.0238,NORMAL,None,Low
2393,0,5,50,0.028,NORMAL,None,Low
2393,0,6,60,0.0281,NORMAL,None,Low
2394,0,1,10,0.0158,NORMAL,None,Medium
2394,0,2,20,0.0223,NORMAL,None,Medium
2394,0,3,30,0.0215,NORMAL,None,Medium
2394,0,4,40,0.0236,NORMAL,None,Low
2394,0,5,50,0.024,NORMAL,None,Low
2394,0,6,60,0.0261,NORMAL,None,Low
2395,0,1,10,0.0151,NORMAL,None,Medium
2395,0,2,20,0.0215,NORMAL,None,Medium
2395,0,3,30,0.0215,NORMAL,None,Medium
2395,0,4,40,0.0231,NORMAL,None,Low
2395,0,5,50,0.025,NORMAL,None,Low
2395,0,6,60,0.0257,NORMAL,None,Low
2396,0,1,10,0.0141,NORMAL,None,Medium
2396,0,2,20,0.0193,NORMAL,None,Medium
2396,0,3,30,0.025,NORMAL,None,Medium
2396,0,4,40,0.0281,NORMAL,None,Low
2396,0,5,50,0.0286,NORMAL,None,Low
2396,0,6,60,0.0302,NORMAL,None,Low
2397,0,1,10,0.0149,NORMAL,None,Medium
2397,0,2,20,0.0213,NORMAL,None,Medium
2397,0,3,30,0.0226,NORMAL,None,Medium
2397,0,4,40,0.0233,NORMAL,None,Low
2397,0,5,50,0.0261,NORMAL,None,Low
2397,0,6,60,0.0256,NORMAL,None,Low
2398,0,1,10,0.0154,NORMAL,None,Medium
2398,0,2,20,0.0219,NORMAL,None,Medium
2398,0,3,30,0.0264,NORMAL,None,Medium
2398,0,4,40,0.0236,NORMAL,None,Low
2398,0,5,50,0.0233,NORMAL,None,Low
2398,0,6,60,0.0252,NORMAL,None,Low
2399,0,1,10,0.0154,NORMAL,None,Medium
2399,0,2,20,0.0212,NORMAL,None,Medium
2399,0,3,30,0.0248,NORMAL,None,Medium
2399,0,4,40,0.0243,NORMAL,None,Low
2399,0,5,50,0.021,NORMAL,None,Low
2399,0,6,60,0.0235,NORMAL,None,Low
2520,1,1,10,0.9842,ACTIVE,Impact,Medium
2520,1,2,20,0.9759,ACTIVE,Impact,Medium
2520,1,3,30,0.9713,ACTIVE,Impact,Medium
2520,1,4,40,0.9692,ACTIVE,Impact,Low
2520,1,5,50,0.9662,ACTIVE,Impact,Low
2520,1,6,60,0.9639,ACTIVE,Impact,Low
2521,1,1,10,0.9807,ACTIVE,Impact,Medium
2521,1,2,20,0.9717,ACTIVE,Impact,Medium
2521,1,3,30,0.9712,ACTIVE,Impact,Medium
2521,1,4,40,0.9685,ACTIVE,Impact,Low
2521,1,5,50,0.9631,ACTIVE,Impact,Low
2521,1,6,60,0.959,ACTIVE,Impact,Low
2522,1,1,10,0.9831,ACTIVE,Impact,Medium
2522,1,2,20,0.9736,ACTIVE,Impact,Medium
2522,1,3,30,0.9722,ACTIVE,Impact,Medium
2522,1,4,40,0.9677,ACTIVE,Impact,Low
2522,1,5,50,0.9633,ACTIVE,Impact,Low
2522,1,6,60,0.9643,ACTIVE,Impact,Low
2523,1,1,10,0.9851,ACTIVE,Impact,Medium
2523,1,2,20,0.9736,ACTIVE,Impact,Medium
2523,1,3,30,0.971,ACTIVE,Impact,Medium
2523,1,4,40,0.9688,ACTIVE,Impact,Low
2523,1,5,50,0.9647,ACTIVE,Impact,Low
2523,1,6,60,0.9608,ACTIVE,Impact,Low
2524,1,1,10,0.9849,ACTIVE,Impact,Medium
2524,1,2,20,0.9739,ACTIVE,Impact,Medium
2524,1,3,30,0.9708,ACTIVE,Impact,Medium
2524,1,4,40,0.9678,ACTIVE,Impact,Low
2524,1,5,50,0.966,ACTIVE,Impact,Low
2524,1,6,60,0.9636,ACTIVE,Impact,Low
2525,1,1,10,0.9838,ACTIVE,Impact,Medium
2525,1,2,20,0.9746,ACTIVE,Impact,Medium
2525,1,3,30,0.9688,ACTIVE,Impact,Medium
2525,1,4,40,0.9674,ACTIVE,Impact,Low
2525,1,5,50,0.9667,ACTIVE,Impact,Low
2525,1,6,60,0.9629,ACTIVE,Impact,Low
2526,1,1,10,0.9837,ACTIVE,Impact,Medium
2526,1,2,20,0.9717,ACTIVE,Impact,Medium
2526,1,3,30,0.9702,ACTIVE,Impact,Medium
2526,1,4,40,0.9659,ACTIVE,Impact,Low
2526,1,5,50,0.9631,ACTIVE,Impact,Low
2526,1,6,60,0.9603,ACTIVE,Impact,Low
2527,1,1,10,0.9842,ACTIVE,Impact,Medium
2527,1,2,20,0.9751,ACTIVE,Impact,Medium
2527,1,3,30,0.9716,ACTIVE,Impact,Medium
2527,1,4,40,0.9676,ACTIVE,Impact,Low
2527,1,5,50,0.9638,ACTIVE,Impact,Low
2527,1,6,60,0.9596,ACTIVE,Impact,Low
2528,1,1,10,0.9822,ACTIVE,Impact,Medium
2528,1,2,20,0.9747,ACTIVE,Impact,Medium
2528,1,3,30,0.9709,ACTIVE,Impact,Medium
2528,1,4,40,0.9661,ACTIVE,Impact,Low
2528,1,5,50,0.9641,ACTIVE,Impact,Low
2528,1,6,60,0.9631,ACTIVE,Impact,Low
2529,1,1,10,0.9858,ACTIVE,Impact,Medium
2529,1,2,20,0.9732,ACTIVE,Impact,Medium
2529,1,3,30,0.9697,ACTIVE,Impact,Medium
2529,1,4,40,0.9692,ACTIVE,Impact,Low
2529,1,5,50,0.9655,ACTIVE,Impact,Low
2529,1,6,60,0.9617,ACTIVE,Impact,Low
2530,1,1,10,0.9842,ACTIVE,Impact,Medium
2530,1,2,20,0.9761,ACTIVE,Impact,Medium
2530,1,3,30,0.972,ACTIVE,Impact,Medium
2530,1,4,40,0.9699,ACTIVE,Impact,Low
2530,1,5,50,0.9661,ACTIVE,Impact,Low
2530,1,6,60,0.961,ACTIVE,Impact,Low
2531,1,1,10,0.9843,ACTIVE,Impact,Medium
2531,1,2,20,0.9737,ACTIVE,Impact,Medium
2531,1,3,30,0.9723,ACTIVE,Impact,Medium
2531,1,4,40,0.971,ACTIVE,Impact,Low
2531,1,5,50,0.9684,ACTIVE,Impact,Low
2531,1,6,60,0.9618,ACTIVE,Impact,Low
2532,1,1,10,0.984,ACTIVE,Impact,Medium
2532,1,2,20,0.9729,ACTIVE,Impact,Medium
2532,1,3,30,0.9687,ACTIVE,Impact,Medium
2532,1,4,40,0.9664,ACTIVE,Impact,Low
2532,1,5,50,0.963,ACTIVE,Impact,Low
2532,1,6,60,0.9635,ACTIVE,Impact,Low
2533,1,1,10,0.9845,ACTIVE,Impact,Medium
2533,1,2,20,0.9753,ACTIVE,Impact,Medium
2533,1,3,30,0.9722,ACTIVE,Impact,Medium
2533,1,4,40,0.967,ACTIVE,Impact,Low
2533,1,5,50,0.9643,ACTIVE,Impact,Low
2533,1,6,60,0.9612,ACTIVE,Impact,Low
2534,1,1,10,0.9839,ACTIVE,Impact,Medium
2534,1,2,20,0.9752,ACTIVE,Impact,Medium
2534,1,3,30,0.9708,ACTIVE,Impact,Medium
2534,1,4,40,0.968,ACTIVE,Impact,Low
2534,1,5,50,0.9665,ACTIVE,Impact,Low
2534,1,6,60,0.9622,ACTIVE,Impact,Low
2535,1,1,10,0.9853,ACTIVE,Impact,Medium
2535,1,2,20,0.9727,ACTIVE,Impact,Medium
2535,1,3,30,0.9686,ACTIVE,Impact,Medium
2535,1,4,40,0.9681,ACTIVE,Impact,Low
2535,1,5,50,0.9652,ACTIVE,Impact,Low
2535,1,6,60,0.9641,ACTIVE,Impact,Low
2536,1,1,10,0.9853,ACTIVE,Impact,Medium
2536,1,2,20,0.9746,ACTIVE,Impact,Medium
2536,1,3,30,0.9719,ACTIVE,Impact,Medium
2536,1,4,40,0.9686,ACTIVE,Impact,Low
2536,1,5,50,0.9637,ACTIVE,Impact,Low
2536,1,6,60,0.9621,ACTIVE,Impact,Low
2537,1,1,10,0.9848,ACTIVE,Impact,Medium
2537,1,2,20,0.9745,ACTIVE,Impact,Medium
2537,1,3,30,0.9716,ACTIVE,Impact,Medium
2537,1,4,40,0.9673,ACTIVE,Impact,Low
2537,1,5,50,0.9656,ACTIVE,Impact,Low
2537,1,6,60,0.9622,ACTIVE,Impact,Low
2538,1,1,10,0.9847,ACTIVE,Impact,Medium
2538,1,2,20,0.9749,ACTIVE,Impact,Medium
2538,1,3,30,0.973,ACTIVE,Impact,Medium
2538,1,4,40,0.969,ACTIVE,Impact,Low
2538,1,5,50,0.9671,ACTIVE,Impact,Low
2538,1,6,60,0.9646,ACTIVE,Impact,Low
2539,1,1,10,0.9848,ACTIVE,Impact,Medium
2539,1,2,20,0.9743,ACTIVE,Impact,Medium
2539,1,3,30,0.9726,ACTIVE,Impact,Medium
2539,1,4,40,0.969,ACTIVE,Impact,Low
2539,1,5,50,0.9659,ACTIVE,Impact,Low
2539,1,6,60,0.964,ACTIVE,Impact,Low
2540,1,1,10,0.9837,ACTIVE,Impact,Medium
2540,1,2,20,0.9741,ACTIVE,Impact,Medium
2540,1,3,30,0.9702,ACTIVE,Impact,Medium
2540,1,4,40,0.9668,ACTIVE,Impact,Low
2540,1,5,50,0.9642,ACTIVE,Impact,Low
2540,1,6,60,0.9622,ACTIVE,Impact,Low
2541,1,1,10,0.9845,ACTIVE,Impact,Medium
2541,1,2,20,0.9754,ACTIVE,Impact,Medium
2541,1,3,30,0.9726,ACTIVE,Impact,Medium
2541,1,4,40,0.9696,ACTIVE,Impact,Low
2541,1,5,50,0.9666,ACTIVE,Impact,Low
2541,1,6,60,0.9642,ACTIVE,Impact,Low
2542,1,1,10,0.9849,ACTIVE,Impact,Medium
2542,1,2,20,0.9761,ACTIVE,Impact,Medium
2542,1,3,30,0.9741,ACTIVE,Impact,Medium
2542,1,4,40,0.9685,ACTIVE,Impact,Low
2542,1,5,50,0.9683,ACTIVE,Impact,Low
2542,1,6,60,0.9659,ACTIVE,Impact,Low
2543,1,1,10,0.9854,ACTIVE,Impact,Medium
2543,1,2,20,0.9737,ACTIVE,Impact,Medium
2543,1,3,30,0.9706,ACTIVE,Impact,Medium
2543,1,4,40,0.9692,ACTIVE,Impact,Low
2543,1,5,50,0.9665,ACTIVE,Impact,Low
2543,1,6,60,0.9641,ACTIVE,Impact,Low
2544,1,1,10,0.9844,ACTIVE,Impact,Medium
2544,1,2,20,0.9752,ACTIVE,Impact,Medium
2544,1,3,30,0.972,ACTIVE,Impact,Medium
2544,1,4,40,0.9662,ACTIVE,Impact,Low
2544,1,5,50,0.9633,ACTIVE,Impact,Low
2544,1,6,60,0.9633,ACTIVE,Impact,Low
2545,1,1,10,0.9846,ACTIVE,Impact,Medium
2545,1,2,20,0.9723,ACTIVE,Impact,Medium
2545,1,3,30,0.9696,ACTIVE,Impact,Medium
2545,1,4,40,0.9653,ACTIVE,Impact,Low
2545,1,5,50,0.9653,ACTIVE,Impact,Low
2545,1,6,60,0.9647,ACTIVE,Impact,Low
2546,1,1,10,0.9851,ACTIVE,Impact,Medium
2546,1,2,20,0.9744,ACTIVE,Impact,Medium
2546,1,3,30,0.9696,ACTIVE,Impact,Medium
2546,1,4,40,0.9669,ACTIVE,Impact,Low
2546,1,5,50,0.9648,ACTIVE,Impact,Low
2546,1,6,60,0.9607,ACTIVE,Impact,Low
2547,1,1,10,0.9851,ACTIVE,Impact,Medium
2547,1,2,20,0.9739,ACTIVE,Impact,Medium
2547,1,3,30,0.9728,ACTIVE,Impact,Medium
2547,1,4,40,0.9683,ACTIVE,Impact,Low
2547,1,5,50,0.9654,ACTIVE,Impact,Low
2547,1,6,60,0.9601,ACTIVE,Impact,Low
2548,1,1,10,0.9844,ACTIVE,Impact,Medium
2548,1,2,20,0.9755,ACTIVE,Impact,Medium
2548,1,3,30,0.97,ACTIVE,Impact,Medium
2548,1,4,40,0.9676,ACTIVE,Impact,Low
2548,1,5,50,0.9683,ACTIVE,Impact,Low
2548,1,6,60,0.9672,ACTIVE,Impact,Low
2549,1,1,10,0.9856,ACTIVE,Impact,Medium
2549,1,2,20,0.9734,ACTIVE,Impact,Medium
2549,1,3,30,0.9672,ACTIVE,Impact,Medium
2549,1,4,40,0.9661,ACTIVE,Impact,Low
2549,1,5,50,0.9626,ACTIVE,Impact,Low
2549,1,6,60,0.9624,ACTIVE,Impact,Low
2670,0,1,10,0.0181,NORMAL,None,Medium
2670,0,2,20,0.024,NORMAL,None,Medium
2670,0,3,30,0.0253,NORMAL,None,Medium
2670,0,4,40,0.0264,NORMAL,None,Low
2670,0,5,50,0.0244,NORMAL,None,Low
2670,0,6,60,0.0265,NORMAL,None,Low
2671,0,1,10,0.0222,NORMAL,None,Medium
2671,0,2,20,0.0273,NORMAL,None,Medium
2671,0,3,30,0.0271,NORMAL,None,Medium
2671,0,4,40,0.0272,NORMAL,None,Low
2671,0,5,50,0.025,NORMAL,None,Low
2671,0,6,60,0.0265,NORMAL,None,Low
2672,0,1,10,0.0216,NORMAL,None,Medium
2672,0,2,20,0.0258,NORMAL,None,Medium
2672,0,3,30,0.0268,NORMAL,None,Medium
2672,0,4,40,0.0251,NORMAL,None,Low
2672,0,5,50,0.0273,NORMAL,None,Low
2672,0,6,60,0.029,NORMAL,None,Low
2673,0,1,10,0.0154,NORMAL,None,Medium
2673,0,2,20,0.0253,NORMAL,None,Medium
2673,0,3,30,0.0229,NORMAL,None,Medium
2673,0,4,40,0.0256,NORMAL,None,Low
2673,0,5,50,0.0262,NORMAL,None,Low
2673,0,6,60,0.025,NORMAL,None,Low
2674,0,1,10,0.018,NORMAL,None,Medium
2674,0,2,20,0.0233,NORMAL,None,Medium
2674,0,3,30,0.0231,NORMAL,None,Medium
2674,0,4,40,0.0268,NORMAL,None,Low
2674,0,5,50,0.025,NORMAL,None,Low
2674,0,6,60,0.0232,NORMAL,None,Low
2675,0,1,10,0.0166,NORMAL,None,Medium
2675,0,2,20,0.0241,NORMAL,None,Medium
2675,0,3,30,0.0251,NORMAL,None,Medium
2675,0,4,40,0.0254,NORMAL,None,Low
2675,0,5,50,0.03,NORMAL,None,Low
2675,0,6,60,0.029,NORMAL,None,Low
2676,0,1,10,0.0158,NORMAL,None,Medium
2676,0,2,20,0.0235,NORMAL,None,Medium
2676,0,3,30,0.0274,NORMAL,None,Medium
2676,0,4,40,0.0257,NORMAL,None,Low
2676,0,5,50,0.0276,NORMAL,None,Low
2676,0,6,60,0.0252,NORMAL,None,Low
2677,0,1,10,0.0169,NORMAL,None,Medium
2677,0,2,20,0.0218,NORMAL,None,Medium
2677,0,3,30,0.0252,NORMAL,None,Medium
2677,0,4,40,0.0269,NORMAL,None,Low
2677,0,5,50,0.0268,NORMAL,None,Low
2677,0,6,60,0.0257,NORMAL,None,Low
2678,0,1,10,0.0163,NORMAL,None,Medium
2678,0,2,20,0.0229,NORMAL,None,Medium
2678,0,3,30,0.023,NORMAL,None,Medium
2678,0,4,40,0.0225,NORMAL,None,Low
2678,0,5,50,0.0225,NORMAL,None,Low
2678,0,6,60,0.0245,NORMAL,None,Low
2679,0,1,10,0.0168,NORMAL,None,Medium
2679,0,2,20,0.0231,NORMAL,None,Medium
2679,0,3,30,0.024,NORMAL,None,Medium
2679,0,4,40,0.0246,NORMAL,None,Low
2679,0,5,50,0.0262,NORMAL,None,Low
2679,0,6,60,0.0255,NORMAL,None,Low
2680,0,1,10,0.0168,NORMAL,None,Medium
2680,0,2,20,0.0247,NORMAL,None,Medium
2680,0,3,30,0.0244,NORMAL,None,Medium
2680,0,4,40,0.023,NORMAL,None,Low
2680,0,5,50,0.0261,NORMAL,None,Low
2680,0,6,60,0.0261,NORMAL,None,Low
2681,0,1,10,0.0138,NORMAL,None,Medium
2681,0,2,20,0.0201,NORMAL,None,Medium
2681,0,3,30,0.0237,NORMAL,None,Medium
2681,0,4,40,0.0228,NORMAL,None,Low
2681,0,5,50,0.0243,NORMAL,None,Low
2681,0,6,60,0.0265,NORMAL,None,Low
2682,0,1,10,0.0163,NORMAL,None,Medium
2682,0,2,20,0.0228,NORMAL,None,Medium
2682,0,3,30,0.0233,NORMAL,None,Medium
2682,0,4,40,0.0237,NORMAL,None,Low
2682,0,5,50,0.0256,NORMAL,None,Low
2682,0,6,60,0.0243,NORMAL,None,Low
2683,0,1,10,0.0177,NORMAL,None,Medium
2683,0,2,20,0.0233,NORMAL,None,Medium
2683,0,3,30,0.0262,NORMAL,None,Medium
2683,0,4,40,0.0257,NORMAL,None,Low
2683,0,5,50,0.0261,NORMAL,None,Low
2683,0,6,60,0.0266,NORMAL,None,Low
2684,0,1,10,0.0158,NORMAL,None,Medium
2684,0,2,20,0.023,NORMAL,None,Medium
2684,0,3,30,0.0222,NORMAL,None,Medium
2684,0,4,40,0.0265,NORMAL,None,Low
2684,0,5,50,0.0257,NORMAL,None,Low
2684,0,6,60,0.0273,NORMAL,None,Low
2685,0,1,10,0.0157,NORMAL,None,Medium
2685,0,2,20,0.0216,NORMAL,None,Medium
2685,0,3,30,0.025,NORMAL,None,Medium
2685,0,4,40,0.0268,NORMAL,None,Low
2685,0,5,50,0.0284,NORMAL,None,Low
2685,0,6,60,0.0256,NORMAL,None,Low
2686,0,1,10,0.0163,NORMAL,None,Medium
2686,0,2,20,0.0212,NORMAL,None,Medium
2686,0,3,30,0.027,NORMAL,None,Medium
2686,0,4,40,0.0248,NORMAL,None,Low
2686,0,5,50,0.0246,NORMAL,None,Low
2686,0,6,60,0.0262,NORMAL,None,Low
2687,0,1,10,0.0171,NORMAL,None,Medium
2687,0,2,20,0.0238,NORMAL,None,Medium
2687,0,3,30,0.0253,NORMAL,None,Medium
2687,0,4,40,0.0269,NORMAL,None,Low
2687,0,5,50,0.0285,NORMAL,None,Low
2687,0,6,60,0.0287,NORMAL,None,Low
2688,0,1,10,0.0196,NORMAL,None,Medium
2688,0,2,20,0.0234,NORMAL,None,Medium
2688,0,3,30,0.0242,NORMAL,None,Medium
2688,0,4,40,0.0262,NORMAL,None,Low
2688,0,5,50,0.0273,NORMAL,None,Low
2688,0,6,60,0.0269,NORMAL,None,Low
2689,0,1,10,0.016,NORMAL,None,Medium
2689,0,2,20,0.0258,NORMAL,None,Medium
2689,0,3,30,0.0247,NORMAL,None,Medium
2689,0,4,40,0.0239,NORMAL,None,Low
2689,0,5,50,0.0262,NORMAL,None,Low
2689,0,6,60,0.0249,NORMAL,None,Low
2690,0,1,10,0.0162,NORMAL,None,Medium
2690,0,2,20,0.0207,NORMAL,None,Medium
2690,0,3,30,0.0247,NORMAL,None,Medium
2690,0,4,40,0.025,NORMAL,None,Low
2690,0,5,50,0.0268,NORMAL,None,Low
2690,0,6,60,0.0272,NORMAL,None,Low
2691,0,1,10,0.0166,NORMAL,None,Medium
2691,0,2,20,0.0235,NORMAL,None,Medium
2691,0,3,30,0.0247,NORMAL,None,Medium
2691,0,4,40,0.0258,NORMAL,None,Low
2691,0,5,50,0.0227,NORMAL,None,Low
2691,0,6,60,0.0233,NORMAL,None,Low
2692,0,1,10,0.0161,NORMAL,None,Medium
2692,0,2,20,0.0221,NORMAL,None,Medium
2692,0,3,30,0.0266,NORMAL,None,Medium
2692,0,4,40,0.0277,NORMAL,None,Low
2692,0,5,50,0.0264,NORMAL,None,Low
2692,0,6,60,0.0254,NORMAL,None,Low
2693,0,1,10,0.0155,NORMAL,None,Medium
2693,0,2,20,0.0238,NORMAL,None,Medium
2693,0,3,30,0.0237,NORMAL,None,Medium
2693,0,4,40,0.0227,NORMAL,None,Low
2693,0,5,50,0.0245,NORMAL,None,Low
2693,0,6,60,0.0254,NORMAL,None,Low
2694,0,1,10,0.0167,NORMAL,None,Medium
2694,0,2,20,0.0229,NORMAL,None,Medium
2694,0,3,30,0.0234,NORMAL,None,Medium
2694,0,4,40,0.0243,NORMAL,None,Low
2694,0,5,50,0.0245,NORMAL,None,Low
2694,0,6,60,0.0259,NORMAL,None,Low
2695,0,1,10,0.0155,NORMAL,None,Medium
2695,0,2,20,0.0236,NORMAL,None,Medium
2695,0,3,30,0.0229,NORMAL,None,Medium
2695,0,4,40,0.0253,NORMAL,None,Low
2695,0,5,50,0.025,NORMAL,None,Low
2695,0,6,60,0.0249,NORMAL,None,Low
2696,0,1,10,0.0163,NORMAL,None,Medium
2696,0,2,20,0.0207,NORMAL,None,Medium
2696,0,3,30,0.0242,NORMAL,None,Medium
2696,0,4,40,0.0252,NORMAL,None,Low
2696,0,5,50,0.0241,NORMAL,None,Low
2696,0,6,60,0.0265,NORMAL,None,Low
2697,0,1,10,0.0195,NORMAL,None,Medium
2697,0,2,20,0.0259,NORMAL,None,Medium
2697,0,3,30,0.0277,NORMAL,None,Medium
2697,0,4,40,0.028,NORMAL,None,Low
2697,0,5,50,0.0258,NORMAL,None,Low
2697,0,6,60,0.0265,NORMAL,None,Low
2698,0,1,10,0.0286,NORMAL,None,Medium
2698,0,2,20,0.0263,NORMAL,None,Medium
2698,0,3,30,0.029,NORMAL,None,Medium
2698,0,4,40,0.0273,NORMAL,None,Low
2698,0,5,50,0.0262,NORMAL,None,Low
2698,0,6,60,0.0287,NORMAL,None,Low
2699,0,1,10,0.0246,NORMAL,None,Medium
2699,0,2,20,0.0266,NORMAL,None,Medium
2699,0,3,30,0.0292,NORMAL,None,Medium
2699,0,4,40,0.0259,NORMAL,None,Low
2699,0,5,50,0.0243,NORMAL,None,Low
2699,0,6,60,0.0286,NORMAL,None,Low
2820,0,1,10,0.023,NORMAL,None,Medium
2820,0,2,20,0.0244,NORMAL,None,Medium
2820,0,3,30,0.029,NORMAL,None,Medium
2820,0,4,40,0.027,NORMAL,None,Low
2820,0,5,50,0.0271,NORMAL,None,Low
2820,0,6,60,0.0279,NORMAL,None,Low
2821,0,1,10,0.0217,NORMAL,None,Medium
2821,0,2,20,0.0264,NORMAL,None,Medium
2821,0,3,30,0.0278,NORMAL,None,Medium
2821,0,4,40,0.0293,NORMAL,None,Low
2821,0,5,50,0.0258,NORMAL,None,Low
2821,0,6,60,0.0263,NORMAL,None,Low
2822,0,1,10,0.0183,NORMAL,None,Medium
2822,0,2,20,0.0232,NORMAL,None,Medium
2822,0,3,30,0.0253,NORMAL,None,Medium
2822,0,4,40,0.028,NORMAL,None,Low
2822,0,5,50,0.0262,NORMAL,None,Low
2822,0,6,60,0.0261,NORMAL,None,Low
2823,0,1,10,0.0159,NORMAL,None,Medium
2823,0,2,20,0.0225,NORMAL,None,Medium
2823,0,3,30,0.0252,NORMAL,None,Medium
2823,0,4,40,0.0245,NORMAL,None,Low
2823,0,5,50,0.0264,NORMAL,None,Low
2823,0,6,60,0.0263,NORMAL,None,Low
2824,0,1,10,0.0181,NORMAL,None,Medium
2824,0,2,20,0.0253,NORMAL,None,Medium
2824,0,3,30,0.026,NORMAL,None,Medium
2824,0,4,40,0.0243,NORMAL,None,Low
2824,0,5,50,0.0236,NORMAL,None,Low
2824,0,6,60,0.0266,NORMAL,None,Low
2825,0,1,10,0.0185,NORMAL,None,Medium
2825,0,2,20,0.0242,NORMAL,None,Medium
2825,0,3,30,0.0268,NORMAL,None,Medium
2825,0,4,40,0.024,NORMAL,None,Low
2825,0,5,50,0.0247,NORMAL,None,Low
2825,0,6,60,0.0268,NORMAL,None,Low
2826,0,1,10,0.0175,NORMAL,None,Medium
2826,0,2,20,0.025,NORMAL,None,Medium
2826,0,3,30,0.0276,NORMAL,None,Medium
2826,0,4,40,0.0275,NORMAL,None,Low
2826,0,5,50,0.0274,NORMAL,None,Low
2826,0,6,60,0.0273,NORMAL,None,Low
2827,0,1,10,0.0194,NORMAL,None,Medium
2827,0,2,20,0.025,NORMAL,None,Medium
2827,0,3,30,0.0252,NORMAL,None,Medium
2827,0,4,40,0.024,NORMAL,None,Low
2827,0,5,50,0.0254,NORMAL,None,Low
2827,0,6,60,0.0256,NORMAL,None,Low
2828,0,1,10,0.018,NORMAL,None,Medium
2828,0,2,20,0.0255,NORMAL,None,Medium
2828,0,3,30,0.0264,NORMAL,None,Medium
2828,0,4,40,0.0273,NORMAL,None,Low
2828,0,5,50,0.0273,NORMAL,None,Low
2828,0,6,60,0.027,NORMAL,None,Low
2829,0,1,10,0.0194,NORMAL,None,Medium
2829,0,2,20,0.0239,NORMAL,None,Medium
2829,0,3,30,0.0285,NORMAL,None,Medium
2829,0,4,40,0.0286,NORMAL,None,Low
2829,0,5,50,0.0282,NORMAL,None,Low
2829,0,6,60,0.0283,NORMAL,None,Low
2830,0,1,10,0.0219,NORMAL,None,Medium
2830,0,2,20,0.0268,NORMAL,None,Medium
2830,0,3,30,0.0252,NORMAL,None,Medium
2830,0,4,40,0.0261,NORMAL,None,Low
2830,0,5,50,0.0275,NORMAL,None,Low
2830,0,6,60,0.0285,NORMAL,None,Low
2831,0,1,10,0.0174,NORMAL,None,Medium
2831,0,2,20,0.0243,NORMAL,None,Medium
2831,0,3,30,0.0231,NORMAL,None,Medium
2831,0,4,40,0.0222,NORMAL,None,Low
2831,0,5,50,0.0231,NORMAL,None,Low
2831,0,6,60,0.0228,NORMAL,None,Low
2832,0,1,10,0.0157,NORMAL,None,Medium
2832,0,2,20,0.0251,NORMAL,None,Medium
2832,0,3,30,0.0237,NORMAL,None,Medium
2832,0,4,40,0.0228,NORMAL,None,Low
2832,0,5,50,0.0277,NORMAL,None,Low
2832,0,6,60,0.026,NORMAL,None,Low
2833,0,1,10,0.0169,NORMAL,None,Medium
2833,0,2,20,0.023,NORMAL,None,Medium
2833,0,3,30,0.0256,NORMAL,None,Medium
2833,0,4,40,0.0245,NORMAL,None,Low
2833,0,5,50,0.0257,NORMAL,None,Low
2833,0,6,60,0.0263,NORMAL,None,Low
2834,0,1,10,0.0162,NORMAL,None,Medium
2834,0,2,20,0.0234,NORMAL,None,Medium
2834,0,3,30,0.0254,NORMAL,None,Medium
2834,0,4,40,0.0254,NORMAL,None,Low
2834,0,5,50,0.0246,NORMAL,None,Low
2834,0,6,60,0.0243,NORMAL,None,Low
2835,0,1,10,0.0137,NORMAL,None,Medium
2835,0,2,20,0.0202,NORMAL,None,Medium
2835,0,3,30,0.0227,NORMAL,None,Medium
2835,0,4,40,0.023,NORMAL,None,Low
2835,0,5,50,0.023,NORMAL,None,Low
2835,0,6,60,0.0256,NORMAL,None,Low
2836,0,1,10,0.0157,NORMAL,None,Medium
2836,0,2,20,0.0211,NORMAL,None,Medium
2836,0,3,30,0.0232,NORMAL,None,Medium
2836,0,4,40,0.0269,NORMAL,None,Low
2836,0,5,50,0.0249,NORMAL,None,Low
2836,0,6,60,0.0268,NORMAL,None,Low
2837,0,1,10,0.0148,NORMAL,None,Medium
2837,0,2,20,0.0204,NORMAL,None,Medium
2837,0,3,30,0.0252,NORMAL,None,Medium
2837,0,4,40,0.026,NORMAL,None,Low
2837,0,5,50,0.0237,NORMAL,None,Low
2837,0,6,60,0.0253,NORMAL,None,Low
2838,0,1,10,0.015,NORMAL,None,Medium
2838,0,2,20,0.0217,NORMAL,None,Medium
2838,0,3,30,0.0246,NORMAL,None,Medium
2838,0,4,40,0.0252,NORMAL,None,Low
2838,0,5,50,0.0275,NORMAL,None,Low
2838,0,6,60,0.026,NORMAL,None,Low
2839,0,1,10,0.0176,NORMAL,None,Medium
2839,0,2,20,0.021,NORMAL,None,Medium
2839,0,3,30,0.0225,NORMAL,None,Medium
2839,0,4,40,0.0247,NORMAL,None,Low
2839,0,5,50,0.0232,NORMAL,None,Low
2839,0,6,60,0.0243,NORMAL,None,Low
2840,0,1,10,0.0177,NORMAL,None,Medium
2840,0,2,20,0.0214,NORMAL,None,Medium
2840,0,3,30,0.024,NORMAL,None,Medium
2840,0,4,40,0.025,NORMAL,None,Low
2840,0,5,50,0.026,NORMAL,None,Low
2840,0,6,60,0.0254,NORMAL,None,Low
2841,0,1,10,0.0148,NORMAL,None,Medium
2841,0,2,20,0.0224,NORMAL,None,Medium
2841,0,3,30,0.0269,NORMAL,None,Medium
2841,0,4,40,0.0272,NORMAL,None,Low
2841,0,5,50,0.025,NORMAL,None,Low
2841,0,6,60,0.0251,NORMAL,None,Low
2842,0,1,10,0.0152,NORMAL,None,Medium
2842,0,2,20,0.0211,NORMAL,None,Medium
2842,0,3,30,0.0231,NORMAL,None,Medium
2842,0,4,40,0.026,NORMAL,None,Low
2842,0,5,50,0.0248,NORMAL,None,Low
2842,0,6,60,0.0237,NORMAL,None,Low
2843,0,1,10,0.016,NORMAL,None,Medium
2843,0,2,20,0.022,NORMAL,None,Medium
2843,0,3,30,0.0263,NORMAL,None,Medium
2843,0,4,40,0.0254,NORMAL,None,Low
2843,0,5,50,0.0246,NORMAL,None,Low
2843,0,6,60,0.0229,NORMAL,None,Low
2844,0,1,10,0.0128,NORMAL,None,Medium
2844,0,2,20,0.0211,NORMAL,None,Medium
2844,0,3,30,0.0205,NORMAL,None,Medium
2844,0,4,40,0.028,NORMAL,None,Low
2844,0,5,50,0.0272,NORMAL,None,Low
2844,0,6,60,0.0247,NORMAL,None,Low
2845,0,1,10,0.0136,NORMAL,None,Medium
2845,0,2,20,0.0201,NORMAL,None,Medium
2845,0,3,30,0.0268,NORMAL,None,Medium
2845,0,4,40,0.0257,NORMAL,None,Low
2845,0,5,50,0.0255,NORMAL,None,Low
2845,0,6,60,0.0258,NORMAL,None,Low
2846,0,1,10,0.0155,NORMAL,None,Medium
2846,0,2,20,0.0225,NORMAL,None,Medium
2846,0,3,30,0.0237,NORMAL,None,Medium
2846,0,4,40,0.0247,NORMAL,None,Low
2846,0,5,50,0.0273,NORMAL,None,Low
2846,0,6,60,0.0291,NORMAL,None,Low
2847,0,1,10,0.0159,NORMAL,None,Medium
2847,0,2,20,0.0213,NORMAL,None,Medium
2847,0,3,30,0.026,NORMAL,None,Medium
2847,0,4,40,0.0241,NORMAL,None,Low
2847,0,5,50,0.0241,NORMAL,None,Low
2847,0,6,60,0.0232,NORMAL,None,Low
2848,0,1,10,0.0152,NORMAL,None,Medium
2848,0,2,20,0.0227,NORMAL,None,Medium
2848,0,3,30,0.0259,NORMAL,None,Medium
2848,0,4,40,0.0228,NORMAL,None,Low
2848,0,5,50,0.0274,NORMAL,None,Low
2848,0,6,60,0.0261,NORMAL,None,Low
2849,0,1,10,0.0139,NORMAL,None,Medium
2849,0,2,20,0.0207,NORMAL,None,Medium
2849,0,3,30,0.0226,NORMAL,None,Medium
2849,0,4,40,0.0264,NORMAL,None,Low
2849,0,5,50,0.0249,NORMAL,None,Low
2849,0,6,60,0.0269,NORMAL,None,Low
120,0,1,10,0.0192,NORMAL,None,Medium
120,0,2,20,0.024,NORMAL,None,Medium
120,0,3,30,0.0252,NORMAL,None,Medium
120,0,4,40,0.0267,NORMAL,None,Low
120,0,5,50,0.0257,NORMAL,None,Low
120,0,6,60,0.0259,NORMAL,None,Low
121,0,1,10,0.0205,NORMAL,None,Medium
121,0,2,20,0.022,NORMAL,None,Medium
121,0,3,30,0.0224,NORMAL,None,Medium
121,0,4,40,0.027,NORMAL,None,Low
121,0,5,50,0.0251,NORMAL,None,Low
121,0,6,60,0.0261,NORMAL,None,Low
122,0,1,10,0.0216,NORMAL,None,Medium
122,0,2,20,0.0225,NORMAL,None,Medium
122,0,3,30,0.026,NORMAL,None,Medium
122,0,4,40,0.0242,NORMAL,None,Low
122,0,5,50,0.024,NORMAL,None,Low
122,0,6,60,0.0259,NORMAL,None,Low
123,0,1,10,0.0198,NORMAL,None,Medium
123,0,2,20,0.0204,NORMAL,None,Medium
123,0,3,30,0.022,NORMAL,None,Medium
123,0,4,40,0.0263,NORMAL,None,Low
123,0,5,50,0.0242,NORMAL,None,Low
123,0,6,60,0.0236,NORMAL,None,Low
124,0,1,10,0.9199,ACTIVE,Attack (unspecified),Low
124,0,2,20,0.9345,ACTIVE,Attack (unspecified),Low
124,0,3,30,0.9324,ACTIVE,Attack (unspecified),Low
124,0,4,40,0.9314,ACTIVE,Attack (unspecified),Low
124,0,5,50,0.9331,ACTIVE,Attack (unspecified),Low
124,0,6,60,0.9301,ACTIVE,Attack (unspecified),Low
125,0,1,10,0.6996,PRE_ATTACK,Reconnaissance,Low
125,0,2,20,0.7474,PRE_ATTACK,Reconnaissance,Low
125,0,3,30,0.764,PRE_ATTACK,Reconnaissance,Low
125,0,4,40,0.7595,PRE_ATTACK,Reconnaissance,Low
125,0,5,50,0.7692,PRE_ATTACK,Reconnaissance,Low
125,0,6,60,0.7738,PRE_ATTACK,Reconnaissance,Low
126,0,1,10,0.0289,NORMAL,None,Medium
126,0,2,20,0.0273,NORMAL,None,Medium
126,0,3,30,0.0248,NORMAL,None,Medium
126,0,4,40,0.0241,NORMAL,None,Low
126,0,5,50,0.0271,NORMAL,None,Low
126,0,6,60,0.0298,NORMAL,None,Low
127,0,1,10,0.0406,NORMAL,None,Medium
127,0,2,20,0.0357,NORMAL,None,Medium
127,0,3,30,0.0317,NORMAL,None,Medium
127,0,4,40,0.0284,NORMAL,None,Low
127,0,5,50,0.0276,NORMAL,None,Low
127,0,6,60,0.0279,NORMAL,None,Low
128,0,1,10,0.024,NORMAL,None,Medium
128,0,2,20,0.0244,NORMAL,None,Medium
128,0,3,30,0.0251,NORMAL,None,Medium
128,0,4,40,0.0271,NORMAL,None,Low
128,0,5,50,0.0264,NORMAL,None,Low
128,0,6,60,0.0255,NORMAL,None,Low
129,0,1,10,0.024,NORMAL,None,Medium
129,0,2,20,0.0249,NORMAL,None,Medium
129,0,3,30,0.0265,NORMAL,None,Medium
129,0,4,40,0.0265,NORMAL,None,Low
129,0,5,50,0.0299,NORMAL,None,Low
129,0,6,60,0.0257,NORMAL,None,Low
130,0,1,10,0.4844,NORMAL,None,Medium
130,0,2,20,0.3704,NORMAL,None,Medium
130,0,3,30,0.2632,NORMAL,None,Medium
130,0,4,40,0.198,NORMAL,None,Low
130,0,5,50,0.1698,NORMAL,None,Low
130,0,6,60,0.1432,NORMAL,None,Low
131,0,1,10,0.4295,NORMAL,None,Medium
131,0,2,20,0.2756,NORMAL,None,Medium
131,0,3,30,0.1889,NORMAL,None,Medium
131,0,4,40,0.1392,NORMAL,None,Low
131,0,5,50,0.1195,NORMAL,None,Low
131,0,6,60,0.1004,NORMAL,None,Low
132,0,1,10,0.0326,NORMAL,None,Medium
132,0,2,20,0.0304,NORMAL,None,Medium
132,0,3,30,0.0279,NORMAL,None,Medium
132,0,4,40,0.0251,NORMAL,None,Low
132,0,5,50,0.0266,NORMAL,None,Low
132,0,6,60,0.026,NORMAL,None,Low
133,0,1,10,0.0492,NORMAL,None,Medium
133,0,2,20,0.0366,NORMAL,None,Medium
133,0,3,30,0.0332,NORMAL,None,Medium
133,0,4,40,0.0313,NORMAL,None,Low
133,0,5,50,0.0304,NORMAL,None,Low
133,0,6,60,0.0277,NORMAL,None,Low
134,0,1,10,0.0462,NORMAL,None,Medium
134,0,2,20,0.036,NORMAL,None,Medium
134,0,3,30,0.0296,NORMAL,None,Medium
134,0,4,40,0.0311,NORMAL,None,Low
134,0,5,50,0.0276,NORMAL,None,Low
134,0,6,60,0.0284,NORMAL,None,Low
135,0,1,10,0.0542,NORMAL,None,Medium
135,0,2,20,0.0336,NORMAL,None,Medium
135,0,3,30,0.0321,NORMAL,None,Medium
135,0,4,40,0.0296,NORMAL,None,Low
135,0,5,50,0.0265,NORMAL,None,Low
135,0,6,60,0.0248,NORMAL,None,Low
136,0,1,10,0.0481,NORMAL,None,Medium
136,0,2,20,0.0378,NORMAL,None,Medium
136,0,3,30,0.0317,NORMAL,None,Medium
136,0,4,40,0.0301,NORMAL,None,Low
136,0,5,50,0.0316,NORMAL,None,Low
136,0,6,60,0.0328,NORMAL,None,Low
137,0,1,10,0.0291,NORMAL,None,Medium
137,0,2,20,0.0272,NORMAL,None,Medium
137,0,3,30,0.029,NORMAL,None,Medium
137,0,4,40,0.028,NORMAL,None,Low
137,0,5,50,0.0242,NORMAL,None,Low
137,0,6,60,0.0252,NORMAL,None,Low
138,0,1,10,0.0307,NORMAL,None,Medium
138,0,2,20,0.0287,NORMAL,None,Medium
138,0,3,30,0.0271,NORMAL,None,Medium
138,0,4,40,0.0261,NORMAL,None,Low
138,0,5,50,0.026,NORMAL,None,Low
138,0,6,60,0.029,NORMAL,None,Low
139,0,1,10,0.0298,NORMAL,None,Medium
139,0,2,20,0.0282,NORMAL,None,Medium
139,0,3,30,0.027,NORMAL,None,Medium
139,0,4,40,0.026,NORMAL,None,Low
139,0,5,50,0.0237,NORMAL,None,Low
139,0,6,60,0.0253,NORMAL,None,Low
140,0,1,10,0.0332,NORMAL,None,Medium
140,0,2,20,0.0255,NORMAL,None,Medium
140,0,3,30,0.0236,NORMAL,None,Medium
140,0,4,40,0.0236,NORMAL,None,Low
140,0,5,50,0.0241,NORMAL,None,Low
140,0,6,60,0.0271,NORMAL,None,Low
141,0,1,10,0.0849,NORMAL,None,Medium
141,0,2,20,0.0509,NORMAL,None,Medium
141,0,3,30,0.0389,NORMAL,None,Medium
141,0,4,40,0.0348,NORMAL,None,Low
141,0,5,50,0.0318,NORMAL,None,Low
141,0,6,60,0.0289,NORMAL,None,Low
142,0,1,10,0.6005,NORMAL,None,Medium
142,0,2,20,0.627,NORMAL,None,Medium
142,0,3,30,0.6429,NORMAL,None,Medium
142,0,4,40,0.6386,NORMAL,None,Low
142,0,5,50,0.6324,NORMAL,None,Low
142,0,6,60,0.6273,NORMAL,None,Low
143,0,1,10,0.4924,NORMAL,None,Medium
143,0,2,20,0.4415,NORMAL,None,Medium
143,0,3,30,0.3794,NORMAL,None,Medium
143,0,4,40,0.3394,NORMAL,None,Low
143,0,5,50,0.3223,NORMAL,None,Low
143,0,6,60,0.3026,NORMAL,None,Low
144,0,1,10,0.0421,NORMAL,None,Medium
144,0,2,20,0.0324,NORMAL,None,Medium
144,0,3,30,0.0294,NORMAL,None,Medium
144,0,4,40,0.03,NORMAL,None,Low
144,0,5,50,0.0279,NORMAL,None,Low
144,0,6,60,0.0293,NORMAL,None,Low
145,0,1,10,0.04,NORMAL,None,Medium
145,0,2,20,0.0312,NORMAL,None,Medium
145,0,3,30,0.0306,NORMAL,None,Medium
145,0,4,40,0.0303,NORMAL,None,Low
145,0,5,50,0.0286,NORMAL,None,Low
145,0,6,60,0.0276,NORMAL,None,Low
146,0,1,10,0.0318,NORMAL,None,Medium
146,0,2,20,0.0337,NORMAL,None,Medium
146,0,3,30,0.0315,NORMAL,None,Medium
146,0,4,40,0.0271,NORMAL,None,Low
146,0,5,50,0.0254,NORMAL,None,Low
146,0,6,60,0.0259,NORMAL,None,Low
147,0,1,10,0.0306,NORMAL,None,Medium
147,0,2,20,0.0287,NORMAL,None,Medium
147,0,3,30,0.0305,NORMAL,None,Medium
147,0,4,40,0.0269,NORMAL,None,Low
147,0,5,50,0.026,NORMAL,None,Low
147,0,6,60,0.027,NORMAL,None,Low
148,0,1,10,0.0191,NORMAL,None,Medium
148,0,2,20,0.0215,NORMAL,None,Medium
148,0,3,30,0.0223,NORMAL,None,Medium
148,0,4,40,0.0253,NORMAL,None,Low
148,0,5,50,0.0249,NORMAL,None,Low
148,0,6,60,0.0251,NORMAL,None,Low
149,0,1,10,0.0221,NORMAL,None,Medium
149,0,2,20,0.0233,NORMAL,None,Medium
149,0,3,30,0.0247,NORMAL,None,Medium
149,0,4,40,0.0255,NORMAL,None,Low
149,0,5,50,0.0241,NORMAL,None,Low
149,0,6,60,0.0246,NORMAL,None,Low
270,0,1,10,0.4842,NORMAL,None,Medium
270,0,2,20,0.3539,NORMAL,None,Medium
270,0,3,30,0.2654,NORMAL,None,Medium
270,0,4,40,0.2179,NORMAL,None,Low
270,0,5,50,0.1914,NORMAL,None,Low
270,0,6,60,0.1774,NORMAL,None,Low
271,0,1,10,0.3325,NORMAL,None,Medium
271,0,2,20,0.1693,NORMAL,None,Medium
271,0,3,30,0.093,NORMAL,None,Medium
271,0,4,40,0.0673,NORMAL,None,Low
271,0,5,50,0.0539,NORMAL,None,Low
271,0,6,60,0.0479,NORMAL,None,Low
272,0,1,10,0.0243,NORMAL,None,Medium
272,0,2,20,0.0239,NORMAL,None,Medium
272,0,3,30,0.0228,NORMAL,None,Medium
272,0,4,40,0.0267,NORMAL,None,Low
272,0,5,50,0.025,NORMAL,None,Low
272,0,6,60,0.024,NORMAL,None,Low
273,0,1,10,0.0328,NORMAL,None,Medium
273,0,2,20,0.026,NORMAL,None,Medium
273,0,3,30,0.0266,NORMAL,None,Medium
273,0,4,40,0.025,NORMAL,None,Low
273,0,5,50,0.0241,NORMAL,None,Low
273,0,6,60,0.0234,NORMAL,None,Low
274,0,1,10,0.0211,NORMAL,None,Medium
274,0,2,20,0.0233,NORMAL,None,Medium
274,0,3,30,0.0249,NORMAL,None,Medium
274,0,4,40,0.0253,NORMAL,None,Low
274,0,5,50,0.0256,NORMAL,None,Low
274,0,6,60,0.0267,NORMAL,None,Low
275,0,1,10,0.0181,NORMAL,None,Medium
275,0,2,20,0.0238,NORMAL,None,Medium
275,0,3,30,0.0224,NORMAL,None,Medium
275,0,4,40,0.0236,NORMAL,None,Low
275,0,5,50,0.0264,NORMAL,None,Low
275,0,6,60,0.0256,NORMAL,None,Low
276,0,1,10,0.0169,NORMAL,None,Medium
276,0,2,20,0.02,NORMAL,None,Medium
276,0,3,30,0.0235,NORMAL,None,Medium
276,0,4,40,0.0249,NORMAL,None,Low
276,0,5,50,0.0246,NORMAL,None,Low
276,0,6,60,0.0267,NORMAL,None,Low
277,0,1,10,0.0172,NORMAL,None,Medium
277,0,2,20,0.0217,NORMAL,None,Medium
277,0,3,30,0.0251,NORMAL,None,Medium
277,0,4,40,0.0224,NORMAL,None,Low
277,0,5,50,0.0261,NORMAL,None,Low
277,0,6,60,0.0244,NORMAL,None,Low
278,0,1,10,0.0179,NORMAL,None,Medium
278,0,2,20,0.0212,NORMAL,None,Medium
278,0,3,30,0.0222,NORMAL,None,Medium
278,0,4,40,0.0248,NORMAL,None,Low
278,0,5,50,0.0237,NORMAL,None,Low
278,0,6,60,0.0235,NORMAL,None,Low
279,0,1,10,0.0167,NORMAL,None,Medium
279,0,2,20,0.0207,NORMAL,None,Medium
279,0,3,30,0.0232,NORMAL,None,Medium
279,0,4,40,0.0248,NORMAL,None,Low
279,0,5,50,0.0227,NORMAL,None,Low
279,0,6,60,0.0241,NORMAL,None,Low
280,0,1,10,0.0203,NORMAL,None,Medium
280,0,2,20,0.0229,NORMAL,None,Medium
280,0,3,30,0.0234,NORMAL,None,Medium
280,0,4,40,0.0218,NORMAL,None,Low
280,0,5,50,0.0236,NORMAL,None,Low
280,0,6,60,0.0287,NORMAL,None,Low
281,0,1,10,0.0192,NORMAL,None,Medium
281,0,2,20,0.0202,NORMAL,None,Medium
281,0,3,30,0.0237,NORMAL,None,Medium
281,0,4,40,0.0272,NORMAL,None,Low
281,0,5,50,0.028,NORMAL,None,Low
281,0,6,60,0.0232,NORMAL,None,Low
282,0,1,10,0.0184,NORMAL,None,Medium
282,0,2,20,0.0217,NORMAL,None,Medium
282,0,3,30,0.0233,NORMAL,None,Medium
282,0,4,40,0.0238,NORMAL,None,Low
282,0,5,50,0.024,NORMAL,None,Low
282,0,6,60,0.025,NORMAL,None,Low
283,0,1,10,0.0187,NORMAL,None,Medium
283,0,2,20,0.0211,NORMAL,None,Medium
283,0,3,30,0.0211,NORMAL,None,Medium
283,0,4,40,0.026,NORMAL,None,Low
283,0,5,50,0.0261,NORMAL,None,Low
283,0,6,60,0.0264,NORMAL,None,Low
284,0,1,10,0.0174,NORMAL,None,Medium
284,0,2,20,0.0209,NORMAL,None,Medium
284,0,3,30,0.0238,NORMAL,None,Medium
284,0,4,40,0.0246,NORMAL,None,Low
284,0,5,50,0.0224,NORMAL,None,Low
284,0,6,60,0.0251,NORMAL,None,Low
285,0,1,10,0.0163,NORMAL,None,Medium
285,0,2,20,0.0218,NORMAL,None,Medium
285,0,3,30,0.0211,NORMAL,None,Medium
285,0,4,40,0.0254,NORMAL,None,Low
285,0,5,50,0.0249,NORMAL,None,Low
285,0,6,60,0.0278,NORMAL,None,Low
286,0,1,10,0.02,NORMAL,None,Medium
286,0,2,20,0.0216,NORMAL,None,Medium
286,0,3,30,0.0224,NORMAL,None,Medium
286,0,4,40,0.0245,NORMAL,None,Low
286,0,5,50,0.0273,NORMAL,None,Low
286,0,6,60,0.0264,NORMAL,None,Low
287,0,1,10,0.0214,NORMAL,None,Medium
287,0,2,20,0.0228,NORMAL,None,Medium
287,0,3,30,0.0236,NORMAL,None,Medium
287,0,4,40,0.0281,NORMAL,None,Low
287,0,5,50,0.0294,NORMAL,None,Low
287,0,6,60,0.0268,NORMAL,None,Low
288,0,1,10,0.028,NORMAL,None,Medium
288,0,2,20,0.0248,NORMAL,None,Medium
288,0,3,30,0.0247,NORMAL,None,Medium
288,0,4,40,0.0245,NORMAL,None,Low
288,0,5,50,0.0276,NORMAL,None,Low
288,0,6,60,0.0242,NORMAL,None,Low
289,0,1,10,0.0228,NORMAL,None,Medium
289,0,2,20,0.0237,NORMAL,None,Medium
289,0,3,30,0.0247,NORMAL,None,Medium
289,0,4,40,0.0239,NORMAL,None,Low
289,0,5,50,0.0264,NORMAL,None,Low
289,0,6,60,0.0265,NORMAL,None,Low
290,0,1,10,0.0181,NORMAL,None,Medium
290,0,2,20,0.0228,NORMAL,None,Medium
290,0,3,30,0.0232,NORMAL,None,Medium
290,0,4,40,0.023,NORMAL,None,Low
290,0,5,50,0.0226,NORMAL,None,Low
290,0,6,60,0.0251,NORMAL,None,Low
291,0,1,10,0.0192,NORMAL,None,Medium
291,0,2,20,0.021,NORMAL,None,Medium
291,0,3,30,0.0211,NORMAL,None,Medium
291,0,4,40,0.0216,NORMAL,None,Low
291,0,5,50,0.023,NORMAL,None,Low
291,0,6,60,0.0264,NORMAL,None,Low
292,0,1,10,0.02,NORMAL,None,Medium
292,0,2,20,0.0217,NORMAL,None,Medium
292,0,3,30,0.0248,NORMAL,None,Medium
292,0,4,40,0.0244,NORMAL,None,Low
292,0,5,50,0.0237,NORMAL,None,Low
292,0,6,60,0.0256,NORMAL,None,Low
293,0,1,10,0.0172,NORMAL,None,Medium
293,0,2,20,0.0218,NORMAL,None,Medium
293,0,3,30,0.0226,NORMAL,None,Medium
293,0,4,40,0.0219,NORMAL,None,Low
293,0,5,50,0.0252,NORMAL,None,Low
293,0,6,60,0.0257,NORMAL,None,Low
294,0,1,10,0.0205,NORMAL,None,Medium
294,0,2,20,0.0234,NORMAL,None,Medium
294,0,3,30,0.0237,NORMAL,None,Medium
294,0,4,40,0.0225,NORMAL,None,Low
294,0,5,50,0.0249,NORMAL,None,Low
294,0,6,60,0.0269,NORMAL,None,Low
295,0,1,10,0.022,NORMAL,None,Medium
295,0,2,20,0.0243,NORMAL,None,Medium
295,0,3,30,0.0258,NORMAL,None,Medium
295,0,4,40,0.0256,NORMAL,None,Low
295,0,5,50,0.0262,NORMAL,None,Low
295,0,6,60,0.0256,NORMAL,None,Low
296,0,1,10,0.017,NORMAL,None,Medium
296,0,2,20,0.0213,NORMAL,None,Medium
296,0,3,30,0.0219,NORMAL,None,Medium
296,0,4,40,0.0256,NORMAL,None,Low
296,0,5,50,0.0248,NORMAL,None,Low
296,0,6,60,0.0268,NORMAL,None,Low
297,0,1,10,0.0166,NORMAL,None,Medium
297,0,2,20,0.0203,NORMAL,None,Medium
297,0,3,30,0.0225,NORMAL,None,Medium
297,0,4,40,0.0219,NORMAL,None,Low
297,0,5,50,0.0212,NORMAL,None,Low
297,0,6,60,0.0265,NORMAL,None,Low
298,0,1,10,0.025,NORMAL,None,Medium
298,0,2,20,0.0267,NORMAL,None,Medium
298,0,3,30,0.0243,NORMAL,None,Medium
298,0,4,40,0.0233,NORMAL,None,Low
298,0,5,50,0.0236,NORMAL,None,Low
298,0,6,60,0.0278,NORMAL,None,Low
299,0,1,10,0.0305,NORMAL,None,Medium
299,0,2,20,0.0254,NORMAL,None,Medium
299,0,3,30,0.0218,NORMAL,None,Medium
299,0,4,40,0.0228,NORMAL,None,Low
299,0,5,50,0.0223,NORMAL,None,Low
299,0,6,60,0.0225,NORMAL,None,Low
420,0,1,10,0.0204,NORMAL,None,Medium
420,0,2,20,0.0227,NORMAL,None,Medium
420,0,3,30,0.0221,NORMAL,None,Medium
420,0,4,40,0.0243,NORMAL,None,Low
420,0,5,50,0.0241,NORMAL,None,Low
420,0,6,60,0.0262,NORMAL,None,Low
421,0,1,10,0.0179,NORMAL,None,Medium
421,0,2,20,0.0227,NORMAL,None,Medium
421,0,3,30,0.0242,NORMAL,None,Medium
421,0,4,40,0.0263,NORMAL,None,Low
421,0,5,50,0.0242,NORMAL,None,Low
421,0,6,60,0.0249,NORMAL,None,Low
422,0,1,10,0.0228,NORMAL,None,Medium
422,0,2,20,0.0231,NORMAL,None,Medium
422,0,3,30,0.0261,NORMAL,None,Medium
422,0,4,40,0.0221,NORMAL,None,Low
422,0,5,50,0.025,NORMAL,None,Low
422,0,6,60,0.0257,NORMAL,None,Low
423,0,1,10,0.0315,NORMAL,None,Medium
423,0,2,20,0.0245,NORMAL,None,Medium
423,0,3,30,0.0237,NORMAL,None,Medium
423,0,4,40,0.0246,NORMAL,None,Low
423,0,5,50,0.0236,NORMAL,None,Low
423,0,6,60,0.0248,NORMAL,None,Low
424,0,1,10,0.0213,NORMAL,None,Medium
424,0,2,20,0.0244,NORMAL,None,Medium
424,0,3,30,0.0243,NORMAL,None,Medium
424,0,4,40,0.0245,NORMAL,None,Low
424,0,5,50,0.0255,NORMAL,None,Low
424,0,6,60,0.0302,NORMAL,None,Low
425,0,1,10,0.0285,NORMAL,None,Medium
425,0,2,20,0.025,NORMAL,None,Medium
425,0,3,30,0.0257,NORMAL,None,Medium
425,0,4,40,0.0267,NORMAL,None,Low
425,0,5,50,0.0282,NORMAL,None,Low
425,0,6,60,0.0266,NORMAL,None,Low
426,0,1,10,0.0242,NORMAL,None,Medium
426,0,2,20,0.0222,NORMAL,None,Medium
426,0,3,30,0.0254,NORMAL,None,Medium
426,0,4,40,0.0271,NORMAL,None,Low
426,0,5,50,0.0277,NORMAL,None,Low
426,0,6,60,0.0284,NORMAL,None,Low
427,0,1,10,0.0157,NORMAL,None,Medium
427,0,2,20,0.0229,NORMAL,None,Medium
427,0,3,30,0.0226,NORMAL,None,Medium
427,0,4,40,0.0214,NORMAL,None,Low
427,0,5,50,0.0216,NORMAL,None,Low
427,0,6,60,0.0235,NORMAL,None,Low
428,0,1,10,0.0135,NORMAL,None,Medium
428,0,2,20,0.0191,NORMAL,None,Medium
428,0,3,30,0.0245,NORMAL,None,Medium
428,0,4,40,0.0216,NORMAL,None,Low
428,0,5,50,0.0247,NORMAL,None,Low
428,0,6,60,0.0224,NORMAL,None,Low
429,0,1,10,0.0148,NORMAL,None,Medium
429,0,2,20,0.0232,NORMAL,None,Medium
429,0,3,30,0.0242,NORMAL,None,Medium
429,0,4,40,0.0227,NORMAL,None,Low
429,0,5,50,0.0244,NORMAL,None,Low
429,0,6,60,0.0261,NORMAL,None,Low
430,0,1,10,0.0146,NORMAL,None,Medium
430,0,2,20,0.0208,NORMAL,None,Medium
430,0,3,30,0.0203,NORMAL,None,Medium
430,0,4,40,0.0226,NORMAL,None,Low
430,0,5,50,0.0253,NORMAL,None,Low
430,0,6,60,0.0265,NORMAL,None,Low
431,0,1,10,0.0162,NORMAL,None,Medium
431,0,2,20,0.0214,NORMAL,None,Medium
431,0,3,30,0.0217,NORMAL,None,Medium
431,0,4,40,0.025,NORMAL,None,Low
431,0,5,50,0.025,NORMAL,None,Low
431,0,6,60,0.0256,NORMAL,None,Low
432,0,1,10,0.017,NORMAL,None,Medium
432,0,2,20,0.0227,NORMAL,None,Medium
432,0,3,30,0.0227,NORMAL,None,Medium
432,0,4,40,0.0211,NORMAL,None,Low
432,0,5,50,0.0261,NORMAL,None,Low
432,0,6,60,0.0225,NORMAL,None,Low
433,0,1,10,0.0281,NORMAL,None,Medium
433,0,2,20,0.0259,NORMAL,None,Medium
433,0,3,30,0.0251,NORMAL,None,Medium
433,0,4,40,0.0257,NORMAL,None,Low
433,0,5,50,0.0264,NORMAL,None,Low
433,0,6,60,0.0247,NORMAL,None,Low
434,0,1,10,0.0229,NORMAL,None,Medium
434,0,2,20,0.023,NORMAL,None,Medium
434,0,3,30,0.0248,NORMAL,None,Medium
434,0,4,40,0.0256,NORMAL,None,Low
434,0,5,50,0.0251,NORMAL,None,Low
434,0,6,60,0.0236,NORMAL,None,Low
435,0,1,10,0.0175,NORMAL,None,Medium
435,0,2,20,0.023,NORMAL,None,Medium
435,0,3,30,0.024,NORMAL,None,Medium
435,0,4,40,0.0274,NORMAL,None,Low
435,0,5,50,0.0251,NORMAL,None,Low
435,0,6,60,0.0257,NORMAL,None,Low
436,0,1,10,0.014,NORMAL,None,Medium
436,0,2,20,0.0211,NORMAL,None,Medium
436,0,3,30,0.0227,NORMAL,None,Medium
436,0,4,40,0.0228,NORMAL,None,Low
436,0,5,50,0.0225,NORMAL,None,Low
436,0,6,60,0.0234,NORMAL,None,Low
437,0,1,10,0.0146,NORMAL,None,Medium
437,0,2,20,0.0195,NORMAL,None,Medium
437,0,3,30,0.0217,NORMAL,None,Medium
437,0,4,40,0.0232,NORMAL,None,Low
437,0,5,50,0.024,NORMAL,None,Low
437,0,6,60,0.0243,NORMAL,None,Low
438,0,1,10,0.0204,NORMAL,None,Medium
438,0,2,20,0.0222,NORMAL,None,Medium
438,0,3,30,0.0231,NORMAL,None,Medium
438,0,4,40,0.0211,NORMAL,None,Low
438,0,5,50,0.0231,NORMAL,None,Low
438,0,6,60,0.0257,NORMAL,None,Low
439,0,1,10,0.0156,NORMAL,None,Medium
439,0,2,20,0.0195,NORMAL,None,Medium
439,0,3,30,0.0229,NORMAL,None,Medium
439,0,4,40,0.0243,NORMAL,None,Low
439,0,5,50,0.0255,NORMAL,None,Low
439,0,6,60,0.025,NORMAL,None,Low
440,0,1,10,0.0159,NORMAL,None,Medium
440,0,2,20,0.0187,NORMAL,None,Medium
440,0,3,30,0.0223,NORMAL,None,Medium
440,0,4,40,0.0227,NORMAL,None,Low
440,0,5,50,0.0248,NORMAL,None,Low
440,0,6,60,0.0254,NORMAL,None,Low
441,0,1,10,0.0166,NORMAL,None,Medium
441,0,2,20,0.0207,NORMAL,None,Medium
441,0,3,30,0.0226,NORMAL,None,Medium
441,0,4,40,0.0227,NORMAL,None,Low
441,0,5,50,0.0249,NORMAL,None,Low
441,0,6,60,0.0241,NORMAL,None,Low
442,0,1,10,0.0184,NORMAL,None,Medium
442,0,2,20,0.022,NORMAL,None,Medium
442,0,3,30,0.0243,NORMAL,None,Medium
442,0,4,40,0.0238,NORMAL,None,Low
442,0,5,50,0.0247,NORMAL,None,Low
442,0,6,60,0.0259,NORMAL,None,Low
443,0,1,10,0.019,NORMAL,None,Medium
443,0,2,20,0.0217,NORMAL,None,Medium
443,0,3,30,0.0246,NORMAL,None,Medium
443,0,4,40,0.0254,NORMAL,None,Low
443,0,5,50,0.0259,NORMAL,None,Low
443,0,6,60,0.0238,NORMAL,None,Low
444,0,1,10,0.0169,NORMAL,None,Medium
444,0,2,20,0.0226,NORMAL,None,Medium
444,0,3,30,0.0228,NORMAL,None,Medium
444,0,4,40,0.0216,NORMAL,None,Low
444,0,5,50,0.027,NORMAL,None,Low
444,0,6,60,0.0276,NORMAL,None,Low
445,0,1,10,0.0198,NORMAL,None,Medium
445,0,2,20,0.0215,NORMAL,None,Medium
445,0,3,30,0.0211,NORMAL,None,Medium
445,0,4,40,0.024,NORMAL,None,Low
445,0,5,50,0.0245,NORMAL,None,Low
445,0,6,60,0.0248,NORMAL,None,Low
446,0,1,10,0.0216,NORMAL,None,Medium
446,0,2,20,0.0232,NORMAL,None,Medium
446,0,3,30,0.0229,NORMAL,None,Medium
446,0,4,40,0.0236,NORMAL,None,Low
446,0,5,50,0.023,NORMAL,None,Low
446,0,6,60,0.0238,NORMAL,None,Low
447,0,1,10,0.0296,NORMAL,None,Medium
447,0,2,20,0.026,NORMAL,None,Medium
447,0,3,30,0.0237,NORMAL,None,Medium
447,0,4,40,0.0254,NORMAL,None,Low
447,0,5,50,0.0225,NORMAL,None,Low
447,0,6,60,0.0228,NORMAL,None,Low
448,0,1,10,0.0222,NORMAL,None,Medium
448,0,2,20,0.0261,NORMAL,None,Medium
448,0,3,30,0.0246,NORMAL,None,Medium
448,0,4,40,0.0248,NORMAL,None,Low
448,0,5,50,0.0258,NORMAL,None,Low
448,0,6,60,0.027,NORMAL,None,Low
449,0,1,10,0.0215,NORMAL,None,Medium
449,0,2,20,0.0209,NORMAL,None,Medium
449,0,3,30,0.0212,NORMAL,None,Medium
449,0,4,40,0.0234,NORMAL,None,Low
449,0,5,50,0.0248,NORMAL,None,Low
449,0,6,60,0.0267,NORMAL,None,Low
570,0,1,10,0.0166,NORMAL,None,Medium
570,0,2,20,0.0229,NORMAL,None,Medium
570,0,3,30,0.026,NORMAL,None,Medium
570,0,4,40,0.0259,NORMAL,None,Low
570,0,5,50,0.0284,NORMAL,None,Low
570,0,6,60,0.027,NORMAL,None,Low
571,0,1,10,0.0161,NORMAL,None,Medium
571,0,2,20,0.0219,NORMAL,None,Medium
571,0,3,30,0.0243,NORMAL,None,Medium
571,0,4,40,0.0239,NORMAL,None,Low
571,0,5,50,0.0253,NORMAL,None,Low
571,0,6,60,0.0262,NORMAL,None,Low
572,0,1,10,0.0159,NORMAL,None,Medium
572,0,2,20,0.0201,NORMAL,None,Medium
572,0,3,30,0.0242,NORMAL,None,Medium
572,0,4,40,0.0241,NORMAL,None,Low
572,0,5,50,0.0218,NORMAL,None,Low
572,0,6,60,0.0241,NORMAL,None,Low
573,0,1,10,0.0184,NORMAL,None,Medium
573,0,2,20,0.0231,NORMAL,None,Medium
573,0,3,30,0.022,NORMAL,None,Medium
573,0,4,40,0.0224,NORMAL,None,Low
573,0,5,50,0.0233,NORMAL,None,Low
573,0,6,60,0.0251,NORMAL,None,Low
574,0,1,10,0.0171,NORMAL,None,Medium
574,0,2,20,0.0216,NORMAL,None,Medium
574,0,3,30,0.024,NORMAL,None,Medium
574,0,4,40,0.0241,NORMAL,None,Low
574,0,5,50,0.0239,NORMAL,None,Low
574,0,6,60,0.0234,NORMAL,None,Low
575,0,1,10,0.0149,NORMAL,None,Medium
575,0,2,20,0.0205,NORMAL,None,Medium
575,0,3,30,0.0222,NORMAL,None,Medium
575,0,4,40,0.0233,NORMAL,None,Low
575,0,5,50,0.0254,NORMAL,None,Low
575,0,6,60,0.0238,NORMAL,None,Low
576,0,1,10,0.0238,NORMAL,None,Medium
576,0,2,20,0.0271,NORMAL,None,Medium
576,0,3,30,0.0283,NORMAL,None,Medium
576,0,4,40,0.0292,NORMAL,None,Low
576,0,5,50,0.0253,NORMAL,None,Low
576,0,6,60,0.0234,NORMAL,None,Low
577,0,1,10,0.0306,NORMAL,None,Medium
577,0,2,20,0.0273,NORMAL,None,Medium
577,0,3,30,0.0253,NORMAL,None,Medium
577,0,4,40,0.0234,NORMAL,None,Low
577,0,5,50,0.0237,NORMAL,None,Low
577,0,6,60,0.0258,NORMAL,None,Low
578,0,1,10,0.054,NORMAL,None,Medium
578,0,2,20,0.0311,NORMAL,None,Medium
578,0,3,30,0.0256,NORMAL,None,Medium
578,0,4,40,0.0226,NORMAL,None,Low
578,0,5,50,0.0266,NORMAL,None,Low
578,0,6,60,0.0258,NORMAL,None,Low
579,0,1,10,0.035,NORMAL,None,Medium
579,0,2,20,0.0301,NORMAL,None,Medium
579,0,3,30,0.0302,NORMAL,None,Medium
579,0,4,40,0.0277,NORMAL,None,Low
579,0,5,50,0.0247,NORMAL,None,Low
579,0,6,60,0.0269,NORMAL,None,Low
580,0,1,10,0.0247,NORMAL,None,Medium
580,0,2,20,0.0244,NORMAL,None,Medium
580,0,3,30,0.0246,NORMAL,None,Medium
580,0,4,40,0.0254,NORMAL,None,Low
580,0,5,50,0.029,NORMAL,None,Low
580,0,6,60,0.0283,NORMAL,None,Low
581,0,1,10,0.018,NORMAL,None,Medium
581,0,2,20,0.0202,NORMAL,None,Medium
581,0,3,30,0.0223,NORMAL,None,Medium
581,0,4,40,0.0236,NORMAL,None,Low
581,0,5,50,0.0252,NORMAL,None,Low
581,0,6,60,0.0254,NORMAL,None,Low
582,0,1,10,0.0201,NORMAL,None,Medium
582,0,2,20,0.0228,NORMAL,None,Medium
582,0,3,30,0.0233,NORMAL,None,Medium
582,0,4,40,0.0247,NORMAL,None,Low
582,0,5,50,0.027,NORMAL,None,Low
582,0,6,60,0.0244,NORMAL,None,Low
583,0,1,10,0.0224,NORMAL,None,Medium
583,0,2,20,0.0242,NORMAL,None,Medium
583,0,3,30,0.024,NORMAL,None,Medium
583,0,4,40,0.0242,NORMAL,None,Low
583,0,5,50,0.0249,NORMAL,None,Low
583,0,6,60,0.0259,NORMAL,None,Low
584,0,1,10,0.0238,NORMAL,None,Medium
584,0,2,20,0.0212,NORMAL,None,Medium
584,0,3,30,0.0251,NORMAL,None,Medium
584,0,4,40,0.0239,NORMAL,None,Low
584,0,5,50,0.0249,NORMAL,None,Low
584,0,6,60,0.0238,NORMAL,None,Low
585,0,1,10,0.0199,NORMAL,None,Medium
585,0,2,20,0.0211,NORMAL,None,Medium
585,0,3,30,0.024,NORMAL,None,Medium
585,0,4,40,0.0239,NORMAL,None,Low
585,0,5,50,0.0223,NORMAL,None,Low
585,0,6,60,0.0229,NORMAL,None,Low
586,0,1,10,0.0342,NORMAL,None,Medium
586,0,2,20,0.0261,NORMAL,None,Medium
586,0,3,30,0.0266,NORMAL,None,Medium
586,0,4,40,0.0251,NORMAL,None,Low
586,0,5,50,0.0261,NORMAL,None,Low
586,0,6,60,0.0272,NORMAL,None,Low
587,0,1,10,0.0256,NORMAL,None,Medium
587,0,2,20,0.0229,NORMAL,None,Medium
587,0,3,30,0.0257,NORMAL,None,Medium
587,0,4,40,0.0262,NORMAL,None,Low
587,0,5,50,0.0244,NORMAL,None,Low
587,0,6,60,0.0269,NORMAL,None,Low
588,0,1,10,0.0172,NORMAL,None,Medium
588,0,2,20,0.0225,NORMAL,None,Medium
588,0,3,30,0.025,NORMAL,None,Medium
588,0,4,40,0.026,NORMAL,None,Low
588,0,5,50,0.0238,NORMAL,None,Low
588,0,6,60,0.0236,NORMAL,None,Low
589,0,1,10,0.0151,NORMAL,None,Medium
589,0,2,20,0.0213,NORMAL,None,Medium
589,0,3,30,0.0237,NORMAL,None,Medium
589,0,4,40,0.0236,NORMAL,None,Low
589,0,5,50,0.0224,NORMAL,None,Low
589,0,6,60,0.0253,NORMAL,None,Low
590,0,1,10,0.0171,NORMAL,None,Medium
590,0,2,20,0.0242,NORMAL,None,Medium
590,0,3,30,0.0225,NORMAL,None,Medium
590,0,4,40,0.0247,NORMAL,None,Low
590,0,5,50,0.0245,NORMAL,None,Low
590,0,6,60,0.0246,NORMAL,None,Low
591,0,1,10,0.0177,NORMAL,None,Medium
591,0,2,20,0.0225,NORMAL,None,Medium
591,0,3,30,0.0227,NORMAL,None,Medium
591,0,4,40,0.0251,NORMAL,None,Low
591,0,5,50,0.0261,NORMAL,None,Low
591,0,6,60,0.0259,NORMAL,None,Low
592,0,1,10,0.0217,NORMAL,None,Medium
592,0,2,20,0.0235,NORMAL,None,Medium
592,0,3,30,0.025,NORMAL,None,Medium
592,0,4,40,0.0279,NORMAL,None,Low
592,0,5,50,0.0242,NORMAL,None,Low
592,0,6,60,0.0264,NORMAL,None,Low
593,0,1,10,0.0172,NORMAL,None,Medium
593,0,2,20,0.0216,NORMAL,None,Medium
593,0,3,30,0.0222,NORMAL,None,Medium
593,0,4,40,0.0259,NORMAL,None,Low
593,0,5,50,0.0253,NORMAL,None,Low
593,0,6,60,0.0268,NORMAL,None,Low
594,0,1,10,0.0199,NORMAL,None,Medium
594,0,2,20,0.0239,NORMAL,None,Medium
594,0,3,30,0.0241,NORMAL,None,Medium
594,0,4,40,0.0246,NORMAL,None,Low
594,0,5,50,0.0244,NORMAL,None,Low
594,0,6,60,0.025,NORMAL,None,Low
595,0,1,10,0.0192,NORMAL,None,Medium
595,0,2,20,0.0225,NORMAL,None,Medium
595,0,3,30,0.0238,NORMAL,None,Medium
595,0,4,40,0.0261,NORMAL,None,Low
595,0,5,50,0.025,NORMAL,None,Low
595,0,6,60,0.027,NORMAL,None,Low
596,0,1,10,0.016,NORMAL,None,Medium
596,0,2,20,0.023,NORMAL,None,Medium
596,0,3,30,0.0222,NORMAL,None,Medium
596,0,4,40,0.024,NORMAL,None,Low
596,0,5,50,0.0268,NORMAL,None,Low
596,0,6,60,0.0259,NORMAL,None,Low
597,0,1,10,0.016,NORMAL,None,Medium
597,0,2,20,0.0209,NORMAL,None,Medium
597,0,3,30,0.0247,NORMAL,None,Medium
597,0,4,40,0.0258,NORMAL,None,Low
597,0,5,50,0.0277,NORMAL,None,Low
597,0,6,60,0.0272,NORMAL,None,Low
598,0,1,10,0.0168,NORMAL,None,Medium
598,0,2,20,0.0202,NORMAL,None,Medium
598,0,3,30,0.0247,NORMAL,None,Medium
598,0,4,40,0.0263,NORMAL,None,Low
598,0,5,50,0.0265,NORMAL,None,Low
598,0,6,60,0.0263,NORMAL,None,Low
599,0,1,10,0.0181,NORMAL,None,Medium
599,0,2,20,0.0214,NORMAL,None,Medium
599,0,3,30,0.0254,NORMAL,None,Medium
599,0,4,40,0.026,NORMAL,None,Low
599,0,5,50,0.0294,NORMAL,None,Low
599,0,6,60,0.0243,NORMAL,None,Low
720,0,1,10,0.0205,NORMAL,None,Medium
720,0,2,20,0.0221,NORMAL,None,Medium
720,0,3,30,0.0234,NORMAL,None,Medium
720,0,4,40,0.0237,NORMAL,None,Low
720,0,5,50,0.0246,NORMAL,None,Low
720,0,6,60,0.0251,NORMAL,None,Low
721,0,1,10,0.017,NORMAL,None,Medium
721,0,2,20,0.022,NORMAL,None,Medium
721,0,3,30,0.025,NORMAL,None,Medium
721,0,4,40,0.024,NORMAL,None,Low
721,0,5,50,0.0253,NORMAL,None,Low
721,0,6,60,0.0271,NORMAL,None,Low
722,0,1,10,0.0148,NORMAL,None,Medium
722,0,2,20,0.0198,NORMAL,None,Medium
722,0,3,30,0.0232,NORMAL,None,Medium
722,0,4,40,0.0246,NORMAL,None,Low
722,0,5,50,0.0222,NORMAL,None,Low
722,0,6,60,0.0243,NORMAL,None,Low
723,0,1,10,0.0147,NORMAL,None,Medium
723,0,2,20,0.022,NORMAL,None,Medium
723,0,3,30,0.0243,NORMAL,None,Medium
723,0,4,40,0.0216,NORMAL,None,Low
723,0,5,50,0.0243,NORMAL,None,Low
723,0,6,60,0.0248,NORMAL,None,Low
724,0,1,10,0.0144,NORMAL,None,Medium
724,0,2,20,0.02,NORMAL,None,Medium
724,0,3,30,0.0223,NORMAL,None,Medium
724,0,4,40,0.0246,NORMAL,None,Low
724,0,5,50,0.024,NORMAL,None,Low
724,0,6,60,0.0256,NORMAL,None,Low
725,0,1,10,0.0145,NORMAL,None,Medium
725,0,2,20,0.0221,NORMAL,None,Medium
725,0,3,30,0.0255,NORMAL,None,Medium
725,0,4,40,0.0254,NORMAL,None,Low
725,0,5,50,0.0232,NORMAL,None,Low
725,0,6,60,0.0257,NORMAL,None,Low
726,0,1,10,0.0162,NORMAL,None,Medium
726,0,2,20,0.0228,NORMAL,None,Medium
726,0,3,30,0.0261,NORMAL,None,Medium
726,0,4,40,0.0237,NORMAL,None,Low
726,0,5,50,0.0259,NORMAL,None,Low
726,0,6,60,0.0232,NORMAL,None,Low
727,0,1,10,0.0212,NORMAL,None,Medium
727,0,2,20,0.0236,NORMAL,None,Medium
727,0,3,30,0.0278,NORMAL,None,Medium
727,0,4,40,0.024,NORMAL,None,Low
727,0,5,50,0.0251,NORMAL,None,Low
727,0,6,60,0.0237,NORMAL,None,Low
728,0,1,10,0.0178,NORMAL,None,Medium
728,0,2,20,0.0228,NORMAL,None,Medium
728,0,3,30,0.0252,NORMAL,None,Medium
728,0,4,40,0.0235,NORMAL,None,Low
728,0,5,50,0.0252,NORMAL,None,Low
728,0,6,60,0.0246,NORMAL,None,Low
729,0,1,10,0.0143,NORMAL,None,Medium
729,0,2,20,0.0196,NORMAL,None,Medium
729,0,3,30,0.0225,NORMAL,None,Medium
729,0,4,40,0.0247,NORMAL,None,Low
729,0,5,50,0.025,NORMAL,None,Low
729,0,6,60,0.0258,NORMAL,None,Low
730,0,1,10,0.0152,NORMAL,None,Medium
730,0,2,20,0.02,NORMAL,None,Medium
730,0,3,30,0.0252,NORMAL,None,Medium
730,0,4,40,0.0236,NORMAL,None,Low
730,0,5,50,0.0249,NORMAL,None,Low
730,0,6,60,0.0223,NORMAL,None,Low
731,0,1,10,0.0147,NORMAL,None,Medium
731,0,2,20,0.0215,NORMAL,None,Medium
731,0,3,30,0.0242,NORMAL,None,Medium
731,0,4,40,0.024,NORMAL,None,Low
731,0,5,50,0.0272,NORMAL,None,Low
731,0,6,60,0.0271,NORMAL,None,Low
732,0,1,10,0.0161,NORMAL,None,Medium
732,0,2,20,0.0213,NORMAL,None,Medium
732,0,3,30,0.0235,NORMAL,None,Medium
732,0,4,40,0.0243,NORMAL,None,Low
732,0,5,50,0.0252,NORMAL,None,Low
732,0,6,60,0.0222,NORMAL,None,Low
733,0,1,10,0.0156,NORMAL,None,Medium
733,0,2,20,0.0214,NORMAL,None,Medium
733,0,3,30,0.0245,NORMAL,None,Medium
733,0,4,40,0.023,NORMAL,None,Low
733,0,5,50,0.0234,NORMAL,None,Low
733,0,6,60,0.0254,NORMAL,None,Low
734,0,1,10,0.0143,NORMAL,None,Medium
734,0,2,20,0.0211,NORMAL,None,Medium
734,0,3,30,0.0226,NORMAL,None,Medium
734,0,4,40,0.0243,NORMAL,None,Low
734,0,5,50,0.0242,NORMAL,None,Low
734,0,6,60,0.0261,NORMAL,None,Low
735,0,1,10,0.0154,NORMAL,None,Medium
735,0,2,20,0.0199,NORMAL,None,Medium
735,0,3,30,0.0246,NORMAL,None,Medium
735,0,4,40,0.024,NORMAL,None,Low
735,0,5,50,0.0248,NORMAL,None,Low
735,0,6,60,0.0233,NORMAL,None,Low
736,0,1,10,0.0165,NORMAL,None,Medium
736,0,2,20,0.0205,NORMAL,None,Medium
736,0,3,30,0.0231,NORMAL,None,Medium
736,0,4,40,0.0237,NORMAL,None,Low
736,0,5,50,0.027,NORMAL,None,Low
736,0,6,60,0.0264,NORMAL,None,Low
737,0,1,10,0.0148,NORMAL,None,Medium
737,0,2,20,0.0193,NORMAL,None,Medium
737,0,3,30,0.0251,NORMAL,None,Medium
737,0,4,40,0.0258,NORMAL,None,Low
737,0,5,50,0.0257,NORMAL,None,Low
737,0,6,60,0.0263,NORMAL,None,Low
738,0,1,10,0.0163,NORMAL,None,Medium
738,0,2,20,0.02,NORMAL,None,Medium
738,0,3,30,0.0237,NORMAL,None,Medium
738,0,4,40,0.0242,NORMAL,None,Low
738,0,5,50,0.0273,NORMAL,None,Low
738,0,6,60,0.0259,NORMAL,None,Low
739,0,1,10,0.0155,NORMAL,None,Medium
739,0,2,20,0.0216,NORMAL,None,Medium
739,0,3,30,0.0226,NORMAL,None,Medium
739,0,4,40,0.0257,NORMAL,None,Low
739,0,5,50,0.0239,NORMAL,None,Low
739,0,6,60,0.0263,NORMAL,None,Low
740,0,1,10,0.0144,NORMAL,None,Medium
740,0,2,20,0.0211,NORMAL,None,Medium
740,0,3,30,0.025,NORMAL,None,Medium
740,0,4,40,0.0227,NORMAL,None,Low
740,0,5,50,0.024,NORMAL,None,Low
740,0,6,60,0.0251,NORMAL,None,Low
741,0,1,10,0.0176,NORMAL,None,Medium
741,0,2,20,0.0218,NORMAL,None,Medium
741,0,3,30,0.0217,NORMAL,None,Medium
741,0,4,40,0.0245,NORMAL,None,Low
741,0,5,50,0.025,NORMAL,None,Low
741,0,6,60,0.0252,NORMAL,None,Low
742,0,1,10,0.0156,NORMAL,None,Medium
742,0,2,20,0.0202,NORMAL,None,Medium
742,0,3,30,0.0244,NORMAL,None,Medium
742,0,4,40,0.0254,NORMAL,None,Low
742,0,5,50,0.0274,NORMAL,None,Low
742,0,6,60,0.0245,NORMAL,None,Low
743,0,1,10,0.0129,NORMAL,None,Medium
743,0,2,20,0.0201,NORMAL,None,Medium
743,0,3,30,0.0236,NORMAL,None,Medium
743,0,4,40,0.024,NORMAL,None,Low
743,0,5,50,0.0261,NORMAL,None,Low
743,0,6,60,0.0245,NORMAL,None,Low
744,0,1,10,0.017,NORMAL,None,Medium
744,0,2,20,0.0235,NORMAL,None,Medium
744,0,3,30,0.0229,NORMAL,None,Medium
744,0,4,40,0.0235,NORMAL,None,Low
744,0,5,50,0.0267,NORMAL,None,Low
744,0,6,60,0.0245,NORMAL,None,Low
745,0,1,10,0.0177,NORMAL,None,Medium
745,0,2,20,0.0195,NORMAL,None,Medium
745,0,3,30,0.0228,NORMAL,None,Medium
745,0,4,40,0.0233,NORMAL,None,Low
745,0,5,50,0.0266,NORMAL,None,Low
745,0,6,60,0.0247,NORMAL,None,Low
746,0,1,10,0.0186,NORMAL,None,Medium
746,0,2,20,0.0216,NORMAL,None,Medium
746,0,3,30,0.0257,NORMAL,None,Medium
746,0,4,40,0.0252,NORMAL,None,Low
746,0,5,50,0.0233,NORMAL,None,Low
746,0,6,60,0.0268,NORMAL,None,Low
747,0,1,10,0.0185,NORMAL,None,Medium
747,0,2,20,0.0197,NORMAL,None,Medium
747,0,3,30,0.0233,NORMAL,None,Medium
747,0,4,40,0.0243,NORMAL,None,Low
747,0,5,50,0.0267,NORMAL,None,Low
747,0,6,60,0.027,NORMAL,None,Low
748,0,1,10,0.0207,NORMAL,None,Medium
748,0,2,20,0.0256,NORMAL,None,Medium
748,0,3,30,0.0252,NORMAL,None,Medium
748,0,4,40,0.0237,NORMAL,None,Low
748,0,5,50,0.0232,NORMAL,None,Low
748,0,6,60,0.024,NORMAL,None,Low
749,0,1,10,0.0188,NORMAL,None,Medium
749,0,2,20,0.0228,NORMAL,None,Medium
749,0,3,30,0.0223,NORMAL,None,Medium
749,0,4,40,0.0254,NORMAL,None,Low
749,0,5,50,0.0263,NORMAL,None,Low
749,0,6,60,0.0267,NORMAL,None,Low
870,0,1,10,0.0134,NORMAL,None,Medium
870,0,2,20,0.0201,NORMAL,None,Medium
870,0,3,30,0.0232,NORMAL,None,Medium
870,0,4,40,0.0263,NORMAL,None,Low
870,0,5,50,0.0255,NORMAL,None,Low
870,0,6,60,0.0237,NORMAL,None,Low
871,0,1,10,0.0144,NORMAL,None,Medium
871,0,2,20,0.0195,NORMAL,None,Medium
871,0,3,30,0.022,NORMAL,None,Medium
871,0,4,40,0.0213,NORMAL,None,Low
871,0,5,50,0.0223,NORMAL,None,Low
871,0,6,60,0.0235,NORMAL,None,Low
872,0,1,10,0.0152,NORMAL,None,Medium
872,0,2,20,0.0213,NORMAL,None,Medium
872,0,3,30,0.0222,NORMAL,None,Medium
872,0,4,40,0.0239,NORMAL,None,Low
872,0,5,50,0.024,NORMAL,None,Low
872,0,6,60,0.024,NORMAL,None,Low
873,0,1,10,0.0133,NORMAL,None,Medium
873,0,2,20,0.0219,NORMAL,None,Medium
873,0,3,30,0.0232,NORMAL,None,Medium
873,0,4,40,0.0237,NORMAL,None,Low
873,0,5,50,0.0259,NORMAL,None,Low
873,0,6,60,0.0282,NORMAL,None,Low
874,0,1,10,0.0134,NORMAL,None,Medium
874,0,2,20,0.0211,NORMAL,None,Medium
874,0,3,30,0.0229,NORMAL,None,Medium
874,0,4,40,0.0226,NORMAL,None,Low
874,0,5,50,0.0258,NORMAL,None,Low
874,0,6,60,0.0247,NORMAL,None,Low
875,0,1,10,0.0146,NORMAL,None,Medium
875,0,2,20,0.0186,NORMAL,None,Medium
875,0,3,30,0.0204,NORMAL,None,Medium
875,0,4,40,0.0238,NORMAL,None,Low
875,0,5,50,0.0248,NORMAL,None,Low
875,0,6,60,0.0229,NORMAL,None,Low
876,0,1,10,0.0139,NORMAL,None,Medium
876,0,2,20,0.0188,NORMAL,None,Medium
876,0,3,30,0.0229,NORMAL,None,Medium
876,0,4,40,0.0223,NORMAL,None,Low
876,0,5,50,0.024,NORMAL,None,Low
876,0,6,60,0.024,NORMAL,None,Low
877,0,1,10,0.0163,NORMAL,None,Medium
877,0,2,20,0.0222,NORMAL,None,Medium
877,0,3,30,0.0233,NORMAL,None,Medium
877,0,4,40,0.0236,NORMAL,None,Low
877,0,5,50,0.025,NORMAL,None,Low
877,0,6,60,0.0251,NORMAL,None,Low
878,0,1,10,0.0138,NORMAL,None,Medium
878,0,2,20,0.0185,NORMAL,None,Medium
878,0,3,30,0.0239,NORMAL,None,Medium
878,0,4,40,0.0247,NORMAL,None,Low
878,0,5,50,0.0217,NORMAL,None,Low
878,0,6,60,0.0242,NORMAL,None,Low
879,0,1,10,0.0152,NORMAL,None,Medium
879,0,2,20,0.0215,NORMAL,None,Medium
879,0,3,30,0.0211,NORMAL,None,Medium
879,0,4,40,0.0239,NORMAL,None,Low
879,0,5,50,0.0246,NORMAL,None,Low
879,0,6,60,0.0266,NORMAL,None,Low
880,0,1,10,0.0155,NORMAL,None,Medium
880,0,2,20,0.0218,NORMAL,None,Medium
880,0,3,30,0.0225,NORMAL,None,Medium
880,0,4,40,0.0222,NORMAL,None,Low
880,0,5,50,0.0248,NORMAL,None,Low
880,0,6,60,0.0234,NORMAL,None,Low
881,0,1,10,0.0173,NORMAL,None,Medium
881,0,2,20,0.0203,NORMAL,None,Medium
881,0,3,30,0.0228,NORMAL,None,Medium
881,0,4,40,0.0235,NORMAL,None,Low
881,0,5,50,0.0234,NORMAL,None,Low
881,0,6,60,0.0237,NORMAL,None,Low
882,0,1,10,0.0189,NORMAL,None,Medium
882,0,2,20,0.0217,NORMAL,None,Medium
882,0,3,30,0.0204,NORMAL,None,Medium
882,0,4,40,0.0226,NORMAL,None,Low
882,0,5,50,0.026,NORMAL,None,Low
882,0,6,60,0.026,NORMAL,None,Low
883,0,1,10,0.0173,NORMAL,None,Medium
883,0,2,20,0.0208,NORMAL,None,Medium
883,0,3,30,0.0226,NORMAL,None,Medium
883,0,4,40,0.0223,NORMAL,None,Low
883,0,5,50,0.0253,NORMAL,None,Low
883,0,6,60,0.0252,NORMAL,None,Low
884,0,1,10,0.0164,NORMAL,None,Medium
884,0,2,20,0.0193,NORMAL,None,Medium
884,0,3,30,0.0225,NORMAL,None,Medium
884,0,4,40,0.0227,NORMAL,None,Low
884,0,5,50,0.0237,NORMAL,None,Low
884,0,6,60,0.0244,NORMAL,None,Low
885,0,1,10,0.0157,NORMAL,None,Medium
885,0,2,20,0.0192,NORMAL,None,Medium
885,0,3,30,0.0233,NORMAL,None,Medium
885,0,4,40,0.0255,NORMAL,None,Low
885,0,5,50,0.0246,NORMAL,None,Low
885,0,6,60,0.0266,NORMAL,None,Low
886,0,1,10,0.0176,NORMAL,None,Medium
886,0,2,20,0.0209,NORMAL,None,Medium
886,0,3,30,0.022,NORMAL,None,Medium
886,0,4,40,0.0255,NORMAL,None,Low
886,0,5,50,0.0241,NORMAL,None,Low
886,0,6,60,0.0235,NORMAL,None,Low
887,0,1,10,0.0193,NORMAL,None,Medium
887,0,2,20,0.0225,NORMAL,None,Medium
887,0,3,30,0.0248,NORMAL,None,Medium
887,0,4,40,0.0253,NORMAL,None,Low
887,0,5,50,0.0247,NORMAL,None,Low
887,0,6,60,0.0238,NORMAL,None,Low
888,0,1,10,0.0232,NORMAL,None,Medium
888,0,2,20,0.0238,NORMAL,None,Medium
888,0,3,30,0.0187,NORMAL,None,Medium
888,0,4,40,0.0228,NORMAL,None,Low
888,0,5,50,0.024,NORMAL,None,Low
888,0,6,60,0.023,NORMAL,None,Low
889,0,1,10,0.0219,NORMAL,None,Medium
889,0,2,20,0.0211,NORMAL,None,Medium
889,0,3,30,0.0252,NORMAL,None,Medium
889,0,4,40,0.0246,NORMAL,None,Low
889,0,5,50,0.0265,NORMAL,None,Low
889,0,6,60,0.0257,NORMAL,None,Low
890,0,1,10,0.0152,NORMAL,None,Medium
890,0,2,20,0.021,NORMAL,None,Medium
890,0,3,30,0.0223,NORMAL,None,Medium
890,0,4,40,0.0229,NORMAL,None,Low
890,0,5,50,0.0234,NORMAL,None,Low
890,0,6,60,0.0255,NORMAL,None,Low
891,0,1,10,0.0156,NORMAL,None,Medium
891,0,2,20,0.0207,NORMAL,None,Medium
891,0,3,30,0.0231,NORMAL,None,Medium
891,0,4,40,0.0246,NORMAL,None,Low
891,0,5,50,0.0243,NORMAL,None,Low
891,0,6,60,0.0243,NORMAL,None,Low
892,0,1,10,0.0152,NORMAL,None,Medium
892,0,2,20,0.0218,NORMAL,None,Medium
892,0,3,30,0.0239,NORMAL,None,Medium
892,0,4,40,0.026,NORMAL,None,Low
892,0,5,50,0.0237,NORMAL,None,Low
892,0,6,60,0.0237,NORMAL,None,Low
893,0,1,10,0.0155,NORMAL,None,Medium
893,0,2,20,0.0222,NORMAL,None,Medium
893,0,3,30,0.0237,NORMAL,None,Medium
893,0,4,40,0.0231,NORMAL,None,Low
893,0,5,50,0.024,NORMAL,None,Low
893,0,6,60,0.0265,NORMAL,None,Low
894,0,1,10,0.017,NORMAL,None,Medium
894,0,2,20,0.0217,NORMAL,None,Medium
894,0,3,30,0.0229,NORMAL,None,Medium
894,0,4,40,0.0222,NORMAL,None,Low
894,0,5,50,0.0257,NORMAL,None,Low
894,0,6,60,0.0219,NORMAL,None,Low
895,0,1,10,0.0171,NORMAL,None,Medium
895,0,2,20,0.022,NORMAL,None,Medium
895,0,3,30,0.0231,NORMAL,None,Medium
895,0,4,40,0.0229,NORMAL,None,Low
895,0,5,50,0.0239,NORMAL,None,Low
895,0,6,60,0.0243,NORMAL,None,Low
896,0,1,10,0.0185,NORMAL,None,Medium
896,0,2,20,0.0207,NORMAL,None,Medium
896,0,3,30,0.0232,NORMAL,None,Medium
896,0,4,40,0.0246,NORMAL,None,Low
896,0,5,50,0.0234,NORMAL,None,Low
896,0,6,60,0.0231,NORMAL,None,Low
897,0,1,10,0.0267,NORMAL,None,Medium
897,0,2,20,0.0234,NORMAL,None,Medium
897,0,3,30,0.0235,NORMAL,None,Medium
897,0,4,40,0.0244,NORMAL,None,Low
897,0,5,50,0.0247,NORMAL,None,Low
897,0,6,60,0.0256,NORMAL,None,Low
898,0,1,10,0.0708,NORMAL,None,Medium
898,0,2,20,0.0442,NORMAL,None,Medium
898,0,3,30,0.0311,NORMAL,None,Medium
898,0,4,40,0.0312,NORMAL,None,Low
898,0,5,50,0.0306,NORMAL,None,Low
898,0,6,60,0.029,NORMAL,None,Low
899,0,1,10,0.0637,NORMAL,None,Medium
899,0,2,20,0.0332,NORMAL,None,Medium
899,0,3,30,0.0308,NORMAL,None,Medium
899,0,4,40,0.0281,NORMAL,None,Low
899,0,5,50,0.0284,NORMAL,None,Low
899,0,6,60,0.0286,NORMAL,None,Low
1020,0,1,10,0.0165,NORMAL,None,Medium
1020,0,2,20,0.0207,NORMAL,None,Medium
1020,0,3,30,0.0213,NORMAL,None,Medium
1020,0,4,40,0.0233,NORMAL,None,Low
1020,0,5,50,0.0246,NORMAL,None,Low
1020,0,6,60,0.0245,NORMAL,None,Low
1021,0,1,10,0.0204,NORMAL,None,Medium
1021,0,2,20,0.0216,NORMAL,None,Medium
1021,0,3,30,0.0226,NORMAL,None,Medium
1021,0,4,40,0.0232,NORMAL,None,Low
1021,0,5,50,0.0244,NORMAL,None,Low
1021,0,6,60,0.0233,NORMAL,None,Low
1022,0,1,10,0.0177,NORMAL,None,Medium
1022,0,2,20,0.022,NORMAL,None,Medium
1022,0,3,30,0.0232,NORMAL,None,Medium
1022,0,4,40,0.0231,NORMAL,None,Low
1022,0,5,50,0.0262,NORMAL,None,Low
1022,0,6,60,0.0265,NORMAL,None,Low
1023,0,1,10,0.0159,NORMAL,None,Medium
1023,0,2,20,0.0207,NORMAL,None,Medium
1023,0,3,30,0.0234,NORMAL,None,Medium
1023,0,4,40,0.0245,NORMAL,None,Low
1023,0,5,50,0.0233,NORMAL,None,Low
1023,0,6,60,0.0223,NORMAL,None,Low
1024,0,1,10,0.0148,NORMAL,None,Medium
1024,0,2,20,0.022,NORMAL,None,Medium
1024,0,3,30,0.02,NORMAL,None,Medium
1024,0,4,40,0.0236,NORMAL,None,Low
1024,0,5,50,0.0269,NORMAL,None,Low
1024,0,6,60,0.022,NORMAL,None,Low
1025,0,1,10,0.014,NORMAL,None,Medium
1025,0,2,20,0.0204,NORMAL,None,Medium
1025,0,3,30,0.0221,NORMAL,None,Medium
1025,0,4,40,0.0246,NORMAL,None,Low
1025,0,5,50,0.0248,NORMAL,None,Low
1025,0,6,60,0.0247,NORMAL,None,Low
1026,0,1,10,0.016,NORMAL,None,Medium
1026,0,2,20,0.0207,NORMAL,None,Medium
1026,0,3,30,0.0211,NORMAL,None,Medium
1026,0,4,40,0.0238,NORMAL,None,Low
1026,0,5,50,0.0252,NORMAL,None,Low
1026,0,6,60,0.0249,NORMAL,None,Low
1027,0,1,10,0.016,NORMAL,None,Medium
1027,0,2,20,0.0199,NORMAL,None,Medium
1027,0,3,30,0.0226,NORMAL,None,Medium
1027,0,4,40,0.0232,NORMAL,None,Low
1027,0,5,50,0.0263,NORMAL,None,Low
1027,0,6,60,0.028,NORMAL,None,Low
1028,0,1,10,0.018,NORMAL,None,Medium
1028,0,2,20,0.0225,NORMAL,None,Medium
1028,0,3,30,0.0216,NORMAL,None,Medium
1028,0,4,40,0.0229,NORMAL,None,Low
1028,0,5,50,0.0269,NORMAL,None,Low
1028,0,6,60,0.0253,NORMAL,None,Low
1029,0,1,10,0.0151,NORMAL,None,Medium
1029,0,2,20,0.0201,NORMAL,None,Medium
1029,0,3,30,0.0234,NORMAL,None,Medium
1029,0,4,40,0.022,NORMAL,None,Low
1029,0,5,50,0.0226,NORMAL,None,Low
1029,0,6,60,0.0247,NORMAL,None,Low
1030,0,1,10,0.0168,NORMAL,None,Medium
1030,0,2,20,0.021,NORMAL,None,Medium
1030,0,3,30,0.0234,NORMAL,None,Medium
1030,0,4,40,0.0255,NORMAL,None,Low
1030,0,5,50,0.0231,NORMAL,None,Low
1030,0,6,60,0.0225,NORMAL,None,Low
1031,0,1,10,0.0161,NORMAL,None,Medium
1031,0,2,20,0.0208,NORMAL,None,Medium
1031,0,3,30,0.023,NORMAL,None,Medium
1031,0,4,40,0.0232,NORMAL,None,Low
1031,0,5,50,0.0245,NORMAL,None,Low
1031,0,6,60,0.0255,NORMAL,None,Low
1032,0,1,10,0.015,NORMAL,None,Medium
1032,0,2,20,0.0191,NORMAL,None,Medium
1032,0,3,30,0.0222,NORMAL,None,Medium
1032,0,4,40,0.0224,NORMAL,None,Low
1032,0,5,50,0.0236,NORMAL,None,Low
1032,0,6,60,0.0238,NORMAL,None,Low
1033,0,1,10,0.0181,NORMAL,None,Medium
1033,0,2,20,0.0234,NORMAL,None,Medium
1033,0,3,30,0.024,NORMAL,None,Medium
1033,0,4,40,0.0232,NORMAL,None,Low
1033,0,5,50,0.0265,NORMAL,None,Low
1033,0,6,60,0.0255,NORMAL,None,Low
1034,0,1,10,0.0179,NORMAL,None,Medium
1034,0,2,20,0.0199,NORMAL,None,Medium
1034,0,3,30,0.0216,NORMAL,None,Medium
1034,0,4,40,0.0237,NORMAL,None,Low
1034,0,5,50,0.0246,NORMAL,None,Low
1034,0,6,60,0.0262,NORMAL,None,Low
1035,0,1,10,0.0164,NORMAL,None,Medium
1035,0,2,20,0.0208,NORMAL,None,Medium
1035,0,3,30,0.0224,NORMAL,None,Medium
1035,0,4,40,0.0227,NORMAL,None,Low
1035,0,5,50,0.0255,NORMAL,None,Low
1035,0,6,60,0.0231,NORMAL,None,Low
1036,0,1,10,0.0168,NORMAL,None,Medium
1036,0,2,20,0.0211,NORMAL,None,Medium
1036,0,3,30,0.0236,NORMAL,None,Medium
1036,0,4,40,0.0266,NORMAL,None,Low
1036,0,5,50,0.0232,NORMAL,None,Low
1036,0,6,60,0.0244,NORMAL,None,Low
1037,0,1,10,0.0171,NORMAL,None,Medium
1037,0,2,20,0.0218,NORMAL,None,Medium
1037,0,3,30,0.0222,NORMAL,None,Medium
1037,0,4,40,0.024,NORMAL,None,Low
1037,0,5,50,0.0265,NORMAL,None,Low
1037,0,6,60,0.0265,NORMAL,None,Low
1038,0,1,10,0.0184,NORMAL,None,Medium
1038,0,2,20,0.0226,NORMAL,None,Medium
1038,0,3,30,0.0237,NORMAL,None,Medium
1038,0,4,40,0.023,NORMAL,None,Low
1038,0,5,50,0.025,NORMAL,None,Low
1038,0,6,60,0.0257,NORMAL,None,Low
1039,0,1,10,0.0183,NORMAL,None,Medium
1039,0,2,20,0.0223,NORMAL,None,Medium
1039,0,3,30,0.0232,NORMAL,None,Medium
1039,0,4,40,0.0241,NORMAL,None,Low
1039,0,5,50,0.0244,NORMAL,None,Low
1039,0,6,60,0.0293,NORMAL,None,Low
1040,0,1,10,0.0165,NORMAL,None,Medium
1040,0,2,20,0.0215,NORMAL,None,Medium
1040,0,3,30,0.0216,NORMAL,None,Medium
1040,0,4,40,0.0234,NORMAL,None,Low
1040,0,5,50,0.0245,NORMAL,None,Low
1040,0,6,60,0.0255,NORMAL,None,Low
1041,0,1,10,0.0168,NORMAL,None,Medium
1041,0,2,20,0.0226,NORMAL,None,Medium
1041,0,3,30,0.0217,NORMAL,None,Medium
1041,0,4,40,0.0252,NORMAL,None,Low
1041,0,5,50,0.0239,NORMAL,None,Low
1041,0,6,60,0.0269,NORMAL,None,Low
1042,0,1,10,0.0149,NORMAL,None,Medium
1042,0,2,20,0.0198,NORMAL,None,Medium
1042,0,3,30,0.0223,NORMAL,None,Medium
1042,0,4,40,0.0254,NORMAL,None,Low
1042,0,5,50,0.027,NORMAL,None,Low
1042,0,6,60,0.029,NORMAL,None,Low
1043,0,1,10,0.0174,NORMAL,None,Medium
1043,0,2,20,0.0213,NORMAL,None,Medium
1043,0,3,30,0.0227,NORMAL,None,Medium
1043,0,4,40,0.0204,NORMAL,None,Low
1043,0,5,50,0.0237,NORMAL,None,Low
1043,0,6,60,0.0248,NORMAL,None,Low
1044,0,1,10,0.0175,NORMAL,None,Medium
1044,0,2,20,0.022,NORMAL,None,Medium
1044,0,3,30,0.0212,NORMAL,None,Medium
1044,0,4,40,0.0217,NORMAL,None,Low
1044,0,5,50,0.025,NORMAL,None,Low
1044,0,6,60,0.0232,NORMAL,None,Low
1045,0,1,10,0.0172,NORMAL,None,Medium
1045,0,2,20,0.0211,NORMAL,None,Medium
1045,0,3,30,0.0252,NORMAL,None,Medium
1045,0,4,40,0.0244,NORMAL,None,Low
1045,0,5,50,0.0228,NORMAL,None,Low
1045,0,6,60,0.0229,NORMAL,None,Low
1046,0,1,10,0.0178,NORMAL,None,Medium
1046,0,2,20,0.0199,NORMAL,None,Medium
1046,0,3,30,0.0251,NORMAL,None,Medium
1046,0,4,40,0.0229,NORMAL,None,Low
1046,0,5,50,0.0237,NORMAL,None,Low
1046,0,6,60,0.0248,NORMAL,None,Low
1047,0,1,10,0.0182,NORMAL,None,Medium
1047,0,2,20,0.0226,NORMAL,None,Medium
1047,0,3,30,0.0231,NORMAL,None,Medium
1047,0,4,40,0.023,NORMAL,None,Low
1047,0,5,50,0.0276,NORMAL,None,Low
1047,0,6,60,0.0279,NORMAL,None,Low
1048,0,1,10,0.0156,NORMAL,None,Medium
1048,0,2,20,0.0217,NORMAL,None,Medium
1048,0,3,30,0.0231,NORMAL,None,Medium
1048,0,4,40,0.024,NORMAL,None,Low
1048,0,5,50,0.0259,NORMAL,None,Low
1048,0,6,60,0.026,NORMAL,None,Low
1049,0,1,10,0.0144,NORMAL,None,Medium
1049,0,2,20,0.0207,NORMAL,None,Medium
1049,0,3,30,0.0232,NORMAL,None,Medium
1049,0,4,40,0.0247,NORMAL,None,Low
1049,0,5,50,0.0244,NORMAL,None,Low
1049,0,6,60,0.0247,NORMAL,None,Low
1170,0,1,10,0.0145,NORMAL,None,Medium
1170,0,2,20,0.0225,NORMAL,None,Medium
1170,0,3,30,0.0243,NORMAL,None,Medium
1170,0,4,40,0.0255,NORMAL,None,Low
1170,0,5,50,0.0257,NORMAL,None,Low
1170,0,6,60,0.0252,NORMAL,None,Low
1171,0,1,10,0.0153,NORMAL,None,Medium
1171,0,2,20,0.0198,NORMAL,None,Medium
1171,0,3,30,0.0221,NORMAL,None,Medium
1171,0,4,40,0.0257,NORMAL,None,Low
1171,0,5,50,0.0262,NORMAL,None,Low
1171,0,6,60,0.0263,NORMAL,None,Low
1172,0,1,10,0.0136,NORMAL,None,Medium
1172,0,2,20,0.0192,NORMAL,None,Medium
1172,0,3,30,0.0212,NORMAL,None,Medium
1172,0,4,40,0.0233,NORMAL,None,Low
1172,0,5,50,0.0249,NORMAL,None,Low
1172,0,6,60,0.0263,NORMAL,None,Low
1173,0,1,10,0.014,NORMAL,None,Medium
1173,0,2,20,0.0191,NORMAL,None,Medium
1173,0,3,30,0.022,NORMAL,None,Medium
1173,0,4,40,0.0238,NORMAL,None,Low
1173,0,5,50,0.026,NORMAL,None,Low
1173,0,6,60,0.0269,NORMAL,None,Low
1174,0,1,10,0.0147,NORMAL,None,Medium
1174,0,2,20,0.02,NORMAL,None,Medium
1174,0,3,30,0.0219,NORMAL,None,Medium
1174,0,4,40,0.0218,NORMAL,None,Low
1174,0,5,50,0.0221,NORMAL,None,Low
1174,0,6,60,0.0231,NORMAL,None,Low
1175,0,1,10,0.0142,NORMAL,None,Medium
1175,0,2,20,0.0187,NORMAL,None,Medium
1175,0,3,30,0.0221,NORMAL,None,Medium
1175,0,4,40,0.0233,NORMAL,None,Low
1175,0,5,50,0.0228,NORMAL,None,Low
1175,0,6,60,0.0234,NORMAL,None,Low
1176,0,1,10,0.0147,NORMAL,None,Medium
1176,0,2,20,0.0207,NORMAL,None,Medium
1176,0,3,30,0.0219,NORMAL,None,Medium
1176,0,4,40,0.0248,NORMAL,None,Low
1176,0,5,50,0.025,NORMAL,None,Low
1176,0,6,60,0.027,NORMAL,None,Low
1177,0,1,10,0.0144,NORMAL,None,Medium
1177,0,2,20,0.0189,NORMAL,None,Medium
1177,0,3,30,0.021,NORMAL,None,Medium
1177,0,4,40,0.0241,NORMAL,None,Low
1177,0,5,50,0.0241,NORMAL,None,Low
1177,0,6,60,0.026,NORMAL,None,Low
1178,0,1,10,0.0156,NORMAL,None,Medium
1178,0,2,20,0.0213,NORMAL,None,Medium
1178,0,3,30,0.0241,NORMAL,None,Medium
1178,0,4,40,0.0234,NORMAL,None,Low
1178,0,5,50,0.0252,NORMAL,None,Low
1178,0,6,60,0.0264,NORMAL,None,Low
1179,0,1,10,0.0155,NORMAL,None,Medium
1179,0,2,20,0.0194,NORMAL,None,Medium
1179,0,3,30,0.0221,NORMAL,None,Medium
1179,0,4,40,0.0228,NORMAL,None,Low
1179,0,5,50,0.0247,NORMAL,None,Low
1179,0,6,60,0.0245,NORMAL,None,Low
1180,0,1,10,0.0169,NORMAL,None,Medium
1180,0,2,20,0.0198,NORMAL,None,Medium
1180,0,3,30,0.0215,NORMAL,None,Medium
1180,0,4,40,0.0226,NORMAL,None,Low
1180,0,5,50,0.0249,NORMAL,None,Low
1180,0,6,60,0.0241,NORMAL,None,Low
1181,0,1,10,0.0158,NORMAL,None,Medium
1181,0,2,20,0.0183,NORMAL,None,Medium
1181,0,3,30,0.0224,NORMAL,None,Medium
1181,0,4,40,0.0237,NORMAL,None,Low
1181,0,5,50,0.0227,NORMAL,None,Low
1181,0,6,60,0.0259,NORMAL,None,Low
1182,0,1,10,0.0177,NORMAL,None,Medium
1182,0,2,20,0.0197,NORMAL,None,Medium
1182,0,3,30,0.0212,NORMAL,None,Medium
1182,0,4,40,0.0241,NORMAL,None,Low
1182,0,5,50,0.0229,NORMAL,None,Low
1182,0,6,60,0.0233,NORMAL,None,Low
1183,0,1,10,0.0171,NORMAL,None,Medium
1183,0,2,20,0.0207,NORMAL,None,Medium
1183,0,3,30,0.0236,NORMAL,None,Medium
1183,0,4,40,0.0221,NORMAL,None,Low
1183,0,5,50,0.0266,NORMAL,None,Low
1183,0,6,60,0.0246,NORMAL,None,Low
1184,0,1,10,0.0147,NORMAL,None,Medium
1184,0,2,20,0.0205,NORMAL,None,Medium
1184,0,3,30,0.0226,NORMAL,None,Medium
1184,0,4,40,0.0206,NORMAL,None,Low
1184,0,5,50,0.0258,NORMAL,None,Low
1184,0,6,60,0.0261,NORMAL,None,Low
1185,0,1,10,0.0158,NORMAL,None,Medium
1185,0,2,20,0.0207,NORMAL,None,Medium
1185,0,3,30,0.0205,NORMAL,None,Medium
1185,0,4,40,0.0209,NORMAL,None,Low
1185,0,5,50,0.0234,NORMAL,None,Low
1185,0,6,60,0.0246,NORMAL,None,Low
1186,0,1,10,0.0153,NORMAL,None,Medium
1186,0,2,20,0.0209,NORMAL,None,Medium
1186,0,3,30,0.0241,NORMAL,None,Medium
1186,0,4,40,0.022,NORMAL,None,Low
1186,0,5,50,0.0246,NORMAL,None,Low
1186,0,6,60,0.0235,NORMAL,None,Low
1187,0,1,10,0.016,NORMAL,None,Medium
1187,0,2,20,0.0186,NORMAL,None,Medium
1187,0,3,30,0.0203,NORMAL,None,Medium
1187,0,4,40,0.0209,NORMAL,None,Low
1187,0,5,50,0.0227,NORMAL,None,Low
1187,0,6,60,0.0252,NORMAL,None,Low
1188,0,1,10,0.0149,NORMAL,None,Medium
1188,0,2,20,0.0213,NORMAL,None,Medium
1188,0,3,30,0.0246,NORMAL,None,Medium
1188,0,4,40,0.0242,NORMAL,None,Low
1188,0,5,50,0.024,NORMAL,None,Low
1188,0,6,60,0.0258,NORMAL,None,Low
1189,0,1,10,0.0168,NORMAL,None,Medium
1189,0,2,20,0.0229,NORMAL,None,Medium
1189,0,3,30,0.0231,NORMAL,None,Medium
1189,0,4,40,0.0218,NORMAL,None,Low
1189,0,5,50,0.0235,NORMAL,None,Low
1189,0,6,60,0.0222,NORMAL,None,Low
1190,0,1,10,0.0166,NORMAL,None,Medium
1190,0,2,20,0.0199,NORMAL,None,Medium
1190,0,3,30,0.0222,NORMAL,None,Medium
1190,0,4,40,0.0249,NORMAL,None,Low
1190,0,5,50,0.0269,NORMAL,None,Low
1190,0,6,60,0.0247,NORMAL,None,Low
1191,0,1,10,0.0165,NORMAL,None,Medium
1191,0,2,20,0.0201,NORMAL,None,Medium
1191,0,3,30,0.0241,NORMAL,None,Medium
1191,0,4,40,0.0232,NORMAL,None,Low
1191,0,5,50,0.0243,NORMAL,None,Low
1191,0,6,60,0.0276,NORMAL,None,Low
1192,0,1,10,0.0173,NORMAL,None,Medium
1192,0,2,20,0.0206,NORMAL,None,Medium
1192,0,3,30,0.0241,NORMAL,None,Medium
1192,0,4,40,0.0268,NORMAL,None,Low
1192,0,5,50,0.025,NORMAL,None,Low
1192,0,6,60,0.0254,NORMAL,None,Low
1193,0,1,10,0.0157,NORMAL,None,Medium
1193,0,2,20,0.0185,NORMAL,None,Medium
1193,0,3,30,0.0224,NORMAL,None,Medium
1193,0,4,40,0.0236,NORMAL,None,Low
1193,0,5,50,0.0231,NORMAL,None,Low
1193,0,6,60,0.0235,NORMAL,None,Low
1194,0,1,10,0.0153,NORMAL,None,Medium
1194,0,2,20,0.0212,NORMAL,None,Medium
1194,0,3,30,0.0228,NORMAL,None,Medium
1194,0,4,40,0.0236,NORMAL,None,Low
1194,0,5,50,0.0252,NORMAL,None,Low
1194,0,6,60,0.0271,NORMAL,None,Low
1195,0,1,10,0.0152,NORMAL,None,Medium
1195,0,2,20,0.0204,NORMAL,None,Medium
1195,0,3,30,0.0223,NORMAL,None,Medium
1195,0,4,40,0.0222,NORMAL,None,Low
1195,0,5,50,0.0241,NORMAL,None,Low
1195,0,6,60,0.0263,NORMAL,None,Low
1196,0,1,10,0.0153,NORMAL,None,Medium
1196,0,2,20,0.0203,NORMAL,None,Medium
1196,0,3,30,0.0223,NORMAL,None,Medium
1196,0,4,40,0.0241,NORMAL,None,Low
1196,0,5,50,0.0242,NORMAL,None,Low
1196,0,6,60,0.0242,NORMAL,None,Low
1197,0,1,10,0.0155,NORMAL,None,Medium
1197,0,2,20,0.0217,NORMAL,None,Medium
1197,0,3,30,0.0243,NORMAL,None,Medium
1197,0,4,40,0.0252,NORMAL,None,Low
1197,0,5,50,0.0233,NORMAL,None,Low
1197,0,6,60,0.0251,NORMAL,None,Low
1198,0,1,10,0.0168,NORMAL,None,Medium
1198,0,2,20,0.0223,NORMAL,None,Medium
1198,0,3,30,0.0236,NORMAL,None,Medium
1198,0,4,40,0.0261,NORMAL,None,Low
1198,0,5,50,0.028,NORMAL,None,Low
1198,0,6,60,0.0286,NORMAL,None,Low
1199,0,1,10,0.0169,NORMAL,None,Medium
1199,0,2,20,0.0213,NORMAL,None,Medium
1199,0,3,30,0.0205,NORMAL,None,Medium
1199,0,4,40,0.0231,NORMAL,None,Low
1199,0,5,50,0.0262,NORMAL,None,Low
1199,0,6,60,0.0231,NORMAL,None,Low
1320,0,1,10,0.0137,NORMAL,None,Medium
1320,0,2,20,0.0218,NORMAL,None,Medium
1320,0,3,30,0.0232,NORMAL,None,Medium
1320,0,4,40,0.0234,NORMAL,None,Low
1320,0,5,50,0.0256,NORMAL,None,Low
1320,0,6,60,0.027,NORMAL,None,Low
1321,0,1,10,0.0158,NORMAL,None,Medium
1321,0,2,20,0.0206,NORMAL,None,Medium
1321,0,3,30,0.0256,NORMAL,None,Medium
1321,0,4,40,0.026,NORMAL,None,Low
1321,0,5,50,0.0265,NORMAL,None,Low
1321,0,6,60,0.0273,NORMAL,None,Low
1322,0,1,10,0.0162,NORMAL,None,Medium
1322,0,2,20,0.0227,NORMAL,None,Medium
1322,0,3,30,0.0226,NORMAL,None,Medium
1322,0,4,40,0.0257,NORMAL,None,Low
1322,0,5,50,0.0299,NORMAL,None,Low
1322,0,6,60,0.0257,NORMAL,None,Low
1323,0,1,10,0.0139,NORMAL,None,Medium
1323,0,2,20,0.023,NORMAL,None,Medium
1323,0,3,30,0.0242,NORMAL,None,Medium
1323,0,4,40,0.0225,NORMAL,None,Low
1323,0,5,50,0.0255,NORMAL,None,Low
1323,0,6,60,0.0252,NORMAL,None,Low
1324,0,1,10,0.014,NORMAL,None,Medium
1324,0,2,20,0.0201,NORMAL,None,Medium
1324,0,3,30,0.0209,NORMAL,None,Medium
1324,0,4,40,0.0224,NORMAL,None,Low
1324,0,5,50,0.0256,NORMAL,None,Low
1324,0,6,60,0.0246,NORMAL,None,Low
1325,0,1,10,0.0142,NORMAL,None,Medium
1325,0,2,20,0.0232,NORMAL,None,Medium
1325,0,3,30,0.0229,NORMAL,None,Medium
1325,0,4,40,0.0232,NORMAL,None,Low
1325,0,5,50,0.0229,NORMAL,None,Low
1325,0,6,60,0.0256,NORMAL,None,Low
1326,0,1,10,0.0157,NORMAL,None,Medium
1326,0,2,20,0.0219,NORMAL,None,Medium
1326,0,3,30,0.0233,NORMAL,None,Medium
1326,0,4,40,0.0266,NORMAL,None,Low
1326,0,5,50,0.0274,NORMAL,None,Low
1326,0,6,60,0.026,NORMAL,None,Low
1327,0,1,10,0.0141,NORMAL,None,Medium
1327,0,2,20,0.0207,NORMAL,None,Medium
1327,0,3,30,0.0227,NORMAL,None,Medium
1327,0,4,40,0.0265,NORMAL,None,Low
1327,0,5,50,0.0274,NORMAL,None,Low
1327,0,6,60,0.0291,NORMAL,None,Low
1328,0,1,10,0.0144,NORMAL,None,Medium
1328,0,2,20,0.021,NORMAL,None,Medium
1328,0,3,30,0.022,NORMAL,None,Medium
1328,0,4,40,0.0229,NORMAL,None,Low
1328,0,5,50,0.0258,NORMAL,None,Low
1328,0,6,60,0.026,NORMAL,None,Low
1329,0,1,10,0.0159,NORMAL,None,Medium
1329,0,2,20,0.0218,NORMAL,None,Medium
1329,0,3,30,0.024,NORMAL,None,Medium
1329,0,4,40,0.0281,NORMAL,None,Low
1329,0,5,50,0.0261,NORMAL,None,Low
1329,0,6,60,0.024,NORMAL,None,Low
1330,0,1,10,0.0143,NORMAL,None,Medium
1330,0,2,20,0.0212,NORMAL,None,Medium
1330,0,3,30,0.0228,NORMAL,None,Medium
1330,0,4,40,0.0266,NORMAL,None,Low
1330,0,5,50,0.0266,NORMAL,None,Low
1330,0,6,60,0.0259,NORMAL,None,Low
1331,0,1,10,0.0158,NORMAL,None,Medium
1331,0,2,20,0.0211,NORMAL,None,Medium
1331,0,3,30,0.0218,NORMAL,None,Medium
1331,0,4,40,0.0238,NORMAL,None,Low
1331,0,5,50,0.0256,NORMAL,None,Low
1331,0,6,60,0.029,NORMAL,None,Low
1332,0,1,10,0.0147,NORMAL,None,Medium
1332,0,2,20,0.02,NORMAL,None,Medium
1332,0,3,30,0.0237,NORMAL,None,Medium
1332,0,4,40,0.0227,NORMAL,None,Low
1332,0,5,50,0.0215,NORMAL,None,Low
1332,0,6,60,0.0235,NORMAL,None,Low
1333,0,1,10,0.0134,NORMAL,None,Medium
1333,0,2,20,0.0189,NORMAL,None,Medium
1333,0,3,30,0.0214,NORMAL,None,Medium
1333,0,4,40,0.024,NORMAL,None,Low
1333,0,5,50,0.0233,NORMAL,None,Low
1333,0,6,60,0.0244,NORMAL,None,Low
1334,0,1,10,0.0146,NORMAL,None,Medium
1334,0,2,20,0.0196,NORMAL,None,Medium
1334,0,3,30,0.0208,NORMAL,None,Medium
1334,0,4,40,0.0239,NORMAL,None,Low
1334,0,5,50,0.0237,NORMAL,None,Low
1334,0,6,60,0.0231,NORMAL,None,Low
1335,0,1,10,0.0148,NORMAL,None,Medium
1335,0,2,20,0.0211,NORMAL,None,Medium
1335,0,3,30,0.0256,NORMAL,None,Medium
1335,0,4,40,0.0268,NORMAL,None,Low
1335,0,5,50,0.0251,NORMAL,None,Low
1335,0,6,60,0.0249,NORMAL,None,Low
1336,0,1,10,0.0144,NORMAL,None,Medium
1336,0,2,20,0.0202,NORMAL,None,Medium
1336,0,3,30,0.0216,NORMAL,None,Medium
1336,0,4,40,0.0221,NORMAL,None,Low
1336,0,5,50,0.0243,NORMAL,None,Low
1336,0,6,60,0.0256,NORMAL,None,Low
1337,0,1,10,0.0137,NORMAL,None,Medium
1337,0,2,20,0.0196,NORMAL,None,Medium
1337,0,3,30,0.0248,NORMAL,None,Medium
1337,0,4,40,0.0224,NORMAL,None,Low
1337,0,5,50,0.0266,NORMAL,None,Low
1337,0,6,60,0.0274,NORMAL,None,Low
1338,0,1,10,0.0151,NORMAL,None,Medium
1338,0,2,20,0.0211,NORMAL,None,Medium
1338,0,3,30,0.023,NORMAL,None,Medium
1338,0,4,40,0.0228,NORMAL,None,Low
1338,0,5,50,0.0241,NORMAL,None,Low
1338,0,6,60,0.0248,NORMAL,None,Low
1339,0,1,10,0.0145,NORMAL,None,Medium
1339,0,2,20,0.0201,NORMAL,None,Medium
1339,0,3,30,0.0196,NORMAL,None,Medium
1339,0,4,40,0.0222,NORMAL,None,Low
1339,0,5,50,0.025,NORMAL,None,Low
1339,0,6,60,0.0254,NORMAL,None,Low
1340,0,1,10,0.0148,NORMAL,None,Medium
1340,0,2,20,0.0197,NORMAL,None,Medium
1340,0,3,30,0.0228,NORMAL,None,Medium
1340,0,4,40,0.0227,NORMAL,None,Low
1340,0,5,50,0.023,NORMAL,None,Low
1340,0,6,60,0.0232,NORMAL,None,Low
1341,0,1,10,0.0146,NORMAL,None,Medium
1341,0,2,20,0.0201,NORMAL,None,Medium
1341,0,3,30,0.0214,NORMAL,None,Medium
1341,0,4,40,0.0226,NORMAL,None,Low
1341,0,5,50,0.0247,NORMAL,None,Low
1341,0,6,60,0.0264,NORMAL,None,Low
1342,0,1,10,0.0134,NORMAL,None,Medium
1342,0,2,20,0.0208,NORMAL,None,Medium
1342,0,3,30,0.0226,NORMAL,None,Medium
1342,0,4,40,0.0243,NORMAL,None,Low
1342,0,5,50,0.0265,NORMAL,None,Low
1342,0,6,60,0.0263,NORMAL,None,Low
1343,0,1,10,0.0137,NORMAL,None,Medium
1343,0,2,20,0.0226,NORMAL,None,Medium
1343,0,3,30,0.0257,NORMAL,None,Medium
1343,0,4,40,0.0248,NORMAL,None,Low
1343,0,5,50,0.0249,NORMAL,None,Low
1343,0,6,60,0.0264,NORMAL,None,Low
1344,0,1,10,0.0152,NORMAL,None,Medium
1344,0,2,20,0.0206,NORMAL,None,Medium
1344,0,3,30,0.0223,NORMAL,None,Medium
1344,0,4,40,0.021,NORMAL,None,Low
1344,0,5,50,0.025,NORMAL,None,Low
1344,0,6,60,0.0262,NORMAL,None,Low
1345,0,1,10,0.0162,NORMAL,None,Medium
1345,0,2,20,0.0215,NORMAL,None,Medium
1345,0,3,30,0.0225,NORMAL,None,Medium
1345,0,4,40,0.0226,NORMAL,None,Low
1345,0,5,50,0.0242,NORMAL,None,Low
1345,0,6,60,0.0283,NORMAL,None,Low
1346,0,1,10,0.0138,NORMAL,None,Medium
1346,0,2,20,0.0205,NORMAL,None,Medium
1346,0,3,30,0.0237,NORMAL,None,Medium
1346,0,4,40,0.0249,NORMAL,None,Low
1346,0,5,50,0.026,NORMAL,None,Low
1346,0,6,60,0.0246,NORMAL,None,Low
1347,0,1,10,0.0145,NORMAL,None,Medium
1347,0,2,20,0.02,NORMAL,None,Medium
1347,0,3,30,0.0232,NORMAL,None,Medium
1347,0,4,40,0.0277,NORMAL,None,Low
1347,0,5,50,0.0275,NORMAL,None,Low
1347,0,6,60,0.0259,NORMAL,None,Low
1348,0,1,10,0.014,NORMAL,None,Medium
1348,0,2,20,0.02,NORMAL,None,Medium
1348,0,3,30,0.0225,NORMAL,None,Medium
1348,0,4,40,0.024,NORMAL,None,Low
1348,0,5,50,0.0267,NORMAL,None,Low
1348,0,6,60,0.0252,NORMAL,None,Low
1349,0,1,10,0.0134,NORMAL,None,Medium
1349,0,2,20,0.0213,NORMAL,None,Medium
1349,0,3,30,0.023,NORMAL,None,Medium
1349,0,4,40,0.0233,NORMAL,None,Low
1349,0,5,50,0.0241,NORMAL,None,Low
1349,0,6,60,0.0237,NORMAL,None,Low
1470,0,1,10,0.0145,NORMAL,None,Medium
1470,0,2,20,0.0203,NORMAL,None,Medium
1470,0,3,30,0.0241,NORMAL,None,Medium
1470,0,4,40,0.0253,NORMAL,None,Low
1470,0,5,50,0.0264,NORMAL,None,Low
1470,0,6,60,0.0291,NORMAL,None,Low
1471,0,1,10,0.0157,NORMAL,None,Medium
1471,0,2,20,0.0215,NORMAL,None,Medium
1471,0,3,30,0.0223,NORMAL,None,Medium
1471,0,4,40,0.0239,NORMAL,None,Low
1471,0,5,50,0.0258,NORMAL,None,Low
1471,0,6,60,0.0246,NORMAL,None,Low
1472,0,1,10,0.0166,NORMAL,None,Medium
1472,0,2,20,0.0236,NORMAL,None,Medium
1472,0,3,30,0.0261,NORMAL,None,Medium
1472,0,4,40,0.0224,NORMAL,None,Low
1472,0,5,50,0.0236,NORMAL,None,Low
1472,0,6,60,0.0237,NORMAL,None,Low
1473,0,1,10,0.0156,NORMAL,None,Medium
1473,0,2,20,0.0224,NORMAL,None,Medium
1473,0,3,30,0.0258,NORMAL,None,Medium
1473,0,4,40,0.0234,NORMAL,None,Low
1473,0,5,50,0.0249,NORMAL,None,Low
1473,0,6,60,0.0253,NORMAL,None,Low
1474,0,1,10,0.0151,NORMAL,None,Medium
1474,0,2,20,0.0211,NORMAL,None,Medium
1474,0,3,30,0.0234,NORMAL,None,Medium
1474,0,4,40,0.0261,NORMAL,None,Low
1474,0,5,50,0.0246,NORMAL,None,Low
1474,0,6,60,0.0233,NORMAL,None,Low
1475,0,1,10,0.0158,NORMAL,None,Medium
1475,0,2,20,0.0215,NORMAL,None,Medium
1475,0,3,30,0.0228,NORMAL,None,Medium
1475,0,4,40,0.0246,NORMAL,None,Low
1475,0,5,50,0.0228,NORMAL,None,Low
1475,0,6,60,0.0254,NORMAL,None,Low
1476,0,1,10,0.0159,NORMAL,None,Medium
1476,0,2,20,0.0218,NORMAL,None,Medium
1476,0,3,30,0.0231,NORMAL,None,Medium
1476,0,4,40,0.0257,NORMAL,None,Low
1476,0,5,50,0.0249,NORMAL,None,Low
1476,0,6,60,0.0271,NORMAL,None,Low
1477,0,1,10,0.0177,NORMAL,None,Medium
1477,0,2,20,0.0198,NORMAL,None,Medium
1477,0,3,30,0.0236,NORMAL,None,Medium
1477,0,4,40,0.0265,NORMAL,None,Low
1477,0,5,50,0.0239,NORMAL,None,Low
1477,0,6,60,0.027,NORMAL,None,Low
1478,0,1,10,0.0169,NORMAL,None,Medium
1478,0,2,20,0.0202,NORMAL,None,Medium
1478,0,3,30,0.0238,NORMAL,None,Medium
1478,0,4,40,0.0245,NORMAL,None,Low
1478,0,5,50,0.0238,NORMAL,None,Low
1478,0,6,60,0.0232,NORMAL,None,Low
1479,0,1,10,0.0155,NORMAL,None,Medium
1479,0,2,20,0.02,NORMAL,None,Medium
1479,0,3,30,0.022,NORMAL,None,Medium
1479,0,4,40,0.0239,NORMAL,None,Low
1479,0,5,50,0.0244,NORMAL,None,Low
1479,0,6,60,0.0252,NORMAL,None,Low
1480,0,1,10,0.0149,NORMAL,None,Medium
1480,0,2,20,0.0214,NORMAL,None,Medium
1480,0,3,30,0.0226,NORMAL,None,Medium
1480,0,4,40,0.0238,NORMAL,None,Low
1480,0,5,50,0.0253,NORMAL,None,Low
1480,0,6,60,0.0248,NORMAL,None,Low
1481,0,1,10,0.0137,NORMAL,None,Medium
1481,0,2,20,0.0211,NORMAL,None,Medium
1481,0,3,30,0.0226,NORMAL,None,Medium
1481,0,4,40,0.0228,NORMAL,None,Low
1481,0,5,50,0.0272,NORMAL,None,Low
1481,0,6,60,0.0245,NORMAL,None,Low
1482,0,1,10,0.0148,NORMAL,None,Medium
1482,0,2,20,0.0205,NORMAL,None,Medium
1482,0,3,30,0.0219,NORMAL,None,Medium
1482,0,4,40,0.0212,NORMAL,None,Low
1482,0,5,50,0.0245,NORMAL,None,Low
1482,0,6,60,0.0236,NORMAL,None,Low
1483,0,1,10,0.014,NORMAL,None,Medium
1483,0,2,20,0.0213,NORMAL,None,Medium
1483,0,3,30,0.0215,NORMAL,None,Medium
1483,0,4,40,0.0248,NORMAL,None,Low
1483,0,5,50,0.0255,NORMAL,None,Low
1483,0,6,60,0.0248,NORMAL,None,Low
1484,0,1,10,0.0155,NORMAL,None,Medium
1484,0,2,20,0.0213,NORMAL,None,Medium
1484,0,3,30,0.0218,NORMAL,None,Medium
1484,0,4,40,0.022,NORMAL,None,Low
1484,0,5,50,0.024,NORMAL,None,Low
1484,0,6,60,0.023,NORMAL,None,Low
1485,0,1,10,0.0149,NORMAL,None,Medium
1485,0,2,20,0.0208,NORMAL,None,Medium
1485,0,3,30,0.0222,NORMAL,None,Medium
1485,0,4,40,0.0239,NORMAL,None,Low
1485,0,5,50,0.0241,NORMAL,None,Low
1485,0,6,60,0.0241,NORMAL,None,Low
1486,0,1,10,0.017,NORMAL,None,Medium
1486,0,2,20,0.0222,NORMAL,None,Medium
1486,0,3,30,0.023,NORMAL,None,Medium
1486,0,4,40,0.023,NORMAL,None,Low
1486,0,5,50,0.0241,NORMAL,None,Low
1486,0,6,60,0.0282,NORMAL,None,Low
1487,0,1,10,0.0158,NORMAL,None,Medium
1487,0,2,20,0.0215,NORMAL,None,Medium
1487,0,3,30,0.0238,NORMAL,None,Medium
1487,0,4,40,0.0242,NORMAL,None,Low
1487,0,5,50,0.0224,NORMAL,None,Low
1487,0,6,60,0.0263,NORMAL,None,Low
1488,0,1,10,0.0156,NORMAL,None,Medium
1488,0,2,20,0.0227,NORMAL,None,Medium
1488,0,3,30,0.0245,NORMAL,None,Medium
1488,0,4,40,0.0262,NORMAL,None,Low
1488,0,5,50,0.0251,NORMAL,None,Low
1488,0,6,60,0.0238,NORMAL,None,Low
1489,0,1,10,0.0151,NORMAL,None,Medium
1489,0,2,20,0.0212,NORMAL,None,Medium
1489,0,3,30,0.0236,NORMAL,None,Medium
1489,0,4,40,0.0225,NORMAL,None,Low
1489,0,5,50,0.0236,NORMAL,None,Low
1489,0,6,60,0.026,NORMAL,None,Low
1490,0,1,10,0.0137,NORMAL,None,Medium
1490,0,2,20,0.0202,NORMAL,None,Medium
1490,0,3,30,0.0225,NORMAL,None,Medium
1490,0,4,40,0.0241,NORMAL,None,Low
1490,0,5,50,0.0252,NORMAL,None,Low
1490,0,6,60,0.0258,NORMAL,None,Low
1491,0,1,10,0.0146,NORMAL,None,Medium
1491,0,2,20,0.0194,NORMAL,None,Medium
1491,0,3,30,0.0223,NORMAL,None,Medium
1491,0,4,40,0.0237,NORMAL,None,Low
1491,0,5,50,0.0234,NORMAL,None,Low
1491,0,6,60,0.0256,NORMAL,None,Low
1492,0,1,10,0.0141,NORMAL,None,Medium
1492,0,2,20,0.0225,NORMAL,None,Medium
1492,0,3,30,0.0249,NORMAL,None,Medium
1492,0,4,40,0.0259,NORMAL,None,Low
1492,0,5,50,0.0251,NORMAL,None,Low
1492,0,6,60,0.0256,NORMAL,None,Low
1493,0,1,10,0.0144,NORMAL,None,Medium
1493,0,2,20,0.0205,NORMAL,None,Medium
1493,0,3,30,0.0213,NORMAL,None,Medium
1493,0,4,40,0.0222,NORMAL,None,Low
1493,0,5,50,0.026,NORMAL,None,Low
1493,0,6,60,0.0257,NORMAL,None,Low
1494,0,1,10,0.0143,NORMAL,None,Medium
1494,0,2,20,0.0203,NORMAL,None,Medium
1494,0,3,30,0.0229,NORMAL,None,Medium
1494,0,4,40,0.0227,NORMAL,None,Low
1494,0,5,50,0.0244,NORMAL,None,Low
1494,0,6,60,0.0264,NORMAL,None,Low
1495,0,1,10,0.0145,NORMAL,None,Medium
1495,0,2,20,0.0193,NORMAL,None,Medium
1495,0,3,30,0.0228,NORMAL,None,Medium
1495,0,4,40,0.0235,NORMAL,None,Low
1495,0,5,50,0.0267,NORMAL,None,Low
1495,0,6,60,0.0268,NORMAL,None,Low
1496,0,1,10,0.0152,NORMAL,None,Medium
1496,0,2,20,0.0209,NORMAL,None,Medium
1496,0,3,30,0.0239,NORMAL,None,Medium
1496,0,4,40,0.0255,NORMAL,None,Low
1496,0,5,50,0.0254,NORMAL,None,Low
1496,0,6,60,0.0251,NORMAL,None,Low
1497,0,1,10,0.0155,NORMAL,None,Medium
1497,0,2,20,0.0206,NORMAL,None,Medium
1497,0,3,30,0.0205,NORMAL,None,Medium
1497,0,4,40,0.0212,NORMAL,None,Low
1497,0,5,50,0.0256,NORMAL,None,Low
1497,0,6,60,0.0259,NORMAL,None,Low
1498,0,1,10,0.0141,NORMAL,None,Medium
1498,0,2,20,0.0208,NORMAL,None,Medium
1498,0,3,30,0.0229,NORMAL,None,Medium
1498,0,4,40,0.023,NORMAL,None,Low
1498,0,5,50,0.0242,NORMAL,None,Low
1498,0,6,60,0.027,NORMAL,None,Low
1499,0,1,10,0.0152,NORMAL,None,Medium
1499,0,2,20,0.0202,NORMAL,None,Medium
1499,0,3,30,0.0209,NORMAL,None,Medium
1499,0,4,40,0.0224,NORMAL,None,Low
1499,0,5,50,0.0247,NORMAL,None,Low
1499,0,6,60,0.0242,NORMAL,None,Low
1620,0,1,10,0.0211,NORMAL,None,Medium
1620,0,2,20,0.0261,NORMAL,None,Medium
1620,0,3,30,0.0276,NORMAL,None,Medium
1620,0,4,40,0.0249,NORMAL,None,Low
1620,0,5,50,0.024,NORMAL,None,Low
1620,0,6,60,0.024,NORMAL,None,Low
1621,0,1,10,0.0174,NORMAL,None,Medium
1621,0,2,20,0.0221,NORMAL,None,Medium
1621,0,3,30,0.0247,NORMAL,None,Medium
1621,0,4,40,0.0241,NORMAL,None,Low
1621,0,5,50,0.0248,NORMAL,None,Low
1621,0,6,60,0.0263,NORMAL,None,Low
1622,0,1,10,0.0172,NORMAL,None,Medium
1622,0,2,20,0.0237,NORMAL,None,Medium
1622,0,3,30,0.0254,NORMAL,None,Medium
1622,0,4,40,0.0268,NORMAL,None,Low
1622,0,5,50,0.0222,NORMAL,None,Low
1622,0,6,60,0.0249,NORMAL,None,Low
1623,0,1,10,0.0206,NORMAL,None,Medium
1623,0,2,20,0.0261,NORMAL,None,Medium
1623,0,3,30,0.0261,NORMAL,None,Medium
1623,0,4,40,0.0267,NORMAL,None,Low
1623,0,5,50,0.0262,NORMAL,None,Low
1623,0,6,60,0.027,NORMAL,None,Low
1624,0,1,10,0.0286,NORMAL,None,Medium
1624,0,2,20,0.03,NORMAL,None,Medium
1624,0,3,30,0.0301,NORMAL,None,Medium
1624,0,4,40,0.0285,NORMAL,None,Low
1624,0,5,50,0.0292,NORMAL,None,Low
1624,0,6,60,0.0274,NORMAL,None,Low
1625,0,1,10,0.0291,NORMAL,None,Medium
1625,0,2,20,0.0279,NORMAL,None,Medium
1625,0,3,30,0.0303,NORMAL,None,Medium
1625,0,4,40,0.0272,NORMAL,None,Low
1625,0,5,50,0.0271,NORMAL,None,Low
1625,0,6,60,0.029,NORMAL,None,Low
1626,0,1,10,0.0279,NORMAL,None,Medium
1626,0,2,20,0.0292,NORMAL,None,Medium
1626,0,3,30,0.0307,NORMAL,None,Medium
1626,0,4,40,0.0312,NORMAL,None,Low
1626,0,5,50,0.0291,NORMAL,None,Low
1626,0,6,60,0.0255,NORMAL,None,Low
1627,0,1,10,0.0252,NORMAL,None,Medium
1627,0,2,20,0.029,NORMAL,None,Medium
1627,0,3,30,0.0269,NORMAL,None,Medium
1627,0,4,40,0.0265,NORMAL,None,Low
1627,0,5,50,0.0231,NORMAL,None,Low
1627,0,6,60,0.0233,NORMAL,None,Low
1628,0,1,10,0.0241,NORMAL,None,Medium
1628,0,2,20,0.0251,NORMAL,None,Medium
1628,0,3,30,0.0276,NORMAL,None,Medium
1628,0,4,40,0.0253,NORMAL,None,Low
1628,0,5,50,0.0266,NORMAL,None,Low
1628,0,6,60,0.0263,NORMAL,None,Low
1629,0,1,10,0.0234,NORMAL,None,Medium
1629,0,2,20,0.0271,NORMAL,None,Medium
1629,0,3,30,0.0254,NORMAL,None,Medium
1629,0,4,40,0.0258,NORMAL,None,Low
1629,0,5,50,0.028,NORMAL,None,Low
1629,0,6,60,0.0287,NORMAL,None,Low
1630,0,1,10,0.0194,NORMAL,None,Medium
1630,0,2,20,0.0245,NORMAL,None,Medium
1630,0,3,30,0.0225,NORMAL,None,Medium
1630,0,4,40,0.028,NORMAL,None,Low
1630,0,5,50,0.028,NORMAL,None,Low
1630,0,6,60,0.0267,NORMAL,None,Low
1631,0,1,10,0.0172,NORMAL,None,Medium
1631,0,2,20,0.0226,NORMAL,None,Medium
1631,0,3,30,0.0236,NORMAL,None,Medium
1631,0,4,40,0.0227,NORMAL,None,Low
1631,0,5,50,0.0265,NORMAL,None,Low
1631,0,6,60,0.0256,NORMAL,None,Low
1632,0,1,10,0.0174,NORMAL,None,Medium
1632,0,2,20,0.0229,NORMAL,None,Medium
1632,0,3,30,0.0232,NORMAL,None,Medium
1632,0,4,40,0.0254,NORMAL,None,Low
1632,0,5,50,0.0246,NORMAL,None,Low
1632,0,6,60,0.0274,NORMAL,None,Low
1633,0,1,10,0.0159,NORMAL,None,Medium
1633,0,2,20,0.0233,NORMAL,None,Medium
1633,0,3,30,0.0249,NORMAL,None,Medium
1633,0,4,40,0.0238,NORMAL,None,Low
1633,0,5,50,0.0246,NORMAL,None,Low
1633,0,6,60,0.0241,NORMAL,None,Low
1634,0,1,10,0.0139,NORMAL,None,Medium
1634,0,2,20,0.0204,NORMAL,None,Medium
1634,0,3,30,0.0237,NORMAL,None,Medium
1634,0,4,40,0.0222,NORMAL,None,Low
1634,0,5,50,0.0219,NORMAL,None,Low
1634,0,6,60,0.0254,NORMAL,None,Low
1635,0,1,10,0.0156,NORMAL,None,Medium
1635,0,2,20,0.0228,NORMAL,None,Medium
1635,0,3,30,0.0239,NORMAL,None,Medium
1635,0,4,40,0.0254,NORMAL,None,Low
1635,0,5,50,0.0269,NORMAL,None,Low
1635,0,6,60,0.0249,NORMAL,None,Low
1636,0,1,10,0.0148,NORMAL,None,Medium
1636,0,2,20,0.0194,NORMAL,None,Medium
1636,0,3,30,0.0256,NORMAL,None,Medium
1636,0,4,40,0.0231,NORMAL,None,Low
1636,0,5,50,0.0242,NORMAL,None,Low
1636,0,6,60,0.0272,NORMAL,None,Low
1637,0,1,10,0.0179,NORMAL,None,Medium
1637,0,2,20,0.0233,NORMAL,None,Medium
1637,0,3,30,0.0255,NORMAL,None,Medium
1637,0,4,40,0.0243,NORMAL,None,Low
1637,0,5,50,0.0235,NORMAL,None,Low
1637,0,6,60,0.023,NORMAL,None,Low
1638,0,1,10,0.0158,NORMAL,None,Medium
1638,0,2,20,0.0214,NORMAL,None,Medium
1638,0,3,30,0.0242,NORMAL,None,Medium
1638,0,4,40,0.0261,NORMAL,None,Low
1638,0,5,50,0.0277,NORMAL,None,Low
1638,0,6,60,0.0291,NORMAL,None,Low
1639,0,1,10,0.0202,NORMAL,None,Medium
1639,0,2,20,0.026,NORMAL,None,Medium
1639,0,3,30,0.0266,NORMAL,None,Medium
1639,0,4,40,0.0272,NORMAL,None,Low
1639,0,5,50,0.0258,NORMAL,None,Low
1639,0,6,60,0.0252,NORMAL,None,Low
1640,0,1,10,0.0208,NORMAL,None,Medium
1640,0,2,20,0.0246,NORMAL,None,Medium
1640,0,3,30,0.0283,NORMAL,None,Medium
1640,0,4,40,0.0255,NORMAL,None,Low
1640,0,5,50,0.0257,NORMAL,None,Low
1640,0,6,60,0.0272,NORMAL,None,Low
1641,0,1,10,0.0173,NORMAL,None,Medium
1641,0,2,20,0.0235,NORMAL,None,Medium
1641,0,3,30,0.0253,NORMAL,None,Medium
1641,0,4,40,0.0266,NORMAL,None,Low
1641,0,5,50,0.0272,NORMAL,None,Low
1641,0,6,60,0.027,NORMAL,None,Low
1642,0,1,10,0.0175,NORMAL,None,Medium
1642,0,2,20,0.0225,NORMAL,None,Medium
1642,0,3,30,0.029,NORMAL,None,Medium
1642,0,4,40,0.0267,NORMAL,None,Low
1642,0,5,50,0.0258,NORMAL,None,Low
1642,0,6,60,0.0266,NORMAL,None,Low
1643,0,1,10,0.0195,NORMAL,None,Medium
1643,0,2,20,0.0251,NORMAL,None,Medium
1643,0,3,30,0.0267,NORMAL,None,Medium
1643,0,4,40,0.0291,NORMAL,None,Low
1643,0,5,50,0.025,NORMAL,None,Low
1643,0,6,60,0.0259,NORMAL,None,Low
1644,0,1,10,0.0217,NORMAL,None,Medium
1644,0,2,20,0.0244,NORMAL,None,Medium
1644,0,3,30,0.0259,NORMAL,None,Medium
1644,0,4,40,0.0267,NORMAL,None,Low
1644,0,5,50,0.0275,NORMAL,None,Low
1644,0,6,60,0.029,NORMAL,None,Low
1645,0,1,10,0.0181,NORMAL,None,Medium
1645,0,2,20,0.0263,NORMAL,None,Medium
1645,0,3,30,0.0292,NORMAL,None,Medium
1645,0,4,40,0.0269,NORMAL,None,Low
1645,0,5,50,0.0276,NORMAL,None,Low
1645,0,6,60,0.0275,NORMAL,None,Low
1646,0,1,10,0.0195,NORMAL,None,Medium
1646,0,2,20,0.0237,NORMAL,None,Medium
1646,0,3,30,0.0245,NORMAL,None,Medium
1646,0,4,40,0.0255,NORMAL,None,Low
1646,0,5,50,0.0237,NORMAL,None,Low
1646,0,6,60,0.0252,NORMAL,None,Low
1647,0,1,10,0.0275,NORMAL,None,Medium
1647,0,2,20,0.031,NORMAL,None,Medium
1647,0,3,30,0.0321,NORMAL,None,Medium
1647,0,4,40,0.0274,NORMAL,None,Low
1647,0,5,50,0.0264,NORMAL,None,Low
1647,0,6,60,0.0263,NORMAL,None,Low
1648,0,1,10,0.0245,NORMAL,None,Medium
1648,0,2,20,0.0256,NORMAL,None,Medium
1648,0,3,30,0.0286,NORMAL,None,Medium
1648,0,4,40,0.0287,NORMAL,None,Low
1648,0,5,50,0.0294,NORMAL,None,Low
1648,0,6,60,0.0289,NORMAL,None,Low
1649,0,1,10,0.0198,NORMAL,None,Medium
1649,0,2,20,0.0258,NORMAL,None,Medium
1649,0,3,30,0.0243,NORMAL,None,Medium
1649,0,4,40,0.0263,NORMAL,None,Low
1649,0,5,50,0.0291,NORMAL,None,Low
1649,0,6,60,0.024,NORMAL,None,Low
1770,0,1,10,0.0237,NORMAL,None,Medium
1770,0,2,20,0.0291,NORMAL,None,Medium
1770,0,3,30,0.0264,NORMAL,None,Medium
1770,0,4,40,0.0254,NORMAL,None,Low
1770,0,5,50,0.0275,NORMAL,None,Low
1770,0,6,60,0.0245,NORMAL,None,Low
1771,0,1,10,0.0176,NORMAL,None,Medium
1771,0,2,20,0.0243,NORMAL,None,Medium
1771,0,3,30,0.0221,NORMAL,None,Medium
1771,0,4,40,0.0242,NORMAL,None,Low
1771,0,5,50,0.0248,NORMAL,None,Low
1771,0,6,60,0.0247,NORMAL,None,Low
1772,0,1,10,0.0281,NORMAL,None,Medium
1772,0,2,20,0.026,NORMAL,None,Medium
1772,0,3,30,0.0261,NORMAL,None,Medium
1772,0,4,40,0.0248,NORMAL,None,Low
1772,0,5,50,0.0279,NORMAL,None,Low
1772,0,6,60,0.0253,NORMAL,None,Low
1773,0,1,10,0.0271,NORMAL,None,Medium
1773,0,2,20,0.025,NORMAL,None,Medium
1773,0,3,30,0.0272,NORMAL,None,Medium
1773,0,4,40,0.0259,NORMAL,None,Low
1773,0,5,50,0.0284,NORMAL,None,Low
1773,0,6,60,0.0278,NORMAL,None,Low
1774,0,1,10,0.0158,NORMAL,None,Medium
1774,0,2,20,0.0234,NORMAL,None,Medium
1774,0,3,30,0.027,NORMAL,None,Medium
1774,0,4,40,0.0243,NORMAL,None,Low
1774,0,5,50,0.0247,NORMAL,None,Low
1774,0,6,60,0.0243,NORMAL,None,Low
1775,0,1,10,0.0161,NORMAL,None,Medium
1775,0,2,20,0.0237,NORMAL,None,Medium
1775,0,3,30,0.0227,NORMAL,None,Medium
1775,0,4,40,0.0247,NORMAL,None,Low
1775,0,5,50,0.0253,NORMAL,None,Low
1775,0,6,60,0.0253,NORMAL,None,Low
1776,0,1,10,0.0162,NORMAL,None,Medium
1776,0,2,20,0.0225,NORMAL,None,Medium
1776,0,3,30,0.0253,NORMAL,None,Medium
1776,0,4,40,0.0241,NORMAL,None,Low
1776,0,5,50,0.0271,NORMAL,None,Low
1776,0,6,60,0.0247,NORMAL,None,Low
1777,0,1,10,0.0199,NORMAL,None,Medium
1777,0,2,20,0.0262,NORMAL,None,Medium
1777,0,3,30,0.0263,NORMAL,None,Medium
1777,0,4,40,0.0262,NORMAL,None,Low
1777,0,5,50,0.0269,NORMAL,None,Low
1777,0,6,60,0.026,NORMAL,None,Low
1778,0,1,10,0.018,NORMAL,None,Medium
1778,0,2,20,0.0221,NORMAL,None,Medium
1778,0,3,30,0.0274,NORMAL,None,Medium
1778,0,4,40,0.0255,NORMAL,None,Low
1778,0,5,50,0.0264,NORMAL,None,Low
1778,0,6,60,0.0301,NORMAL,None,Low
1779,0,1,10,0.021,NORMAL,None,Medium
1779,0,2,20,0.024,NORMAL,None,Medium
1779,0,3,30,0.0253,NORMAL,None,Medium
1779,0,4,40,0.0261,NORMAL,None,Low
1779,0,5,50,0.0232,NORMAL,None,Low
1779,0,6,60,0.0275,NORMAL,None,Low
1780,0,1,10,0.0211,NORMAL,None,Medium
1780,0,2,20,0.0265,NORMAL,None,Medium
1780,0,3,30,0.0293,NORMAL,None,Medium
1780,0,4,40,0.029,NORMAL,None,Low
1780,0,5,50,0.0282,NORMAL,None,Low
1780,0,6,60,0.0295,NORMAL,None,Low
1781,0,1,10,0.0204,NORMAL,None,Medium
1781,0,2,20,0.0258,NORMAL,None,Medium
1781,0,3,30,0.0264,NORMAL,None,Medium
1781,0,4,40,0.0242,NORMAL,None,Low
1781,0,5,50,0.0276,NORMAL,None,Low
1781,0,6,60,0.027,NORMAL,None,Low
1782,0,1,10,0.0568,NORMAL,None,Medium
1782,0,2,20,0.0489,NORMAL,None,Medium
1782,0,3,30,0.0392,NORMAL,None,Medium
1782,0,4,40,0.0354,NORMAL,None,Low
1782,0,5,50,0.0325,NORMAL,None,Low
1782,0,6,60,0.0293,NORMAL,None,Low
1783,0,1,10,0.0515,NORMAL,None,Medium
1783,0,2,20,0.0402,NORMAL,None,Medium
1783,0,3,30,0.0338,NORMAL,None,Medium
1783,0,4,40,0.0337,NORMAL,None,Low
1783,0,5,50,0.0302,NORMAL,None,Low
1783,0,6,60,0.0264,NORMAL,None,Low
1784,0,1,10,0.0663,NORMAL,None,Medium
1784,0,2,20,0.0513,NORMAL,None,Medium
1784,0,3,30,0.0431,NORMAL,None,Medium
1784,0,4,40,0.0321,NORMAL,None,Low
1784,0,5,50,0.0325,NORMAL,None,Low
1784,0,6,60,0.0293,NORMAL,None,Low
1785,0,1,10,0.1502,NORMAL,None,Medium
1785,0,2,20,0.1144,NORMAL,None,Medium
1785,0,3,30,0.0861,NORMAL,None,Medium
1785,0,4,40,0.061,NORMAL,None,Low
1785,0,5,50,0.0438,NORMAL,None,Low
1785,0,6,60,0.0358,NORMAL,None,Low
1786,0,1,10,0.0861,NORMAL,None,Medium
1786,0,2,20,0.0692,NORMAL,None,Medium
1786,0,3,30,0.0554,NORMAL,None,Medium
1786,0,4,40,0.0426,NORMAL,None,Low
1786,0,5,50,0.0368,NORMAL,None,Low
1786,0,6,60,0.0325,NORMAL,None,Low
1787,0,1,10,0.0378,NORMAL,None,Medium
1787,0,2,20,0.0361,NORMAL,None,Medium
1787,0,3,30,0.0308,NORMAL,None,Medium
1787,0,4,40,0.0281,NORMAL,None,Low
1787,0,5,50,0.0275,NORMAL,None,Low
1787,0,6,60,0.0278,NORMAL,None,Low
1788,0,1,10,0.031,NORMAL,None,Medium
1788,0,2,20,0.0265,NORMAL,None,Medium
1788,0,3,30,0.0289,NORMAL,None,Medium
1788,0,4,40,0.0276,NORMAL,None,Low
1788,0,5,50,0.03,NORMAL,None,Low
1788,0,6,60,0.0292,NORMAL,None,Low
1789,0,1,10,0.0244,NORMAL,None,Medium
1789,0,2,20,0.0253,NORMAL,None,Medium
1789,0,3,30,0.0259,NORMAL,None,Medium
1789,0,4,40,0.026,NORMAL,None,Low
1789,0,5,50,0.0242,NORMAL,None,Low
1789,0,6,60,0.0228,NORMAL,None,Low
1790,0,1,10,0.0179,NORMAL,None,Medium
1790,0,2,20,0.0232,NORMAL,None,Medium
1790,0,3,30,0.0247,NORMAL,None,Medium
1790,0,4,40,0.0252,NORMAL,None,Low
1790,0,5,50,0.023,NORMAL,None,Low
1790,0,6,60,0.024,NORMAL,None,Low
1791,0,1,10,0.0155,NORMAL,None,Medium
1791,0,2,20,0.0213,NORMAL,None,Medium
1791,0,3,30,0.0226,NORMAL,None,Medium
1791,0,4,40,0.0226,NORMAL,None,Low
1791,0,5,50,0.0244,NORMAL,None,Low
1791,0,6,60,0.0283,NORMAL,None,Low
1792,0,1,10,0.0163,NORMAL,None,Medium
1792,0,2,20,0.022,NORMAL,None,Medium
1792,0,3,30,0.0234,NORMAL,None,Medium
1792,0,4,40,0.0298,NORMAL,None,Low
1792,0,5,50,0.0279,NORMAL,None,Low
1792,0,6,60,0.0261,NORMAL,None,Low
1793,0,1,10,0.0211,NORMAL,None,Medium
1793,0,2,20,0.0246,NORMAL,None,Medium
1793,0,3,30,0.0214,NORMAL,None,Medium
1793,0,4,40,0.0238,NORMAL,None,Low
1793,0,5,50,0.0223,NORMAL,None,Low
1793,0,6,60,0.0239,NORMAL,None,Low
1794,0,1,10,0.0297,NORMAL,None,Medium
1794,0,2,20,0.0269,NORMAL,None,Medium
1794,0,3,30,0.0232,NORMAL,None,Medium
1794,0,4,40,0.0261,NORMAL,None,Low
1794,0,5,50,0.0254,NORMAL,None,Low
1794,0,6,60,0.0262,NORMAL,None,Low
1795,0,1,10,0.0184,NORMAL,None,Medium
1795,0,2,20,0.0201,NORMAL,None,Medium
1795,0,3,30,0.024,NORMAL,None,Medium
1795,0,4,40,0.0229,NORMAL,None,Low
1795,0,5,50,0.0251,NORMAL,None,Low
1795,0,6,60,0.0234,NORMAL,None,Low
1796,0,1,10,0.0212,NORMAL,None,Medium
1796,0,2,20,0.0226,NORMAL,None,Medium
1796,0,3,30,0.0254,NORMAL,None,Medium
1796,0,4,40,0.0263,NORMAL,None,Low
1796,0,5,50,0.0271,NORMAL,None,Low
1796,0,6,60,0.025,NORMAL,None,Low
1797,0,1,10,0.0369,NORMAL,None,Medium
1797,0,2,20,0.0301,NORMAL,None,Medium
1797,0,3,30,0.0279,NORMAL,None,Medium
1797,0,4,40,0.0281,NORMAL,None,Low
1797,0,5,50,0.0252,NORMAL,None,Low
1797,0,6,60,0.0254,NORMAL,None,Low
1798,0,1,10,0.0494,NORMAL,None,Medium
1798,0,2,20,0.035,NORMAL,None,Medium
1798,0,3,30,0.0299,NORMAL,None,Medium
1798,0,4,40,0.0312,NORMAL,None,Low
1798,0,5,50,0.0322,NORMAL,None,Low
1798,0,6,60,0.0274,NORMAL,None,Low
1799,0,1,10,0.0441,NORMAL,None,Medium
1799,0,2,20,0.0316,NORMAL,None,Medium
1799,0,3,30,0.0309,NORMAL,None,Medium
1799,0,4,40,0.0296,NORMAL,None,Low
1799,0,5,50,0.0299,NORMAL,None,Low
1799,0,6,60,0.029,NORMAL,None,Low
1920,0,1,10,0.0154,NORMAL,None,Medium
1920,0,2,20,0.0214,NORMAL,None,Medium
1920,0,3,30,0.025,NORMAL,None,Medium
1920,0,4,40,0.0261,NORMAL,None,Low
1920,0,5,50,0.0252,NORMAL,None,Low
1920,0,6,60,0.0246,NORMAL,None,Low
1921,0,1,10,0.0139,NORMAL,None,Medium
1921,0,2,20,0.0209,NORMAL,None,Medium
1921,0,3,30,0.0246,NORMAL,None,Medium
1921,0,4,40,0.0231,NORMAL,None,Low
1921,0,5,50,0.0236,NORMAL,None,Low
1921,0,6,60,0.0257,NORMAL,None,Low
1922,0,1,10,0.0159,NORMAL,None,Medium
1922,0,2,20,0.0236,NORMAL,None,Medium
1922,0,3,30,0.0255,NORMAL,None,Medium
1922,0,4,40,0.0243,NORMAL,None,Low
1922,0,5,50,0.0254,NORMAL,None,Low
1922,0,6,60,0.0262,NORMAL,None,Low
1923,0,1,10,0.0157,NORMAL,None,Medium
1923,0,2,20,0.0232,NORMAL,None,Medium
1923,0,3,30,0.0223,NORMAL,None,Medium
1923,0,4,40,0.025,NORMAL,None,Low
1923,0,5,50,0.0263,NORMAL,None,Low
1923,0,6,60,0.027,NORMAL,None,Low
1924,0,1,10,0.0145,NORMAL,None,Medium
1924,0,2,20,0.0219,NORMAL,None,Medium
1924,0,3,30,0.0251,NORMAL,None,Medium
1924,0,4,40,0.023,NORMAL,None,Low
1924,0,5,50,0.0234,NORMAL,None,Low
1924,0,6,60,0.0264,NORMAL,None,Low
1925,0,1,10,0.0151,NORMAL,None,Medium
1925,0,2,20,0.0214,NORMAL,None,Medium
1925,0,3,30,0.028,NORMAL,None,Medium
1925,0,4,40,0.0276,NORMAL,None,Low
1925,0,5,50,0.026,NORMAL,None,Low
1925,0,6,60,0.0252,NORMAL,None,Low
1926,0,1,10,0.0184,NORMAL,None,Medium
1926,0,2,20,0.0233,NORMAL,None,Medium
1926,0,3,30,0.0228,NORMAL,None,Medium
1926,0,4,40,0.0243,NORMAL,None,Low
1926,0,5,50,0.0233,NORMAL,None,Low
1926,0,6,60,0.028,NORMAL,None,Low
1927,0,1,10,0.0189,NORMAL,None,Medium
1927,0,2,20,0.022,NORMAL,None,Medium
1927,0,3,30,0.0241,NORMAL,None,Medium
1927,0,4,40,0.0261,NORMAL,None,Low
1927,0,5,50,0.0258,NORMAL,None,Low
1927,0,6,60,0.0288,NORMAL,None,Low
1928,0,1,10,0.015,NORMAL,None,Medium
1928,0,2,20,0.0223,NORMAL,None,Medium
1928,0,3,30,0.0247,NORMAL,None,Medium
1928,0,4,40,0.0262,NORMAL,None,Low
1928,0,5,50,0.0248,NORMAL,None,Low
1928,0,6,60,0.0267,NORMAL,None,Low
1929,0,1,10,0.0158,NORMAL,None,Medium
1929,0,2,20,0.0222,NORMAL,None,Medium
1929,0,3,30,0.0235,NORMAL,None,Medium
1929,0,4,40,0.0267,NORMAL,None,Low
1929,0,5,50,0.0273,NORMAL,None,Low
1929,0,6,60,0.0256,NORMAL,None,Low
1930,0,1,10,0.0166,NORMAL,None,Medium
1930,0,2,20,0.0223,NORMAL,None,Medium
1930,0,3,30,0.0231,NORMAL,None,Medium
1930,0,4,40,0.0252,NORMAL,None,Low
1930,0,5,50,0.0257,NORMAL,None,Low
1930,0,6,60,0.027,NORMAL,None,Low
1931,0,1,10,0.0175,NORMAL,None,Medium
1931,0,2,20,0.0251,NORMAL,None,Medium
1931,0,3,30,0.027,NORMAL,None,Medium
1931,0,4,40,0.0241,NORMAL,None,Low
1931,0,5,50,0.0243,NORMAL,None,Low
1931,0,6,60,0.0264,NORMAL,None,Low
1932,0,1,10,0.0188,NORMAL,None,Medium
1932,0,2,20,0.0274,NORMAL,None,Medium
1932,0,3,30,0.0243,NORMAL,None,Medium
1932,0,4,40,0.0255,NORMAL,None,Low
1932,0,5,50,0.0264,NORMAL,None,Low
1932,0,6,60,0.0253,NORMAL,None,Low
1933,0,1,10,0.0217,NORMAL,None,Medium
1933,0,2,20,0.0247,NORMAL,None,Medium
1933,0,3,30,0.026,NORMAL,None,Medium
1933,0,4,40,0.0277,NORMAL,None,Low
1933,0,5,50,0.0273,NORMAL,None,Low
1933,0,6,60,0.0243,NORMAL,None,Low
1934,0,1,10,0.0196,NORMAL,None,Medium
1934,0,2,20,0.0255,NORMAL,None,Medium
1934,0,3,30,0.0271,NORMAL,None,Medium
1934,0,4,40,0.0288,NORMAL,None,Low
1934,0,5,50,0.0258,NORMAL,None,Low
1934,0,6,60,0.0262,NORMAL,None,Low
1935,0,1,10,0.0241,NORMAL,None,Medium
1935,0,2,20,0.0237,NORMAL,None,Medium
1935,0,3,30,0.0247,NORMAL,None,Medium
1935,0,4,40,0.0245,NORMAL,None,Low
1935,0,5,50,0.0268,NORMAL,None,Low
1935,0,6,60,0.0252,NORMAL,None,Low
1936,0,1,10,0.015,NORMAL,None,Medium
1936,0,2,20,0.0218,NORMAL,None,Medium
1936,0,3,30,0.0225,NORMAL,None,Medium
1936,0,4,40,0.0252,NORMAL,None,Low
1936,0,5,50,0.0267,NORMAL,None,Low
1936,0,6,60,0.0256,NORMAL,None,Low
1937,0,1,10,0.0161,NORMAL,None,Medium
1937,0,2,20,0.0218,NORMAL,None,Medium
1937,0,3,30,0.025,NORMAL,None,Medium
1937,0,4,40,0.0252,NORMAL,None,Low
1937,0,5,50,0.027,NORMAL,None,Low
1937,0,6,60,0.0262,NORMAL,None,Low
1938,0,1,10,0.0188,NORMAL,None,Medium
1938,0,2,20,0.0232,NORMAL,None,Medium
1938,0,3,30,0.0255,NORMAL,None,Medium
1938,0,4,40,0.0251,NORMAL,None,Low
1938,0,5,50,0.0301,NORMAL,None,Low
1938,0,6,60,0.0293,NORMAL,None,Low
1939,0,1,10,0.0164,NORMAL,None,Medium
1939,0,2,20,0.0209,NORMAL,None,Medium
1939,0,3,30,0.0231,NORMAL,None,Medium
1939,0,4,40,0.0263,NORMAL,None,Low
1939,0,5,50,0.0248,NORMAL,None,Low
1939,0,6,60,0.0257,NORMAL,None,Low
1940,0,1,10,0.0169,NORMAL,None,Medium
1940,0,2,20,0.0237,NORMAL,None,Medium
1940,0,3,30,0.027,NORMAL,None,Medium
1940,0,4,40,0.0271,NORMAL,None,Low
1940,0,5,50,0.0263,NORMAL,None,Low
1940,0,6,60,0.0257,NORMAL,None,Low
1941,0,1,10,0.0204,NORMAL,None,Medium
1941,0,2,20,0.0225,NORMAL,None,Medium
1941,0,3,30,0.0251,NORMAL,None,Medium
1941,0,4,40,0.0218,NORMAL,None,Low
1941,0,5,50,0.0243,NORMAL,None,Low
1941,0,6,60,0.0281,NORMAL,None,Low
1942,0,1,10,0.025,NORMAL,None,Medium
1942,0,2,20,0.0266,NORMAL,None,Medium
1942,0,3,30,0.0247,NORMAL,None,Medium
1942,0,4,40,0.0266,NORMAL,None,Low
1942,0,5,50,0.0267,NORMAL,None,Low
1942,0,6,60,0.0264,NORMAL,None,Low
1943,0,1,10,0.0224,NORMAL,None,Medium
1943,0,2,20,0.0279,NORMAL,None,Medium
1943,0,3,30,0.0296,NORMAL,None,Medium
1943,0,4,40,0.0295,NORMAL,None,Low
1943,0,5,50,0.0278,NORMAL,None,Low
1943,0,6,60,0.0266,NORMAL,None,Low
1944,0,1,10,0.0347,NORMAL,None,Medium
1944,0,2,20,0.0314,NORMAL,None,Medium
1944,0,3,30,0.0282,NORMAL,None,Medium
1944,0,4,40,0.0261,NORMAL,None,Low
1944,0,5,50,0.0293,NORMAL,None,Low
1944,0,6,60,0.0298,NORMAL,None,Low
1945,0,1,10,0.028,NORMAL,None,Medium
1945,0,2,20,0.031,NORMAL,None,Medium
1945,0,3,30,0.0284,NORMAL,None,Medium
1945,0,4,40,0.0295,NORMAL,None,Low
1945,0,5,50,0.0279,NORMAL,None,Low
1945,0,6,60,0.0267,NORMAL,None,Low
1946,0,1,10,0.03,NORMAL,None,Medium
1946,0,2,20,0.0276,NORMAL,None,Medium
1946,0,3,30,0.0282,NORMAL,None,Medium
1946,0,4,40,0.03,NORMAL,None,Low
1946,0,5,50,0.0277,NORMAL,None,Low
1946,0,6,60,0.0287,NORMAL,None,Low
1947,0,1,10,0.0485,NORMAL,None,Medium
1947,0,2,20,0.0401,NORMAL,None,Medium
1947,0,3,30,0.0391,NORMAL,None,Medium
1947,0,4,40,0.0342,NORMAL,None,Low
1947,0,5,50,0.0289,NORMAL,None,Low
1947,0,6,60,0.0292,NORMAL,None,Low
1948,0,1,10,0.0628,NORMAL,None,Medium
1948,0,2,20,0.0436,NORMAL,None,Medium
1948,0,3,30,0.0393,NORMAL,None,Medium
1948,0,4,40,0.0342,NORMAL,None,Low
1948,0,5,50,0.032,NORMAL,None,Low
1948,0,6,60,0.0317,NORMAL,None,Low
1949,0,1,10,0.0325,NORMAL,None,Medium
1949,0,2,20,0.0309,NORMAL,None,Medium
1949,0,3,30,0.0312,NORMAL,None,Medium
1949,0,4,40,0.0285,NORMAL,None,Low
1949,0,5,50,0.0275,NORMAL,None,Low
1949,0,6,60,0.0303,NORMAL,None,Low
2070,0,1,10,0.0274,NORMAL,None,Medium
2070,0,2,20,0.0306,NORMAL,None,Medium
2070,0,3,30,0.028,NORMAL,None,Medium
2070,0,4,40,0.029,NORMAL,None,Low
2070,0,5,50,0.0268,NORMAL,None,Low
2070,0,6,60,0.026,NORMAL,None,Low
2071,0,1,10,0.0227,NORMAL,None,Medium
2071,0,2,20,0.0285,NORMAL,None,Medium
2071,0,3,30,0.0262,NORMAL,None,Medium
2071,0,4,40,0.0274,NORMAL,None,Low
2071,0,5,50,0.0268,NORMAL,None,Low
2071,0,6,60,0.0275,NORMAL,None,Low
2072,0,1,10,0.0315,NORMAL,None,Medium
2072,0,2,20,0.0326,NORMAL,None,Medium
2072,0,3,30,0.0271,NORMAL,None,Medium
2072,0,4,40,0.0265,NORMAL,None,Low
2072,0,5,50,0.0261,NORMAL,None,Low
2072,0,6,60,0.0256,NORMAL,None,Low
2073,0,1,10,0.0326,NORMAL,None,Medium
2073,0,2,20,0.0365,NORMAL,None,Medium
2073,0,3,30,0.0308,NORMAL,None,Medium
2073,0,4,40,0.0348,NORMAL,None,Low
2073,0,5,50,0.027,NORMAL,None,Low
2073,0,6,60,0.0282,NORMAL,None,Low
2074,0,1,10,0.027,NORMAL,None,Medium
2074,0,2,20,0.03,NORMAL,None,Medium
2074,0,3,30,0.027,NORMAL,None,Medium
2074,0,4,40,0.0272,NORMAL,None,Low
2074,0,5,50,0.0289,NORMAL,None,Low
2074,0,6,60,0.0281,NORMAL,None,Low
2075,0,1,10,0.0306,NORMAL,None,Medium
2075,0,2,20,0.0315,NORMAL,None,Medium
2075,0,3,30,0.0339,NORMAL,None,Medium
2075,0,4,40,0.0308,NORMAL,None,Low
2075,0,5,50,0.0315,NORMAL,None,Low
2075,0,6,60,0.0274,NORMAL,None,Low
2076,0,1,10,0.0256,NORMAL,None,Medium
2076,0,2,20,0.0294,NORMAL,None,Medium
2076,0,3,30,0.0291,NORMAL,None,Medium
2076,0,4,40,0.0304,NORMAL,None,Low
2076,0,5,50,0.0297,NORMAL,None,Low
2076,0,6,60,0.0297,NORMAL,None,Low
2077,0,1,10,0.0219,NORMAL,None,Medium
2077,0,2,20,0.0247,NORMAL,None,Medium
2077,0,3,30,0.0254,NORMAL,None,Medium
2077,0,4,40,0.0247,NORMAL,None,Low
2077,0,5,50,0.0252,NORMAL,None,Low
2077,0,6,60,0.0263,NORMAL,None,Low
2078,0,1,10,0.0199,NORMAL,None,Medium
2078,0,2,20,0.0262,NORMAL,None,Medium
2078,0,3,30,0.03,NORMAL,None,Medium
2078,0,4,40,0.0281,NORMAL,None,Low
2078,0,5,50,0.0242,NORMAL,None,Low
2078,0,6,60,0.025,NORMAL,None,Low
2079,0,1,10,0.0234,NORMAL,None,Medium
2079,0,2,20,0.0278,NORMAL,None,Medium
2079,0,3,30,0.0277,NORMAL,None,Medium
2079,0,4,40,0.0285,NORMAL,None,Low
2079,0,5,50,0.027,NORMAL,None,Low
2079,0,6,60,0.0257,NORMAL,None,Low
2080,0,1,10,0.0192,NORMAL,None,Medium
2080,0,2,20,0.0252,NORMAL,None,Medium
2080,0,3,30,0.0265,NORMAL,None,Medium
2080,0,4,40,0.026,NORMAL,None,Low
2080,0,5,50,0.0259,NORMAL,None,Low
2080,0,6,60,0.0266,NORMAL,None,Low
2081,0,1,10,0.0203,NORMAL,None,Medium
2081,0,2,20,0.0247,NORMAL,None,Medium
2081,0,3,30,0.0261,NORMAL,None,Medium
2081,0,4,40,0.0282,NORMAL,None,Low
2081,0,5,50,0.0255,NORMAL,None,Low
2081,0,6,60,0.0263,NORMAL,None,Low
2082,0,1,10,0.0178,NORMAL,None,Medium
2082,0,2,20,0.023,NORMAL,None,Medium
2082,0,3,30,0.0248,NORMAL,None,Medium
2082,0,4,40,0.0276,NORMAL,None,Low
2082,0,5,50,0.0283,NORMAL,None,Low
2082,0,6,60,0.0259,NORMAL,None,Low
2083,0,1,10,0.0184,NORMAL,None,Medium
2083,0,2,20,0.0217,NORMAL,None,Medium
2083,0,3,30,0.0233,NORMAL,None,Medium
2083,0,4,40,0.0228,NORMAL,None,Low
2083,0,5,50,0.0279,NORMAL,None,Low
2083,0,6,60,0.0263,NORMAL,None,Low
2084,0,1,10,0.0161,NORMAL,None,Medium
2084,0,2,20,0.0237,NORMAL,None,Medium
2084,0,3,30,0.0263,NORMAL,None,Medium
2084,0,4,40,0.0235,NORMAL,None,Low
2084,0,5,50,0.024,NORMAL,None,Low
2084,0,6,60,0.0258,NORMAL,None,Low
2085,0,1,10,0.0182,NORMAL,None,Medium
2085,0,2,20,0.0235,NORMAL,None,Medium
2085,0,3,30,0.025,NORMAL,None,Medium
2085,0,4,40,0.0247,NORMAL,None,Low
2085,0,5,50,0.0244,NORMAL,None,Low
2085,0,6,60,0.0256,NORMAL,None,Low
2086,0,1,10,0.0177,NORMAL,None,Medium
2086,0,2,20,0.022,NORMAL,None,Medium
2086,0,3,30,0.0266,NORMAL,None,Medium
2086,0,4,40,0.0253,NORMAL,None,Low
2086,0,5,50,0.0257,NORMAL,None,Low
2086,0,6,60,0.0282,NORMAL,None,Low
2087,0,1,10,0.0186,NORMAL,None,Medium
2087,0,2,20,0.0218,NORMAL,None,Medium
2087,0,3,30,0.0254,NORMAL,None,Medium
2087,0,4,40,0.0265,NORMAL,None,Low
2087,0,5,50,0.0259,NORMAL,None,Low
2087,0,6,60,0.0268,NORMAL,None,Low
2088,0,1,10,0.0176,NORMAL,None,Medium
2088,0,2,20,0.0233,NORMAL,None,Medium
2088,0,3,30,0.0245,NORMAL,None,Medium
2088,0,4,40,0.0264,NORMAL,None,Low
2088,0,5,50,0.0261,NORMAL,None,Low
2088,0,6,60,0.0241,NORMAL,None,Low
2089,0,1,10,0.0187,NORMAL,None,Medium
2089,0,2,20,0.0222,NORMAL,None,Medium
2089,0,3,30,0.024,NORMAL,None,Medium
2089,0,4,40,0.0255,NORMAL,None,Low
2089,0,5,50,0.0268,NORMAL,None,Low
2089,0,6,60,0.0251,NORMAL,None,Low
2090,0,1,10,0.0168,NORMAL,None,Medium
2090,0,2,20,0.0218,NORMAL,None,Medium
2090,0,3,30,0.0249,NORMAL,None,Medium
2090,0,4,40,0.0286,NORMAL,None,Low
2090,0,5,50,0.0297,NORMAL,None,Low
2090,0,6,60,0.0251,NORMAL,None,Low
2091,0,1,10,0.0169,NORMAL,None,Medium
2091,0,2,20,0.02,NORMAL,None,Medium
2091,0,3,30,0.0223,NORMAL,None,Medium
2091,0,4,40,0.0239,NORMAL,None,Low
2091,0,5,50,0.0243,NORMAL,None,Low
2091,0,6,60,0.025,NORMAL,None,Low
2092,0,1,10,0.0145,NORMAL,None,Medium
2092,0,2,20,0.0212,NORMAL,None,Medium
2092,0,3,30,0.0249,NORMAL,None,Medium
2092,0,4,40,0.0272,NORMAL,None,Low
2092,0,5,50,0.0265,NORMAL,None,Low
2092,0,6,60,0.0237,NORMAL,None,Low
2093,0,1,10,0.0129,NORMAL,None,Medium
2093,0,2,20,0.0207,NORMAL,None,Medium
2093,0,3,30,0.0241,NORMAL,None,Medium
2093,0,4,40,0.0249,NORMAL,None,Low
2093,0,5,50,0.0255,NORMAL,None,Low
2093,0,6,60,0.0251,NORMAL,None,Low
2094,0,1,10,0.0143,NORMAL,None,Medium
2094,0,2,20,0.0231,NORMAL,None,Medium
2094,0,3,30,0.0247,NORMAL,None,Medium
2094,0,4,40,0.0232,NORMAL,None,Low
2094,0,5,50,0.0249,NORMAL,None,Low
2094,0,6,60,0.024,NORMAL,None,Low
2095,0,1,10,0.0164,NORMAL,None,Medium
2095,0,2,20,0.0229,NORMAL,None,Medium
2095,0,3,30,0.0221,NORMAL,None,Medium
2095,0,4,40,0.0239,NORMAL,None,Low
2095,0,5,50,0.0244,NORMAL,None,Low
2095,0,6,60,0.0236,NORMAL,None,Low
2096,0,1,10,0.0162,NORMAL,None,Medium
2096,0,2,20,0.0245,NORMAL,None,Medium
2096,0,3,30,0.0237,NORMAL,None,Medium
2096,0,4,40,0.0251,NORMAL,None,Low
2096,0,5,50,0.0238,NORMAL,None,Low
2096,0,6,60,0.027,NORMAL,None,Low
2097,0,1,10,0.0159,NORMAL,None,Medium
2097,0,2,20,0.0244,NORMAL,None,Medium
2097,0,3,30,0.0258,NORMAL,None,Medium
2097,0,4,40,0.0271,NORMAL,None,Low
2097,0,5,50,0.0262,NORMAL,None,Low
2097,0,6,60,0.0254,NORMAL,None,Low
2098,0,1,10,0.0166,NORMAL,None,Medium
2098,0,2,20,0.0248,NORMAL,None,Medium
2098,0,3,30,0.025,NORMAL,None,Medium
2098,0,4,40,0.0227,NORMAL,None,Low
2098,0,5,50,0.0258,NORMAL,None,Low
2098,0,6,60,0.0266,NORMAL,None,Low
2099,0,1,10,0.016,NORMAL,None,Medium
2099,0,2,20,0.0222,NORMAL,None,Medium
2099,0,3,30,0.0246,NORMAL,None,Medium
2099,0,4,40,0.0283,NORMAL,None,Low
2099,0,5,50,0.0271,NORMAL,None,Low
2099,0,6,60,0.0269,NORMAL,None,Low
2220,0,1,10,0.0177,NORMAL,None,Medium
2220,0,2,20,0.0231,NORMAL,None,Medium
2220,0,3,30,0.026,NORMAL,None,Medium
2220,0,4,40,0.0273,NORMAL,None,Low
2220,0,5,50,0.0305,NORMAL,None,Low
2220,0,6,60,0.0299,NORMAL,None,Low
2221,0,1,10,0.0155,NORMAL,None,Medium
2221,0,2,20,0.0217,NORMAL,None,Medium
2221,0,3,30,0.0259,NORMAL,None,Medium
2221,0,4,40,0.0236,NORMAL,None,Low
2221,0,5,50,0.0232,NORMAL,None,Low
2221,0,6,60,0.0266,NORMAL,None,Low
2222,0,1,10,0.0188,NORMAL,None,Medium
2222,0,2,20,0.0229,NORMAL,None,Medium
2222,0,3,30,0.0275,NORMAL,None,Medium
2222,0,4,40,0.0258,NORMAL,None,Low
2222,0,5,50,0.0276,NORMAL,None,Low
2222,0,6,60,0.0254,NORMAL,None,Low
2223,0,1,10,0.0168,NORMAL,None,Medium
2223,0,2,20,0.0234,NORMAL,None,Medium
2223,0,3,30,0.0257,NORMAL,None,Medium
2223,0,4,40,0.0245,NORMAL,None,Low
2223,0,5,50,0.0248,NORMAL,None,Low
2223,0,6,60,0.0234,NORMAL,None,Low
2224,0,1,10,0.0167,NORMAL,None,Medium
2224,0,2,20,0.0249,NORMAL,None,Medium
2224,0,3,30,0.0277,NORMAL,None,Medium
2224,0,4,40,0.0263,NORMAL,None,Low
2224,0,5,50,0.024,NORMAL,None,Low
2224,0,6,60,0.026,NORMAL,None,Low
2225,0,1,10,0.0175,NORMAL,None,Medium
2225,0,2,20,0.0235,NORMAL,None,Medium
2225,0,3,30,0.0252,NORMAL,None,Medium
2225,0,4,40,0.0255,NORMAL,None,Low
2225,0,5,50,0.0253,NORMAL,None,Low
2225,0,6,60,0.0254,NORMAL,None,Low
2226,0,1,10,0.0138,NORMAL,None,Medium
2226,0,2,20,0.0239,NORMAL,None,Medium
2226,0,3,30,0.026,NORMAL,None,Medium
2226,0,4,40,0.0239,NORMAL,None,Low
2226,0,5,50,0.0244,NORMAL,None,Low
2226,0,6,60,0.0266,NORMAL,None,Low
2227,0,1,10,0.0166,NORMAL,None,Medium
2227,0,2,20,0.0219,NORMAL,None,Medium
2227,0,3,30,0.026,NORMAL,None,Medium
2227,0,4,40,0.025,NORMAL,None,Low
2227,0,5,50,0.0242,NORMAL,None,Low
2227,0,6,60,0.0249,NORMAL,None,Low
2228,0,1,10,0.0195,NORMAL,None,Medium
2228,0,2,20,0.0255,NORMAL,None,Medium
2228,0,3,30,0.0236,NORMAL,None,Medium
2228,0,4,40,0.0255,NORMAL,None,Low
2228,0,5,50,0.0245,NORMAL,None,Low
2228,0,6,60,0.0254,NORMAL,None,Low
2229,0,1,10,0.0247,NORMAL,None,Medium
2229,0,2,20,0.0286,NORMAL,None,Medium
2229,0,3,30,0.027,NORMAL,None,Medium
2229,0,4,40,0.0261,NORMAL,None,Low
2229,0,5,50,0.0291,NORMAL,None,Low
2229,0,6,60,0.0271,NORMAL,None,Low
2230,0,1,10,0.0174,NORMAL,None,Medium
2230,0,2,20,0.0233,NORMAL,None,Medium
2230,0,3,30,0.0264,NORMAL,None,Medium
2230,0,4,40,0.0262,NORMAL,None,Low
2230,0,5,50,0.0257,NORMAL,None,Low
2230,0,6,60,0.0267,NORMAL,None,Low
2231,0,1,10,0.0176,NORMAL,None,Medium
2231,0,2,20,0.0242,NORMAL,None,Medium
2231,0,3,30,0.0219,NORMAL,None,Medium
2231,0,4,40,0.0229,NORMAL,None,Low
2231,0,5,50,0.0249,NORMAL,None,Low
2231,0,6,60,0.0269,NORMAL,None,Low
2232,0,1,10,0.0217,NORMAL,None,Medium
2232,0,2,20,0.026,NORMAL,None,Medium
2232,0,3,30,0.0274,NORMAL,None,Medium
2232,0,4,40,0.0248,NORMAL,None,Low
2232,0,5,50,0.0258,NORMAL,None,Low
2232,0,6,60,0.0249,NORMAL,None,Low
2233,0,1,10,0.0188,NORMAL,None,Medium
2233,0,2,20,0.0233,NORMAL,None,Medium
2233,0,3,30,0.0226,NORMAL,None,Medium
2233,0,4,40,0.0231,NORMAL,None,Low
2233,0,5,50,0.0237,NORMAL,None,Low
2233,0,6,60,0.0257,NORMAL,None,Low
2234,0,1,10,0.0164,NORMAL,None,Medium
2234,0,2,20,0.0211,NORMAL,None,Medium
2234,0,3,30,0.0222,NORMAL,None,Medium
2234,0,4,40,0.0267,NORMAL,None,Low
2234,0,5,50,0.0266,NORMAL,None,Low
2234,0,6,60,0.027,NORMAL,None,Low
2235,0,1,10,0.0152,NORMAL,None,Medium
2235,0,2,20,0.022,NORMAL,None,Medium
2235,0,3,30,0.0218,NORMAL,None,Medium
2235,0,4,40,0.023,NORMAL,None,Low
2235,0,5,50,0.0232,NORMAL,None,Low
2235,0,6,60,0.026,NORMAL,None,Low
2236,0,1,10,0.0142,NORMAL,None,Medium
2236,0,2,20,0.0222,NORMAL,None,Medium
2236,0,3,30,0.0241,NORMAL,None,Medium
2236,0,4,40,0.028,NORMAL,None,Low
2236,0,5,50,0.0253,NORMAL,None,Low
2236,0,6,60,0.0289,NORMAL,None,Low
2237,0,1,10,0.0133,NORMAL,None,Medium
2237,0,2,20,0.0186,NORMAL,None,Medium
2237,0,3,30,0.0225,NORMAL,None,Medium
2237,0,4,40,0.0256,NORMAL,None,Low
2237,0,5,50,0.0265,NORMAL,None,Low
2237,0,6,60,0.0256,NORMAL,None,Low
2238,0,1,10,0.0139,NORMAL,None,Medium
2238,0,2,20,0.0185,NORMAL,None,Medium
2238,0,3,30,0.0241,NORMAL,None,Medium
2238,0,4,40,0.0266,NORMAL,None,Low
2238,0,5,50,0.0276,NORMAL,None,Low
2238,0,6,60,0.0256,NORMAL,None,Low
2239,0,1,10,0.0138,NORMAL,None,Medium
2239,0,2,20,0.0211,NORMAL,None,Medium
2239,0,3,30,0.0224,NORMAL,None,Medium
2239,0,4,40,0.024,NORMAL,None,Low
2239,0,5,50,0.0279,NORMAL,None,Low
2239,0,6,60,0.0256,NORMAL,None,Low
2240,0,1,10,0.0162,NORMAL,None,Medium
2240,0,2,20,0.0214,NORMAL,None,Medium
2240,0,3,30,0.0249,NORMAL,None,Medium
2240,0,4,40,0.0257,NORMAL,None,Low
2240,0,5,50,0.0255,NORMAL,None,Low
2240,0,6,60,0.0223,NORMAL,None,Low
2241,0,1,10,0.0157,NORMAL,None,Medium
2241,0,2,20,0.0219,NORMAL,None,Medium
2241,0,3,30,0.022,NORMAL,None,Medium
2241,0,4,40,0.0244,NORMAL,None,Low
2241,0,5,50,0.024,NORMAL,None,Low
2241,0,6,60,0.0227,NORMAL,None,Low
2242,0,1,10,0.0147,NORMAL,None,Medium
2242,0,2,20,0.019,NORMAL,None,Medium
2242,0,3,30,0.0231,NORMAL,None,Medium
2242,0,4,40,0.0258,NORMAL,None,Low
2242,0,5,50,0.0273,NORMAL,None,Low
2242,0,6,60,0.0275,NORMAL,None,Low
2243,0,1,10,0.0159,NORMAL,None,Medium
2243,0,2,20,0.0208,NORMAL,None,Medium
2243,0,3,30,0.0231,NORMAL,None,Medium
2243,0,4,40,0.0241,NORMAL,None,Low
2243,0,5,50,0.0261,NORMAL,None,Low
2243,0,6,60,0.0251,NORMAL,None,Low
2244,0,1,10,0.0143,NORMAL,None,Medium
2244,0,2,20,0.0193,NORMAL,None,Medium
2244,0,3,30,0.0225,NORMAL,None,Medium
2244,0,4,40,0.0231,NORMAL,None,Low
2244,0,5,50,0.0258,NORMAL,None,Low
2244,0,6,60,0.0254,NORMAL,None,Low
2245,0,1,10,0.0157,NORMAL,None,Medium
2245,0,2,20,0.022,NORMAL,None,Medium
2245,0,3,30,0.0249,NORMAL,None,Medium
2245,0,4,40,0.0267,NORMAL,None,Low
2245,0,5,50,0.0273,NORMAL,None,Low
2245,0,6,60,0.0272,NORMAL,None,Low
2246,0,1,10,0.0137,NORMAL,None,Medium
2246,0,2,20,0.0206,NORMAL,None,Medium
2246,0,3,30,0.0242,NORMAL,None,Medium
2246,0,4,40,0.0274,NORMAL,None,Low
2246,0,5,50,0.0324,NORMAL,None,Low
2246,0,6,60,0.0261,NORMAL,None,Low
2247,0,1,10,0.0148,NORMAL,None,Medium
2247,0,2,20,0.022,NORMAL,None,Medium
2247,0,3,30,0.0228,NORMAL,None,Medium
2247,0,4,40,0.0228,NORMAL,None,Low
2247,0,5,50,0.024,NORMAL,None,Low
2247,0,6,60,0.0244,NORMAL,None,Low
2248,0,1,10,0.0144,NORMAL,None,Medium
2248,0,2,20,0.0194,NORMAL,None,Medium
2248,0,3,30,0.0234,NORMAL,None,Medium
2248,0,4,40,0.0267,NORMAL,None,Low
2248,0,5,50,0.0263,NORMAL,None,Low
2248,0,6,60,0.0283,NORMAL,None,Low
2249,0,1,10,0.0146,NORMAL,None,Medium
2249,0,2,20,0.0209,NORMAL,None,Medium
2249,0,3,30,0.0227,NORMAL,None,Medium
2249,0,4,40,0.0253,NORMAL,None,Low
2249,0,5,50,0.0275,NORMAL,None,Low
2249,0,6,60,0.0264,NORMAL,None,Low
2370,0,1,10,0.0234,NORMAL,None,Medium
2370,0,2,20,0.0284,NORMAL,None,Medium
2370,0,3,30,0.0251,NORMAL,None,Medium
2370,0,4,40,0.0247,NORMAL,None,Low
2370,0,5,50,0.0264,NORMAL,None,Low
2370,0,6,60,0.0256,NORMAL,None,Low
2371,0,1,10,0.0212,NORMAL,None,Medium
2371,0,2,20,0.0255,NORMAL,None,Medium
2371,0,3,30,0.0251,NORMAL,None,Medium
2371,0,4,40,0.026,NORMAL,None,Low
2371,0,5,50,0.0242,NORMAL,None,Low
2371,0,6,60,0.0246,NORMAL,None,Low
2372,0,1,10,0.0205,NORMAL,None,Medium
2372,0,2,20,0.0214,NORMAL,None,Medium
2372,0,3,30,0.024,NORMAL,None,Medium
2372,0,4,40,0.0264,NORMAL,None,Low
2372,0,5,50,0.0269,NORMAL,None,Low
2372,0,6,60,0.0271,NORMAL,None,Low
2373,0,1,10,0.0195,NORMAL,None,Medium
2373,0,2,20,0.0254,NORMAL,None,Medium
2373,0,3,30,0.0245,NORMAL,None,Medium
2373,0,4,40,0.0235,NORMAL,None,Low
2373,0,5,50,0.0246,NORMAL,None,Low
2373,0,6,60,0.024,NORMAL,None,Low
2374,0,1,10,0.0215,NORMAL,None,Medium
2374,0,2,20,0.024,NORMAL,None,Medium
2374,0,3,30,0.0257,NORMAL,None,Medium
2374,0,4,40,0.0247,NORMAL,None,Low
2374,0,5,50,0.0269,NORMAL,None,Low
2374,0,6,60,0.0267,NORMAL,None,Low
2375,0,1,10,0.0179,NORMAL,None,Medium
2375,0,2,20,0.0246,NORMAL,None,Medium
2375,0,3,30,0.0243,NORMAL,None,Medium
2375,0,4,40,0.0257,NORMAL,None,Low
2375,0,5,50,0.0273,NORMAL,None,Low
2375,0,6,60,0.0293,NORMAL,None,Low
2376,0,1,10,0.0161,NORMAL,None,Medium
2376,0,2,20,0.0232,NORMAL,None,Medium
2376,0,3,30,0.0245,NORMAL,None,Medium
2376,0,4,40,0.024,NORMAL,None,Low
2376,0,5,50,0.0239,NORMAL,None,Low
2376,0,6,60,0.0251,NORMAL,None,Low
2377,0,1,10,0.0152,NORMAL,None,Medium
2377,0,2,20,0.0226,NORMAL,None,Medium
2377,0,3,30,0.0238,NORMAL,None,Medium
2377,0,4,40,0.0226,NORMAL,None,Low
2377,0,5,50,0.0251,NORMAL,None,Low
2377,0,6,60,0.0238,NORMAL,None,Low
2378,0,1,10,0.0162,NORMAL,None,Medium
2378,0,2,20,0.0219,NORMAL,None,Medium
2378,0,3,30,0.0232,NORMAL,None,Medium
2378,0,4,40,0.0251,NORMAL,None,Low
2378,0,5,50,0.0251,NORMAL,None,Low
2378,0,6,60,0.0228,NORMAL,None,Low
2379,0,1,10,0.0155,NORMAL,None,Medium
2379,0,2,20,0.0225,NORMAL,None,Medium
2379,0,3,30,0.0235,NORMAL,None,Medium
2379,0,4,40,0.024,NORMAL,None,Low
2379,0,5,50,0.0253,NORMAL,None,Low
2379,0,6,60,0.0252,NORMAL,None,Low
2380,0,1,10,0.015,NORMAL,None,Medium
2380,0,2,20,0.0228,NORMAL,None,Medium
2380,0,3,30,0.0232,NORMAL,None,Medium
2380,0,4,40,0.0237,NORMAL,None,Low
2380,0,5,50,0.0278,NORMAL,None,Low
2380,0,6,60,0.0269,NORMAL,None,Low
2381,0,1,10,0.0191,NORMAL,None,Medium
2381,0,2,20,0.0243,NORMAL,None,Medium
2381,0,3,30,0.0248,NORMAL,None,Medium
2381,0,4,40,0.025,NORMAL,None,Low
2381,0,5,50,0.0262,NORMAL,None,Low
2381,0,6,60,0.0246,NORMAL,None,Low
2382,0,1,10,0.0159,NORMAL,None,Medium
2382,0,2,20,0.0219,NORMAL,None,Medium
2382,0,3,30,0.0258,NORMAL,None,Medium
2382,0,4,40,0.0252,NORMAL,None,Low
2382,0,5,50,0.0285,NORMAL,None,Low
2382,0,6,60,0.0239,NORMAL,None,Low
2383,0,1,10,0.0147,NORMAL,None,Medium
2383,0,2,20,0.0202,NORMAL,None,Medium
2383,0,3,30,0.0237,NORMAL,None,Medium
2383,0,4,40,0.026,NORMAL,None,Low
2383,0,5,50,0.0239,NORMAL,None,Low
2383,0,6,60,0.0268,NORMAL,None,Low
2384,0,1,10,0.0155,NORMAL,None,Medium
2384,0,2,20,0.0231,NORMAL,None,Medium
2384,0,3,30,0.0262,NORMAL,None,Medium
2384,0,4,40,0.0288,NORMAL,None,Low
2384,0,5,50,0.0256,NORMAL,None,Low
2384,0,6,60,0.026,NORMAL,None,Low
2385,0,1,10,0.0149,NORMAL,None,Medium
2385,0,2,20,0.0198,NORMAL,None,Medium
2385,0,3,30,0.0216,NORMAL,None,Medium
2385,0,4,40,0.0223,NORMAL,None,Low
2385,0,5,50,0.0255,NORMAL,None,Low
2385,0,6,60,0.0263,NORMAL,None,Low
2386,0,1,10,0.0146,NORMAL,None,Medium
2386,0,2,20,0.0236,NORMAL,None,Medium
2386,0,3,30,0.0235,NORMAL,None,Medium
2386,0,4,40,0.0261,NORMAL,None,Low
2386,0,5,50,0.0243,NORMAL,None,Low
2386,0,6,60,0.0253,NORMAL,None,Low
2387,0,1,10,0.0134,NORMAL,None,Medium
2387,0,2,20,0.0184,NORMAL,None,Medium
2387,0,3,30,0.0226,NORMAL,None,Medium
2387,0,4,40,0.0244,NORMAL,None,Low
2387,0,5,50,0.0261,NORMAL,None,Low
2387,0,6,60,0.0269,NORMAL,None,Low
2388,0,1,10,0.0172,NORMAL,None,Medium
2388,0,2,20,0.0218,NORMAL,None,Medium
2388,0,3,30,0.0223,NORMAL,None,Medium
2388,0,4,40,0.0228,NORMAL,None,Low
2388,0,5,50,0.0259,NORMAL,None,Low
2388,0,6,60,0.0276,NORMAL,None,Low
2389,0,1,10,0.0174,NORMAL,None,Medium
2389,0,2,20,0.023,NORMAL,None,Medium
2389,0,3,30,0.0265,NORMAL,None,Medium
2389,0,4,40,0.0282,NORMAL,None,Low
2389,0,5,50,0.0251,NORMAL,None,Low
2389,0,6,60,0.0258,NORMAL,None,Low
2390,0,1,10,0.0178,NORMAL,None,Medium
2390,0,2,20,0.0239,NORMAL,None,Medium
2390,0,3,30,0.0238,NORMAL,None,Medium
2390,0,4,40,0.0251,NORMAL,None,Low
2390,0,5,50,0.0269,NORMAL,None,Low
2390,0,6,60,0.0278,NORMAL,None,Low
2391,0,1,10,0.0187,NORMAL,None,Medium
2391,0,2,20,0.0259,NORMAL,None,Medium
2391,0,3,30,0.0288,NORMAL,None,Medium
2391,0,4,40,0.0267,NORMAL,None,Low
2391,0,5,50,0.0249,NORMAL,None,Low
2391,0,6,60,0.0255,NORMAL,None,Low
2392,0,1,10,0.0172,NORMAL,None,Medium
2392,0,2,20,0.0221,NORMAL,None,Medium
2392,0,3,30,0.0233,NORMAL,None,Medium
2392,0,4,40,0.0257,NORMAL,None,Low
2392,0,5,50,0.0259,NORMAL,None,Low
2392,0,6,60,0.0256,NORMAL,None,Low
2393,0,1,10,0.0195,NORMAL,None,Medium
2393,0,2,20,0.0241,NORMAL,None,Medium
2393,0,3,30,0.0256,NORMAL,None,Medium
2393,0,4,40,0.0262,NORMAL,None,Low
2393,0,5,50,0.0247,NORMAL,None,Low
2393,0,6,60,0.0267,NORMAL,None,Low
2394,0,1,10,0.0189,NORMAL,None,Medium
2394,0,2,20,0.0251,NORMAL,None,Medium
2394,0,3,30,0.0247,NORMAL,None,Medium
2394,0,4,40,0.0239,NORMAL,None,Low
2394,0,5,50,0.0268,NORMAL,None,Low
2394,0,6,60,0.0255,NORMAL,None,Low
2395,0,1,10,0.0182,NORMAL,None,Medium
2395,0,2,20,0.0234,NORMAL,None,Medium
2395,0,3,30,0.0255,NORMAL,None,Medium
2395,0,4,40,0.0266,NORMAL,None,Low
2395,0,5,50,0.0273,NORMAL,None,Low
2395,0,6,60,0.0256,NORMAL,None,Low
2396,0,1,10,0.0189,NORMAL,None,Medium
2396,0,2,20,0.0235,NORMAL,None,Medium
2396,0,3,30,0.0235,NORMAL,None,Medium
2396,0,4,40,0.0242,NORMAL,None,Low
2396,0,5,50,0.021,NORMAL,None,Low
2396,0,6,60,0.0255,NORMAL,None,Low
2397,0,1,10,0.0256,NORMAL,None,Medium
2397,0,2,20,0.0242,NORMAL,None,Medium
2397,0,3,30,0.0284,NORMAL,None,Medium
2397,0,4,40,0.0321,NORMAL,None,Low
2397,0,5,50,0.0293,NORMAL,None,Low
2397,0,6,60,0.0243,NORMAL,None,Low
2398,0,1,10,0.0177,NORMAL,None,Medium
2398,0,2,20,0.0213,NORMAL,None,Medium
2398,0,3,30,0.0249,NORMAL,None,Medium
2398,0,4,40,0.0271,NORMAL,None,Low
2398,0,5,50,0.0252,NORMAL,None,Low
2398,0,6,60,0.0277,NORMAL,None,Low
2399,0,1,10,0.0195,NORMAL,None,Medium
2399,0,2,20,0.0219,NORMAL,None,Medium
2399,0,3,30,0.0226,NORMAL,None,Medium
2399,0,4,40,0.0257,NORMAL,None,Low
2399,0,5,50,0.0238,NORMAL,None,Low
2399,0,6,60,0.0236,NORMAL,None,Low
2520,0,1,10,0.0134,NORMAL,None,Medium
2520,0,2,20,0.0201,NORMAL,None,Medium
2520,0,3,30,0.0245,NORMAL,None,Medium
2520,0,4,40,0.0255,NORMAL,None,Low
2520,0,5,50,0.0253,NORMAL,None,Low
2520,0,6,60,0.0263,NORMAL,None,Low
2521,0,1,10,0.015,NORMAL,None,Medium
2521,0,2,20,0.0203,NORMAL,None,Medium
2521,0,3,30,0.0238,NORMAL,None,Medium
2521,0,4,40,0.0272,NORMAL,None,Low
2521,0,5,50,0.0248,NORMAL,None,Low
2521,0,6,60,0.0251,NORMAL,None,Low
2522,0,1,10,0.015,NORMAL,None,Medium
2522,0,2,20,0.0195,NORMAL,None,Medium
2522,0,3,30,0.0247,NORMAL,None,Medium
2522,0,4,40,0.0252,NORMAL,None,Low
2522,0,5,50,0.0265,NORMAL,None,Low
2522,0,6,60,0.0259,NORMAL,None,Low
2523,0,1,10,0.0142,NORMAL,None,Medium
2523,0,2,20,0.0228,NORMAL,None,Medium
2523,0,3,30,0.0262,NORMAL,None,Medium
2523,0,4,40,0.0274,NORMAL,None,Low
2523,0,5,50,0.0253,NORMAL,None,Low
2523,0,6,60,0.0311,NORMAL,None,Low
2524,0,1,10,0.0165,NORMAL,None,Medium
2524,0,2,20,0.0224,NORMAL,None,Medium
2524,0,3,30,0.0257,NORMAL,None,Medium
2524,0,4,40,0.0259,NORMAL,None,Low
2524,0,5,50,0.0249,NORMAL,None,Low
2524,0,6,60,0.0245,NORMAL,None,Low
2525,0,1,10,0.0148,NORMAL,None,Medium
2525,0,2,20,0.0214,NORMAL,None,Medium
2525,0,3,30,0.024,NORMAL,None,Medium
2525,0,4,40,0.0261,NORMAL,None,Low
2525,0,5,50,0.0241,NORMAL,None,Low
2525,0,6,60,0.0267,NORMAL,None,Low
2526,0,1,10,0.0133,NORMAL,None,Medium
2526,0,2,20,0.0201,NORMAL,None,Medium
2526,0,3,30,0.0257,NORMAL,None,Medium
2526,0,4,40,0.0248,NORMAL,None,Low
2526,0,5,50,0.0271,NORMAL,None,Low
2526,0,6,60,0.0268,NORMAL,None,Low
2527,0,1,10,0.0162,NORMAL,None,Medium
2527,0,2,20,0.0233,NORMAL,None,Medium
2527,0,3,30,0.0268,NORMAL,None,Medium
2527,0,4,40,0.0234,NORMAL,None,Low
2527,0,5,50,0.0252,NORMAL,None,Low
2527,0,6,60,0.0255,NORMAL,None,Low
2528,0,1,10,0.0178,NORMAL,None,Medium
2528,0,2,20,0.0245,NORMAL,None,Medium
2528,0,3,30,0.0236,NORMAL,None,Medium
2528,0,4,40,0.0275,NORMAL,None,Low
2528,0,5,50,0.0267,NORMAL,None,Low
2528,0,6,60,0.0249,NORMAL,None,Low
2529,0,1,10,0.0169,NORMAL,None,Medium
2529,0,2,20,0.0212,NORMAL,None,Medium
2529,0,3,30,0.0232,NORMAL,None,Medium
2529,0,4,40,0.0247,NORMAL,None,Low
2529,0,5,50,0.0251,NORMAL,None,Low
2529,0,6,60,0.0256,NORMAL,None,Low
2530,0,1,10,0.0157,NORMAL,None,Medium
2530,0,2,20,0.0237,NORMAL,None,Medium
2530,0,3,30,0.0242,NORMAL,None,Medium
2530,0,4,40,0.0251,NORMAL,None,Low
2530,0,5,50,0.0257,NORMAL,None,Low
2530,0,6,60,0.0272,NORMAL,None,Low
2531,0,1,10,0.0165,NORMAL,None,Medium
2531,0,2,20,0.0233,NORMAL,None,Medium
2531,0,3,30,0.0251,NORMAL,None,Medium
2531,0,4,40,0.026,NORMAL,None,Low
2531,0,5,50,0.0247,NORMAL,None,Low
2531,0,6,60,0.0283,NORMAL,None,Low
2532,0,1,10,0.0151,NORMAL,None,Medium
2532,0,2,20,0.0244,NORMAL,None,Medium
2532,0,3,30,0.0249,NORMAL,None,Medium
2532,0,4,40,0.0271,NORMAL,None,Low
2532,0,5,50,0.0266,NORMAL,None,Low
2532,0,6,60,0.0266,NORMAL,None,Low
2533,0,1,10,0.0169,NORMAL,None,Medium
2533,0,2,20,0.0221,NORMAL,None,Medium
2533,0,3,30,0.0255,NORMAL,None,Medium
2533,0,4,40,0.0251,NORMAL,None,Low
2533,0,5,50,0.0241,NORMAL,None,Low
2533,0,6,60,0.025,NORMAL,None,Low
2534,0,1,10,0.017,NORMAL,None,Medium
2534,0,2,20,0.0195,NORMAL,None,Medium
2534,0,3,30,0.0248,NORMAL,None,Medium
2534,0,4,40,0.0238,NORMAL,None,Low
2534,0,5,50,0.0236,NORMAL,None,Low
2534,0,6,60,0.0268,NORMAL,None,Low
2535,0,1,10,0.0178,NORMAL,None,Medium
2535,0,2,20,0.0223,NORMAL,None,Medium
2535,0,3,30,0.0246,NORMAL,None,Medium
2535,0,4,40,0.0251,NORMAL,None,Low
2535,0,5,50,0.0258,NORMAL,None,Low
2535,0,6,60,0.0275,NORMAL,None,Low
2536,0,1,10,0.0202,NORMAL,None,Medium
2536,0,2,20,0.0224,NORMAL,None,Medium
2536,0,3,30,0.025,NORMAL,None,Medium
2536,0,4,40,0.0291,NORMAL,None,Low
2536,0,5,50,0.0253,NORMAL,None,Low
2536,0,6,60,0.0255,NORMAL,None,Low
2537,0,1,10,0.0225,NORMAL,None,Medium
2537,0,2,20,0.0251,NORMAL,None,Medium
2537,0,3,30,0.0277,NORMAL,None,Medium
2537,0,4,40,0.025,NORMAL,None,Low
2537,0,5,50,0.0263,NORMAL,None,Low
2537,0,6,60,0.0254,NORMAL,None,Low
2538,0,1,10,0.0174,NORMAL,None,Medium
2538,0,2,20,0.0213,NORMAL,None,Medium
2538,0,3,30,0.0231,NORMAL,None,Medium
2538,0,4,40,0.0248,NORMAL,None,Low
2538,0,5,50,0.024,NORMAL,None,Low
2538,0,6,60,0.0282,NORMAL,None,Low
2539,0,1,10,0.0154,NORMAL,None,Medium
2539,0,2,20,0.0228,NORMAL,None,Medium
2539,0,3,30,0.0236,NORMAL,None,Medium
2539,0,4,40,0.0265,NORMAL,None,Low
2539,0,5,50,0.0221,NORMAL,None,Low
2539,0,6,60,0.0215,NORMAL,None,Low
2540,0,1,10,0.0149,NORMAL,None,Medium
2540,0,2,20,0.0236,NORMAL,None,Medium
2540,0,3,30,0.0246,NORMAL,None,Medium
2540,0,4,40,0.0219,NORMAL,None,Low
2540,0,5,50,0.0248,NORMAL,None,Low
2540,0,6,60,0.0251,NORMAL,None,Low
2541,0,1,10,0.0151,NORMAL,None,Medium
2541,0,2,20,0.02,NORMAL,None,Medium
2541,0,3,30,0.0233,NORMAL,None,Medium
2541,0,4,40,0.0245,NORMAL,None,Low
2541,0,5,50,0.0236,NORMAL,None,Low
2541,0,6,60,0.0243,NORMAL,None,Low
2542,0,1,10,0.0152,NORMAL,None,Medium
2542,0,2,20,0.02,NORMAL,None,Medium
2542,0,3,30,0.022,NORMAL,None,Medium
2542,0,4,40,0.0256,NORMAL,None,Low
2542,0,5,50,0.0279,NORMAL,None,Low
2542,0,6,60,0.025,NORMAL,None,Low
2543,0,1,10,0.0137,NORMAL,None,Medium
2543,0,2,20,0.0205,NORMAL,None,Medium
2543,0,3,30,0.0233,NORMAL,None,Medium
2543,0,4,40,0.0245,NORMAL,None,Low
2543,0,5,50,0.0258,NORMAL,None,Low
2543,0,6,60,0.0252,NORMAL,None,Low
2544,0,1,10,0.0135,NORMAL,None,Medium
2544,0,2,20,0.021,NORMAL,None,Medium
2544,0,3,30,0.0222,NORMAL,None,Medium
2544,0,4,40,0.0251,NORMAL,None,Low
2544,0,5,50,0.0253,NORMAL,None,Low
2544,0,6,60,0.0269,NORMAL,None,Low
2545,0,1,10,0.0125,NORMAL,None,Medium
2545,0,2,20,0.0225,NORMAL,None,Medium
2545,0,3,30,0.0235,NORMAL,None,Medium
2545,0,4,40,0.0265,NORMAL,None,Low
2545,0,5,50,0.0275,NORMAL,None,Low
2545,0,6,60,0.0255,NORMAL,None,Low
2546,0,1,10,0.0149,NORMAL,None,Medium
2546,0,2,20,0.0208,NORMAL,None,Medium
2546,0,3,30,0.0246,NORMAL,None,Medium
2546,0,4,40,0.0234,NORMAL,None,Low
2546,0,5,50,0.0256,NORMAL,None,Low
2546,0,6,60,0.0259,NORMAL,None,Low
2547,0,1,10,0.013,NORMAL,None,Medium
2547,0,2,20,0.0197,NORMAL,None,Medium
2547,0,3,30,0.0212,NORMAL,None,Medium
2547,0,4,40,0.0226,NORMAL,None,Low
2547,0,5,50,0.0278,NORMAL,None,Low
2547,0,6,60,0.0272,NORMAL,None,Low
2548,0,1,10,0.0145,NORMAL,None,Medium
2548,0,2,20,0.0213,NORMAL,None,Medium
2548,0,3,30,0.0225,NORMAL,None,Medium
2548,0,4,40,0.0249,NORMAL,None,Low
2548,0,5,50,0.0266,NORMAL,None,Low
2548,0,6,60,0.0264,NORMAL,None,Low
2549,0,1,10,0.0135,NORMAL,None,Medium
2549,0,2,20,0.0214,NORMAL,None,Medium
2549,0,3,30,0.0249,NORMAL,None,Medium
2549,0,4,40,0.0247,NORMAL,None,Low
2549,0,5,50,0.025,NORMAL,None,Low
2549,0,6,60,0.0271,NORMAL,None,Low
2670,0,1,10,0.02,NORMAL,None,Medium
2670,0,2,20,0.0232,NORMAL,None,Medium
2670,0,3,30,0.0272,NORMAL,None,Medium
2670,0,4,40,0.0247,NORMAL,None,Low
2670,0,5,50,0.0267,NORMAL,None,Low
2670,0,6,60,0.025,NORMAL,None,Low
2671,0,1,10,0.0159,NORMAL,None,Medium
2671,0,2,20,0.0218,NORMAL,None,Medium
2671,0,3,30,0.023,NORMAL,None,Medium
2671,0,4,40,0.0267,NORMAL,None,Low
2671,0,5,50,0.0253,NORMAL,None,Low
2671,0,6,60,0.0244,NORMAL,None,Low
2672,0,1,10,0.0164,NORMAL,None,Medium
2672,0,2,20,0.0238,NORMAL,None,Medium
2672,0,3,30,0.0279,NORMAL,None,Medium
2672,0,4,40,0.0252,NORMAL,None,Low
2672,0,5,50,0.0234,NORMAL,None,Low
2672,0,6,60,0.0254,NORMAL,None,Low
2673,0,1,10,0.0162,NORMAL,None,Medium
2673,0,2,20,0.0239,NORMAL,None,Medium
2673,0,3,30,0.0267,NORMAL,None,Medium
2673,0,4,40,0.0278,NORMAL,None,Low
2673,0,5,50,0.0224,NORMAL,None,Low
2673,0,6,60,0.0254,NORMAL,None,Low
2674,0,1,10,0.0178,NORMAL,None,Medium
2674,0,2,20,0.0245,NORMAL,None,Medium
2674,0,3,30,0.0261,NORMAL,None,Medium
2674,0,4,40,0.024,NORMAL,None,Low
2674,0,5,50,0.0246,NORMAL,None,Low
2674,0,6,60,0.0256,NORMAL,None,Low
2675,0,1,10,0.0169,NORMAL,None,Medium
2675,0,2,20,0.0218,NORMAL,None,Medium
2675,0,3,30,0.0222,NORMAL,None,Medium
2675,0,4,40,0.023,NORMAL,None,Low
2675,0,5,50,0.0232,NORMAL,None,Low
2675,0,6,60,0.0247,NORMAL,None,Low
2676,0,1,10,0.0187,NORMAL,None,Medium
2676,0,2,20,0.0244,NORMAL,None,Medium
2676,0,3,30,0.0251,NORMAL,None,Medium
2676,0,4,40,0.026,NORMAL,None,Low
2676,0,5,50,0.0258,NORMAL,None,Low
2676,0,6,60,0.0248,NORMAL,None,Low
2677,0,1,10,0.0179,NORMAL,None,Medium
2677,0,2,20,0.0237,NORMAL,None,Medium
2677,0,3,30,0.024,NORMAL,None,Medium
2677,0,4,40,0.0241,NORMAL,None,Low
2677,0,5,50,0.0227,NORMAL,None,Low
2677,0,6,60,0.0241,NORMAL,None,Low
2678,0,1,10,0.0177,NORMAL,None,Medium
2678,0,2,20,0.0218,NORMAL,None,Medium
2678,0,3,30,0.023,NORMAL,None,Medium
2678,0,4,40,0.0242,NORMAL,None,Low
2678,0,5,50,0.0279,NORMAL,None,Low
2678,0,6,60,0.024,NORMAL,None,Low
2679,0,1,10,0.0187,NORMAL,None,Medium
2679,0,2,20,0.0216,NORMAL,None,Medium
2679,0,3,30,0.0264,NORMAL,None,Medium
2679,0,4,40,0.0269,NORMAL,None,Low
2679,0,5,50,0.0232,NORMAL,None,Low
2679,0,6,60,0.0234,NORMAL,None,Low
2680,0,1,10,0.0175,NORMAL,None,Medium
2680,0,2,20,0.0253,NORMAL,None,Medium
2680,0,3,30,0.0244,NORMAL,None,Medium
2680,0,4,40,0.0241,NORMAL,None,Low
2680,0,5,50,0.0258,NORMAL,None,Low
2680,0,6,60,0.0273,NORMAL,None,Low
2681,0,1,10,0.0185,NORMAL,None,Medium
2681,0,2,20,0.0265,NORMAL,None,Medium
2681,0,3,30,0.026,NORMAL,None,Medium
2681,0,4,40,0.0282,NORMAL,None,Low
2681,0,5,50,0.0241,NORMAL,None,Low
2681,0,6,60,0.0254,NORMAL,None,Low
2682,0,1,10,0.0187,NORMAL,None,Medium
2682,0,2,20,0.0229,NORMAL,None,Medium
2682,0,3,30,0.0259,NORMAL,None,Medium
2682,0,4,40,0.0255,NORMAL,None,Low
2682,0,5,50,0.0258,NORMAL,None,Low
2682,0,6,60,0.0299,NORMAL,None,Low
2683,0,1,10,0.0186,NORMAL,None,Medium
2683,0,2,20,0.0251,NORMAL,None,Medium
2683,0,3,30,0.0263,NORMAL,None,Medium
2683,0,4,40,0.0294,NORMAL,None,Low
2683,0,5,50,0.0273,NORMAL,None,Low
2683,0,6,60,0.0288,NORMAL,None,Low
2684,0,1,10,0.0151,NORMAL,None,Medium
2684,0,2,20,0.0228,NORMAL,None,Medium
2684,0,3,30,0.0246,NORMAL,None,Medium
2684,0,4,40,0.0271,NORMAL,None,Low
2684,0,5,50,0.029,NORMAL,None,Low
2684,0,6,60,0.0261,NORMAL,None,Low
2685,0,1,10,0.019,NORMAL,None,Medium
2685,0,2,20,0.0247,NORMAL,None,Medium
2685,0,3,30,0.0233,NORMAL,None,Medium
2685,0,4,40,0.024,NORMAL,None,Low
2685,0,5,50,0.0284,NORMAL,None,Low
2685,0,6,60,0.0248,NORMAL,None,Low
2686,0,1,10,0.0229,NORMAL,None,Medium
2686,0,2,20,0.0246,NORMAL,None,Medium
2686,0,3,30,0.0245,NORMAL,None,Medium
2686,0,4,40,0.0254,NORMAL,None,Low
2686,0,5,50,0.0269,NORMAL,None,Low
2686,0,6,60,0.0261,NORMAL,None,Low
2687,0,1,10,0.031,NORMAL,None,Medium
2687,0,2,20,0.0271,NORMAL,None,Medium
2687,0,3,30,0.0269,NORMAL,None,Medium
2687,0,4,40,0.0264,NORMAL,None,Low
2687,0,5,50,0.0259,NORMAL,None,Low
2687,0,6,60,0.0254,NORMAL,None,Low
2688,0,1,10,0.0233,NORMAL,None,Medium
2688,0,2,20,0.0265,NORMAL,None,Medium
2688,0,3,30,0.0286,NORMAL,None,Medium
2688,0,4,40,0.0269,NORMAL,None,Low
2688,0,5,50,0.025,NORMAL,None,Low
2688,0,6,60,0.0282,NORMAL,None,Low
2689,0,1,10,0.0168,NORMAL,None,Medium
2689,0,2,20,0.023,NORMAL,None,Medium
2689,0,3,30,0.024,NORMAL,None,Medium
2689,0,4,40,0.0267,NORMAL,None,Low
2689,0,5,50,0.0254,NORMAL,None,Low
2689,0,6,60,0.0252,NORMAL,None,Low
2690,0,1,10,0.0146,NORMAL,None,Medium
2690,0,2,20,0.0196,NORMAL,None,Medium
2690,0,3,30,0.0247,NORMAL,None,Medium
2690,0,4,40,0.0241,NORMAL,None,Low
2690,0,5,50,0.0241,NORMAL,None,Low
2690,0,6,60,0.0238,NORMAL,None,Low
2691,0,1,10,0.0157,NORMAL,None,Medium
2691,0,2,20,0.0201,NORMAL,None,Medium
2691,0,3,30,0.0202,NORMAL,None,Medium
2691,0,4,40,0.0235,NORMAL,None,Low
2691,0,5,50,0.0253,NORMAL,None,Low
2691,0,6,60,0.0256,NORMAL,None,Low
2692,0,1,10,0.0136,NORMAL,None,Medium
2692,0,2,20,0.0208,NORMAL,None,Medium
2692,0,3,30,0.0242,NORMAL,None,Medium
2692,0,4,40,0.024,NORMAL,None,Low
2692,0,5,50,0.027,NORMAL,None,Low
2692,0,6,60,0.0238,NORMAL,None,Low
2693,0,1,10,0.0145,NORMAL,None,Medium
2693,0,2,20,0.0212,NORMAL,None,Medium
2693,0,3,30,0.0256,NORMAL,None,Medium
2693,0,4,40,0.0252,NORMAL,None,Low
2693,0,5,50,0.0248,NORMAL,None,Low
2693,0,6,60,0.0243,NORMAL,None,Low
2694,0,1,10,0.0136,NORMAL,None,Medium
2694,0,2,20,0.021,NORMAL,None,Medium
2694,0,3,30,0.0237,NORMAL,None,Medium
2694,0,4,40,0.0241,NORMAL,None,Low
2694,0,5,50,0.0247,NORMAL,None,Low
2694,0,6,60,0.0239,NORMAL,None,Low
2695,0,1,10,0.0145,NORMAL,None,Medium
2695,0,2,20,0.0199,NORMAL,None,Medium
2695,0,3,30,0.0222,NORMAL,None,Medium
2695,0,4,40,0.024,NORMAL,None,Low
2695,0,5,50,0.0256,NORMAL,None,Low
2695,0,6,60,0.0286,NORMAL,None,Low
2696,0,1,10,0.0164,NORMAL,None,Medium
2696,0,2,20,0.023,NORMAL,None,Medium
2696,0,3,30,0.0253,NORMAL,None,Medium
2696,0,4,40,0.0254,NORMAL,None,Low
2696,0,5,50,0.0255,NORMAL,None,Low
2696,0,6,60,0.0272,NORMAL,None,Low
2697,0,1,10,0.0147,NORMAL,None,Medium
2697,0,2,20,0.022,NORMAL,None,Medium
2697,0,3,30,0.0218,NORMAL,None,Medium
2697,0,4,40,0.0226,NORMAL,None,Low
2697,0,5,50,0.0244,NORMAL,None,Low
2697,0,6,60,0.024,NORMAL,None,Low
2698,0,1,10,0.0146,NORMAL,None,Medium
2698,0,2,20,0.0207,NORMAL,None,Medium
2698,0,3,30,0.0224,NORMAL,None,Medium
2698,0,4,40,0.022,NORMAL,None,Low
2698,0,5,50,0.0236,NORMAL,None,Low
2698,0,6,60,0.0232,NORMAL,None,Low
2699,0,1,10,0.0137,NORMAL,None,Medium
2699,0,2,20,0.0203,NORMAL,None,Medium
2699,0,3,30,0.0235,NORMAL,None,Medium
2699,0,4,40,0.025,NORMAL,None,Low
2699,0,5,50,0.0243,NORMAL,None,Low
2699,0,6,60,0.0249,NORMAL,None,Low
2820,0,1,10,0.0141,NORMAL,None,Medium
2820,0,2,20,0.0217,NORMAL,None,Medium
2820,0,3,30,0.0237,NORMAL,None,Medium
2820,0,4,40,0.0248,NORMAL,None,Low
2820,0,5,50,0.0246,NORMAL,None,Low
2820,0,6,60,0.0255,NORMAL,None,Low
2821,0,1,10,0.0136,NORMAL,None,Medium
2821,0,2,20,0.0212,NORMAL,None,Medium
2821,0,3,30,0.0246,NORMAL,None,Medium
2821,0,4,40,0.0247,NORMAL,None,Low
2821,0,5,50,0.0263,NORMAL,None,Low
2821,0,6,60,0.0262,NORMAL,None,Low
2822,0,1,10,0.0159,NORMAL,None,Medium
2822,0,2,20,0.0217,NORMAL,None,Medium
2822,0,3,30,0.024,NORMAL,None,Medium
2822,0,4,40,0.0231,NORMAL,None,Low
2822,0,5,50,0.0233,NORMAL,None,Low
2822,0,6,60,0.0241,NORMAL,None,Low
2823,0,1,10,0.0165,NORMAL,None,Medium
2823,0,2,20,0.0226,NORMAL,None,Medium
2823,0,3,30,0.0216,NORMAL,None,Medium
2823,0,4,40,0.0217,NORMAL,None,Low
2823,0,5,50,0.0248,NORMAL,None,Low
2823,0,6,60,0.0265,NORMAL,None,Low
2824,0,1,10,0.0157,NORMAL,None,Medium
2824,0,2,20,0.0202,NORMAL,None,Medium
2824,0,3,30,0.0245,NORMAL,None,Medium
2824,0,4,40,0.0239,NORMAL,None,Low
2824,0,5,50,0.0228,NORMAL,None,Low
2824,0,6,60,0.0224,NORMAL,None,Low
2825,0,1,10,0.0161,NORMAL,None,Medium
2825,0,2,20,0.0215,NORMAL,None,Medium
2825,0,3,30,0.0221,NORMAL,None,Medium
2825,0,4,40,0.0245,NORMAL,None,Low
2825,0,5,50,0.0275,NORMAL,None,Low
2825,0,6,60,0.0279,NORMAL,None,Low
2826,0,1,10,0.017,NORMAL,None,Medium
2826,0,2,20,0.0206,NORMAL,None,Medium
2826,0,3,30,0.0205,NORMAL,None,Medium
2826,0,4,40,0.0217,NORMAL,None,Low
2826,0,5,50,0.0214,NORMAL,None,Low
2826,0,6,60,0.0251,NORMAL,None,Low
2827,0,1,10,0.0164,NORMAL,None,Medium
2827,0,2,20,0.02,NORMAL,None,Medium
2827,0,3,30,0.022,NORMAL,None,Medium
2827,0,4,40,0.0232,NORMAL,None,Low
2827,0,5,50,0.0252,NORMAL,None,Low
2827,0,6,60,0.0233,NORMAL,None,Low
2828,0,1,10,0.0157,NORMAL,None,Medium
2828,0,2,20,0.0213,NORMAL,None,Medium
2828,0,3,30,0.0224,NORMAL,None,Medium
2828,0,4,40,0.0229,NORMAL,None,Low
2828,0,5,50,0.0252,NORMAL,None,Low
2828,0,6,60,0.0254,NORMAL,None,Low
2829,0,1,10,0.0158,NORMAL,None,Medium
2829,0,2,20,0.021,NORMAL,None,Medium
2829,0,3,30,0.0222,NORMAL,None,Medium
2829,0,4,40,0.0238,NORMAL,None,Low
2829,0,5,50,0.0244,NORMAL,None,Low
2829,0,6,60,0.0224,NORMAL,None,Low
2830,0,1,10,0.0213,NORMAL,None,Medium
2830,0,2,20,0.021,NORMAL,None,Medium
2830,0,3,30,0.0236,NORMAL,None,Medium
2830,0,4,40,0.0242,NORMAL,None,Low
2830,0,5,50,0.0244,NORMAL,None,Low
2830,0,6,60,0.0268,NORMAL,None,Low
2831,0,1,10,0.0149,NORMAL,None,Medium
2831,0,2,20,0.0197,NORMAL,None,Medium
2831,0,3,30,0.0218,NORMAL,None,Medium
2831,0,4,40,0.0222,NORMAL,None,Low
2831,0,5,50,0.0229,NORMAL,None,Low
2831,0,6,60,0.022,NORMAL,None,Low
2832,0,1,10,0.0167,NORMAL,None,Medium
2832,0,2,20,0.0217,NORMAL,None,Medium
2832,0,3,30,0.0249,NORMAL,None,Medium
2832,0,4,40,0.0238,NORMAL,None,Low
2832,0,5,50,0.0228,NORMAL,None,Low
2832,0,6,60,0.0274,NORMAL,None,Low
2833,0,1,10,0.017,NORMAL,None,Medium
2833,0,2,20,0.0198,NORMAL,None,Medium
2833,0,3,30,0.0229,NORMAL,None,Medium
2833,0,4,40,0.0272,NORMAL,None,Low
2833,0,5,50,0.0231,NORMAL,None,Low
2833,0,6,60,0.0266,NORMAL,None,Low
2834,0,1,10,0.0145,NORMAL,None,Medium
2834,0,2,20,0.021,NORMAL,None,Medium
2834,0,3,30,0.0225,NORMAL,None,Medium
2834,0,4,40,0.0244,NORMAL,None,Low
2834,0,5,50,0.0235,NORMAL,None,Low
2834,0,6,60,0.0244,NORMAL,None,Low
2835,0,1,10,0.013,NORMAL,None,Medium
2835,0,2,20,0.0194,NORMAL,None,Medium
2835,0,3,30,0.0245,NORMAL,None,Medium
2835,0,4,40,0.0258,NORMAL,None,Low
2835,0,5,50,0.0254,NORMAL,None,Low
2835,0,6,60,0.0262,NORMAL,None,Low
2836,0,1,10,0.014,NORMAL,None,Medium
2836,0,2,20,0.0209,NORMAL,None,Medium
2836,0,3,30,0.024,NORMAL,None,Medium
2836,0,4,40,0.0228,NORMAL,None,Low
2836,0,5,50,0.0244,NORMAL,None,Low
2836,0,6,60,0.0258,NORMAL,None,Low
2837,0,1,10,0.0144,NORMAL,None,Medium
2837,0,2,20,0.0208,NORMAL,None,Medium
2837,0,3,30,0.0217,NORMAL,None,Medium
2837,0,4,40,0.0221,NORMAL,None,Low
2837,0,5,50,0.0247,NORMAL,None,Low
2837,0,6,60,0.0283,NORMAL,None,Low
2838,0,1,10,0.0187,NORMAL,None,Medium
2838,0,2,20,0.0233,NORMAL,None,Medium
2838,0,3,30,0.0241,NORMAL,None,Medium
2838,0,4,40,0.0231,NORMAL,None,Low
2838,0,5,50,0.0236,NORMAL,None,Low
2838,0,6,60,0.0229,NORMAL,None,Low
2839,0,1,10,0.019,NORMAL,None,Medium
2839,0,2,20,0.0217,NORMAL,None,Medium
2839,0,3,30,0.0239,NORMAL,None,Medium
2839,0,4,40,0.0216,NORMAL,None,Low
2839,0,5,50,0.025,NORMAL,None,Low
2839,0,6,60,0.0271,NORMAL,None,Low
2840,0,1,10,0.0169,NORMAL,None,Medium
2840,0,2,20,0.0203,NORMAL,None,Medium
2840,0,3,30,0.0245,NORMAL,None,Medium
2840,0,4,40,0.0263,NORMAL,None,Low
2840,0,5,50,0.0233,NORMAL,None,Low
2840,0,6,60,0.0242,NORMAL,None,Low
2841,0,1,10,0.0166,NORMAL,None,Medium
2841,0,2,20,0.0216,NORMAL,None,Medium
2841,0,3,30,0.0232,NORMAL,None,Medium
2841,0,4,40,0.0236,NORMAL,None,Low
2841,0,5,50,0.024,NORMAL,None,Low
2841,0,6,60,0.0233,NORMAL,None,Low
2842,0,1,10,0.015,NORMAL,None,Medium
2842,0,2,20,0.0199,NORMAL,None,Medium
2842,0,3,30,0.0214,NORMAL,None,Medium
2842,0,4,40,0.0212,NORMAL,None,Low
2842,0,5,50,0.023,NORMAL,None,Low
2842,0,6,60,0.0257,NORMAL,None,Low
2843,0,1,10,0.0164,NORMAL,None,Medium
2843,0,2,20,0.0213,NORMAL,None,Medium
2843,0,3,30,0.0226,NORMAL,None,Medium
2843,0,4,40,0.0236,NORMAL,None,Low
2843,0,5,50,0.0252,NORMAL,None,Low
2843,0,6,60,0.0272,NORMAL,None,Low
2844,0,1,10,0.0156,NORMAL,None,Medium
2844,0,2,20,0.0202,NORMAL,None,Medium
2844,0,3,30,0.023,NORMAL,None,Medium
2844,0,4,40,0.0264,NORMAL,None,Low
2844,0,5,50,0.0244,NORMAL,None,Low
2844,0,6,60,0.0288,NORMAL,None,Low
2845,0,1,10,0.0135,NORMAL,None,Medium
2845,0,2,20,0.0208,NORMAL,None,Medium
2845,0,3,30,0.022,NORMAL,None,Medium
2845,0,4,40,0.0247,NORMAL,None,Low
2845,0,5,50,0.0276,NORMAL,None,Low
2845,0,6,60,0.0255,NORMAL,None,Low
2846,0,1,10,0.0166,NORMAL,None,Medium
2846,0,2,20,0.0216,NORMAL,None,Medium
2846,0,3,30,0.0237,NORMAL,None,Medium
2846,0,4,40,0.0241,NORMAL,None,Low
2846,0,5,50,0.0242,NORMAL,None,Low
2846,0,6,60,0.0242,NORMAL,None,Low
2847,0,1,10,0.0325,NORMAL,None,Medium
2847,0,2,20,0.0246,NORMAL,None,Medium
2847,0,3,30,0.0237,NORMAL,None,Medium
2847,0,4,40,0.0277,NORMAL,None,Low
2847,0,5,50,0.0263,NORMAL,None,Low
2847,0,6,60,0.0299,NORMAL,None,Low
2848,0,1,10,0.0157,NORMAL,None,Medium
2848,0,2,20,0.0194,NORMAL,None,Medium
2848,0,3,30,0.0217,NORMAL,None,Medium
2848,0,4,40,0.0222,NORMAL,None,Low
2848,0,5,50,0.0253,NORMAL,None,Low
2848,0,6,60,0.0253,NORMAL,None,Low
2849,0,1,10,0.0156,NORMAL,None,Medium
2849,0,2,20,0.0204,NORMAL,None,Medium
2849,0,3,30,0.0227,NORMAL,None,Medium
2849,0,4,40,0.0247,NORMAL,None,Low
2849,0,5,50,0.0283,NORMAL,None,Low
2849,0,6,60,0.0276,NORMAL,None,Low
120,0,1,10,0.0761,NORMAL,None,Medium
120,0,2,20,0.0314,NORMAL,None,Medium
120,0,3,30,0.0223,NORMAL,None,Medium
120,0,4,40,0.0252,NORMAL,None,Low
120,0,5,50,0.0251,NORMAL,None,Low
120,0,6,60,0.026,NORMAL,None,Low
121,0,1,10,0.1022,NORMAL,None,Medium
121,0,2,20,0.0649,NORMAL,None,Medium
121,0,3,30,0.0549,NORMAL,None,Medium
121,0,4,40,0.0466,NORMAL,None,Low
121,0,5,50,0.0389,NORMAL,None,Low
121,0,6,60,0.0365,NORMAL,None,Low
122,0,1,10,0.1102,NORMAL,None,Medium
122,0,2,20,0.0657,NORMAL,None,Medium
122,0,3,30,0.0495,NORMAL,None,Medium
122,0,4,40,0.0433,NORMAL,None,Low
122,0,5,50,0.0366,NORMAL,None,Low
122,0,6,60,0.0305,NORMAL,None,Low
123,0,1,10,0.5161,NORMAL,None,Medium
123,0,2,20,0.5058,NORMAL,None,Medium
123,0,3,30,0.5025,NORMAL,None,Medium
123,0,4,40,0.506,NORMAL,None,Low
123,0,5,50,0.4756,NORMAL,None,Low
123,0,6,60,0.4537,NORMAL,None,Low
124,0,1,10,0.7367,ACTIVE,Attack (unspecified),Low
124,0,2,20,0.802,ACTIVE,Attack (unspecified),Low
124,0,3,30,0.8569,ACTIVE,Attack (unspecified),Low
124,0,4,40,0.8763,ACTIVE,Attack (unspecified),Low
124,0,5,50,0.8794,ACTIVE,Attack (unspecified),Low
124,0,6,60,0.884,ACTIVE,Attack (unspecified),Low
125,0,1,10,0.6267,NORMAL,None,Medium
125,0,2,20,0.6514,PRE_ATTACK,Reconnaissance,Low
125,0,3,30,0.6778,PRE_ATTACK,Reconnaissance,Low
125,0,4,40,0.6822,PRE_ATTACK,Reconnaissance,Low
125,0,5,50,0.6863,PRE_ATTACK,Reconnaissance,Low
125,0,6,60,0.683,PRE_ATTACK,Reconnaissance,Low
126,0,1,10,0.7915,PRE_ATTACK,Reconnaissance,Low
126,0,2,20,0.8362,PRE_ATTACK,Reconnaissance,Low
126,0,3,30,0.848,PRE_ATTACK,Reconnaissance,Low
126,0,4,40,0.8509,PRE_ATTACK,Reconnaissance,Low
126,0,5,50,0.851,PRE_ATTACK,Reconnaissance,Low
126,0,6,60,0.8479,PRE_ATTACK,Reconnaissance,Low
127,0,1,10,0.7905,PRE_ATTACK,Reconnaissance,Low
127,0,2,20,0.8202,PRE_ATTACK,Reconnaissance,Low
127,0,3,30,0.829,PRE_ATTACK,Reconnaissance,Low
127,0,4,40,0.8418,PRE_ATTACK,Reconnaissance,Low
127,0,5,50,0.8365,PRE_ATTACK,Reconnaissance,Low
127,0,6,60,0.8366,PRE_ATTACK,Reconnaissance,Low
128,0,1,10,0.9195,ACTIVE,Attack (unspecified),Low
128,0,2,20,0.9123,ACTIVE,Attack (unspecified),Low
128,0,3,30,0.9104,ACTIVE,Attack (unspecified),Low
128,0,4,40,0.9107,ACTIVE,Attack (unspecified),Low
128,0,5,50,0.9074,ACTIVE,Attack (unspecified),Low
128,0,6,60,0.9053,ACTIVE,Attack (unspecified),Low
129,0,1,10,0.9505,ACTIVE,Attack (unspecified),Low
129,0,2,20,0.9404,ACTIVE,Attack (unspecified),Low
129,0,3,30,0.9367,ACTIVE,Attack (unspecified),Low
129,0,4,40,0.9347,ACTIVE,Attack (unspecified),Low
129,0,5,50,0.938,ACTIVE,Attack (unspecified),Low
129,0,6,60,0.9364,ACTIVE,Attack (unspecified),Low
130,0,1,10,0.8341,PRE_ATTACK,Reconnaissance,Low
130,0,2,20,0.8343,PRE_ATTACK,Reconnaissance,Low
130,0,3,30,0.8416,PRE_ATTACK,Reconnaissance,Low
130,0,4,40,0.8408,PRE_ATTACK,Reconnaissance,Low
130,0,5,50,0.8454,PRE_ATTACK,Reconnaissance,Low
130,0,6,60,0.84,PRE_ATTACK,Reconnaissance,Low
131,0,1,10,0.3746,NORMAL,None,Medium
131,0,2,20,0.3085,NORMAL,None,Medium
131,0,3,30,0.2591,NORMAL,None,Medium
131,0,4,40,0.1943,NORMAL,None,Low
131,0,5,50,0.1662,NORMAL,None,Low
131,0,6,60,0.13,NORMAL,None,Low
132,0,1,10,0.2815,NORMAL,None,Medium
132,0,2,20,0.2064,NORMAL,None,Medium
132,0,3,30,0.1401,NORMAL,None,Medium
132,0,4,40,0.1089,NORMAL,None,Low
132,0,5,50,0.0836,NORMAL,None,Low
132,0,6,60,0.0682,NORMAL,None,Low
133,0,1,10,0.0359,NORMAL,None,Medium
133,0,2,20,0.0326,NORMAL,None,Medium
133,0,3,30,0.0298,NORMAL,None,Medium
133,0,4,40,0.0306,NORMAL,None,Low
133,0,5,50,0.0292,NORMAL,None,Low
133,0,6,60,0.0305,NORMAL,None,Low
134,1,1,10,0.0299,NORMAL,None,Medium
134,1,2,20,0.0258,NORMAL,None,Medium
134,1,3,30,0.0238,NORMAL,None,Medium
134,1,4,40,0.0241,NORMAL,None,Low
134,1,5,50,0.0254,NORMAL,None,Low
134,1,6,60,0.0278,NORMAL,None,Low
135,1,1,10,0.0637,NORMAL,None,Medium
135,1,2,20,0.0381,NORMAL,None,Medium
135,1,3,30,0.0325,NORMAL,None,Medium
135,1,4,40,0.03,NORMAL,None,Low
135,1,5,50,0.0297,NORMAL,None,Low
135,1,6,60,0.0286,NORMAL,None,Low
136,0,1,10,0.099,NORMAL,None,Medium
136,0,2,20,0.0658,NORMAL,None,Medium
136,0,3,30,0.0473,NORMAL,None,Medium
136,0,4,40,0.0384,NORMAL,None,Low
136,0,5,50,0.0321,NORMAL,None,Low
136,0,6,60,0.0305,NORMAL,None,Low
137,0,1,10,0.0415,NORMAL,None,Medium
137,0,2,20,0.0367,NORMAL,None,Medium
137,0,3,30,0.0344,NORMAL,None,Medium
137,0,4,40,0.0315,NORMAL,None,Low
137,0,5,50,0.0273,NORMAL,None,Low
137,0,6,60,0.0278,NORMAL,None,Low
138,1,1,10,0.0427,NORMAL,None,Medium
138,1,2,20,0.0357,NORMAL,None,Medium
138,1,3,30,0.0326,NORMAL,None,Medium
138,1,4,40,0.0313,NORMAL,None,Low
138,1,5,50,0.0311,NORMAL,None,Low
138,1,6,60,0.0263,NORMAL,None,Low
139,1,1,10,0.0346,NORMAL,None,Medium
139,1,2,20,0.0286,NORMAL,None,Medium
139,1,3,30,0.0272,NORMAL,None,Medium
139,1,4,40,0.0247,NORMAL,None,Low
139,1,5,50,0.0256,NORMAL,None,Low
139,1,6,60,0.0255,NORMAL,None,Low
140,1,1,10,0.0214,NORMAL,None,Medium
140,1,2,20,0.0259,NORMAL,None,Medium
140,1,3,30,0.0236,NORMAL,None,Medium
140,1,4,40,0.0222,NORMAL,None,Low
140,1,5,50,0.0239,NORMAL,None,Low
140,1,6,60,0.027,NORMAL,None,Low
141,1,1,10,0.0232,NORMAL,None,Medium
141,1,2,20,0.0259,NORMAL,None,Medium
141,1,3,30,0.0265,NORMAL,None,Medium
141,1,4,40,0.0279,NORMAL,None,Low
141,1,5,50,0.0244,NORMAL,None,Low
141,1,6,60,0.0263,NORMAL,None,Low
142,1,1,10,0.0206,NORMAL,None,Medium
142,1,2,20,0.0253,NORMAL,None,Medium
142,1,3,30,0.0241,NORMAL,None,Medium
142,1,4,40,0.0244,NORMAL,None,Low
142,1,5,50,0.0255,NORMAL,None,Low
142,1,6,60,0.0267,NORMAL,None,Low
143,1,1,10,0.0233,NORMAL,None,Medium
143,1,2,20,0.0259,NORMAL,None,Medium
143,1,3,30,0.0251,NORMAL,None,Medium
143,1,4,40,0.0263,NORMAL,None,Low
143,1,5,50,0.028,NORMAL,None,Low
143,1,6,60,0.024,NORMAL,None,Low
144,1,1,10,0.0469,NORMAL,None,Medium
144,1,2,20,0.0358,NORMAL,None,Medium
144,1,3,30,0.0332,NORMAL,None,Medium
144,1,4,40,0.0319,NORMAL,None,Low
144,1,5,50,0.0307,NORMAL,None,Low
144,1,6,60,0.0264,NORMAL,None,Low
145,1,1,10,0.8102,PRE_ATTACK,Reconnaissance,Low
145,1,2,20,0.7961,PRE_ATTACK,Reconnaissance,Low
145,1,3,30,0.7978,PRE_ATTACK,Reconnaissance,Low
145,1,4,40,0.801,PRE_ATTACK,Reconnaissance,Low
145,1,5,50,0.8091,PRE_ATTACK,Reconnaissance,Low
145,1,6,60,0.8005,PRE_ATTACK,Reconnaissance,Low
146,1,1,10,0.8867,ACTIVE,Initial Access,Low
146,1,2,20,0.8683,PRE_ATTACK,Reconnaissance,Low
146,1,3,30,0.8583,PRE_ATTACK,Reconnaissance,Low
146,1,4,40,0.8536,PRE_ATTACK,Reconnaissance,Low
146,1,5,50,0.864,PRE_ATTACK,Reconnaissance,Low
146,1,6,60,0.8622,PRE_ATTACK,Reconnaissance,Low
147,1,1,10,0.961,ACTIVE,Initial Access,Low
147,1,2,20,0.9568,ACTIVE,Initial Access,Low
147,1,3,30,0.9537,ACTIVE,Initial Access,Low
147,1,4,40,0.9476,ACTIVE,Initial Access,Low
147,1,5,50,0.9459,ACTIVE,Initial Access,Low
147,1,6,60,0.9433,ACTIVE,Initial Access,Low
148,1,1,10,0.9679,ACTIVE,Initial Access,Low
148,1,2,20,0.9593,ACTIVE,Initial Access,Low
148,1,3,30,0.9552,ACTIVE,Initial Access,Low
148,1,4,40,0.9496,ACTIVE,Initial Access,Low
148,1,5,50,0.9475,ACTIVE,Initial Access,Low
148,1,6,60,0.9452,ACTIVE,Initial Access,Low
149,1,1,10,0.8512,PRE_ATTACK,Reconnaissance,Low
149,1,2,20,0.8841,ACTIVE,Initial Access,Low
149,1,3,30,0.8861,ACTIVE,Initial Access,Low
149,1,4,40,0.89,ACTIVE,Initial Access,Low
149,1,5,50,0.8872,ACTIVE,Initial Access,Low
149,1,6,60,0.8849,ACTIVE,Initial Access,Low
270,1,1,10,0.8935,ACTIVE,Initial Access,Low
270,1,2,20,0.8837,ACTIVE,Initial Access,Low
270,1,3,30,0.8713,ACTIVE,Initial Access,Low
270,1,4,40,0.868,ACTIVE,Initial Access,Low
270,1,5,50,0.8677,PRE_ATTACK,Reconnaissance,Low
270,1,6,60,0.8663,PRE_ATTACK,Reconnaissance,Low
271,1,1,10,0.8538,PRE_ATTACK,Reconnaissance,Low
271,1,2,20,0.8452,PRE_ATTACK,Reconnaissance,Low
271,1,3,30,0.8433,PRE_ATTACK,Reconnaissance,Low
271,1,4,40,0.8377,PRE_ATTACK,Reconnaissance,Low
271,1,5,50,0.8332,PRE_ATTACK,Reconnaissance,Low
271,1,6,60,0.8323,PRE_ATTACK,Reconnaissance,Low
272,1,1,10,0.9108,ACTIVE,Initial Access,Low
272,1,2,20,0.8935,ACTIVE,Initial Access,Low
272,1,3,30,0.8895,ACTIVE,Initial Access,Low
272,1,4,40,0.8787,ACTIVE,Initial Access,Low
272,1,5,50,0.8765,ACTIVE,Initial Access,Low
272,1,6,60,0.8712,ACTIVE,Initial Access,Low
273,1,1,10,0.8849,PRE_ATTACK,Reconnaissance,Low
273,1,2,20,0.8758,ACTIVE,Initial Access,Low
273,1,3,30,0.8744,ACTIVE,Initial Access,Low
273,1,4,40,0.8745,ACTIVE,Initial Access,Low
273,1,5,50,0.8698,PRE_ATTACK,Reconnaissance,Low
273,1,6,60,0.8627,PRE_ATTACK,Reconnaissance,Low
274,1,1,10,0.8745,PRE_ATTACK,Reconnaissance,Low
274,1,2,20,0.8693,PRE_ATTACK,Reconnaissance,Low
274,1,3,30,0.8633,PRE_ATTACK,Reconnaissance,Low
274,1,4,40,0.8622,PRE_ATTACK,Reconnaissance,Low
274,1,5,50,0.8614,PRE_ATTACK,Reconnaissance,Low
274,1,6,60,0.8568,PRE_ATTACK,Reconnaissance,Low
275,1,1,10,0.9198,ACTIVE,Initial Access,Low
275,1,2,20,0.9112,ACTIVE,Initial Access,Low
275,1,3,30,0.9072,ACTIVE,Initial Access,Low
275,1,4,40,0.9059,ACTIVE,Initial Access,Low
275,1,5,50,0.8983,ACTIVE,Initial Access,Low
275,1,6,60,0.893,ACTIVE,Initial Access,Low
276,1,1,10,0.9249,ACTIVE,Initial Access,Low
276,1,2,20,0.9192,ACTIVE,Initial Access,Low
276,1,3,30,0.9202,ACTIVE,Initial Access,Low
276,1,4,40,0.9121,ACTIVE,Initial Access,Low
276,1,5,50,0.9083,ACTIVE,Initial Access,Low
276,1,6,60,0.9099,ACTIVE,Initial Access,Low
277,1,1,10,0.881,ACTIVE,Initial Access,Low
277,1,2,20,0.872,ACTIVE,Initial Access,Low
277,1,3,30,0.8645,PRE_ATTACK,Reconnaissance,Low
277,1,4,40,0.8677,PRE_ATTACK,Reconnaissance,Low
277,1,5,50,0.8598,PRE_ATTACK,Reconnaissance,Low
277,1,6,60,0.8643,PRE_ATTACK,Reconnaissance,Low
278,0,1,10,0.7087,PRE_ATTACK,Reconnaissance,Low
278,0,2,20,0.7264,PRE_ATTACK,Reconnaissance,Low
278,0,3,30,0.734,PRE_ATTACK,Reconnaissance,Low
278,0,4,40,0.7425,PRE_ATTACK,Reconnaissance,Low
278,0,5,50,0.7374,PRE_ATTACK,Reconnaissance,Low
278,0,6,60,0.7428,PRE_ATTACK,Reconnaissance,Low
279,0,1,10,0.7298,PRE_ATTACK,Reconnaissance,Low
279,0,2,20,0.7472,PRE_ATTACK,Reconnaissance,Low
279,0,3,30,0.7536,PRE_ATTACK,Reconnaissance,Low
279,0,4,40,0.7654,PRE_ATTACK,Reconnaissance,Low
279,0,5,50,0.7628,PRE_ATTACK,Reconnaissance,Low
279,0,6,60,0.7685,PRE_ATTACK,Reconnaissance,Low
280,0,1,10,0.8092,PRE_ATTACK,Reconnaissance,Low
280,0,2,20,0.8065,PRE_ATTACK,Reconnaissance,Low
280,0,3,30,0.8038,PRE_ATTACK,Reconnaissance,Low
280,0,4,40,0.8036,PRE_ATTACK,Reconnaissance,Low
280,0,5,50,0.7982,PRE_ATTACK,Reconnaissance,Low
280,0,6,60,0.8097,PRE_ATTACK,Reconnaissance,Low
281,1,1,10,0.8177,PRE_ATTACK,Reconnaissance,Low
281,1,2,20,0.8166,PRE_ATTACK,Reconnaissance,Low
281,1,3,30,0.818,PRE_ATTACK,Reconnaissance,Low
281,1,4,40,0.8162,PRE_ATTACK,Reconnaissance,Low
281,1,5,50,0.8204,PRE_ATTACK,Reconnaissance,Low
281,1,6,60,0.8209,PRE_ATTACK,Reconnaissance,Low
282,1,1,10,0.851,PRE_ATTACK,Reconnaissance,Low
282,1,2,20,0.8502,PRE_ATTACK,Reconnaissance,Low
282,1,3,30,0.8426,PRE_ATTACK,Reconnaissance,Low
282,1,4,40,0.8429,PRE_ATTACK,Reconnaissance,Low
282,1,5,50,0.84,PRE_ATTACK,Reconnaissance,Low
282,1,6,60,0.8337,PRE_ATTACK,Reconnaissance,Low
283,1,1,10,0.921,ACTIVE,Initial Access,Low
283,1,2,20,0.909,ACTIVE,Initial Access,Low
283,1,3,30,0.9033,ACTIVE,Initial Access,Low
283,1,4,40,0.8982,ACTIVE,Initial Access,Low
283,1,5,50,0.9014,ACTIVE,Initial Access,Low
283,1,6,60,0.8961,ACTIVE,Initial Access,Low
284,1,1,10,0.8996,ACTIVE,Initial Access,Low
284,1,2,20,0.8961,ACTIVE,Initial Access,Low
284,1,3,30,0.892,ACTIVE,Initial Access,Low
284,1,4,40,0.8849,ACTIVE,Initial Access,Low
284,1,5,50,0.8787,ACTIVE,Initial Access,Low
284,1,6,60,0.8715,ACTIVE,Initial Access,Low
285,0,1,10,0.8959,ACTIVE,Initial Access,Low
285,0,2,20,0.8883,ACTIVE,Initial Access,Low
285,0,3,30,0.8864,ACTIVE,Initial Access,Low
285,0,4,40,0.887,ACTIVE,Initial Access,Low
285,0,5,50,0.8835,ACTIVE,Initial Access,Low
285,0,6,60,0.8869,ACTIVE,Initial Access,Low
286,0,1,10,0.7861,PRE_ATTACK,Reconnaissance,Low
286,0,2,20,0.807,PRE_ATTACK,Reconnaissance,Low
286,0,3,30,0.8133,PRE_ATTACK,Reconnaissance,Low
286,0,4,40,0.8094,PRE_ATTACK,Reconnaissance,Low
286,0,5,50,0.8036,PRE_ATTACK,Reconnaissance,Low
286,0,6,60,0.805,PRE_ATTACK,Reconnaissance,Low
287,0,1,10,0.8176,PRE_ATTACK,Reconnaissance,Low
287,0,2,20,0.8381,PRE_ATTACK,Reconnaissance,Low
287,0,3,30,0.8453,PRE_ATTACK,Reconnaissance,Low
287,0,4,40,0.8438,PRE_ATTACK,Reconnaissance,Low
287,0,5,50,0.844,PRE_ATTACK,Reconnaissance,Low
287,0,6,60,0.8427,PRE_ATTACK,Reconnaissance,Low
288,0,1,10,0.8812,ACTIVE,Initial Access,Low
288,0,2,20,0.8759,ACTIVE,Initial Access,Low
288,0,3,30,0.8712,PRE_ATTACK,Reconnaissance,Low
288,0,4,40,0.8709,ACTIVE,Initial Access,Low
288,0,5,50,0.8696,PRE_ATTACK,Reconnaissance,Low
288,0,6,60,0.8622,ACTIVE,Initial Access,Low
289,1,1,10,0.7888,PRE_ATTACK,Reconnaissance,Low
289,1,2,20,0.7829,PRE_ATTACK,Reconnaissance,Low
289,1,3,30,0.7867,PRE_ATTACK,Reconnaissance,Low
289,1,4,40,0.7809,PRE_ATTACK,Reconnaissance,Low
289,1,5,50,0.7946,PRE_ATTACK,Reconnaissance,Low
289,1,6,60,0.7984,PRE_ATTACK,Reconnaissance,Low
290,0,1,10,0.9164,ACTIVE,Initial Access,Low
290,0,2,20,0.896,ACTIVE,Initial Access,Low
290,0,3,30,0.8922,ACTIVE,Initial Access,Low
290,0,4,40,0.8934,ACTIVE,Initial Access,Low
290,0,5,50,0.8825,ACTIVE,Initial Access,Low
290,0,6,60,0.8846,ACTIVE,Initial Access,Low
291,1,1,10,0.7817,PRE_ATTACK,Reconnaissance,Low
291,1,2,20,0.8112,PRE_ATTACK,Reconnaissance,Low
291,1,3,30,0.8125,PRE_ATTACK,Reconnaissance,Low
291,1,4,40,0.8142,PRE_ATTACK,Reconnaissance,Low
291,1,5,50,0.8145,PRE_ATTACK,Reconnaissance,Low
291,1,6,60,0.8159,PRE_ATTACK,Reconnaissance,Low
292,1,1,10,0.893,ACTIVE,Initial Access,Low
292,1,2,20,0.8779,ACTIVE,Initial Access,Low
292,1,3,30,0.8726,PRE_ATTACK,Reconnaissance,Low
292,1,4,40,0.8724,ACTIVE,Initial Access,Low
292,1,5,50,0.8727,ACTIVE,Initial Access,Low
292,1,6,60,0.8684,PRE_ATTACK,Reconnaissance,Low
293,1,1,10,0.882,ACTIVE,Initial Access,Low
293,1,2,20,0.8727,ACTIVE,Initial Access,Low
293,1,3,30,0.8611,PRE_ATTACK,Reconnaissance,Low
293,1,4,40,0.8501,PRE_ATTACK,Reconnaissance,Low
293,1,5,50,0.8519,PRE_ATTACK,Reconnaissance,Low
293,1,6,60,0.8509,PRE_ATTACK,Reconnaissance,Low
294,1,1,10,0.9501,ACTIVE,Initial Access,Low
294,1,2,20,0.9429,ACTIVE,Initial Access,Low
294,1,3,30,0.9378,ACTIVE,Initial Access,Low
294,1,4,40,0.9366,ACTIVE,Initial Access,Low
294,1,5,50,0.9339,ACTIVE,Initial Access,Low
294,1,6,60,0.9343,ACTIVE,Initial Access,Low
295,1,1,10,0.7155,PRE_ATTACK,Reconnaissance,Low
295,1,2,20,0.7267,PRE_ATTACK,Reconnaissance,Low
295,1,3,30,0.7225,PRE_ATTACK,Reconnaissance,Low
295,1,4,40,0.7324,PRE_ATTACK,Reconnaissance,Low
295,1,5,50,0.7408,PRE_ATTACK,Reconnaissance,Low
295,1,6,60,0.7428,PRE_ATTACK,Reconnaissance,Low
296,1,1,10,0.8566,ACTIVE,Initial Access,Low
296,1,2,20,0.8474,PRE_ATTACK,Reconnaissance,Low
296,1,3,30,0.8352,PRE_ATTACK,Reconnaissance,Low
296,1,4,40,0.836,PRE_ATTACK,Reconnaissance,Low
296,1,5,50,0.8298,PRE_ATTACK,Reconnaissance,Low
296,1,6,60,0.8175,PRE_ATTACK,Reconnaissance,Low
297,1,1,10,0.8931,ACTIVE,Initial Access,Low
297,1,2,20,0.8856,ACTIVE,Initial Access,Low
297,1,3,30,0.8757,ACTIVE,Initial Access,Low
297,1,4,40,0.8732,ACTIVE,Initial Access,Low
297,1,5,50,0.8702,ACTIVE,Initial Access,Low
297,1,6,60,0.8719,ACTIVE,Initial Access,Low
298,1,1,10,0.8376,PRE_ATTACK,Reconnaissance,Low
298,1,2,20,0.825,PRE_ATTACK,Reconnaissance,Low
298,1,3,30,0.8165,PRE_ATTACK,Reconnaissance,Low
298,1,4,40,0.806,PRE_ATTACK,Reconnaissance,Low
298,1,5,50,0.8132,PRE_ATTACK,Reconnaissance,Low
298,1,6,60,0.8155,PRE_ATTACK,Reconnaissance,Low
299,0,1,10,0.8266,PRE_ATTACK,Reconnaissance,Low
299,0,2,20,0.8212,PRE_ATTACK,Reconnaissance,Low
299,0,3,30,0.8226,PRE_ATTACK,Reconnaissance,Low
299,0,4,40,0.8203,PRE_ATTACK,Reconnaissance,Low
299,0,5,50,0.8245,PRE_ATTACK,Reconnaissance,Low
299,0,6,60,0.8166,PRE_ATTACK,Reconnaissance,Low
420,0,1,10,0.0176,NORMAL,None,Medium
420,0,2,20,0.0224,NORMAL,None,Medium
420,0,3,30,0.0244,NORMAL,None,Medium
420,0,4,40,0.0234,NORMAL,None,Low
420,0,5,50,0.0272,NORMAL,None,Low
420,0,6,60,0.0259,NORMAL,None,Low
421,0,1,10,0.0151,NORMAL,None,Medium
421,0,2,20,0.0224,NORMAL,None,Medium
421,0,3,30,0.0215,NORMAL,None,Medium
421,0,4,40,0.0246,NORMAL,None,Low
421,0,5,50,0.0263,NORMAL,None,Low
421,0,6,60,0.024,NORMAL,None,Low
422,0,1,10,0.0148,NORMAL,None,Medium
422,0,2,20,0.0222,NORMAL,None,Medium
422,0,3,30,0.0233,NORMAL,None,Medium
422,0,4,40,0.0245,NORMAL,None,Low
422,0,5,50,0.025,NORMAL,None,Low
422,0,6,60,0.0266,NORMAL,None,Low
423,0,1,10,0.0169,NORMAL,None,Medium
423,0,2,20,0.0253,NORMAL,None,Medium
423,0,3,30,0.0259,NORMAL,None,Medium
423,0,4,40,0.024,NORMAL,None,Low
423,0,5,50,0.0278,NORMAL,None,Low
423,0,6,60,0.0249,NORMAL,None,Low
424,0,1,10,0.0219,NORMAL,None,Medium
424,0,2,20,0.0259,NORMAL,None,Medium
424,0,3,30,0.027,NORMAL,None,Medium
424,0,4,40,0.0256,NORMAL,None,Low
424,0,5,50,0.0253,NORMAL,None,Low
424,0,6,60,0.0255,NORMAL,None,Low
425,0,1,10,0.023,NORMAL,None,Medium
425,0,2,20,0.0233,NORMAL,None,Medium
425,0,3,30,0.0244,NORMAL,None,Medium
425,0,4,40,0.0242,NORMAL,None,Low
425,0,5,50,0.0241,NORMAL,None,Low
425,0,6,60,0.0284,NORMAL,None,Low
426,0,1,10,0.0201,NORMAL,None,Medium
426,0,2,20,0.0232,NORMAL,None,Medium
426,0,3,30,0.0239,NORMAL,None,Medium
426,0,4,40,0.024,NORMAL,None,Low
426,0,5,50,0.0232,NORMAL,None,Low
426,0,6,60,0.0278,NORMAL,None,Low
427,0,1,10,0.0213,NORMAL,None,Medium
427,0,2,20,0.0272,NORMAL,None,Medium
427,0,3,30,0.0261,NORMAL,None,Medium
427,0,4,40,0.0254,NORMAL,None,Low
427,0,5,50,0.0267,NORMAL,None,Low
427,0,6,60,0.0285,NORMAL,None,Low
428,0,1,10,0.0208,NORMAL,None,Medium
428,0,2,20,0.0244,NORMAL,None,Medium
428,0,3,30,0.0271,NORMAL,None,Medium
428,0,4,40,0.029,NORMAL,None,Low
428,0,5,50,0.028,NORMAL,None,Low
428,0,6,60,0.0252,NORMAL,None,Low
429,0,1,10,0.0234,NORMAL,None,Medium
429,0,2,20,0.0266,NORMAL,None,Medium
429,0,3,30,0.0266,NORMAL,None,Medium
429,0,4,40,0.0321,NORMAL,None,Low
429,0,5,50,0.0271,NORMAL,None,Low
429,0,6,60,0.028,NORMAL,None,Low
430,0,1,10,0.0306,NORMAL,None,Medium
430,0,2,20,0.0302,NORMAL,None,Medium
430,0,3,30,0.0256,NORMAL,None,Medium
430,0,4,40,0.0254,NORMAL,None,Low
430,0,5,50,0.0248,NORMAL,None,Low
430,0,6,60,0.0251,NORMAL,None,Low
431,0,1,10,0.0219,NORMAL,None,Medium
431,0,2,20,0.0267,NORMAL,None,Medium
431,0,3,30,0.0235,NORMAL,None,Medium
431,0,4,40,0.0247,NORMAL,None,Low
431,0,5,50,0.0252,NORMAL,None,Low
431,0,6,60,0.0264,NORMAL,None,Low
432,0,1,10,0.0199,NORMAL,None,Medium
432,0,2,20,0.0238,NORMAL,None,Medium
432,0,3,30,0.0275,NORMAL,None,Medium
432,0,4,40,0.0275,NORMAL,None,Low
432,0,5,50,0.0253,NORMAL,None,Low
432,0,6,60,0.0267,NORMAL,None,Low
433,0,1,10,0.0536,NORMAL,None,Medium
433,0,2,20,0.0476,NORMAL,None,Medium
433,0,3,30,0.0418,NORMAL,None,Medium
433,0,4,40,0.0406,NORMAL,None,Low
433,0,5,50,0.0349,NORMAL,None,Low
433,0,6,60,0.0269,NORMAL,None,Low
434,0,1,10,0.0663,NORMAL,None,Medium
434,0,2,20,0.0557,NORMAL,None,Medium
434,0,3,30,0.0461,NORMAL,None,Medium
434,0,4,40,0.0369,NORMAL,None,Low
434,0,5,50,0.0313,NORMAL,None,Low
434,0,6,60,0.0319,NORMAL,None,Low
435,0,1,10,0.0496,NORMAL,None,Medium
435,0,2,20,0.0484,NORMAL,None,Medium
435,0,3,30,0.0391,NORMAL,None,Medium
435,0,4,40,0.0323,NORMAL,None,Low
435,0,5,50,0.0297,NORMAL,None,Low
435,0,6,60,0.0272,NORMAL,None,Low
436,0,1,10,0.0416,NORMAL,None,Medium
436,0,2,20,0.0375,NORMAL,None,Medium
436,0,3,30,0.0357,NORMAL,None,Medium
436,0,4,40,0.0296,NORMAL,None,Low
436,0,5,50,0.0327,NORMAL,None,Low
436,0,6,60,0.0301,NORMAL,None,Low
437,0,1,10,0.0346,NORMAL,None,Medium
437,0,2,20,0.035,NORMAL,None,Medium
437,0,3,30,0.0309,NORMAL,None,Medium
437,0,4,40,0.0274,NORMAL,None,Low
437,0,5,50,0.0298,NORMAL,None,Low
437,0,6,60,0.0264,NORMAL,None,Low
438,0,1,10,0.0211,NORMAL,None,Medium
438,0,2,20,0.0275,NORMAL,None,Medium
438,0,3,30,0.0258,NORMAL,None,Medium
438,0,4,40,0.0262,NORMAL,None,Low
438,0,5,50,0.0277,NORMAL,None,Low
438,0,6,60,0.0265,NORMAL,None,Low
439,0,1,10,0.0193,NORMAL,None,Medium
439,0,2,20,0.0271,NORMAL,None,Medium
439,0,3,30,0.0254,NORMAL,None,Medium
439,0,4,40,0.0226,NORMAL,None,Low
439,0,5,50,0.0247,NORMAL,None,Low
439,0,6,60,0.0243,NORMAL,None,Low
440,0,1,10,0.0167,NORMAL,None,Medium
440,0,2,20,0.0245,NORMAL,None,Medium
440,0,3,30,0.0249,NORMAL,None,Medium
440,0,4,40,0.026,NORMAL,None,Low
440,0,5,50,0.0234,NORMAL,None,Low
440,0,6,60,0.0245,NORMAL,None,Low
441,0,1,10,0.0183,NORMAL,None,Medium
441,0,2,20,0.0241,NORMAL,None,Medium
441,0,3,30,0.0291,NORMAL,None,Medium
441,0,4,40,0.027,NORMAL,None,Low
441,0,5,50,0.0265,NORMAL,None,Low
441,0,6,60,0.0273,NORMAL,None,Low
442,0,1,10,0.0204,NORMAL,None,Medium
442,0,2,20,0.0231,NORMAL,None,Medium
442,0,3,30,0.026,NORMAL,None,Medium
442,0,4,40,0.0273,NORMAL,None,Low
442,0,5,50,0.0243,NORMAL,None,Low
442,0,6,60,0.0259,NORMAL,None,Low
443,0,1,10,0.0191,NORMAL,None,Medium
443,0,2,20,0.0247,NORMAL,None,Medium
443,0,3,30,0.0267,NORMAL,None,Medium
443,0,4,40,0.0263,NORMAL,None,Low
443,0,5,50,0.0277,NORMAL,None,Low
443,0,6,60,0.0254,NORMAL,None,Low
444,0,1,10,0.0208,NORMAL,None,Medium
444,0,2,20,0.0264,NORMAL,None,Medium
444,0,3,30,0.0273,NORMAL,None,Medium
444,0,4,40,0.0244,NORMAL,None,Low
444,0,5,50,0.0258,NORMAL,None,Low
444,0,6,60,0.0258,NORMAL,None,Low
445,0,1,10,0.027,NORMAL,None,Medium
445,0,2,20,0.0298,NORMAL,None,Medium
445,0,3,30,0.0285,NORMAL,None,Medium
445,0,4,40,0.0274,NORMAL,None,Low
445,0,5,50,0.0258,NORMAL,None,Low
445,0,6,60,0.026,NORMAL,None,Low
446,0,1,10,0.0195,NORMAL,None,Medium
446,0,2,20,0.0246,NORMAL,None,Medium
446,0,3,30,0.0252,NORMAL,None,Medium
446,0,4,40,0.0286,NORMAL,None,Low
446,0,5,50,0.0265,NORMAL,None,Low
446,0,6,60,0.0277,NORMAL,None,Low
447,0,1,10,0.0202,NORMAL,None,Medium
447,0,2,20,0.0243,NORMAL,None,Medium
447,0,3,30,0.0254,NORMAL,None,Medium
447,0,4,40,0.0287,NORMAL,None,Low
447,0,5,50,0.0258,NORMAL,None,Low
447,0,6,60,0.0274,NORMAL,None,Low
448,0,1,10,0.0169,NORMAL,None,Medium
448,0,2,20,0.0217,NORMAL,None,Medium
448,0,3,30,0.0224,NORMAL,None,Medium
448,0,4,40,0.0245,NORMAL,None,Low
448,0,5,50,0.0265,NORMAL,None,Low
448,0,6,60,0.0229,NORMAL,None,Low
449,0,1,10,0.0288,NORMAL,None,Medium
449,0,2,20,0.0328,NORMAL,None,Medium
449,0,3,30,0.0333,NORMAL,None,Medium
449,0,4,40,0.0294,NORMAL,None,Low
449,0,5,50,0.0277,NORMAL,None,Low
449,0,6,60,0.0268,NORMAL,None,Low
570,0,1,10,0.6123,PRE_ATTACK,Reconnaissance,Low
570,0,2,20,0.6088,PRE_ATTACK,Reconnaissance,Low
570,0,3,30,0.6197,PRE_ATTACK,Reconnaissance,Low
570,0,4,40,0.6353,PRE_ATTACK,Reconnaissance,Low
570,0,5,50,0.6335,PRE_ATTACK,Reconnaissance,Low
570,0,6,60,0.6306,PRE_ATTACK,Reconnaissance,Low
571,1,1,10,0.6774,PRE_ATTACK,Reconnaissance,Low
571,1,2,20,0.6841,PRE_ATTACK,Reconnaissance,Low
571,1,3,30,0.6879,PRE_ATTACK,Reconnaissance,Low
571,1,4,40,0.7033,PRE_ATTACK,Reconnaissance,Low
571,1,5,50,0.7165,PRE_ATTACK,Reconnaissance,Low
571,1,6,60,0.7253,PRE_ATTACK,Reconnaissance,Low
572,1,1,10,0.7708,PRE_ATTACK,Reconnaissance,Low
572,1,2,20,0.7596,PRE_ATTACK,Reconnaissance,Low
572,1,3,30,0.7603,PRE_ATTACK,Reconnaissance,Low
572,1,4,40,0.7635,PRE_ATTACK,Reconnaissance,Low
572,1,5,50,0.7667,PRE_ATTACK,Reconnaissance,Low
572,1,6,60,0.7733,PRE_ATTACK,Reconnaissance,Low
573,1,1,10,0.5276,PRE_ATTACK,Reconnaissance,Low
573,1,2,20,0.5109,NORMAL,None,Medium
573,1,3,30,0.4908,NORMAL,None,Medium
573,1,4,40,0.4735,NORMAL,None,Low
573,1,5,50,0.4581,NORMAL,None,Low
573,1,6,60,0.4359,NORMAL,None,Low
574,1,1,10,0.223,NORMAL,None,Medium
574,1,2,20,0.1829,NORMAL,None,Medium
574,1,3,30,0.1496,NORMAL,None,Medium
574,1,4,40,0.1052,NORMAL,None,Low
574,1,5,50,0.0824,NORMAL,None,Low
574,1,6,60,0.0632,NORMAL,None,Low
575,1,1,10,0.4265,NORMAL,None,Medium
575,1,2,20,0.3933,NORMAL,None,Medium
575,1,3,30,0.3663,NORMAL,None,Medium
575,1,4,40,0.3331,NORMAL,None,Low
575,1,5,50,0.2877,NORMAL,None,Low
575,1,6,60,0.2425,NORMAL,None,Low
576,1,1,10,0.1858,NORMAL,None,Medium
576,1,2,20,0.1589,NORMAL,None,Medium
576,1,3,30,0.1173,NORMAL,None,Medium
576,1,4,40,0.0866,NORMAL,None,Low
576,1,5,50,0.0609,NORMAL,None,Low
576,1,6,60,0.0528,NORMAL,None,Low
577,1,1,10,0.053,NORMAL,None,Medium
577,1,2,20,0.0459,NORMAL,None,Medium
577,1,3,30,0.0376,NORMAL,None,Medium
577,1,4,40,0.0343,NORMAL,None,Low
577,1,5,50,0.0319,NORMAL,None,Low
577,1,6,60,0.0289,NORMAL,None,Low
578,1,1,10,0.0246,NORMAL,None,Medium
578,1,2,20,0.0314,NORMAL,None,Medium
578,1,3,30,0.0283,NORMAL,None,Medium
578,1,4,40,0.0271,NORMAL,None,Low
578,1,5,50,0.0262,NORMAL,None,Low
578,1,6,60,0.0276,NORMAL,None,Low
579,1,1,10,0.0228,NORMAL,None,Medium
579,1,2,20,0.0258,NORMAL,None,Medium
579,1,3,30,0.0284,NORMAL,None,Medium
579,1,4,40,0.0288,NORMAL,None,Low
579,1,5,50,0.0297,NORMAL,None,Low
579,1,6,60,0.0257,NORMAL,None,Low
580,0,1,10,0.0248,NORMAL,None,Medium
580,0,2,20,0.0287,NORMAL,None,Medium
580,0,3,30,0.0289,NORMAL,None,Medium
580,0,4,40,0.0285,NORMAL,None,Low
580,0,5,50,0.0254,NORMAL,None,Low
580,0,6,60,0.0262,NORMAL,None,Low
581,0,1,10,0.0549,NORMAL,None,Medium
581,0,2,20,0.0391,NORMAL,None,Medium
581,0,3,30,0.0325,NORMAL,None,Medium
581,0,4,40,0.0333,NORMAL,None,Low
581,0,5,50,0.0264,NORMAL,None,Low
581,0,6,60,0.0259,NORMAL,None,Low
582,0,1,10,0.0791,NORMAL,None,Medium
582,0,2,20,0.0594,NORMAL,None,Medium
582,0,3,30,0.0493,NORMAL,None,Medium
582,0,4,40,0.044,NORMAL,None,Low
582,0,5,50,0.0368,NORMAL,None,Low
582,0,6,60,0.0348,NORMAL,None,Low
583,0,1,10,0.65,PRE_ATTACK,Reconnaissance,Low
583,0,2,20,0.672,PRE_ATTACK,Reconnaissance,Low
583,0,3,30,0.6681,PRE_ATTACK,Reconnaissance,Low
583,0,4,40,0.6759,PRE_ATTACK,Reconnaissance,Low
583,0,5,50,0.6904,PRE_ATTACK,Reconnaissance,Low
583,0,6,60,0.6956,PRE_ATTACK,Reconnaissance,Low
584,0,1,10,0.6427,PRE_ATTACK,Reconnaissance,Low
584,0,2,20,0.6482,PRE_ATTACK,Reconnaissance,Low
584,0,3,30,0.6516,PRE_ATTACK,Reconnaissance,Low
584,0,4,40,0.6638,PRE_ATTACK,Reconnaissance,Low
584,0,5,50,0.672,PRE_ATTACK,Reconnaissance,Low
584,0,6,60,0.6697,PRE_ATTACK,Reconnaissance,Low
585,0,1,10,0.4602,NORMAL,None,Medium
585,0,2,20,0.4264,NORMAL,None,Medium
585,0,3,30,0.3965,NORMAL,None,Medium
585,0,4,40,0.3689,NORMAL,None,Low
585,0,5,50,0.3334,NORMAL,None,Low
585,0,6,60,0.2975,NORMAL,None,Low
586,0,1,10,0.4846,NORMAL,None,Medium
586,0,2,20,0.443,NORMAL,None,Medium
586,0,3,30,0.413,NORMAL,None,Medium
586,0,4,40,0.3894,NORMAL,None,Low
586,0,5,50,0.3495,NORMAL,None,Low
586,0,6,60,0.319,NORMAL,None,Low
587,0,1,10,0.1601,NORMAL,None,Medium
587,0,2,20,0.1162,NORMAL,None,Medium
587,0,3,30,0.0904,NORMAL,None,Medium
587,0,4,40,0.0742,NORMAL,None,Low
587,0,5,50,0.0536,NORMAL,None,Low
587,0,6,60,0.0517,NORMAL,None,Low
588,0,1,10,0.0369,NORMAL,None,Medium
588,0,2,20,0.0331,NORMAL,None,Medium
588,0,3,30,0.0277,NORMAL,None,Medium
588,0,4,40,0.0273,NORMAL,None,Low
588,0,5,50,0.0283,NORMAL,None,Low
588,0,6,60,0.0276,NORMAL,None,Low
589,0,1,10,0.0202,NORMAL,None,Medium
589,0,2,20,0.0248,NORMAL,None,Medium
589,0,3,30,0.0265,NORMAL,None,Medium
589,0,4,40,0.0284,NORMAL,None,Low
589,0,5,50,0.0276,NORMAL,None,Low
589,0,6,60,0.0251,NORMAL,None,Low
590,0,1,10,0.0181,NORMAL,None,Medium
590,0,2,20,0.023,NORMAL,None,Medium
590,0,3,30,0.0255,NORMAL,None,Medium
590,0,4,40,0.0254,NORMAL,None,Low
590,0,5,50,0.0251,NORMAL,None,Low
590,0,6,60,0.028,NORMAL,None,Low
591,0,1,10,0.0177,NORMAL,None,Medium
591,0,2,20,0.022,NORMAL,None,Medium
591,0,3,30,0.0243,NORMAL,None,Medium
591,0,4,40,0.0259,NORMAL,None,Low
591,0,5,50,0.0236,NORMAL,None,Low
591,0,6,60,0.0275,NORMAL,None,Low
592,0,1,10,0.0199,NORMAL,None,Medium
592,0,2,20,0.0248,NORMAL,None,Medium
592,0,3,30,0.0271,NORMAL,None,Medium
592,0,4,40,0.0243,NORMAL,None,Low
592,0,5,50,0.0258,NORMAL,None,Low
592,0,6,60,0.0254,NORMAL,None,Low
593,0,1,10,0.0215,NORMAL,None,Medium
593,0,2,20,0.0244,NORMAL,None,Medium
593,0,3,30,0.0252,NORMAL,None,Medium
593,0,4,40,0.0263,NORMAL,None,Low
593,0,5,50,0.0237,NORMAL,None,Low
593,0,6,60,0.0262,NORMAL,None,Low
594,0,1,10,0.0264,NORMAL,None,Medium
594,0,2,20,0.03,NORMAL,None,Medium
594,0,3,30,0.0313,NORMAL,None,Medium
594,0,4,40,0.0301,NORMAL,None,Low
594,0,5,50,0.0271,NORMAL,None,Low
594,0,6,60,0.0266,NORMAL,None,Low
595,0,1,10,0.0273,NORMAL,None,Medium
595,0,2,20,0.0278,NORMAL,None,Medium
595,0,3,30,0.029,NORMAL,None,Medium
595,0,4,40,0.0302,NORMAL,None,Low
595,0,5,50,0.0276,NORMAL,None,Low
595,0,6,60,0.0243,NORMAL,None,Low
596,0,1,10,0.0301,NORMAL,None,Medium
596,0,2,20,0.0306,NORMAL,None,Medium
596,0,3,30,0.0293,NORMAL,None,Medium
596,0,4,40,0.0266,NORMAL,None,Low
596,0,5,50,0.0314,NORMAL,None,Low
596,0,6,60,0.0302,NORMAL,None,Low
597,0,1,10,0.0457,NORMAL,None,Medium
597,0,2,20,0.0435,NORMAL,None,Medium
597,0,3,30,0.0398,NORMAL,None,Medium
597,0,4,40,0.0367,NORMAL,None,Low
597,0,5,50,0.0304,NORMAL,None,Low
597,0,6,60,0.0271,NORMAL,None,Low
598,0,1,10,0.0476,NORMAL,None,Medium
598,0,2,20,0.0402,NORMAL,None,Medium
598,0,3,30,0.035,NORMAL,None,Medium
598,0,4,40,0.0343,NORMAL,None,Low
598,0,5,50,0.0274,NORMAL,None,Low
598,0,6,60,0.0284,NORMAL,None,Low
599,0,1,10,0.047,NORMAL,None,Medium
599,0,2,20,0.0425,NORMAL,None,Medium
599,0,3,30,0.0374,NORMAL,None,Medium
599,0,4,40,0.0316,NORMAL,None,Low
599,0,5,50,0.0291,NORMAL,None,Low
599,0,6,60,0.0312,NORMAL,None,Low
720,0,1,10,0.0322,NORMAL,None,Medium
720,0,2,20,0.0281,NORMAL,None,Medium
720,0,3,30,0.0313,NORMAL,None,Medium
720,0,4,40,0.0302,NORMAL,None,Low
720,0,5,50,0.0296,NORMAL,None,Low
720,0,6,60,0.0269,NORMAL,None,Low
721,0,1,10,0.0242,NORMAL,None,Medium
721,0,2,20,0.0269,NORMAL,None,Medium
721,0,3,30,0.0286,NORMAL,None,Medium
721,0,4,40,0.0283,NORMAL,None,Low
721,0,5,50,0.0282,NORMAL,None,Low
721,0,6,60,0.0286,NORMAL,None,Low
722,0,1,10,0.0244,NORMAL,None,Medium
722,0,2,20,0.0278,NORMAL,None,Medium
722,0,3,30,0.0266,NORMAL,None,Medium
722,0,4,40,0.0269,NORMAL,None,Low
722,0,5,50,0.0283,NORMAL,None,Low
722,0,6,60,0.0264,NORMAL,None,Low
723,0,1,10,0.0233,NORMAL,None,Medium
723,0,2,20,0.0312,NORMAL,None,Medium
723,0,3,30,0.0309,NORMAL,None,Medium
723,0,4,40,0.0294,NORMAL,None,Low
723,0,5,50,0.0276,NORMAL,None,Low
723,0,6,60,0.0258,NORMAL,None,Low
724,0,1,10,0.0256,NORMAL,None,Medium
724,0,2,20,0.0305,NORMAL,None,Medium
724,0,3,30,0.0256,NORMAL,None,Medium
724,0,4,40,0.0289,NORMAL,None,Low
724,0,5,50,0.0254,NORMAL,None,Low
724,0,6,60,0.0262,NORMAL,None,Low
725,0,1,10,0.0253,NORMAL,None,Medium
725,0,2,20,0.0283,NORMAL,None,Medium
725,0,3,30,0.0264,NORMAL,None,Medium
725,0,4,40,0.0256,NORMAL,None,Low
725,0,5,50,0.0295,NORMAL,None,Low
725,0,6,60,0.0265,NORMAL,None,Low
726,0,1,10,0.0426,NORMAL,None,Medium
726,0,2,20,0.0421,NORMAL,None,Medium
726,0,3,30,0.037,NORMAL,None,Medium
726,0,4,40,0.0349,NORMAL,None,Low
726,0,5,50,0.0308,NORMAL,None,Low
726,0,6,60,0.029,NORMAL,None,Low
727,0,1,10,0.0463,NORMAL,None,Medium
727,0,2,20,0.0442,NORMAL,None,Medium
727,0,3,30,0.0371,NORMAL,None,Medium
727,0,4,40,0.037,NORMAL,None,Low
727,0,5,50,0.0332,NORMAL,None,Low
727,0,6,60,0.0321,NORMAL,None,Low
728,0,1,10,0.0667,NORMAL,None,Medium
728,0,2,20,0.0566,NORMAL,None,Medium
728,0,3,30,0.0468,NORMAL,None,Medium
728,0,4,40,0.0399,NORMAL,None,Low
728,0,5,50,0.0312,NORMAL,None,Low
728,0,6,60,0.028,NORMAL,None,Low
729,0,1,10,0.0543,NORMAL,None,Medium
729,0,2,20,0.0489,NORMAL,None,Medium
729,0,3,30,0.0475,NORMAL,None,Medium
729,0,4,40,0.0382,NORMAL,None,Low
729,0,5,50,0.0289,NORMAL,None,Low
729,0,6,60,0.0294,NORMAL,None,Low
730,0,1,10,0.0365,NORMAL,None,Medium
730,0,2,20,0.0355,NORMAL,None,Medium
730,0,3,30,0.0369,NORMAL,None,Medium
730,0,4,40,0.0335,NORMAL,None,Low
730,0,5,50,0.0282,NORMAL,None,Low
730,0,6,60,0.0282,NORMAL,None,Low
731,0,1,10,0.0228,NORMAL,None,Medium
731,0,2,20,0.0281,NORMAL,None,Medium
731,0,3,30,0.0296,NORMAL,None,Medium
731,0,4,40,0.0273,NORMAL,None,Low
731,0,5,50,0.0282,NORMAL,None,Low
731,0,6,60,0.0256,NORMAL,None,Low
732,0,1,10,0.022,NORMAL,None,Medium
732,0,2,20,0.0259,NORMAL,None,Medium
732,0,3,30,0.0262,NORMAL,None,Medium
732,0,4,40,0.0272,NORMAL,None,Low
732,0,5,50,0.0251,NORMAL,None,Low
732,0,6,60,0.0248,NORMAL,None,Low
733,0,1,10,0.025,NORMAL,None,Medium
733,0,2,20,0.0317,NORMAL,None,Medium
733,0,3,30,0.0305,NORMAL,None,Medium
733,0,4,40,0.0247,NORMAL,None,Low
733,0,5,50,0.0268,NORMAL,None,Low
733,0,6,60,0.0267,NORMAL,None,Low
734,0,1,10,0.0199,NORMAL,None,Medium
734,0,2,20,0.0273,NORMAL,None,Medium
734,0,3,30,0.0263,NORMAL,None,Medium
734,0,4,40,0.0252,NORMAL,None,Low
734,0,5,50,0.0272,NORMAL,None,Low
734,0,6,60,0.0241,NORMAL,None,Low
735,0,1,10,0.0205,NORMAL,None,Medium
735,0,2,20,0.0244,NORMAL,None,Medium
735,0,3,30,0.0257,NORMAL,None,Medium
735,0,4,40,0.0267,NORMAL,None,Low
735,0,5,50,0.0254,NORMAL,None,Low
735,0,6,60,0.0268,NORMAL,None,Low
736,0,1,10,0.0159,NORMAL,None,Medium
736,0,2,20,0.0221,NORMAL,None,Medium
736,0,3,30,0.0228,NORMAL,None,Medium
736,0,4,40,0.0225,NORMAL,None,Low
736,0,5,50,0.0249,NORMAL,None,Low
736,0,6,60,0.0237,NORMAL,None,Low
737,0,1,10,0.0153,NORMAL,None,Medium
737,0,2,20,0.022,NORMAL,None,Medium
737,0,3,30,0.0227,NORMAL,None,Medium
737,0,4,40,0.023,NORMAL,None,Low
737,0,5,50,0.0267,NORMAL,None,Low
737,0,6,60,0.0265,NORMAL,None,Low
738,0,1,10,0.0152,NORMAL,None,Medium
738,0,2,20,0.0225,NORMAL,None,Medium
738,0,3,30,0.0266,NORMAL,None,Medium
738,0,4,40,0.0251,NORMAL,None,Low
738,0,5,50,0.0255,NORMAL,None,Low
738,0,6,60,0.0291,NORMAL,None,Low
739,0,1,10,0.0172,NORMAL,None,Medium
739,0,2,20,0.025,NORMAL,None,Medium
739,0,3,30,0.0246,NORMAL,None,Medium
739,0,4,40,0.0256,NORMAL,None,Low
739,0,5,50,0.0237,NORMAL,None,Low
739,0,6,60,0.0255,NORMAL,None,Low
740,0,1,10,0.0147,NORMAL,None,Medium
740,0,2,20,0.0228,NORMAL,None,Medium
740,0,3,30,0.0233,NORMAL,None,Medium
740,0,4,40,0.025,NORMAL,None,Low
740,0,5,50,0.0236,NORMAL,None,Low
740,0,6,60,0.0274,NORMAL,None,Low
741,0,1,10,0.0161,NORMAL,None,Medium
741,0,2,20,0.0241,NORMAL,None,Medium
741,0,3,30,0.0266,NORMAL,None,Medium
741,0,4,40,0.0258,NORMAL,None,Low
741,0,5,50,0.0242,NORMAL,None,Low
741,0,6,60,0.0241,NORMAL,None,Low
742,0,1,10,0.0143,NORMAL,None,Medium
742,0,2,20,0.0238,NORMAL,None,Medium
742,0,3,30,0.0242,NORMAL,None,Medium
742,0,4,40,0.0274,NORMAL,None,Low
742,0,5,50,0.0248,NORMAL,None,Low
742,0,6,60,0.026,NORMAL,None,Low
743,0,1,10,0.0144,NORMAL,None,Medium
743,0,2,20,0.0191,NORMAL,None,Medium
743,0,3,30,0.0229,NORMAL,None,Medium
743,0,4,40,0.0238,NORMAL,None,Low
743,0,5,50,0.0255,NORMAL,None,Low
743,0,6,60,0.0266,NORMAL,None,Low
744,0,1,10,0.016,NORMAL,None,Medium
744,0,2,20,0.0215,NORMAL,None,Medium
744,0,3,30,0.0246,NORMAL,None,Medium
744,0,4,40,0.025,NORMAL,None,Low
744,0,5,50,0.0237,NORMAL,None,Low
744,0,6,60,0.0261,NORMAL,None,Low
745,0,1,10,0.0189,NORMAL,None,Medium
745,0,2,20,0.0245,NORMAL,None,Medium
745,0,3,30,0.0247,NORMAL,None,Medium
745,0,4,40,0.0256,NORMAL,None,Low
745,0,5,50,0.0254,NORMAL,None,Low
745,0,6,60,0.0241,NORMAL,None,Low
746,0,1,10,0.0186,NORMAL,None,Medium
746,0,2,20,0.0264,NORMAL,None,Medium
746,0,3,30,0.0296,NORMAL,None,Medium
746,0,4,40,0.027,NORMAL,None,Low
746,0,5,50,0.0258,NORMAL,None,Low
746,0,6,60,0.0253,NORMAL,None,Low
747,0,1,10,0.0196,NORMAL,None,Medium
747,0,2,20,0.0257,NORMAL,None,Medium
747,0,3,30,0.0247,NORMAL,None,Medium
747,0,4,40,0.0279,NORMAL,None,Low
747,0,5,50,0.0265,NORMAL,None,Low
747,0,6,60,0.0244,NORMAL,None,Low
748,0,1,10,0.0167,NORMAL,None,Medium
748,0,2,20,0.0241,NORMAL,None,Medium
748,0,3,30,0.0277,NORMAL,None,Medium
748,0,4,40,0.026,NORMAL,None,Low
748,0,5,50,0.0283,NORMAL,None,Low
748,0,6,60,0.0274,NORMAL,None,Low
749,0,1,10,0.0149,NORMAL,None,Medium
749,0,2,20,0.0233,NORMAL,None,Medium
749,0,3,30,0.0252,NORMAL,None,Medium
749,0,4,40,0.0256,NORMAL,None,Low
749,0,5,50,0.0234,NORMAL,None,Low
749,0,6,60,0.026,NORMAL,None,Low
870,0,1,10,0.017,NORMAL,None,Medium
870,0,2,20,0.023,NORMAL,None,Medium
870,0,3,30,0.0254,NORMAL,None,Medium
870,0,4,40,0.0268,NORMAL,None,Low
870,0,5,50,0.0255,NORMAL,None,Low
870,0,6,60,0.026,NORMAL,None,Low
871,0,1,10,0.018,NORMAL,None,Medium
871,0,2,20,0.0218,NORMAL,None,Medium
871,0,3,30,0.026,NORMAL,None,Medium
871,0,4,40,0.0276,NORMAL,None,Low
871,0,5,50,0.0293,NORMAL,None,Low
871,0,6,60,0.0261,NORMAL,None,Low
872,0,1,10,0.0181,NORMAL,None,Medium
872,0,2,20,0.0223,NORMAL,None,Medium
872,0,3,30,0.0241,NORMAL,None,Medium
872,0,4,40,0.0232,NORMAL,None,Low
872,0,5,50,0.0254,NORMAL,None,Low
872,0,6,60,0.0274,NORMAL,None,Low
873,0,1,10,0.017,NORMAL,None,Medium
873,0,2,20,0.0264,NORMAL,None,Medium
873,0,3,30,0.0235,NORMAL,None,Medium
873,0,4,40,0.0242,NORMAL,None,Low
873,0,5,50,0.024,NORMAL,None,Low
873,0,6,60,0.0253,NORMAL,None,Low
874,0,1,10,0.0166,NORMAL,None,Medium
874,0,2,20,0.0208,NORMAL,None,Medium
874,0,3,30,0.0236,NORMAL,None,Medium
874,0,4,40,0.0265,NORMAL,None,Low
874,0,5,50,0.0249,NORMAL,None,Low
874,0,6,60,0.0246,NORMAL,None,Low
875,0,1,10,0.0166,NORMAL,None,Medium
875,0,2,20,0.0227,NORMAL,None,Medium
875,0,3,30,0.0243,NORMAL,None,Medium
875,0,4,40,0.0227,NORMAL,None,Low
875,0,5,50,0.0255,NORMAL,None,Low
875,0,6,60,0.0259,NORMAL,None,Low
876,0,1,10,0.0167,NORMAL,None,Medium
876,0,2,20,0.0252,NORMAL,None,Medium
876,0,3,30,0.0273,NORMAL,None,Medium
876,0,4,40,0.0247,NORMAL,None,Low
876,0,5,50,0.0284,NORMAL,None,Low
876,0,6,60,0.026,NORMAL,None,Low
877,0,1,10,0.0169,NORMAL,None,Medium
877,0,2,20,0.022,NORMAL,None,Medium
877,0,3,30,0.0256,NORMAL,None,Medium
877,0,4,40,0.0229,NORMAL,None,Low
877,0,5,50,0.0238,NORMAL,None,Low
877,0,6,60,0.0262,NORMAL,None,Low
878,0,1,10,0.0292,NORMAL,None,Medium
878,0,2,20,0.0255,NORMAL,None,Medium
878,0,3,30,0.023,NORMAL,None,Medium
878,0,4,40,0.0231,NORMAL,None,Low
878,0,5,50,0.0236,NORMAL,None,Low
878,0,6,60,0.024,NORMAL,None,Low
879,0,1,10,0.2543,NORMAL,None,Medium
879,0,2,20,0.1874,NORMAL,None,Medium
879,0,3,30,0.1416,NORMAL,None,Medium
879,0,4,40,0.1094,NORMAL,None,Low
879,0,5,50,0.0876,NORMAL,None,Low
879,0,6,60,0.0651,NORMAL,None,Low
880,0,1,10,0.3062,NORMAL,None,Medium
880,0,2,20,0.2522,NORMAL,None,Medium
880,0,3,30,0.2029,NORMAL,None,Medium
880,0,4,40,0.1638,NORMAL,None,Low
880,0,5,50,0.1153,NORMAL,None,Low
880,0,6,60,0.0863,NORMAL,None,Low
881,0,1,10,0.0856,NORMAL,None,Medium
881,0,2,20,0.0675,NORMAL,None,Medium
881,0,3,30,0.0495,NORMAL,None,Medium
881,0,4,40,0.0457,NORMAL,None,Low
881,0,5,50,0.038,NORMAL,None,Low
881,0,6,60,0.0321,NORMAL,None,Low
882,0,1,10,0.0375,NORMAL,None,Medium
882,0,2,20,0.033,NORMAL,None,Medium
882,0,3,30,0.0338,NORMAL,None,Medium
882,0,4,40,0.0305,NORMAL,None,Low
882,0,5,50,0.027,NORMAL,None,Low
882,0,6,60,0.028,NORMAL,None,Low
883,0,1,10,0.0456,NORMAL,None,Medium
883,0,2,20,0.0475,NORMAL,None,Medium
883,0,3,30,0.039,NORMAL,None,Medium
883,0,4,40,0.0338,NORMAL,None,Low
883,0,5,50,0.0262,NORMAL,None,Low
883,0,6,60,0.0282,NORMAL,None,Low
884,0,1,10,0.0335,NORMAL,None,Medium
884,0,2,20,0.0295,NORMAL,None,Medium
884,0,3,30,0.0299,NORMAL,None,Medium
884,0,4,40,0.0277,NORMAL,None,Low
884,0,5,50,0.0254,NORMAL,None,Low
884,0,6,60,0.0272,NORMAL,None,Low
885,0,1,10,0.0287,NORMAL,None,Medium
885,0,2,20,0.0252,NORMAL,None,Medium
885,0,3,30,0.0259,NORMAL,None,Medium
885,0,4,40,0.0259,NORMAL,None,Low
885,0,5,50,0.0282,NORMAL,None,Low
885,0,6,60,0.0278,NORMAL,None,Low
886,0,1,10,0.0266,NORMAL,None,Medium
886,0,2,20,0.0254,NORMAL,None,Medium
886,0,3,30,0.0251,NORMAL,None,Medium
886,0,4,40,0.028,NORMAL,None,Low
886,0,5,50,0.0276,NORMAL,None,Low
886,0,6,60,0.0271,NORMAL,None,Low
887,0,1,10,0.0206,NORMAL,None,Medium
887,0,2,20,0.0228,NORMAL,None,Medium
887,0,3,30,0.0215,NORMAL,None,Medium
887,0,4,40,0.0246,NORMAL,None,Low
887,0,5,50,0.0255,NORMAL,None,Low
887,0,6,60,0.0269,NORMAL,None,Low
888,0,1,10,0.0188,NORMAL,None,Medium
888,0,2,20,0.0253,NORMAL,None,Medium
888,0,3,30,0.0273,NORMAL,None,Medium
888,0,4,40,0.0248,NORMAL,None,Low
888,0,5,50,0.0258,NORMAL,None,Low
888,0,6,60,0.0261,NORMAL,None,Low
889,0,1,10,0.0218,NORMAL,None,Medium
889,0,2,20,0.0281,NORMAL,None,Medium
889,0,3,30,0.0267,NORMAL,None,Medium
889,0,4,40,0.0286,NORMAL,None,Low
889,0,5,50,0.0271,NORMAL,None,Low
889,0,6,60,0.0244,NORMAL,None,Low
890,0,1,10,0.0287,NORMAL,None,Medium
890,0,2,20,0.0314,NORMAL,None,Medium
890,0,3,30,0.0318,NORMAL,None,Medium
890,0,4,40,0.0305,NORMAL,None,Low
890,0,5,50,0.0279,NORMAL,None,Low
890,0,6,60,0.0264,NORMAL,None,Low
891,0,1,10,0.0211,NORMAL,None,Medium
891,0,2,20,0.0212,NORMAL,None,Medium
891,0,3,30,0.0226,NORMAL,None,Medium
891,0,4,40,0.0237,NORMAL,None,Low
891,0,5,50,0.0263,NORMAL,None,Low
891,0,6,60,0.0253,NORMAL,None,Low
892,0,1,10,0.0292,NORMAL,None,Medium
892,0,2,20,0.0293,NORMAL,None,Medium
892,0,3,30,0.0291,NORMAL,None,Medium
892,0,4,40,0.0291,NORMAL,None,Low
892,0,5,50,0.0286,NORMAL,None,Low
892,0,6,60,0.0278,NORMAL,None,Low
893,0,1,10,0.0442,NORMAL,None,Medium
893,0,2,20,0.0406,NORMAL,None,Medium
893,0,3,30,0.0355,NORMAL,None,Medium
893,0,4,40,0.0327,NORMAL,None,Low
893,0,5,50,0.0308,NORMAL,None,Low
893,0,6,60,0.0285,NORMAL,None,Low
894,0,1,10,0.0178,NORMAL,None,Medium
894,0,2,20,0.0234,NORMAL,None,Medium
894,0,3,30,0.0245,NORMAL,None,Medium
894,0,4,40,0.0276,NORMAL,None,Low
894,0,5,50,0.0276,NORMAL,None,Low
894,0,6,60,0.0309,NORMAL,None,Low
895,0,1,10,0.0167,NORMAL,None,Medium
895,0,2,20,0.0234,NORMAL,None,Medium
895,0,3,30,0.0251,NORMAL,None,Medium
895,0,4,40,0.024,NORMAL,None,Low
895,0,5,50,0.0245,NORMAL,None,Low
895,0,6,60,0.0269,NORMAL,None,Low
896,0,1,10,0.0159,NORMAL,None,Medium
896,0,2,20,0.0226,NORMAL,None,Medium
896,0,3,30,0.0235,NORMAL,None,Medium
896,0,4,40,0.0258,NORMAL,None,Low
896,0,5,50,0.0243,NORMAL,None,Low
896,0,6,60,0.0282,NORMAL,None,Low
897,0,1,10,0.0172,NORMAL,None,Medium
897,0,2,20,0.0211,NORMAL,None,Medium
897,0,3,30,0.0232,NORMAL,None,Medium
897,0,4,40,0.0255,NORMAL,None,Low
897,0,5,50,0.0255,NORMAL,None,Low
897,0,6,60,0.0284,NORMAL,None,Low
898,0,1,10,0.0146,NORMAL,None,Medium
898,0,2,20,0.02,NORMAL,None,Medium
898,0,3,30,0.0197,NORMAL,None,Medium
898,0,4,40,0.0232,NORMAL,None,Low
898,0,5,50,0.0237,NORMAL,None,Low
898,0,6,60,0.0252,NORMAL,None,Low
899,0,1,10,0.0148,NORMAL,None,Medium
899,0,2,20,0.021,NORMAL,None,Medium
899,0,3,30,0.0253,NORMAL,None,Medium
899,0,4,40,0.0258,NORMAL,None,Low
899,0,5,50,0.0242,NORMAL,None,Low
899,0,6,60,0.0295,NORMAL,None,Low
1020,0,1,10,0.4521,NORMAL,None,Medium
1020,0,2,20,0.4256,NORMAL,None,Medium
1020,0,3,30,0.4007,NORMAL,None,Medium
1020,0,4,40,0.3445,NORMAL,None,Low
1020,0,5,50,0.3143,NORMAL,None,Low
1020,0,6,60,0.2752,NORMAL,None,Low
1021,0,1,10,0.0662,NORMAL,None,Medium
1021,0,2,20,0.0452,NORMAL,None,Medium
1021,0,3,30,0.0388,NORMAL,None,Medium
1021,0,4,40,0.0338,NORMAL,None,Low
1021,0,5,50,0.0321,NORMAL,None,Low
1021,0,6,60,0.0321,NORMAL,None,Low
1022,0,1,10,0.0618,NORMAL,None,Medium
1022,0,2,20,0.0451,NORMAL,None,Medium
1022,0,3,30,0.0332,NORMAL,None,Medium
1022,0,4,40,0.0315,NORMAL,None,Low
1022,0,5,50,0.0313,NORMAL,None,Low
1022,0,6,60,0.0274,NORMAL,None,Low
1023,0,1,10,0.0871,NORMAL,None,Medium
1023,0,2,20,0.0563,NORMAL,None,Medium
1023,0,3,30,0.0448,NORMAL,None,Medium
1023,0,4,40,0.0414,NORMAL,None,Low
1023,0,5,50,0.0356,NORMAL,None,Low
1023,0,6,60,0.0312,NORMAL,None,Low
1024,0,1,10,0.3064,NORMAL,None,Medium
1024,0,2,20,0.2633,NORMAL,None,Medium
1024,0,3,30,0.2136,NORMAL,None,Medium
1024,0,4,40,0.1704,NORMAL,None,Low
1024,0,5,50,0.1397,NORMAL,None,Low
1024,0,6,60,0.0964,NORMAL,None,Low
1025,0,1,10,0.14,NORMAL,None,Medium
1025,0,2,20,0.1013,NORMAL,None,Medium
1025,0,3,30,0.0791,NORMAL,None,Medium
1025,0,4,40,0.0546,NORMAL,None,Low
1025,0,5,50,0.05,NORMAL,None,Low
1025,0,6,60,0.0398,NORMAL,None,Low
1026,0,1,10,0.3249,NORMAL,None,Medium
1026,0,2,20,0.2801,NORMAL,None,Medium
1026,0,3,30,0.2311,NORMAL,None,Medium
1026,0,4,40,0.1826,NORMAL,None,Low
1026,0,5,50,0.1384,NORMAL,None,Low
1026,0,6,60,0.1127,NORMAL,None,Low
1027,0,1,10,0.128,NORMAL,None,Medium
1027,0,2,20,0.0935,NORMAL,None,Medium
1027,0,3,30,0.0754,NORMAL,None,Medium
1027,0,4,40,0.0541,NORMAL,None,Low
1027,0,5,50,0.0446,NORMAL,None,Low
1027,0,6,60,0.0372,NORMAL,None,Low
1028,0,1,10,0.051,NORMAL,None,Medium
1028,0,2,20,0.0455,NORMAL,None,Medium
1028,0,3,30,0.0412,NORMAL,None,Medium
1028,0,4,40,0.0365,NORMAL,None,Low
1028,0,5,50,0.0299,NORMAL,None,Low
1028,0,6,60,0.0299,NORMAL,None,Low
1029,0,1,10,0.0338,NORMAL,None,Medium
1029,0,2,20,0.025,NORMAL,None,Medium
1029,0,3,30,0.0262,NORMAL,None,Medium
1029,0,4,40,0.0287,NORMAL,None,Low
1029,0,5,50,0.0271,NORMAL,None,Low
1029,0,6,60,0.029,NORMAL,None,Low
1030,0,1,10,0.0198,NORMAL,None,Medium
1030,0,2,20,0.0228,NORMAL,None,Medium
1030,0,3,30,0.0261,NORMAL,None,Medium
1030,0,4,40,0.0236,NORMAL,None,Low
1030,0,5,50,0.0267,NORMAL,None,Low
1030,0,6,60,0.0246,NORMAL,None,Low
1031,0,1,10,0.0172,NORMAL,None,Medium
1031,0,2,20,0.0212,NORMAL,None,Medium
1031,0,3,30,0.0235,NORMAL,None,Medium
1031,0,4,40,0.0275,NORMAL,None,Low
1031,0,5,50,0.0265,NORMAL,None,Low
1031,0,6,60,0.0248,NORMAL,None,Low
1032,0,1,10,0.0169,NORMAL,None,Medium
1032,0,2,20,0.0237,NORMAL,None,Medium
1032,0,3,30,0.0237,NORMAL,None,Medium
1032,0,4,40,0.0268,NORMAL,None,Low
1032,0,5,50,0.0238,NORMAL,None,Low
1032,0,6,60,0.0252,NORMAL,None,Low
1033,0,1,10,0.0273,NORMAL,None,Medium
1033,0,2,20,0.0248,NORMAL,None,Medium
1033,0,3,30,0.0265,NORMAL,None,Medium
1033,0,4,40,0.0261,NORMAL,None,Low
1033,0,5,50,0.0265,NORMAL,None,Low
1033,0,6,60,0.0268,NORMAL,None,Low
1034,0,1,10,0.0202,NORMAL,None,Medium
1034,0,2,20,0.0252,NORMAL,None,Medium
1034,0,3,30,0.024,NORMAL,None,Medium
1034,0,4,40,0.0254,NORMAL,None,Low
1034,0,5,50,0.0254,NORMAL,None,Low
1034,0,6,60,0.0257,NORMAL,None,Low
1035,0,1,10,0.0251,NORMAL,None,Medium
1035,0,2,20,0.0276,NORMAL,None,Medium
1035,0,3,30,0.0265,NORMAL,None,Medium
1035,0,4,40,0.0262,NORMAL,None,Low
1035,0,5,50,0.0267,NORMAL,None,Low
1035,0,6,60,0.0253,NORMAL,None,Low
1036,0,1,10,0.0267,NORMAL,None,Medium
1036,0,2,20,0.0262,NORMAL,None,Medium
1036,0,3,30,0.0271,NORMAL,None,Medium
1036,0,4,40,0.0276,NORMAL,None,Low
1036,0,5,50,0.0268,NORMAL,None,Low
1036,0,6,60,0.0264,NORMAL,None,Low
1037,0,1,10,0.0215,NORMAL,None,Medium
1037,0,2,20,0.0267,NORMAL,None,Medium
1037,0,3,30,0.0239,NORMAL,None,Medium
1037,0,4,40,0.0272,NORMAL,None,Low
1037,0,5,50,0.0261,NORMAL,None,Low
1037,0,6,60,0.0251,NORMAL,None,Low
1038,0,1,10,0.0281,NORMAL,None,Medium
1038,0,2,20,0.023,NORMAL,None,Medium
1038,0,3,30,0.025,NORMAL,None,Medium
1038,0,4,40,0.0272,NORMAL,None,Low
1038,0,5,50,0.0234,NORMAL,None,Low
1038,0,6,60,0.0242,NORMAL,None,Low
1039,0,1,10,0.0205,NORMAL,None,Medium
1039,0,2,20,0.0235,NORMAL,None,Medium
1039,0,3,30,0.0247,NORMAL,None,Medium
1039,0,4,40,0.0268,NORMAL,None,Low
1039,0,5,50,0.0253,NORMAL,None,Low
1039,0,6,60,0.0266,NORMAL,None,Low
1040,0,1,10,0.0154,NORMAL,None,Medium
1040,0,2,20,0.0204,NORMAL,None,Medium
1040,0,3,30,0.0223,NORMAL,None,Medium
1040,0,4,40,0.0249,NORMAL,None,Low
1040,0,5,50,0.0225,NORMAL,None,Low
1040,0,6,60,0.0233,NORMAL,None,Low
1041,0,1,10,0.02,NORMAL,None,Medium
1041,0,2,20,0.0245,NORMAL,None,Medium
1041,0,3,30,0.0246,NORMAL,None,Medium
1041,0,4,40,0.0286,NORMAL,None,Low
1041,0,5,50,0.0261,NORMAL,None,Low
1041,0,6,60,0.0314,NORMAL,None,Low
1042,0,1,10,0.0258,NORMAL,None,Medium
1042,0,2,20,0.0249,NORMAL,None,Medium
1042,0,3,30,0.0243,NORMAL,None,Medium
1042,0,4,40,0.0245,NORMAL,None,Low
1042,0,5,50,0.0259,NORMAL,None,Low
1042,0,6,60,0.0255,NORMAL,None,Low
1043,0,1,10,0.0185,NORMAL,None,Medium
1043,0,2,20,0.0236,NORMAL,None,Medium
1043,0,3,30,0.0236,NORMAL,None,Medium
1043,0,4,40,0.0242,NORMAL,None,Low
1043,0,5,50,0.0239,NORMAL,None,Low
1043,0,6,60,0.0217,NORMAL,None,Low
1044,0,1,10,0.0158,NORMAL,None,Medium
1044,0,2,20,0.0211,NORMAL,None,Medium
1044,0,3,30,0.0227,NORMAL,None,Medium
1044,0,4,40,0.0227,NORMAL,None,Low
1044,0,5,50,0.026,NORMAL,None,Low
1044,0,6,60,0.0252,NORMAL,None,Low
1045,0,1,10,0.0327,NORMAL,None,Medium
1045,0,2,20,0.0245,NORMAL,None,Medium
1045,0,3,30,0.0268,NORMAL,None,Medium
1045,0,4,40,0.0241,NORMAL,None,Low
1045,0,5,50,0.0259,NORMAL,None,Low
1045,0,6,60,0.0271,NORMAL,None,Low
1046,0,1,10,0.0181,NORMAL,None,Medium
1046,0,2,20,0.0233,NORMAL,None,Medium
1046,0,3,30,0.0243,NORMAL,None,Medium
1046,0,4,40,0.0262,NORMAL,None,Low
1046,0,5,50,0.0275,NORMAL,None,Low
1046,0,6,60,0.0276,NORMAL,None,Low
1047,0,1,10,0.0252,NORMAL,None,Medium
1047,0,2,20,0.0265,NORMAL,None,Medium
1047,0,3,30,0.023,NORMAL,None,Medium
1047,0,4,40,0.0266,NORMAL,None,Low
1047,0,5,50,0.0258,NORMAL,None,Low
1047,0,6,60,0.0266,NORMAL,None,Low
1048,0,1,10,0.0183,NORMAL,None,Medium
1048,0,2,20,0.0198,NORMAL,None,Medium
1048,0,3,30,0.0238,NORMAL,None,Medium
1048,0,4,40,0.0237,NORMAL,None,Low
1048,0,5,50,0.0241,NORMAL,None,Low
1048,0,6,60,0.0279,NORMAL,None,Low
1049,0,1,10,0.0177,NORMAL,None,Medium
1049,0,2,20,0.0203,NORMAL,None,Medium
1049,0,3,30,0.0254,NORMAL,None,Medium
1049,0,4,40,0.0261,NORMAL,None,Low
1049,0,5,50,0.0272,NORMAL,None,Low
1049,0,6,60,0.0249,NORMAL,None,Low
1170,0,1,10,0.0175,NORMAL,None,Medium
1170,0,2,20,0.025,NORMAL,None,Medium
1170,0,3,30,0.0252,NORMAL,None,Medium
1170,0,4,40,0.0255,NORMAL,None,Low
1170,0,5,50,0.0268,NORMAL,None,Low
1170,0,6,60,0.0273,NORMAL,None,Low
1171,0,1,10,0.0182,NORMAL,None,Medium
1171,0,2,20,0.0258,NORMAL,None,Medium
1171,0,3,30,0.0269,NORMAL,None,Medium
1171,0,4,40,0.0258,NORMAL,None,Low
1171,0,5,50,0.0285,NORMAL,None,Low
1171,0,6,60,0.0306,NORMAL,None,Low
1172,0,1,10,0.0179,NORMAL,None,Medium
1172,0,2,20,0.0228,NORMAL,None,Medium
1172,0,3,30,0.0257,NORMAL,None,Medium
1172,0,4,40,0.0248,NORMAL,None,Low
1172,0,5,50,0.0266,NORMAL,None,Low
1172,0,6,60,0.0282,NORMAL,None,Low
1173,0,1,10,0.0152,NORMAL,None,Medium
1173,0,2,20,0.0214,NORMAL,None,Medium
1173,0,3,30,0.0237,NORMAL,None,Medium
1173,0,4,40,0.0255,NORMAL,None,Low
1173,0,5,50,0.0246,NORMAL,None,Low
1173,0,6,60,0.0268,NORMAL,None,Low
1174,0,1,10,0.0181,NORMAL,None,Medium
1174,0,2,20,0.0213,NORMAL,None,Medium
1174,0,3,30,0.0219,NORMAL,None,Medium
1174,0,4,40,0.02,NORMAL,None,Low
1174,0,5,50,0.0235,NORMAL,None,Low
1174,0,6,60,0.0245,NORMAL,None,Low
1175,0,1,10,0.0182,NORMAL,None,Medium
1175,0,2,20,0.0228,NORMAL,None,Medium
1175,0,3,30,0.0244,NORMAL,None,Medium
1175,0,4,40,0.0238,NORMAL,None,Low
1175,0,5,50,0.0246,NORMAL,None,Low
1175,0,6,60,0.0249,NORMAL,None,Low
1176,0,1,10,0.0155,NORMAL,None,Medium
1176,0,2,20,0.0213,NORMAL,None,Medium
1176,0,3,30,0.0238,NORMAL,None,Medium
1176,0,4,40,0.0252,NORMAL,None,Low
1176,0,5,50,0.0263,NORMAL,None,Low
1176,0,6,60,0.0285,NORMAL,None,Low
1177,0,1,10,0.0138,NORMAL,None,Medium
1177,0,2,20,0.0201,NORMAL,None,Medium
1177,0,3,30,0.0243,NORMAL,None,Medium
1177,0,4,40,0.0241,NORMAL,None,Low
1177,0,5,50,0.0244,NORMAL,None,Low
1177,0,6,60,0.027,NORMAL,None,Low
1178,0,1,10,0.0143,NORMAL,None,Medium
1178,0,2,20,0.0249,NORMAL,None,Medium
1178,0,3,30,0.0259,NORMAL,None,Medium
1178,0,4,40,0.0256,NORMAL,None,Low
1178,0,5,50,0.0254,NORMAL,None,Low
1178,0,6,60,0.0273,NORMAL,None,Low
1179,0,1,10,0.0172,NORMAL,None,Medium
1179,0,2,20,0.0219,NORMAL,None,Medium
1179,0,3,30,0.0237,NORMAL,None,Medium
1179,0,4,40,0.0256,NORMAL,None,Low
1179,0,5,50,0.0247,NORMAL,None,Low
1179,0,6,60,0.0233,NORMAL,None,Low
1180,0,1,10,0.0189,NORMAL,None,Medium
1180,0,2,20,0.0217,NORMAL,None,Medium
1180,0,3,30,0.0224,NORMAL,None,Medium
1180,0,4,40,0.023,NORMAL,None,Low
1180,0,5,50,0.0259,NORMAL,None,Low
1180,0,6,60,0.0268,NORMAL,None,Low
1181,0,1,10,0.0204,NORMAL,None,Medium
1181,0,2,20,0.0249,NORMAL,None,Medium
1181,0,3,30,0.0271,NORMAL,None,Medium
1181,0,4,40,0.0262,NORMAL,None,Low
1181,0,5,50,0.0262,NORMAL,None,Low
1181,0,6,60,0.0258,NORMAL,None,Low
1182,0,1,10,0.0162,NORMAL,None,Medium
1182,0,2,20,0.0222,NORMAL,None,Medium
1182,0,3,30,0.0263,NORMAL,None,Medium
1182,0,4,40,0.0281,NORMAL,None,Low
1182,0,5,50,0.0296,NORMAL,None,Low
1182,0,6,60,0.0278,NORMAL,None,Low
1183,0,1,10,0.0186,NORMAL,None,Medium
1183,0,2,20,0.0252,NORMAL,None,Medium
1183,0,3,30,0.0268,NORMAL,None,Medium
1183,0,4,40,0.0266,NORMAL,None,Low
1183,0,5,50,0.0256,NORMAL,None,Low
1183,0,6,60,0.0263,NORMAL,None,Low
1184,0,1,10,0.018,NORMAL,None,Medium
1184,0,2,20,0.0236,NORMAL,None,Medium
1184,0,3,30,0.0265,NORMAL,None,Medium
1184,0,4,40,0.0276,NORMAL,None,Low
1184,0,5,50,0.0262,NORMAL,None,Low
1184,0,6,60,0.0236,NORMAL,None,Low
1185,0,1,10,0.0167,NORMAL,None,Medium
1185,0,2,20,0.0242,NORMAL,None,Medium
1185,0,3,30,0.0254,NORMAL,None,Medium
1185,0,4,40,0.0259,NORMAL,None,Low
1185,0,5,50,0.0245,NORMAL,None,Low
1185,0,6,60,0.0265,NORMAL,None,Low
1186,0,1,10,0.016,NORMAL,None,Medium
1186,0,2,20,0.0216,NORMAL,None,Medium
1186,0,3,30,0.0237,NORMAL,None,Medium
1186,0,4,40,0.0249,NORMAL,None,Low
1186,0,5,50,0.0278,NORMAL,None,Low
1186,0,6,60,0.0245,NORMAL,None,Low
1187,0,1,10,0.0159,NORMAL,None,Medium
1187,0,2,20,0.0232,NORMAL,None,Medium
1187,0,3,30,0.0235,NORMAL,None,Medium
1187,0,4,40,0.0254,NORMAL,None,Low
1187,0,5,50,0.0252,NORMAL,None,Low
1187,0,6,60,0.0262,NORMAL,None,Low
1188,0,1,10,0.02,NORMAL,None,Medium
1188,0,2,20,0.0255,NORMAL,None,Medium
1188,0,3,30,0.0251,NORMAL,None,Medium
1188,0,4,40,0.0263,NORMAL,None,Low
1188,0,5,50,0.0275,NORMAL,None,Low
1188,0,6,60,0.025,NORMAL,None,Low
1189,0,1,10,0.0202,NORMAL,None,Medium
1189,0,2,20,0.0255,NORMAL,None,Medium
1189,0,3,30,0.0259,NORMAL,None,Medium
1189,0,4,40,0.0291,NORMAL,None,Low
1189,0,5,50,0.0266,NORMAL,None,Low
1189,0,6,60,0.0271,NORMAL,None,Low
1190,0,1,10,0.0187,NORMAL,None,Medium
1190,0,2,20,0.0263,NORMAL,None,Medium
1190,0,3,30,0.0265,NORMAL,None,Medium
1190,0,4,40,0.0254,NORMAL,None,Low
1190,0,5,50,0.028,NORMAL,None,Low
1190,0,6,60,0.0269,NORMAL,None,Low
1191,0,1,10,0.0301,NORMAL,None,Medium
1191,0,2,20,0.0317,NORMAL,None,Medium
1191,0,3,30,0.0296,NORMAL,None,Medium
1191,0,4,40,0.0284,NORMAL,None,Low
1191,0,5,50,0.0252,NORMAL,None,Low
1191,0,6,60,0.0277,NORMAL,None,Low
1192,0,1,10,0.0504,NORMAL,None,Medium
1192,0,2,20,0.0422,NORMAL,None,Medium
1192,0,3,30,0.0378,NORMAL,None,Medium
1192,0,4,40,0.0314,NORMAL,None,Low
1192,0,5,50,0.0301,NORMAL,None,Low
1192,0,6,60,0.0293,NORMAL,None,Low
1193,0,1,10,0.0609,NORMAL,None,Medium
1193,0,2,20,0.0506,NORMAL,None,Medium
1193,0,3,30,0.0421,NORMAL,None,Medium
1193,0,4,40,0.0322,NORMAL,None,Low
1193,0,5,50,0.0364,NORMAL,None,Low
1193,0,6,60,0.0287,NORMAL,None,Low
1194,0,1,10,0.0433,NORMAL,None,Medium
1194,0,2,20,0.042,NORMAL,None,Medium
1194,0,3,30,0.0371,NORMAL,None,Medium
1194,0,4,40,0.0339,NORMAL,None,Low
1194,0,5,50,0.0291,NORMAL,None,Low
1194,0,6,60,0.0313,NORMAL,None,Low
1195,0,1,10,0.0444,NORMAL,None,Medium
1195,0,2,20,0.0425,NORMAL,None,Medium
1195,0,3,30,0.0391,NORMAL,None,Medium
1195,0,4,40,0.0342,NORMAL,None,Low
1195,0,5,50,0.033,NORMAL,None,Low
1195,0,6,60,0.0304,NORMAL,None,Low
1196,0,1,10,0.0372,NORMAL,None,Medium
1196,0,2,20,0.0395,NORMAL,None,Medium
1196,0,3,30,0.0358,NORMAL,None,Medium
1196,0,4,40,0.0286,NORMAL,None,Low
1196,0,5,50,0.0307,NORMAL,None,Low
1196,0,6,60,0.0257,NORMAL,None,Low
1197,0,1,10,0.0402,NORMAL,None,Medium
1197,0,2,20,0.0385,NORMAL,None,Medium
1197,0,3,30,0.0352,NORMAL,None,Medium
1197,0,4,40,0.0335,NORMAL,None,Low
1197,0,5,50,0.028,NORMAL,None,Low
1197,0,6,60,0.0299,NORMAL,None,Low
1198,0,1,10,0.0297,NORMAL,None,Medium
1198,0,2,20,0.0334,NORMAL,None,Medium
1198,0,3,30,0.0276,NORMAL,None,Medium
1198,0,4,40,0.0278,NORMAL,None,Low
1198,0,5,50,0.0262,NORMAL,None,Low
1198,0,6,60,0.026,NORMAL,None,Low
1199,0,1,10,0.0215,NORMAL,None,Medium
1199,0,2,20,0.025,NORMAL,None,Medium
1199,0,3,30,0.025,NORMAL,None,Medium
1199,0,4,40,0.0259,NORMAL,None,Low
1199,0,5,50,0.0238,NORMAL,None,Low
1199,0,6,60,0.0272,NORMAL,None,Low
1336,0,1,10,0.0376,NORMAL,None,Medium
1336,0,2,20,0.036,NORMAL,None,Medium
1336,0,3,30,0.0351,NORMAL,None,Medium
1336,0,4,40,0.0311,NORMAL,None,Low
1336,0,5,50,0.0263,NORMAL,None,Low
1336,0,6,60,0.0274,NORMAL,None,Low
1337,0,1,10,0.0263,NORMAL,None,Medium
1337,0,2,20,0.03,NORMAL,None,Medium
1337,0,3,30,0.0311,NORMAL,None,Medium
1337,0,4,40,0.0267,NORMAL,None,Low
1337,0,5,50,0.0247,NORMAL,None,Low
1337,0,6,60,0.0274,NORMAL,None,Low
1338,0,1,10,0.0223,NORMAL,None,Medium
1338,0,2,20,0.0257,NORMAL,None,Medium
1338,0,3,30,0.0279,NORMAL,None,Medium
1338,0,4,40,0.028,NORMAL,None,Low
1338,0,5,50,0.0249,NORMAL,None,Low
1338,0,6,60,0.0285,NORMAL,None,Low
1339,0,1,10,0.02,NORMAL,None,Medium
1339,0,2,20,0.0268,NORMAL,None,Medium
1339,0,3,30,0.0262,NORMAL,None,Medium
1339,0,4,40,0.0251,NORMAL,None,Low
1339,0,5,50,0.028,NORMAL,None,Low
1339,0,6,60,0.0285,NORMAL,None,Low
1340,0,1,10,0.0205,NORMAL,None,Medium
1340,0,2,20,0.0259,NORMAL,None,Medium
1340,0,3,30,0.0266,NORMAL,None,Medium
1340,0,4,40,0.0292,NORMAL,None,Low
1340,0,5,50,0.0269,NORMAL,None,Low
1340,0,6,60,0.0272,NORMAL,None,Low
1341,0,1,10,0.022,NORMAL,None,Medium
1341,0,2,20,0.0303,NORMAL,None,Medium
1341,0,3,30,0.0282,NORMAL,None,Medium
1341,0,4,40,0.0244,NORMAL,None,Low
1341,0,5,50,0.0261,NORMAL,None,Low
1341,0,6,60,0.0268,NORMAL,None,Low
1342,0,1,10,0.0164,NORMAL,None,Medium
1342,0,2,20,0.0231,NORMAL,None,Medium
1342,0,3,30,0.0252,NORMAL,None,Medium
1342,0,4,40,0.0247,NORMAL,None,Low
1342,0,5,50,0.0264,NORMAL,None,Low
1342,0,6,60,0.0263,NORMAL,None,Low
1343,0,1,10,0.0183,NORMAL,None,Medium
1343,0,2,20,0.0245,NORMAL,None,Medium
1343,0,3,30,0.0237,NORMAL,None,Medium
1343,0,4,40,0.0248,NORMAL,None,Low
1343,0,5,50,0.0281,NORMAL,None,Low
1343,0,6,60,0.025,NORMAL,None,Low
1344,0,1,10,0.0171,NORMAL,None,Medium
1344,0,2,20,0.0228,NORMAL,None,Medium
1344,0,3,30,0.0234,NORMAL,None,Medium
1344,0,4,40,0.0258,NORMAL,None,Low
1344,0,5,50,0.0259,NORMAL,None,Low
1344,0,6,60,0.0253,NORMAL,None,Low
1345,0,1,10,0.0155,NORMAL,None,Medium
1345,0,2,20,0.0233,NORMAL,None,Medium
1345,0,3,30,0.0248,NORMAL,None,Medium
1345,0,4,40,0.0275,NORMAL,None,Low
1345,0,5,50,0.0259,NORMAL,None,Low
1345,0,6,60,0.0241,NORMAL,None,Low
1346,0,1,10,0.0148,NORMAL,None,Medium
1346,0,2,20,0.0199,NORMAL,None,Medium
1346,0,3,30,0.0241,NORMAL,None,Medium
1346,0,4,40,0.0249,NORMAL,None,Low
1346,0,5,50,0.0279,NORMAL,None,Low
1346,0,6,60,0.0288,NORMAL,None,Low
1347,0,1,10,0.0148,NORMAL,None,Medium
1347,0,2,20,0.024,NORMAL,None,Medium
1347,0,3,30,0.0268,NORMAL,None,Medium
1347,0,4,40,0.0252,NORMAL,None,Low
1347,0,5,50,0.0255,NORMAL,None,Low
1347,0,6,60,0.0271,NORMAL,None,Low
1348,0,1,10,0.015,NORMAL,None,Medium
1348,0,2,20,0.0207,NORMAL,None,Medium
1348,0,3,30,0.0258,NORMAL,None,Medium
1348,0,4,40,0.0223,NORMAL,None,Low
1348,0,5,50,0.0262,NORMAL,None,Low
1348,0,6,60,0.0276,NORMAL,None,Low
1349,0,1,10,0.0145,NORMAL,None,Medium
1349,0,2,20,0.0224,NORMAL,None,Medium
1349,0,3,30,0.0222,NORMAL,None,Medium
1349,0,4,40,0.0236,NORMAL,None,Low
1349,0,5,50,0.0231,NORMAL,None,Low
1349,0,6,60,0.0285,NORMAL,None,Low
1470,0,1,10,0.0173,NORMAL,None,Medium
1470,0,2,20,0.0228,NORMAL,None,Medium
1470,0,3,30,0.0234,NORMAL,None,Medium
1470,0,4,40,0.0252,NORMAL,None,Low
1470,0,5,50,0.0263,NORMAL,None,Low
1470,0,6,60,0.0269,NORMAL,None,Low
1471,0,1,10,0.016,NORMAL,None,Medium
1471,0,2,20,0.0238,NORMAL,None,Medium
1471,0,3,30,0.0237,NORMAL,None,Medium
1471,0,4,40,0.0257,NORMAL,None,Low
1471,0,5,50,0.025,NORMAL,None,Low
1471,0,6,60,0.0239,NORMAL,None,Low
1472,0,1,10,0.0158,NORMAL,None,Medium
1472,0,2,20,0.0228,NORMAL,None,Medium
1472,0,3,30,0.0247,NORMAL,None,Medium
1472,0,4,40,0.0256,NORMAL,None,Low
1472,0,5,50,0.0255,NORMAL,None,Low
1472,0,6,60,0.0271,NORMAL,None,Low
1620,0,1,10,0.7307,PRE_ATTACK,Reconnaissance,Low
1620,0,2,20,0.7474,PRE_ATTACK,Reconnaissance,Low
1620,0,3,30,0.7509,PRE_ATTACK,Reconnaissance,Low
1620,0,4,40,0.7535,PRE_ATTACK,Reconnaissance,Low
1620,0,5,50,0.7525,PRE_ATTACK,Reconnaissance,Low
1620,0,6,60,0.7561,PRE_ATTACK,Reconnaissance,Low
1621,0,1,10,0.6734,PRE_ATTACK,Reconnaissance,Low
1621,0,2,20,0.6964,PRE_ATTACK,Reconnaissance,Low
1621,0,3,30,0.7067,PRE_ATTACK,Reconnaissance,Low
1621,0,4,40,0.7094,PRE_ATTACK,Reconnaissance,Low
1621,0,5,50,0.7218,PRE_ATTACK,Reconnaissance,Low
1621,0,6,60,0.7149,PRE_ATTACK,Reconnaissance,Low
1622,0,1,10,0.2086,NORMAL,None,Medium
1622,0,2,20,0.1606,NORMAL,None,Medium
1622,0,3,30,0.1155,NORMAL,None,Medium
1622,0,4,40,0.0904,NORMAL,None,Low
1622,0,5,50,0.073,NORMAL,None,Low
1622,0,6,60,0.0577,NORMAL,None,Low
1623,0,1,10,0.0467,NORMAL,None,Medium
1623,0,2,20,0.0429,NORMAL,None,Medium
1623,0,3,30,0.0391,NORMAL,None,Medium
1623,0,4,40,0.0306,NORMAL,None,Low
1623,0,5,50,0.0325,NORMAL,None,Low
1623,0,6,60,0.0295,NORMAL,None,Low
1624,0,1,10,0.0209,NORMAL,None,Medium
1624,0,2,20,0.027,NORMAL,None,Medium
1624,0,3,30,0.026,NORMAL,None,Medium
1624,0,4,40,0.0275,NORMAL,None,Low
1624,0,5,50,0.0255,NORMAL,None,Low
1624,0,6,60,0.0241,NORMAL,None,Low
1625,0,1,10,0.016,NORMAL,None,Medium
1625,0,2,20,0.022,NORMAL,None,Medium
1625,0,3,30,0.0251,NORMAL,None,Medium
1625,0,4,40,0.028,NORMAL,None,Low
1625,0,5,50,0.0289,NORMAL,None,Low
1625,0,6,60,0.0303,NORMAL,None,Low
1626,0,1,10,0.015,NORMAL,None,Medium
1626,0,2,20,0.0199,NORMAL,None,Medium
1626,0,3,30,0.0238,NORMAL,None,Medium
1626,0,4,40,0.0255,NORMAL,None,Low
1626,0,5,50,0.0253,NORMAL,None,Low
1626,0,6,60,0.0268,NORMAL,None,Low
1627,0,1,10,0.0157,NORMAL,None,Medium
1627,0,2,20,0.0207,NORMAL,None,Medium
1627,0,3,30,0.0226,NORMAL,None,Medium
1627,0,4,40,0.0267,NORMAL,None,Low
1627,0,5,50,0.0255,NORMAL,None,Low
1627,0,6,60,0.0252,NORMAL,None,Low
1628,0,1,10,0.0144,NORMAL,None,Medium
1628,0,2,20,0.0217,NORMAL,None,Medium
1628,0,3,30,0.0239,NORMAL,None,Medium
1628,0,4,40,0.0229,NORMAL,None,Low
1628,0,5,50,0.0218,NORMAL,None,Low
1628,0,6,60,0.0247,NORMAL,None,Low
1629,0,1,10,0.0157,NORMAL,None,Medium
1629,0,2,20,0.0222,NORMAL,None,Medium
1629,0,3,30,0.0243,NORMAL,None,Medium
1629,0,4,40,0.025,NORMAL,None,Low
1629,0,5,50,0.026,NORMAL,None,Low
1629,0,6,60,0.0278,NORMAL,None,Low
1630,0,1,10,0.015,NORMAL,None,Medium
1630,0,2,20,0.0212,NORMAL,None,Medium
1630,0,3,30,0.0247,NORMAL,None,Medium
1630,0,4,40,0.0223,NORMAL,None,Low
1630,0,5,50,0.0292,NORMAL,None,Low
1630,0,6,60,0.0276,NORMAL,None,Low
1631,0,1,10,0.0146,NORMAL,None,Medium
1631,0,2,20,0.0202,NORMAL,None,Medium
1631,0,3,30,0.0244,NORMAL,None,Medium
1631,0,4,40,0.0242,NORMAL,None,Low
1631,0,5,50,0.0226,NORMAL,None,Low
1631,0,6,60,0.0252,NORMAL,None,Low
1632,0,1,10,0.0155,NORMAL,None,Medium
1632,0,2,20,0.0221,NORMAL,None,Medium
1632,0,3,30,0.0255,NORMAL,None,Medium
1632,0,4,40,0.0247,NORMAL,None,Low
1632,0,5,50,0.023,NORMAL,None,Low
1632,0,6,60,0.0256,NORMAL,None,Low
1633,0,1,10,0.0147,NORMAL,None,Medium
1633,0,2,20,0.0202,NORMAL,None,Medium
1633,0,3,30,0.0231,NORMAL,None,Medium
1633,0,4,40,0.0224,NORMAL,None,Low
1633,0,5,50,0.0248,NORMAL,None,Low
1633,0,6,60,0.0272,NORMAL,None,Low
1634,0,1,10,0.0147,NORMAL,None,Medium
1634,0,2,20,0.0214,NORMAL,None,Medium
1634,0,3,30,0.0247,NORMAL,None,Medium
1634,0,4,40,0.0254,NORMAL,None,Low
1634,0,5,50,0.028,NORMAL,None,Low
1634,0,6,60,0.0262,NORMAL,None,Low
1635,0,1,10,0.0149,NORMAL,None,Medium
1635,0,2,20,0.0213,NORMAL,None,Medium
1635,0,3,30,0.0229,NORMAL,None,Medium
1635,0,4,40,0.0264,NORMAL,None,Low
1635,0,5,50,0.0264,NORMAL,None,Low
1635,0,6,60,0.0242,NORMAL,None,Low
1636,0,1,10,0.0149,NORMAL,None,Medium
1636,0,2,20,0.0203,NORMAL,None,Medium
1636,0,3,30,0.0209,NORMAL,None,Medium
1636,0,4,40,0.0261,NORMAL,None,Low
1636,0,5,50,0.0247,NORMAL,None,Low
1636,0,6,60,0.0228,NORMAL,None,Low
1637,0,1,10,0.0155,NORMAL,None,Medium
1637,0,2,20,0.02,NORMAL,None,Medium
1637,0,3,30,0.0239,NORMAL,None,Medium
1637,0,4,40,0.0262,NORMAL,None,Low
1637,0,5,50,0.0262,NORMAL,None,Low
1637,0,6,60,0.0229,NORMAL,None,Low
1638,0,1,10,0.015,NORMAL,None,Medium
1638,0,2,20,0.0215,NORMAL,None,Medium
1638,0,3,30,0.0227,NORMAL,None,Medium
1638,0,4,40,0.0236,NORMAL,None,Low
1638,0,5,50,0.0259,NORMAL,None,Low
1638,0,6,60,0.0239,NORMAL,None,Low
1639,0,1,10,0.0162,NORMAL,None,Medium
1639,0,2,20,0.0223,NORMAL,None,Medium
1639,0,3,30,0.0262,NORMAL,None,Medium
1639,0,4,40,0.0282,NORMAL,None,Low
1639,0,5,50,0.027,NORMAL,None,Low
1639,0,6,60,0.0257,NORMAL,None,Low
1640,0,1,10,0.0202,NORMAL,None,Medium
1640,0,2,20,0.0231,NORMAL,None,Medium
1640,0,3,30,0.0244,NORMAL,None,Medium
1640,0,4,40,0.0249,NORMAL,None,Low
1640,0,5,50,0.0257,NORMAL,None,Low
1640,0,6,60,0.0236,NORMAL,None,Low
1641,0,1,10,0.0308,NORMAL,None,Medium
1641,0,2,20,0.028,NORMAL,None,Medium
1641,0,3,30,0.027,NORMAL,None,Medium
1641,0,4,40,0.027,NORMAL,None,Low
1641,0,5,50,0.0265,NORMAL,None,Low
1641,0,6,60,0.0272,NORMAL,None,Low
1642,0,1,10,0.0199,NORMAL,None,Medium
1642,0,2,20,0.0218,NORMAL,None,Medium
1642,0,3,30,0.0253,NORMAL,None,Medium
1642,0,4,40,0.024,NORMAL,None,Low
1642,0,5,50,0.0259,NORMAL,None,Low
1642,0,6,60,0.0237,NORMAL,None,Low
1643,0,1,10,0.0327,NORMAL,None,Medium
1643,0,2,20,0.0326,NORMAL,None,Medium
1643,0,3,30,0.0304,NORMAL,None,Medium
1643,0,4,40,0.0288,NORMAL,None,Low
1643,0,5,50,0.0258,NORMAL,None,Low
1643,0,6,60,0.0262,NORMAL,None,Low
1644,0,1,10,0.3012,NORMAL,None,Medium
1644,0,2,20,0.2598,NORMAL,None,Medium
1644,0,3,30,0.2024,NORMAL,None,Medium
1644,0,4,40,0.1705,NORMAL,None,Low
1644,0,5,50,0.125,NORMAL,None,Low
1644,0,6,60,0.1053,NORMAL,None,Low
1645,0,1,10,0.041,NORMAL,None,Medium
1645,0,2,20,0.0376,NORMAL,None,Medium
1645,0,3,30,0.0314,NORMAL,None,Medium
1645,0,4,40,0.0287,NORMAL,None,Low
1645,0,5,50,0.0259,NORMAL,None,Low
1645,0,6,60,0.0244,NORMAL,None,Low
1646,0,1,10,0.0344,NORMAL,None,Medium
1646,0,2,20,0.0354,NORMAL,None,Medium
1646,0,3,30,0.03,NORMAL,None,Medium
1646,0,4,40,0.0278,NORMAL,None,Low
1646,0,5,50,0.0279,NORMAL,None,Low
1646,0,6,60,0.0292,NORMAL,None,Low
1647,0,1,10,0.0362,NORMAL,None,Medium
1647,0,2,20,0.0369,NORMAL,None,Medium
1647,0,3,30,0.0359,NORMAL,None,Medium
1647,0,4,40,0.032,NORMAL,None,Low
1647,0,5,50,0.0282,NORMAL,None,Low
1647,0,6,60,0.0263,NORMAL,None,Low
1648,0,1,10,0.0278,NORMAL,None,Medium
1648,0,2,20,0.029,NORMAL,None,Medium
1648,0,3,30,0.0285,NORMAL,None,Medium
1648,0,4,40,0.0271,NORMAL,None,Low
1648,0,5,50,0.0269,NORMAL,None,Low
1648,0,6,60,0.0301,NORMAL,None,Low
1649,0,1,10,0.0205,NORMAL,None,Medium
1649,0,2,20,0.0256,NORMAL,None,Medium
1649,0,3,30,0.0299,NORMAL,None,Medium
1649,0,4,40,0.0284,NORMAL,None,Low
1649,0,5,50,0.0264,NORMAL,None,Low
1649,0,6,60,0.0275,NORMAL,None,Low
1770,0,1,10,0.014,NORMAL,None,Medium
1770,0,2,20,0.0217,NORMAL,None,Medium
1770,0,3,30,0.0256,NORMAL,None,Medium
1770,0,4,40,0.0261,NORMAL,None,Low
1770,0,5,50,0.0285,NORMAL,None,Low
1770,0,6,60,0.026,NORMAL,None,Low
1771,0,1,10,0.0154,NORMAL,None,Medium
1771,0,2,20,0.0228,NORMAL,None,Medium
1771,0,3,30,0.0271,NORMAL,None,Medium
1771,0,4,40,0.0255,NORMAL,None,Low
1771,0,5,50,0.0259,NORMAL,None,Low
1771,0,6,60,0.0271,NORMAL,None,Low
1772,0,1,10,0.0156,NORMAL,None,Medium
1772,0,2,20,0.0222,NORMAL,None,Medium
1772,0,3,30,0.0224,NORMAL,None,Medium
1772,0,4,40,0.0271,NORMAL,None,Low
1772,0,5,50,0.0278,NORMAL,None,Low
1772,0,6,60,0.0277,NORMAL,None,Low
1773,0,1,10,0.0171,NORMAL,None,Medium
1773,0,2,20,0.0218,NORMAL,None,Medium
1773,0,3,30,0.0246,NORMAL,None,Medium
1773,0,4,40,0.0292,NORMAL,None,Low
1773,0,5,50,0.0259,NORMAL,None,Low
1773,0,6,60,0.026,NORMAL,None,Low
1774,0,1,10,0.0202,NORMAL,None,Medium
1774,0,2,20,0.0249,NORMAL,None,Medium
1774,0,3,30,0.0281,NORMAL,None,Medium
1774,0,4,40,0.0279,NORMAL,None,Low
1774,0,5,50,0.027,NORMAL,None,Low
1774,0,6,60,0.0285,NORMAL,None,Low
1775,0,1,10,0.0227,NORMAL,None,Medium
1775,0,2,20,0.0258,NORMAL,None,Medium
1775,0,3,30,0.0253,NORMAL,None,Medium
1775,0,4,40,0.0274,NORMAL,None,Low
1775,0,5,50,0.0251,NORMAL,None,Low
1775,0,6,60,0.0268,NORMAL,None,Low
1776,0,1,10,0.0267,NORMAL,None,Medium
1776,0,2,20,0.0259,NORMAL,None,Medium
1776,0,3,30,0.0305,NORMAL,None,Medium
1776,0,4,40,0.0283,NORMAL,None,Low
1776,0,5,50,0.0272,NORMAL,None,Low
1776,0,6,60,0.0248,NORMAL,None,Low
1777,0,1,10,0.0295,NORMAL,None,Medium
1777,0,2,20,0.0283,NORMAL,None,Medium
1777,0,3,30,0.0262,NORMAL,None,Medium
1777,0,4,40,0.0255,NORMAL,None,Low
1777,0,5,50,0.025,NORMAL,None,Low
1777,0,6,60,0.0256,NORMAL,None,Low
1778,0,1,10,0.023,NORMAL,None,Medium
1778,0,2,20,0.026,NORMAL,None,Medium
1778,0,3,30,0.0262,NORMAL,None,Medium
1778,0,4,40,0.0299,NORMAL,None,Low
1778,0,5,50,0.0286,NORMAL,None,Low
1778,0,6,60,0.0279,NORMAL,None,Low
1779,0,1,10,0.02,NORMAL,None,Medium
1779,0,2,20,0.0227,NORMAL,None,Medium
1779,0,3,30,0.0253,NORMAL,None,Medium
1779,0,4,40,0.0244,NORMAL,None,Low
1779,0,5,50,0.0268,NORMAL,None,Low
1779,0,6,60,0.0285,NORMAL,None,Low
1780,0,1,10,0.0177,NORMAL,None,Medium
1780,0,2,20,0.025,NORMAL,None,Medium
1780,0,3,30,0.0229,NORMAL,None,Medium
1780,0,4,40,0.0242,NORMAL,None,Low
1780,0,5,50,0.0241,NORMAL,None,Low
1780,0,6,60,0.022,NORMAL,None,Low
1781,0,1,10,0.0185,NORMAL,None,Medium
1781,0,2,20,0.0237,NORMAL,None,Medium
1781,0,3,30,0.0267,NORMAL,None,Medium
1781,0,4,40,0.0278,NORMAL,None,Low
1781,0,5,50,0.0252,NORMAL,None,Low
1781,0,6,60,0.0288,NORMAL,None,Low
1782,0,1,10,0.018,NORMAL,None,Medium
1782,0,2,20,0.0226,NORMAL,None,Medium
1782,0,3,30,0.0231,NORMAL,None,Medium
1782,0,4,40,0.0237,NORMAL,None,Low
1782,0,5,50,0.0265,NORMAL,None,Low
1782,0,6,60,0.0262,NORMAL,None,Low
1783,0,1,10,0.0214,NORMAL,None,Medium
1783,0,2,20,0.023,NORMAL,None,Medium
1783,0,3,30,0.0269,NORMAL,None,Medium
1783,0,4,40,0.0247,NORMAL,None,Low
1783,0,5,50,0.0288,NORMAL,None,Low
1783,0,6,60,0.027,NORMAL,None,Low
1784,0,1,10,0.0176,NORMAL,None,Medium
1784,0,2,20,0.0239,NORMAL,None,Medium
1784,0,3,30,0.0256,NORMAL,None,Medium
1784,0,4,40,0.0258,NORMAL,None,Low
1784,0,5,50,0.0256,NORMAL,None,Low
1784,0,6,60,0.0248,NORMAL,None,Low
1785,0,1,10,0.0188,NORMAL,None,Medium
1785,0,2,20,0.0252,NORMAL,None,Medium
1785,0,3,30,0.0264,NORMAL,None,Medium
1785,0,4,40,0.0259,NORMAL,None,Low
1785,0,5,50,0.0266,NORMAL,None,Low
1785,0,6,60,0.0257,NORMAL,None,Low
1786,0,1,10,0.0175,NORMAL,None,Medium
1786,0,2,20,0.0236,NORMAL,None,Medium
1786,0,3,30,0.0239,NORMAL,None,Medium
1786,0,4,40,0.024,NORMAL,None,Low
1786,0,5,50,0.0258,NORMAL,None,Low
1786,0,6,60,0.0254,NORMAL,None,Low
1787,0,1,10,0.017,NORMAL,None,Medium
1787,0,2,20,0.0239,NORMAL,None,Medium
1787,0,3,30,0.025,NORMAL,None,Medium
1787,0,4,40,0.0233,NORMAL,None,Low
1787,0,5,50,0.025,NORMAL,None,Low
1787,0,6,60,0.0245,NORMAL,None,Low
1788,0,1,10,0.0176,NORMAL,None,Medium
1788,0,2,20,0.0232,NORMAL,None,Medium
1788,0,3,30,0.0254,NORMAL,None,Medium
1788,0,4,40,0.0262,NORMAL,None,Low
1788,0,5,50,0.0256,NORMAL,None,Low
1788,0,6,60,0.0267,NORMAL,None,Low
1789,0,1,10,0.0178,NORMAL,None,Medium
1789,0,2,20,0.0235,NORMAL,None,Medium
1789,0,3,30,0.024,NORMAL,None,Medium
1789,0,4,40,0.028,NORMAL,None,Low
1789,0,5,50,0.0243,NORMAL,None,Low
1789,0,6,60,0.0236,NORMAL,None,Low
1790,0,1,10,0.0175,NORMAL,None,Medium
1790,0,2,20,0.0223,NORMAL,None,Medium
1790,0,3,30,0.0223,NORMAL,None,Medium
1790,0,4,40,0.0232,NORMAL,None,Low
1790,0,5,50,0.0261,NORMAL,None,Low
1790,0,6,60,0.0288,NORMAL,None,Low
1791,0,1,10,0.0203,NORMAL,None,Medium
1791,0,2,20,0.0231,NORMAL,None,Medium
1791,0,3,30,0.026,NORMAL,None,Medium
1791,0,4,40,0.0271,NORMAL,None,Low
1791,0,5,50,0.0288,NORMAL,None,Low
1791,0,6,60,0.0266,NORMAL,None,Low
1792,0,1,10,0.0204,NORMAL,None,Medium
1792,0,2,20,0.0235,NORMAL,None,Medium
1792,0,3,30,0.0264,NORMAL,None,Medium
1792,0,4,40,0.0241,NORMAL,None,Low
1792,0,5,50,0.0225,NORMAL,None,Low
1792,0,6,60,0.026,NORMAL,None,Low
1793,0,1,10,0.0188,NORMAL,None,Medium
1793,0,2,20,0.0238,NORMAL,None,Medium
1793,0,3,30,0.0248,NORMAL,None,Medium
1793,0,4,40,0.0257,NORMAL,None,Low
1793,0,5,50,0.0264,NORMAL,None,Low
1793,0,6,60,0.0239,NORMAL,None,Low
1794,0,1,10,0.0243,NORMAL,None,Medium
1794,0,2,20,0.0245,NORMAL,None,Medium
1794,0,3,30,0.0259,NORMAL,None,Medium
1794,0,4,40,0.026,NORMAL,None,Low
1794,0,5,50,0.0239,NORMAL,None,Low
1794,0,6,60,0.026,NORMAL,None,Low
1795,0,1,10,0.019,NORMAL,None,Medium
1795,0,2,20,0.0225,NORMAL,None,Medium
1795,0,3,30,0.0247,NORMAL,None,Medium
1795,0,4,40,0.0244,NORMAL,None,Low
1795,0,5,50,0.0237,NORMAL,None,Low
1795,0,6,60,0.0278,NORMAL,None,Low
1796,0,1,10,0.0146,NORMAL,None,Medium
1796,0,2,20,0.0223,NORMAL,None,Medium
1796,0,3,30,0.0229,NORMAL,None,Medium
1796,0,4,40,0.0221,NORMAL,None,Low
1796,0,5,50,0.0234,NORMAL,None,Low
1796,0,6,60,0.0264,NORMAL,None,Low
1797,0,1,10,0.0164,NORMAL,None,Medium
1797,0,2,20,0.023,NORMAL,None,Medium
1797,0,3,30,0.0253,NORMAL,None,Medium
1797,0,4,40,0.0235,NORMAL,None,Low
1797,0,5,50,0.0253,NORMAL,None,Low
1797,0,6,60,0.0248,NORMAL,None,Low
1798,0,1,10,0.014,NORMAL,None,Medium
1798,0,2,20,0.0214,NORMAL,None,Medium
1798,0,3,30,0.0238,NORMAL,None,Medium
1798,0,4,40,0.0227,NORMAL,None,Low
1798,0,5,50,0.0249,NORMAL,None,Low
1798,0,6,60,0.024,NORMAL,None,Low
1799,0,1,10,0.0136,NORMAL,None,Medium
1799,0,2,20,0.0202,NORMAL,None,Medium
1799,0,3,30,0.022,NORMAL,None,Medium
1799,0,4,40,0.0238,NORMAL,None,Low
1799,0,5,50,0.0247,NORMAL,None,Low
1799,0,6,60,0.0249,NORMAL,None,Low
1920,0,1,10,0.0143,NORMAL,None,Medium
1920,0,2,20,0.0194,NORMAL,None,Medium
1920,0,3,30,0.0242,NORMAL,None,Medium
1920,0,4,40,0.025,NORMAL,None,Low
1920,0,5,50,0.0256,NORMAL,None,Low
1920,0,6,60,0.024,NORMAL,None,Low
1921,0,1,10,0.0173,NORMAL,None,Medium
1921,0,2,20,0.0217,NORMAL,None,Medium
1921,0,3,30,0.023,NORMAL,None,Medium
1921,0,4,40,0.0258,NORMAL,None,Low
1921,0,5,50,0.0257,NORMAL,None,Low
1921,0,6,60,0.0233,NORMAL,None,Low
1922,0,1,10,0.0164,NORMAL,None,Medium
1922,0,2,20,0.0224,NORMAL,None,Medium
1922,0,3,30,0.0262,NORMAL,None,Medium
1922,0,4,40,0.0271,NORMAL,None,Low
1922,0,5,50,0.0229,NORMAL,None,Low
1922,0,6,60,0.0281,NORMAL,None,Low
1923,0,1,10,0.017,NORMAL,None,Medium
1923,0,2,20,0.0235,NORMAL,None,Medium
1923,0,3,30,0.0256,NORMAL,None,Medium
1923,0,4,40,0.0269,NORMAL,None,Low
1923,0,5,50,0.026,NORMAL,None,Low
1923,0,6,60,0.0264,NORMAL,None,Low
1924,0,1,10,0.0245,NORMAL,None,Medium
1924,0,2,20,0.0275,NORMAL,None,Medium
1924,0,3,30,0.026,NORMAL,None,Medium
1924,0,4,40,0.0251,NORMAL,None,Low
1924,0,5,50,0.0259,NORMAL,None,Low
1924,0,6,60,0.0258,NORMAL,None,Low
1925,0,1,10,0.0381,NORMAL,None,Medium
1925,0,2,20,0.0341,NORMAL,None,Medium
1925,0,3,30,0.0331,NORMAL,None,Medium
1925,0,4,40,0.032,NORMAL,None,Low
1925,0,5,50,0.0265,NORMAL,None,Low
1925,0,6,60,0.0257,NORMAL,None,Low
1926,0,1,10,0.0226,NORMAL,None,Medium
1926,0,2,20,0.0256,NORMAL,None,Medium
1926,0,3,30,0.0271,NORMAL,None,Medium
1926,0,4,40,0.0261,NORMAL,None,Low
1926,0,5,50,0.026,NORMAL,None,Low
1926,0,6,60,0.0255,NORMAL,None,Low
1927,0,1,10,0.0226,NORMAL,None,Medium
1927,0,2,20,0.0252,NORMAL,None,Medium
1927,0,3,30,0.0259,NORMAL,None,Medium
1927,0,4,40,0.0288,NORMAL,None,Low
1927,0,5,50,0.0283,NORMAL,None,Low
1927,0,6,60,0.0291,NORMAL,None,Low
1928,0,1,10,0.0252,NORMAL,None,Medium
1928,0,2,20,0.0291,NORMAL,None,Medium
1928,0,3,30,0.0276,NORMAL,None,Medium
1928,0,4,40,0.0273,NORMAL,None,Low
1928,0,5,50,0.0275,NORMAL,None,Low
1928,0,6,60,0.0257,NORMAL,None,Low
1929,0,1,10,0.0203,NORMAL,None,Medium
1929,0,2,20,0.0271,NORMAL,None,Medium
1929,0,3,30,0.0263,NORMAL,None,Medium
1929,0,4,40,0.0247,NORMAL,None,Low
1929,0,5,50,0.0252,NORMAL,None,Low
1929,0,6,60,0.0262,NORMAL,None,Low
1930,0,1,10,0.0216,NORMAL,None,Medium
1930,0,2,20,0.0259,NORMAL,None,Medium
1930,0,3,30,0.025,NORMAL,None,Medium
1930,0,4,40,0.0251,NORMAL,None,Low
1930,0,5,50,0.0251,NORMAL,None,Low
1930,0,6,60,0.0245,NORMAL,None,Low
1931,0,1,10,0.0217,NORMAL,None,Medium
1931,0,2,20,0.023,NORMAL,None,Medium
1931,0,3,30,0.0257,NORMAL,None,Medium
1931,0,4,40,0.0274,NORMAL,None,Low
1931,0,5,50,0.0279,NORMAL,None,Low
1931,0,6,60,0.0274,NORMAL,None,Low
1932,0,1,10,0.0165,NORMAL,None,Medium
1932,0,2,20,0.0223,NORMAL,None,Medium
1932,0,3,30,0.0244,NORMAL,None,Medium
1932,0,4,40,0.0245,NORMAL,None,Low
1932,0,5,50,0.0248,NORMAL,None,Low
1932,0,6,60,0.0263,NORMAL,None,Low
1933,0,1,10,0.0239,NORMAL,None,Medium
1933,0,2,20,0.0282,NORMAL,None,Medium
1933,0,3,30,0.0288,NORMAL,None,Medium
1933,0,4,40,0.0266,NORMAL,None,Low
1933,0,5,50,0.0247,NORMAL,None,Low
1933,0,6,60,0.0271,NORMAL,None,Low
1934,0,1,10,0.0195,NORMAL,None,Medium
1934,0,2,20,0.0246,NORMAL,None,Medium
1934,0,3,30,0.0252,NORMAL,None,Medium
1934,0,4,40,0.0254,NORMAL,None,Low
1934,0,5,50,0.0276,NORMAL,None,Low
1934,0,6,60,0.0248,NORMAL,None,Low
1935,0,1,10,0.0255,NORMAL,None,Medium
1935,0,2,20,0.0272,NORMAL,None,Medium
1935,0,3,30,0.0277,NORMAL,None,Medium
1935,0,4,40,0.0276,NORMAL,None,Low
1935,0,5,50,0.0291,NORMAL,None,Low
1935,0,6,60,0.0287,NORMAL,None,Low
1936,0,1,10,0.0212,NORMAL,None,Medium
1936,0,2,20,0.0238,NORMAL,None,Medium
1936,0,3,30,0.0245,NORMAL,None,Medium
1936,0,4,40,0.0246,NORMAL,None,Low
1936,0,5,50,0.0233,NORMAL,None,Low
1936,0,6,60,0.0237,NORMAL,None,Low
1937,0,1,10,0.0152,NORMAL,None,Medium
1937,0,2,20,0.0227,NORMAL,None,Medium
1937,0,3,30,0.0244,NORMAL,None,Medium
1937,0,4,40,0.0232,NORMAL,None,Low
1937,0,5,50,0.023,NORMAL,None,Low
1937,0,6,60,0.0242,NORMAL,None,Low
1938,0,1,10,0.0168,NORMAL,None,Medium
1938,0,2,20,0.0219,NORMAL,None,Medium
1938,0,3,30,0.0251,NORMAL,None,Medium
1938,0,4,40,0.0249,NORMAL,None,Low
1938,0,5,50,0.0259,NORMAL,None,Low
1938,0,6,60,0.0251,NORMAL,None,Low
1939,0,1,10,0.0177,NORMAL,None,Medium
1939,0,2,20,0.0226,NORMAL,None,Medium
1939,0,3,30,0.0229,NORMAL,None,Medium
1939,0,4,40,0.0246,NORMAL,None,Low
1939,0,5,50,0.0242,NORMAL,None,Low
1939,0,6,60,0.0222,NORMAL,None,Low
1940,0,1,10,0.0175,NORMAL,None,Medium
1940,0,2,20,0.023,NORMAL,None,Medium
1940,0,3,30,0.0248,NORMAL,None,Medium
1940,0,4,40,0.0223,NORMAL,None,Low
1940,0,5,50,0.0236,NORMAL,None,Low
1940,0,6,60,0.028,NORMAL,None,Low
1941,0,1,10,0.0188,NORMAL,None,Medium
1941,0,2,20,0.0229,NORMAL,None,Medium
1941,0,3,30,0.022,NORMAL,None,Medium
1941,0,4,40,0.0223,NORMAL,None,Low
1941,0,5,50,0.0254,NORMAL,None,Low
1941,0,6,60,0.0249,NORMAL,None,Low
1942,0,1,10,0.0164,NORMAL,None,Medium
1942,0,2,20,0.0205,NORMAL,None,Medium
1942,0,3,30,0.0243,NORMAL,None,Medium
1942,0,4,40,0.0261,NORMAL,None,Low
1942,0,5,50,0.0268,NORMAL,None,Low
1942,0,6,60,0.0241,NORMAL,None,Low
1943,0,1,10,0.0163,NORMAL,None,Medium
1943,0,2,20,0.023,NORMAL,None,Medium
1943,0,3,30,0.0231,NORMAL,None,Medium
1943,0,4,40,0.026,NORMAL,None,Low
1943,0,5,50,0.0243,NORMAL,None,Low
1943,0,6,60,0.0276,NORMAL,None,Low
1944,0,1,10,0.0149,NORMAL,None,Medium
1944,0,2,20,0.0219,NORMAL,None,Medium
1944,0,3,30,0.0241,NORMAL,None,Medium
1944,0,4,40,0.0269,NORMAL,None,Low
1944,0,5,50,0.026,NORMAL,None,Low
1944,0,6,60,0.0259,NORMAL,None,Low
1945,0,1,10,0.0143,NORMAL,None,Medium
1945,0,2,20,0.0217,NORMAL,None,Medium
1945,0,3,30,0.0238,NORMAL,None,Medium
1945,0,4,40,0.0259,NORMAL,None,Low
1945,0,5,50,0.0257,NORMAL,None,Low
1945,0,6,60,0.0259,NORMAL,None,Low
1946,0,1,10,0.0144,NORMAL,None,Medium
1946,0,2,20,0.0228,NORMAL,None,Medium
1946,0,3,30,0.0254,NORMAL,None,Medium
1946,0,4,40,0.0267,NORMAL,None,Low
1946,0,5,50,0.0263,NORMAL,None,Low
1946,0,6,60,0.0256,NORMAL,None,Low
1947,0,1,10,0.0188,NORMAL,None,Medium
1947,0,2,20,0.0231,NORMAL,None,Medium
1947,0,3,30,0.0273,NORMAL,None,Medium
1947,0,4,40,0.0253,NORMAL,None,Low
1947,0,5,50,0.0277,NORMAL,None,Low
1947,0,6,60,0.0258,NORMAL,None,Low
1948,0,1,10,0.0172,NORMAL,None,Medium
1948,0,2,20,0.0227,NORMAL,None,Medium
1948,0,3,30,0.0233,NORMAL,None,Medium
1948,0,4,40,0.0214,NORMAL,None,Low
1948,0,5,50,0.0245,NORMAL,None,Low
1948,0,6,60,0.0252,NORMAL,None,Low
1949,0,1,10,0.0147,NORMAL,None,Medium
1949,0,2,20,0.0202,NORMAL,None,Medium
1949,0,3,30,0.0241,NORMAL,None,Medium
1949,0,4,40,0.0244,NORMAL,None,Low
1949,0,5,50,0.0265,NORMAL,None,Low
1949,0,6,60,0.026,NORMAL,None,Low
2070,0,1,10,0.023,NORMAL,None,Medium
2070,0,2,20,0.028,NORMAL,None,Medium
2070,0,3,30,0.0284,NORMAL,None,Medium
2070,0,4,40,0.0295,NORMAL,None,Low
2070,0,5,50,0.0278,NORMAL,None,Low
2070,0,6,60,0.0282,NORMAL,None,Low
2071,0,1,10,0.0201,NORMAL,None,Medium
2071,0,2,20,0.0268,NORMAL,None,Medium
2071,0,3,30,0.0259,NORMAL,None,Medium
2071,0,4,40,0.0253,NORMAL,None,Low
2071,0,5,50,0.0267,NORMAL,None,Low
2071,0,6,60,0.0255,NORMAL,None,Low
2072,0,1,10,0.0251,NORMAL,None,Medium
2072,0,2,20,0.0298,NORMAL,None,Medium
2072,0,3,30,0.0287,NORMAL,None,Medium
2072,0,4,40,0.029,NORMAL,None,Low
2072,0,5,50,0.0256,NORMAL,None,Low
2072,0,6,60,0.0251,NORMAL,None,Low
2073,0,1,10,0.0198,NORMAL,None,Medium
2073,0,2,20,0.0229,NORMAL,None,Medium
2073,0,3,30,0.023,NORMAL,None,Medium
2073,0,4,40,0.0264,NORMAL,None,Low
2073,0,5,50,0.0291,NORMAL,None,Low
2073,0,6,60,0.0267,NORMAL,None,Low
2074,0,1,10,0.0192,NORMAL,None,Medium
2074,0,2,20,0.025,NORMAL,None,Medium
2074,0,3,30,0.0262,NORMAL,None,Medium
2074,0,4,40,0.0266,NORMAL,None,Low
2074,0,5,50,0.0269,NORMAL,None,Low
2074,0,6,60,0.0272,NORMAL,None,Low
2075,0,1,10,0.0211,NORMAL,None,Medium
2075,0,2,20,0.0232,NORMAL,None,Medium
2075,0,3,30,0.0256,NORMAL,None,Medium
2075,0,4,40,0.0251,NORMAL,None,Low
2075,0,5,50,0.0272,NORMAL,None,Low
2075,0,6,60,0.0254,NORMAL,None,Low
2076,0,1,10,0.0196,NORMAL,None,Medium
2076,0,2,20,0.0242,NORMAL,None,Medium
2076,0,3,30,0.0254,NORMAL,None,Medium
2076,0,4,40,0.0279,NORMAL,None,Low
2076,0,5,50,0.0292,NORMAL,None,Low
2076,0,6,60,0.0284,NORMAL,None,Low
2077,0,1,10,0.0181,NORMAL,None,Medium
2077,0,2,20,0.0249,NORMAL,None,Medium
2077,0,3,30,0.0239,NORMAL,None,Medium
2077,0,4,40,0.0256,NORMAL,None,Low
2077,0,5,50,0.0263,NORMAL,None,Low
2077,0,6,60,0.027,NORMAL,None,Low
2078,0,1,10,0.0152,NORMAL,None,Medium
2078,0,2,20,0.0224,NORMAL,None,Medium
2078,0,3,30,0.0226,NORMAL,None,Medium
2078,0,4,40,0.0254,NORMAL,None,Low
2078,0,5,50,0.0245,NORMAL,None,Low
2078,0,6,60,0.0267,NORMAL,None,Low
2079,0,1,10,0.0167,NORMAL,None,Medium
2079,0,2,20,0.0235,NORMAL,None,Medium
2079,0,3,30,0.0239,NORMAL,None,Medium
2079,0,4,40,0.0236,NORMAL,None,Low
2079,0,5,50,0.0246,NORMAL,None,Low
2079,0,6,60,0.0242,NORMAL,None,Low
2080,0,1,10,0.0152,NORMAL,None,Medium
2080,0,2,20,0.0217,NORMAL,None,Medium
2080,0,3,30,0.0259,NORMAL,None,Medium
2080,0,4,40,0.0258,NORMAL,None,Low
2080,0,5,50,0.0254,NORMAL,None,Low
2080,0,6,60,0.0282,NORMAL,None,Low
2081,0,1,10,0.0145,NORMAL,None,Medium
2081,0,2,20,0.0237,NORMAL,None,Medium
2081,0,3,30,0.0218,NORMAL,None,Medium
2081,0,4,40,0.0259,NORMAL,None,Low
2081,0,5,50,0.0244,NORMAL,None,Low
2081,0,6,60,0.0244,NORMAL,None,Low
2082,0,1,10,0.0177,NORMAL,None,Medium
2082,0,2,20,0.0239,NORMAL,None,Medium
2082,0,3,30,0.026,NORMAL,None,Medium
2082,0,4,40,0.0265,NORMAL,None,Low
2082,0,5,50,0.0287,NORMAL,None,Low
2082,0,6,60,0.0268,NORMAL,None,Low
2083,0,1,10,0.0178,NORMAL,None,Medium
2083,0,2,20,0.0243,NORMAL,None,Medium
2083,0,3,30,0.0251,NORMAL,None,Medium
2083,0,4,40,0.0254,NORMAL,None,Low
2083,0,5,50,0.0252,NORMAL,None,Low
2083,0,6,60,0.0284,NORMAL,None,Low
2084,0,1,10,0.0161,NORMAL,None,Medium
2084,0,2,20,0.0204,NORMAL,None,Medium
2084,0,3,30,0.0256,NORMAL,None,Medium
2084,0,4,40,0.0253,NORMAL,None,Low
2084,0,5,50,0.0247,NORMAL,None,Low
2084,0,6,60,0.0262,NORMAL,None,Low
2085,0,1,10,0.0162,NORMAL,None,Medium
2085,0,2,20,0.0232,NORMAL,None,Medium
2085,0,3,30,0.0259,NORMAL,None,Medium
2085,0,4,40,0.0241,NORMAL,None,Low
2085,0,5,50,0.0262,NORMAL,None,Low
2085,0,6,60,0.0261,NORMAL,None,Low
2086,0,1,10,0.015,NORMAL,None,Medium
2086,0,2,20,0.0227,NORMAL,None,Medium
2086,0,3,30,0.0239,NORMAL,None,Medium
2086,0,4,40,0.0247,NORMAL,None,Low
2086,0,5,50,0.0268,NORMAL,None,Low
2086,0,6,60,0.0254,NORMAL,None,Low
2087,0,1,10,0.0157,NORMAL,None,Medium
2087,0,2,20,0.0211,NORMAL,None,Medium
2087,0,3,30,0.0236,NORMAL,None,Medium
2087,0,4,40,0.025,NORMAL,None,Low
2087,0,5,50,0.0239,NORMAL,None,Low
2087,0,6,60,0.0239,NORMAL,None,Low
2088,0,1,10,0.0147,NORMAL,None,Medium
2088,0,2,20,0.0248,NORMAL,None,Medium
2088,0,3,30,0.0243,NORMAL,None,Medium
2088,0,4,40,0.0248,NORMAL,None,Low
2088,0,5,50,0.0269,NORMAL,None,Low
2088,0,6,60,0.0253,NORMAL,None,Low
2089,0,1,10,0.0164,NORMAL,None,Medium
2089,0,2,20,0.0217,NORMAL,None,Medium
2089,0,3,30,0.022,NORMAL,None,Medium
2089,0,4,40,0.0221,NORMAL,None,Low
2089,0,5,50,0.0239,NORMAL,None,Low
2089,0,6,60,0.0247,NORMAL,None,Low
2090,0,1,10,0.0199,NORMAL,None,Medium
2090,0,2,20,0.0239,NORMAL,None,Medium
2090,0,3,30,0.0229,NORMAL,None,Medium
2090,0,4,40,0.0267,NORMAL,None,Low
2090,0,5,50,0.0254,NORMAL,None,Low
2090,0,6,60,0.0278,NORMAL,None,Low
2091,0,1,10,0.0173,NORMAL,None,Medium
2091,0,2,20,0.0214,NORMAL,None,Medium
2091,0,3,30,0.0248,NORMAL,None,Medium
2091,0,4,40,0.0257,NORMAL,None,Low
2091,0,5,50,0.0274,NORMAL,None,Low
2091,0,6,60,0.0261,NORMAL,None,Low
2092,0,1,10,0.0175,NORMAL,None,Medium
2092,0,2,20,0.022,NORMAL,None,Medium
2092,0,3,30,0.0249,NORMAL,None,Medium
2092,0,4,40,0.0262,NORMAL,None,Low
2092,0,5,50,0.0254,NORMAL,None,Low
2092,0,6,60,0.0293,NORMAL,None,Low
2093,0,1,10,0.0192,NORMAL,None,Medium
2093,0,2,20,0.0217,NORMAL,None,Medium
2093,0,3,30,0.0238,NORMAL,None,Medium
2093,0,4,40,0.0244,NORMAL,None,Low
2093,0,5,50,0.0271,NORMAL,None,Low
2093,0,6,60,0.0262,NORMAL,None,Low
2094,0,1,10,0.0157,NORMAL,None,Medium
2094,0,2,20,0.0211,NORMAL,None,Medium
2094,0,3,30,0.022,NORMAL,None,Medium
2094,0,4,40,0.023,NORMAL,None,Low
2094,0,5,50,0.0255,NORMAL,None,Low
2094,0,6,60,0.0253,NORMAL,None,Low
2095,0,1,10,0.0193,NORMAL,None,Medium
2095,0,2,20,0.0231,NORMAL,None,Medium
2095,0,3,30,0.0246,NORMAL,None,Medium
2095,0,4,40,0.0255,NORMAL,None,Low
2095,0,5,50,0.0261,NORMAL,None,Low
2095,0,6,60,0.0278,NORMAL,None,Low
2096,0,1,10,0.0239,NORMAL,None,Medium
2096,0,2,20,0.0269,NORMAL,None,Medium
2096,0,3,30,0.0236,NORMAL,None,Medium
2096,0,4,40,0.0245,NORMAL,None,Low
2096,0,5,50,0.0255,NORMAL,None,Low
2096,0,6,60,0.0275,NORMAL,None,Low
2097,0,1,10,0.0205,NORMAL,None,Medium
2097,0,2,20,0.0246,NORMAL,None,Medium
2097,0,3,30,0.0264,NORMAL,None,Medium
2097,0,4,40,0.0283,NORMAL,None,Low
2097,0,5,50,0.0253,NORMAL,None,Low
2097,0,6,60,0.025,NORMAL,None,Low
2098,0,1,10,0.0234,NORMAL,None,Medium
2098,0,2,20,0.0251,NORMAL,None,Medium
2098,0,3,30,0.0254,NORMAL,None,Medium
2098,0,4,40,0.0259,NORMAL,None,Low
2098,0,5,50,0.0268,NORMAL,None,Low
2098,0,6,60,0.0267,NORMAL,None,Low
2099,0,1,10,0.0266,NORMAL,None,Medium
2099,0,2,20,0.028,NORMAL,None,Medium
2099,0,3,30,0.0258,NORMAL,None,Medium
2099,0,4,40,0.0273,NORMAL,None,Low
2099,0,5,50,0.0246,NORMAL,None,Low
2099,0,6,60,0.0254,NORMAL,None,Low
2220,0,1,10,0.0308,NORMAL,None,Medium
2220,0,2,20,0.024,NORMAL,None,Medium
2220,0,3,30,0.0236,NORMAL,None,Medium
2220,0,4,40,0.0259,NORMAL,None,Low
2220,0,5,50,0.0252,NORMAL,None,Low
2220,0,6,60,0.0269,NORMAL,None,Low
2221,0,1,10,0.0169,NORMAL,None,Medium
2221,0,2,20,0.0186,NORMAL,None,Medium
2221,0,3,30,0.0223,NORMAL,None,Medium
2221,0,4,40,0.0228,NORMAL,None,Low
2221,0,5,50,0.0246,NORMAL,None,Low
2221,0,6,60,0.0244,NORMAL,None,Low
2222,0,1,10,0.0156,NORMAL,None,Medium
2222,0,2,20,0.0222,NORMAL,None,Medium
2222,0,3,30,0.0218,NORMAL,None,Medium
2222,0,4,40,0.027,NORMAL,None,Low
2222,0,5,50,0.0229,NORMAL,None,Low
2222,0,6,60,0.0238,NORMAL,None,Low
2223,0,1,10,0.0154,NORMAL,None,Medium
2223,0,2,20,0.02,NORMAL,None,Medium
2223,0,3,30,0.0234,NORMAL,None,Medium
2223,0,4,40,0.0255,NORMAL,None,Low
2223,0,5,50,0.0255,NORMAL,None,Low
2223,0,6,60,0.0254,NORMAL,None,Low
2224,0,1,10,0.0164,NORMAL,None,Medium
2224,0,2,20,0.0214,NORMAL,None,Medium
2224,0,3,30,0.0227,NORMAL,None,Medium
2224,0,4,40,0.0236,NORMAL,None,Low
2224,0,5,50,0.0236,NORMAL,None,Low
2224,0,6,60,0.0251,NORMAL,None,Low
2225,0,1,10,0.0501,NORMAL,None,Medium
2225,0,2,20,0.0283,NORMAL,None,Medium
2225,0,3,30,0.025,NORMAL,None,Medium
2225,0,4,40,0.0234,NORMAL,None,Low
2225,0,5,50,0.0263,NORMAL,None,Low
2225,0,6,60,0.0251,NORMAL,None,Low
2226,0,1,10,0.0464,NORMAL,None,Medium
2226,0,2,20,0.0332,NORMAL,None,Medium
2226,0,3,30,0.0285,NORMAL,None,Medium
2226,0,4,40,0.0297,NORMAL,None,Low
2226,0,5,50,0.0284,NORMAL,None,Low
2226,0,6,60,0.0264,NORMAL,None,Low
2227,0,1,10,0.0306,NORMAL,None,Medium
2227,0,2,20,0.0261,NORMAL,None,Medium
2227,0,3,30,0.025,NORMAL,None,Medium
2227,0,4,40,0.0257,NORMAL,None,Low
2227,0,5,50,0.0245,NORMAL,None,Low
2227,0,6,60,0.0281,NORMAL,None,Low
2228,0,1,10,0.0395,NORMAL,None,Medium
2228,0,2,20,0.0294,NORMAL,None,Medium
2228,0,3,30,0.027,NORMAL,None,Medium
2228,0,4,40,0.0241,NORMAL,None,Low
2228,0,5,50,0.0276,NORMAL,None,Low
2228,0,6,60,0.0261,NORMAL,None,Low
2229,0,1,10,0.1594,NORMAL,None,Medium
2229,0,2,20,0.0568,NORMAL,None,Medium
2229,0,3,30,0.0351,NORMAL,None,Medium
2229,0,4,40,0.0299,NORMAL,None,Low
2229,0,5,50,0.0269,NORMAL,None,Low
2229,0,6,60,0.0277,NORMAL,None,Low
2230,0,1,10,0.0499,NORMAL,None,Medium
2230,0,2,20,0.0296,NORMAL,None,Medium
2230,0,3,30,0.026,NORMAL,None,Medium
2230,0,4,40,0.0264,NORMAL,None,Low
2230,0,5,50,0.0241,NORMAL,None,Low
2230,0,6,60,0.0246,NORMAL,None,Low
2231,0,1,10,0.041,NORMAL,None,Medium
2231,0,2,20,0.0296,NORMAL,None,Medium
2231,0,3,30,0.029,NORMAL,None,Medium
2231,0,4,40,0.027,NORMAL,None,Low
2231,0,5,50,0.0255,NORMAL,None,Low
2231,0,6,60,0.0288,NORMAL,None,Low
2232,0,1,10,0.0277,NORMAL,None,Medium
2232,0,2,20,0.0296,NORMAL,None,Medium
2232,0,3,30,0.0272,NORMAL,None,Medium
2232,0,4,40,0.0265,NORMAL,None,Low
2232,0,5,50,0.0266,NORMAL,None,Low
2232,0,6,60,0.0265,NORMAL,None,Low
2233,0,1,10,0.0231,NORMAL,None,Medium
2233,0,2,20,0.0252,NORMAL,None,Medium
2233,0,3,30,0.0279,NORMAL,None,Medium
2233,0,4,40,0.0238,NORMAL,None,Low
2233,0,5,50,0.025,NORMAL,None,Low
2233,0,6,60,0.0252,NORMAL,None,Low
2234,0,1,10,0.0236,NORMAL,None,Medium
2234,0,2,20,0.0274,NORMAL,None,Medium
2234,0,3,30,0.0262,NORMAL,None,Medium
2234,0,4,40,0.0264,NORMAL,None,Low
2234,0,5,50,0.0243,NORMAL,None,Low
2234,0,6,60,0.0236,NORMAL,None,Low
2235,0,1,10,0.1215,NORMAL,None,Medium
2235,0,2,20,0.0437,NORMAL,None,Medium
2235,0,3,30,0.0303,NORMAL,None,Medium
2235,0,4,40,0.0302,NORMAL,None,Low
2235,0,5,50,0.0265,NORMAL,None,Low
2235,0,6,60,0.0267,NORMAL,None,Low
2236,0,1,10,0.0534,NORMAL,None,Medium
2236,0,2,20,0.0301,NORMAL,None,Medium
2236,0,3,30,0.0279,NORMAL,None,Medium
2236,0,4,40,0.0266,NORMAL,None,Low
2236,0,5,50,0.0251,NORMAL,None,Low
2236,0,6,60,0.0248,NORMAL,None,Low
2237,0,1,10,0.0196,NORMAL,None,Medium
2237,0,2,20,0.0206,NORMAL,None,Medium
2237,0,3,30,0.0221,NORMAL,None,Medium
2237,0,4,40,0.0247,NORMAL,None,Low
2237,0,5,50,0.0245,NORMAL,None,Low
2237,0,6,60,0.0257,NORMAL,None,Low
2238,0,1,10,0.0166,NORMAL,None,Medium
2238,0,2,20,0.0211,NORMAL,None,Medium
2238,0,3,30,0.0257,NORMAL,None,Medium
2238,0,4,40,0.0242,NORMAL,None,Low
2238,0,5,50,0.0233,NORMAL,None,Low
2238,0,6,60,0.026,NORMAL,None,Low
2239,0,1,10,0.0147,NORMAL,None,Medium
2239,0,2,20,0.0247,NORMAL,None,Medium
2239,0,3,30,0.027,NORMAL,None,Medium
2239,0,4,40,0.0229,NORMAL,None,Low
2239,0,5,50,0.0242,NORMAL,None,Low
2239,0,6,60,0.0251,NORMAL,None,Low
2240,0,1,10,0.0232,NORMAL,None,Medium
2240,0,2,20,0.0214,NORMAL,None,Medium
2240,0,3,30,0.025,NORMAL,None,Medium
2240,0,4,40,0.0243,NORMAL,None,Low
2240,0,5,50,0.0258,NORMAL,None,Low
2240,0,6,60,0.0241,NORMAL,None,Low
2241,0,1,10,0.0839,NORMAL,None,Medium
2241,0,2,20,0.0293,NORMAL,None,Medium
2241,0,3,30,0.0259,NORMAL,None,Medium
2241,0,4,40,0.0253,NORMAL,None,Low
2241,0,5,50,0.0254,NORMAL,None,Low
2241,0,6,60,0.0256,NORMAL,None,Low
2242,0,1,10,0.0293,NORMAL,None,Medium
2242,0,2,20,0.023,NORMAL,None,Medium
2242,0,3,30,0.0247,NORMAL,None,Medium
2242,0,4,40,0.0257,NORMAL,None,Low
2242,0,5,50,0.0275,NORMAL,None,Low
2242,0,6,60,0.0241,NORMAL,None,Low
2243,0,1,10,0.0156,NORMAL,None,Medium
2243,0,2,20,0.0234,NORMAL,None,Medium
2243,0,3,30,0.0259,NORMAL,None,Medium
2243,0,4,40,0.0279,NORMAL,None,Low
2243,0,5,50,0.0262,NORMAL,None,Low
2243,0,6,60,0.0252,NORMAL,None,Low
2244,0,1,10,0.0163,NORMAL,None,Medium
2244,0,2,20,0.0202,NORMAL,None,Medium
2244,0,3,30,0.0246,NORMAL,None,Medium
2244,0,4,40,0.0255,NORMAL,None,Low
2244,0,5,50,0.0261,NORMAL,None,Low
2244,0,6,60,0.0266,NORMAL,None,Low
2245,0,1,10,0.0154,NORMAL,None,Medium
2245,0,2,20,0.0216,NORMAL,None,Medium
2245,0,3,30,0.0262,NORMAL,None,Medium
2245,0,4,40,0.0227,NORMAL,None,Low
2245,0,5,50,0.0246,NORMAL,None,Low
2245,0,6,60,0.0242,NORMAL,None,Low
2246,0,1,10,0.0491,NORMAL,None,Medium
2246,0,2,20,0.0257,NORMAL,None,Medium
2246,0,3,30,0.0214,NORMAL,None,Medium
2246,0,4,40,0.0219,NORMAL,None,Low
2246,0,5,50,0.0245,NORMAL,None,Low
2246,0,6,60,0.0256,NORMAL,None,Low
2247,0,1,10,0.0416,NORMAL,None,Medium
2247,0,2,20,0.0267,NORMAL,None,Medium
2247,0,3,30,0.0248,NORMAL,None,Medium
2247,0,4,40,0.0257,NORMAL,None,Low
2247,0,5,50,0.0232,NORMAL,None,Low
2247,0,6,60,0.0243,NORMAL,None,Low
2248,0,1,10,0.136,NORMAL,None,Medium
2248,0,2,20,0.0411,NORMAL,None,Medium
2248,0,3,30,0.0284,NORMAL,None,Medium
2248,0,4,40,0.0287,NORMAL,None,Low
2248,0,5,50,0.0265,NORMAL,None,Low
2248,0,6,60,0.027,NORMAL,None,Low
2249,0,1,10,0.0331,NORMAL,None,Medium
2249,0,2,20,0.0261,NORMAL,None,Medium
2249,0,3,30,0.0223,NORMAL,None,Medium
2249,0,4,40,0.0256,NORMAL,None,Low
2249,0,5,50,0.0276,NORMAL,None,Low
2249,0,6,60,0.0272,NORMAL,None,Low
2370,0,1,10,0.2077,NORMAL,None,Medium
2370,0,2,20,0.0912,NORMAL,None,Medium
2370,0,3,30,0.0481,NORMAL,None,Medium
2370,0,4,40,0.0407,NORMAL,None,Low
2370,0,5,50,0.0324,NORMAL,None,Low
2370,0,6,60,0.0312,NORMAL,None,Low
2371,0,1,10,0.0386,NORMAL,None,Medium
2371,0,2,20,0.0267,NORMAL,None,Medium
2371,0,3,30,0.0272,NORMAL,None,Medium
2371,0,4,40,0.0254,NORMAL,None,Low
2371,0,5,50,0.0252,NORMAL,None,Low
2371,0,6,60,0.0277,NORMAL,None,Low
2372,0,1,10,0.0269,NORMAL,None,Medium
2372,0,2,20,0.0297,NORMAL,None,Medium
2372,0,3,30,0.0299,NORMAL,None,Medium
2372,0,4,40,0.024,NORMAL,None,Low
2372,0,5,50,0.0247,NORMAL,None,Low
2372,0,6,60,0.0235,NORMAL,None,Low
2373,0,1,10,0.029,NORMAL,None,Medium
2373,0,2,20,0.0324,NORMAL,None,Medium
2373,0,3,30,0.0286,NORMAL,None,Medium
2373,0,4,40,0.0276,NORMAL,None,Low
2373,0,5,50,0.027,NORMAL,None,Low
2373,0,6,60,0.0302,NORMAL,None,Low
2374,0,1,10,0.0323,NORMAL,None,Medium
2374,0,2,20,0.0305,NORMAL,None,Medium
2374,0,3,30,0.0285,NORMAL,None,Medium
2374,0,4,40,0.0269,NORMAL,None,Low
2374,0,5,50,0.0266,NORMAL,None,Low
2374,0,6,60,0.0263,NORMAL,None,Low
2375,0,1,10,0.0219,NORMAL,None,Medium
2375,0,2,20,0.0222,NORMAL,None,Medium
2375,0,3,30,0.0256,NORMAL,None,Medium
2375,0,4,40,0.0233,NORMAL,None,Low
2375,0,5,50,0.021,NORMAL,None,Low
2375,0,6,60,0.0233,NORMAL,None,Low
2376,0,1,10,0.0229,NORMAL,None,Medium
2376,0,2,20,0.0277,NORMAL,None,Medium
2376,0,3,30,0.0262,NORMAL,None,Medium
2376,0,4,40,0.029,NORMAL,None,Low
2376,0,5,50,0.0264,NORMAL,None,Low
2376,0,6,60,0.029,NORMAL,None,Low
2377,0,1,10,0.0215,NORMAL,None,Medium
2377,0,2,20,0.0236,NORMAL,None,Medium
2377,0,3,30,0.0238,NORMAL,None,Medium
2377,0,4,40,0.0253,NORMAL,None,Low
2377,0,5,50,0.0262,NORMAL,None,Low
2377,0,6,60,0.0254,NORMAL,None,Low
2378,0,1,10,0.1206,NORMAL,None,Medium
2378,0,2,20,0.0419,NORMAL,None,Medium
2378,0,3,30,0.0275,NORMAL,None,Medium
2378,0,4,40,0.026,NORMAL,None,Low
2378,0,5,50,0.0254,NORMAL,None,Low
2378,0,6,60,0.0263,NORMAL,None,Low
2379,0,1,10,0.047,NORMAL,None,Medium
2379,0,2,20,0.0313,NORMAL,None,Medium
2379,0,3,30,0.0301,NORMAL,None,Medium
2379,0,4,40,0.029,NORMAL,None,Low
2379,0,5,50,0.0246,NORMAL,None,Low
2379,0,6,60,0.0264,NORMAL,None,Low
2380,0,1,10,0.0209,NORMAL,None,Medium
2380,0,2,20,0.0251,NORMAL,None,Medium
2380,0,3,30,0.0267,NORMAL,None,Medium
2380,0,4,40,0.0244,NORMAL,None,Low
2380,0,5,50,0.0246,NORMAL,None,Low
2380,0,6,60,0.0225,NORMAL,None,Low
2381,0,1,10,0.0168,NORMAL,None,Medium
2381,0,2,20,0.0215,NORMAL,None,Medium
2381,0,3,30,0.0239,NORMAL,None,Medium
2381,0,4,40,0.0276,NORMAL,None,Low
2381,0,5,50,0.0261,NORMAL,None,Low
2381,0,6,60,0.0253,NORMAL,None,Low
2382,0,1,10,0.0155,NORMAL,None,Medium
2382,0,2,20,0.0224,NORMAL,None,Medium
2382,0,3,30,0.0225,NORMAL,None,Medium
2382,0,4,40,0.0282,NORMAL,None,Low
2382,0,5,50,0.0266,NORMAL,None,Low
2382,0,6,60,0.0264,NORMAL,None,Low
2383,0,1,10,0.0176,NORMAL,None,Medium
2383,0,2,20,0.024,NORMAL,None,Medium
2383,0,3,30,0.0239,NORMAL,None,Medium
2383,0,4,40,0.0244,NORMAL,None,Low
2383,0,5,50,0.0263,NORMAL,None,Low
2383,0,6,60,0.0289,NORMAL,None,Low
2384,0,1,10,0.0252,NORMAL,None,Medium
2384,0,2,20,0.0236,NORMAL,None,Medium
2384,0,3,30,0.024,NORMAL,None,Medium
2384,0,4,40,0.0237,NORMAL,None,Low
2384,0,5,50,0.0244,NORMAL,None,Low
2384,0,6,60,0.0243,NORMAL,None,Low
2385,0,1,10,0.017,NORMAL,None,Medium
2385,0,2,20,0.0216,NORMAL,None,Medium
2385,0,3,30,0.0228,NORMAL,None,Medium
2385,0,4,40,0.0246,NORMAL,None,Low
2385,0,5,50,0.0244,NORMAL,None,Low
2385,0,6,60,0.0263,NORMAL,None,Low
2386,0,1,10,0.016,NORMAL,None,Medium
2386,0,2,20,0.0228,NORMAL,None,Medium
2386,0,3,30,0.0268,NORMAL,None,Medium
2386,0,4,40,0.0248,NORMAL,None,Low
2386,0,5,50,0.0233,NORMAL,None,Low
2386,0,6,60,0.0231,NORMAL,None,Low
2387,0,1,10,0.0702,NORMAL,None,Medium
2387,0,2,20,0.0313,NORMAL,None,Medium
2387,0,3,30,0.0244,NORMAL,None,Medium
2387,0,4,40,0.0226,NORMAL,None,Low
2387,0,5,50,0.027,NORMAL,None,Low
2387,0,6,60,0.027,NORMAL,None,Low
2388,0,1,10,0.0305,NORMAL,None,Medium
2388,0,2,20,0.0284,NORMAL,None,Medium
2388,0,3,30,0.0261,NORMAL,None,Medium
2388,0,4,40,0.0259,NORMAL,None,Low
2388,0,5,50,0.0248,NORMAL,None,Low
2388,0,6,60,0.0259,NORMAL,None,Low
2389,0,1,10,0.0235,NORMAL,None,Medium
2389,0,2,20,0.0264,NORMAL,None,Medium
2389,0,3,30,0.026,NORMAL,None,Medium
2389,0,4,40,0.0264,NORMAL,None,Low
2389,0,5,50,0.0256,NORMAL,None,Low
2389,0,6,60,0.0271,NORMAL,None,Low
2390,0,1,10,0.0275,NORMAL,None,Medium
2390,0,2,20,0.0272,NORMAL,None,Medium
2390,0,3,30,0.0246,NORMAL,None,Medium
2390,0,4,40,0.0259,NORMAL,None,Low
2390,0,5,50,0.0266,NORMAL,None,Low
2390,0,6,60,0.0284,NORMAL,None,Low
2391,0,1,10,0.0225,NORMAL,None,Medium
2391,0,2,20,0.0248,NORMAL,None,Medium
2391,0,3,30,0.0261,NORMAL,None,Medium
2391,0,4,40,0.0261,NORMAL,None,Low
2391,0,5,50,0.0273,NORMAL,None,Low
2391,0,6,60,0.0261,NORMAL,None,Low
2392,0,1,10,0.0186,NORMAL,None,Medium
2392,0,2,20,0.0238,NORMAL,None,Medium
2392,0,3,30,0.0243,NORMAL,None,Medium
2392,0,4,40,0.0245,NORMAL,None,Low
2392,0,5,50,0.0258,NORMAL,None,Low
2392,0,6,60,0.0278,NORMAL,None,Low
2393,0,1,10,0.0613,NORMAL,None,Medium
2393,0,2,20,0.0309,NORMAL,None,Medium
2393,0,3,30,0.024,NORMAL,None,Medium
2393,0,4,40,0.0233,NORMAL,None,Low
2393,0,5,50,0.0253,NORMAL,None,Low
2393,0,6,60,0.0272,NORMAL,None,Low
2394,0,1,10,0.0641,NORMAL,None,Medium
2394,0,2,20,0.0376,NORMAL,None,Medium
2394,0,3,30,0.0334,NORMAL,None,Medium
2394,0,4,40,0.0328,NORMAL,None,Low
2394,0,5,50,0.0266,NORMAL,None,Low
2394,0,6,60,0.0279,NORMAL,None,Low
2395,0,1,10,0.036,NORMAL,None,Medium
2395,0,2,20,0.0281,NORMAL,None,Medium
2395,0,3,30,0.025,NORMAL,None,Medium
2395,0,4,40,0.0245,NORMAL,None,Low
2395,0,5,50,0.0247,NORMAL,None,Low
2395,0,6,60,0.0269,NORMAL,None,Low
2396,0,1,10,0.081,NORMAL,None,Medium
2396,0,2,20,0.0406,NORMAL,None,Medium
2396,0,3,30,0.0265,NORMAL,None,Medium
2396,0,4,40,0.0261,NORMAL,None,Low
2396,0,5,50,0.025,NORMAL,None,Low
2396,0,6,60,0.0266,NORMAL,None,Low
2397,0,1,10,0.4064,NORMAL,None,Medium
2397,0,2,20,0.2544,NORMAL,None,Medium
2397,0,3,30,0.1726,NORMAL,None,Medium
2397,0,4,40,0.1361,NORMAL,None,Low
2397,0,5,50,0.1232,NORMAL,None,Low
2397,0,6,60,0.106,NORMAL,None,Low
2398,0,1,10,0.0646,NORMAL,None,Medium
2398,0,2,20,0.0372,NORMAL,None,Medium
2398,0,3,30,0.033,NORMAL,None,Medium
2398,0,4,40,0.0272,NORMAL,None,Low
2398,0,5,50,0.028,NORMAL,None,Low
2398,0,6,60,0.032,NORMAL,None,Low
2399,0,1,10,0.034,NORMAL,None,Medium
2399,0,2,20,0.0276,NORMAL,None,Medium
2399,0,3,30,0.027,NORMAL,None,Medium
2399,0,4,40,0.0269,NORMAL,None,Low
2399,0,5,50,0.0265,NORMAL,None,Low
2399,0,6,60,0.0291,NORMAL,None,Low
2520,0,1,10,0.0153,NORMAL,None,Medium
2520,0,2,20,0.0222,NORMAL,None,Medium
2520,0,3,30,0.0258,NORMAL,None,Medium
2520,0,4,40,0.026,NORMAL,None,Low
2520,0,5,50,0.0292,NORMAL,None,Low
2520,0,6,60,0.0285,NORMAL,None,Low
2521,0,1,10,0.0178,NORMAL,None,Medium
2521,0,2,20,0.0237,NORMAL,None,Medium
2521,0,3,30,0.0226,NORMAL,None,Medium
2521,0,4,40,0.024,NORMAL,None,Low
2521,0,5,50,0.0245,NORMAL,None,Low
2521,0,6,60,0.0293,NORMAL,None,Low
2522,0,1,10,0.018,NORMAL,None,Medium
2522,0,2,20,0.0245,NORMAL,None,Medium
2522,0,3,30,0.0283,NORMAL,None,Medium
2522,0,4,40,0.0267,NORMAL,None,Low
2522,0,5,50,0.0253,NORMAL,None,Low
2522,0,6,60,0.0261,NORMAL,None,Low
2523,0,1,10,0.0161,NORMAL,None,Medium
2523,0,2,20,0.0229,NORMAL,None,Medium
2523,0,3,30,0.0236,NORMAL,None,Medium
2523,0,4,40,0.0241,NORMAL,None,Low
2523,0,5,50,0.024,NORMAL,None,Low
2523,0,6,60,0.0236,NORMAL,None,Low
2524,0,1,10,0.017,NORMAL,None,Medium
2524,0,2,20,0.0213,NORMAL,None,Medium
2524,0,3,30,0.0217,NORMAL,None,Medium
2524,0,4,40,0.0233,NORMAL,None,Low
2524,0,5,50,0.0263,NORMAL,None,Low
2524,0,6,60,0.0251,NORMAL,None,Low
2525,0,1,10,0.0164,NORMAL,None,Medium
2525,0,2,20,0.0242,NORMAL,None,Medium
2525,0,3,30,0.0267,NORMAL,None,Medium
2525,0,4,40,0.027,NORMAL,None,Low
2525,0,5,50,0.0233,NORMAL,None,Low
2525,0,6,60,0.0244,NORMAL,None,Low
2526,0,1,10,0.0155,NORMAL,None,Medium
2526,0,2,20,0.0241,NORMAL,None,Medium
2526,0,3,30,0.0255,NORMAL,None,Medium
2526,0,4,40,0.0269,NORMAL,None,Low
2526,0,5,50,0.0255,NORMAL,None,Low
2526,0,6,60,0.025,NORMAL,None,Low
2527,0,1,10,0.0136,NORMAL,None,Medium
2527,0,2,20,0.0215,NORMAL,None,Medium
2527,0,3,30,0.0263,NORMAL,None,Medium
2527,0,4,40,0.0278,NORMAL,None,Low
2527,0,5,50,0.0282,NORMAL,None,Low
2527,0,6,60,0.0238,NORMAL,None,Low
2528,0,1,10,0.0164,NORMAL,None,Medium
2528,0,2,20,0.0217,NORMAL,None,Medium
2528,0,3,30,0.0258,NORMAL,None,Medium
2528,0,4,40,0.0253,NORMAL,None,Low
2528,0,5,50,0.025,NORMAL,None,Low
2528,0,6,60,0.0238,NORMAL,None,Low
2529,0,1,10,0.0165,NORMAL,None,Medium
2529,0,2,20,0.0224,NORMAL,None,Medium
2529,0,3,30,0.0256,NORMAL,None,Medium
2529,0,4,40,0.0254,NORMAL,None,Low
2529,0,5,50,0.0274,NORMAL,None,Low
2529,0,6,60,0.0244,NORMAL,None,Low
2530,0,1,10,0.0147,NORMAL,None,Medium
2530,0,2,20,0.0215,NORMAL,None,Medium
2530,0,3,30,0.0245,NORMAL,None,Medium
2530,0,4,40,0.0264,NORMAL,None,Low
2530,0,5,50,0.0258,NORMAL,None,Low
2530,0,6,60,0.0252,NORMAL,None,Low
2531,0,1,10,0.0225,NORMAL,None,Medium
2531,0,2,20,0.0262,NORMAL,None,Medium
2531,0,3,30,0.0258,NORMAL,None,Medium
2531,0,4,40,0.0267,NORMAL,None,Low
2531,0,5,50,0.0252,NORMAL,None,Low
2531,0,6,60,0.0242,NORMAL,None,Low
2532,0,1,10,0.0201,NORMAL,None,Medium
2532,0,2,20,0.0233,NORMAL,None,Medium
2532,0,3,30,0.0243,NORMAL,None,Medium
2532,0,4,40,0.0258,NORMAL,None,Low
2532,0,5,50,0.0257,NORMAL,None,Low
2532,0,6,60,0.0242,NORMAL,None,Low
2533,0,1,10,0.016,NORMAL,None,Medium
2533,0,2,20,0.026,NORMAL,None,Medium
2533,0,3,30,0.0252,NORMAL,None,Medium
2533,0,4,40,0.0292,NORMAL,None,Low
2533,0,5,50,0.0286,NORMAL,None,Low
2533,0,6,60,0.0269,NORMAL,None,Low
2534,0,1,10,0.0147,NORMAL,None,Medium
2534,0,2,20,0.024,NORMAL,None,Medium
2534,0,3,30,0.0282,NORMAL,None,Medium
2534,0,4,40,0.0273,NORMAL,None,Low
2534,0,5,50,0.0243,NORMAL,None,Low
2534,0,6,60,0.0252,NORMAL,None,Low
2535,0,1,10,0.0169,NORMAL,None,Medium
2535,0,2,20,0.0227,NORMAL,None,Medium
2535,0,3,30,0.0233,NORMAL,None,Medium
2535,0,4,40,0.0236,NORMAL,None,Low
2535,0,5,50,0.0257,NORMAL,None,Low
2535,0,6,60,0.0255,NORMAL,None,Low
2536,0,1,10,0.0158,NORMAL,None,Medium
2536,0,2,20,0.0216,NORMAL,None,Medium
2536,0,3,30,0.0236,NORMAL,None,Medium
2536,0,4,40,0.0231,NORMAL,None,Low
2536,0,5,50,0.025,NORMAL,None,Low
2536,0,6,60,0.0239,NORMAL,None,Low
2537,0,1,10,0.0152,NORMAL,None,Medium
2537,0,2,20,0.0218,NORMAL,None,Medium
2537,0,3,30,0.0248,NORMAL,None,Medium
2537,0,4,40,0.0236,NORMAL,None,Low
2537,0,5,50,0.0245,NORMAL,None,Low
2537,0,6,60,0.0252,NORMAL,None,Low
2538,0,1,10,0.0141,NORMAL,None,Medium
2538,0,2,20,0.0217,NORMAL,None,Medium
2538,0,3,30,0.0211,NORMAL,None,Medium
2538,0,4,40,0.0233,NORMAL,None,Low
2538,0,5,50,0.0249,NORMAL,None,Low
2538,0,6,60,0.0245,NORMAL,None,Low
2539,0,1,10,0.0169,NORMAL,None,Medium
2539,0,2,20,0.0208,NORMAL,None,Medium
2539,0,3,30,0.0228,NORMAL,None,Medium
2539,0,4,40,0.0255,NORMAL,None,Low
2539,0,5,50,0.0242,NORMAL,None,Low
2539,0,6,60,0.0249,NORMAL,None,Low
2540,0,1,10,0.0153,NORMAL,None,Medium
2540,0,2,20,0.0222,NORMAL,None,Medium
2540,0,3,30,0.0223,NORMAL,None,Medium
2540,0,4,40,0.0253,NORMAL,None,Low
2540,0,5,50,0.0258,NORMAL,None,Low
2540,0,6,60,0.0267,NORMAL,None,Low
2541,0,1,10,0.0157,NORMAL,None,Medium
2541,0,2,20,0.0228,NORMAL,None,Medium
2541,0,3,30,0.0216,NORMAL,None,Medium
2541,0,4,40,0.0237,NORMAL,None,Low
2541,0,5,50,0.0237,NORMAL,None,Low
2541,0,6,60,0.0278,NORMAL,None,Low
2542,0,1,10,0.0155,NORMAL,None,Medium
2542,0,2,20,0.0207,NORMAL,None,Medium
2542,0,3,30,0.0232,NORMAL,None,Medium
2542,0,4,40,0.0237,NORMAL,None,Low
2542,0,5,50,0.0235,NORMAL,None,Low
2542,0,6,60,0.0269,NORMAL,None,Low
2543,0,1,10,0.0166,NORMAL,None,Medium
2543,0,2,20,0.0217,NORMAL,None,Medium
2543,0,3,30,0.0254,NORMAL,None,Medium
2543,0,4,40,0.0273,NORMAL,None,Low
2543,0,5,50,0.0275,NORMAL,None,Low
2543,0,6,60,0.0263,NORMAL,None,Low
2544,0,1,10,0.0161,NORMAL,None,Medium
2544,0,2,20,0.0226,NORMAL,None,Medium
2544,0,3,30,0.024,NORMAL,None,Medium
2544,0,4,40,0.0221,NORMAL,None,Low
2544,0,5,50,0.0235,NORMAL,None,Low
2544,0,6,60,0.0244,NORMAL,None,Low
2545,0,1,10,0.0138,NORMAL,None,Medium
2545,0,2,20,0.0211,NORMAL,None,Medium
2545,0,3,30,0.0226,NORMAL,None,Medium
2545,0,4,40,0.0251,NORMAL,None,Low
2545,0,5,50,0.0227,NORMAL,None,Low
2545,0,6,60,0.0242,NORMAL,None,Low
2546,0,1,10,0.018,NORMAL,None,Medium
2546,0,2,20,0.0243,NORMAL,None,Medium
2546,0,3,30,0.0241,NORMAL,None,Medium
2546,0,4,40,0.024,NORMAL,None,Low
2546,0,5,50,0.025,NORMAL,None,Low
2546,0,6,60,0.0253,NORMAL,None,Low
2547,0,1,10,0.0166,NORMAL,None,Medium
2547,0,2,20,0.0231,NORMAL,None,Medium
2547,0,3,30,0.0251,NORMAL,None,Medium
2547,0,4,40,0.0249,NORMAL,None,Low
2547,0,5,50,0.0278,NORMAL,None,Low
2547,0,6,60,0.0271,NORMAL,None,Low
2548,0,1,10,0.0146,NORMAL,None,Medium
2548,0,2,20,0.0216,NORMAL,None,Medium
2548,0,3,30,0.0278,NORMAL,None,Medium
2548,0,4,40,0.0284,NORMAL,None,Low
2548,0,5,50,0.0257,NORMAL,None,Low
2548,0,6,60,0.026,NORMAL,None,Low
2549,0,1,10,0.0157,NORMAL,None,Medium
2549,0,2,20,0.0219,NORMAL,None,Medium
2549,0,3,30,0.0228,NORMAL,None,Medium
2549,0,4,40,0.0245,NORMAL,None,Low
2549,0,5,50,0.0243,NORMAL,None,Low
2549,0,6,60,0.0265,NORMAL,None,Low
2670,0,1,10,0.0163,NORMAL,None,Medium
2670,0,2,20,0.0233,NORMAL,None,Medium
2670,0,3,30,0.0232,NORMAL,None,Medium
2670,0,4,40,0.0217,NORMAL,None,Low
2670,0,5,50,0.028,NORMAL,None,Low
2670,0,6,60,0.0274,NORMAL,None,Low
2671,0,1,10,0.0146,NORMAL,None,Medium
2671,0,2,20,0.0205,NORMAL,None,Medium
2671,0,3,30,0.0227,NORMAL,None,Medium
2671,0,4,40,0.0261,NORMAL,None,Low
2671,0,5,50,0.0261,NORMAL,None,Low
2671,0,6,60,0.028,NORMAL,None,Low
2672,0,1,10,0.016,NORMAL,None,Medium
2672,0,2,20,0.0211,NORMAL,None,Medium
2672,0,3,30,0.0226,NORMAL,None,Medium
2672,0,4,40,0.0245,NORMAL,None,Low
2672,0,5,50,0.0263,NORMAL,None,Low
2672,0,6,60,0.0243,NORMAL,None,Low
2673,0,1,10,0.0165,NORMAL,None,Medium
2673,0,2,20,0.022,NORMAL,None,Medium
2673,0,3,30,0.0228,NORMAL,None,Medium
2673,0,4,40,0.0235,NORMAL,None,Low
2673,0,5,50,0.0241,NORMAL,None,Low
2673,0,6,60,0.0271,NORMAL,None,Low
2674,0,1,10,0.0166,NORMAL,None,Medium
2674,0,2,20,0.0223,NORMAL,None,Medium
2674,0,3,30,0.024,NORMAL,None,Medium
2674,0,4,40,0.0249,NORMAL,None,Low
2674,0,5,50,0.0234,NORMAL,None,Low
2674,0,6,60,0.0257,NORMAL,None,Low
2675,0,1,10,0.0203,NORMAL,None,Medium
2675,0,2,20,0.0248,NORMAL,None,Medium
2675,0,3,30,0.0269,NORMAL,None,Medium
2675,0,4,40,0.0294,NORMAL,None,Low
2675,0,5,50,0.0308,NORMAL,None,Low
2675,0,6,60,0.0254,NORMAL,None,Low
2676,0,1,10,0.0245,NORMAL,None,Medium
2676,0,2,20,0.0263,NORMAL,None,Medium
2676,0,3,30,0.0319,NORMAL,None,Medium
2676,0,4,40,0.027,NORMAL,None,Low
2676,0,5,50,0.0279,NORMAL,None,Low
2676,0,6,60,0.0282,NORMAL,None,Low
2677,0,1,10,0.0158,NORMAL,None,Medium
2677,0,2,20,0.0211,NORMAL,None,Medium
2677,0,3,30,0.0261,NORMAL,None,Medium
2677,0,4,40,0.0261,NORMAL,None,Low
2677,0,5,50,0.0268,NORMAL,None,Low
2677,0,6,60,0.0249,NORMAL,None,Low
2678,0,1,10,0.0156,NORMAL,None,Medium
2678,0,2,20,0.0206,NORMAL,None,Medium
2678,0,3,30,0.0234,NORMAL,None,Medium
2678,0,4,40,0.0241,NORMAL,None,Low
2678,0,5,50,0.0263,NORMAL,None,Low
2678,0,6,60,0.0259,NORMAL,None,Low
2679,0,1,10,0.0329,NORMAL,None,Medium
2679,0,2,20,0.0342,NORMAL,None,Medium
2679,0,3,30,0.0307,NORMAL,None,Medium
2679,0,4,40,0.0305,NORMAL,None,Low
2679,0,5,50,0.0265,NORMAL,None,Low
2679,0,6,60,0.0276,NORMAL,None,Low
2680,0,1,10,0.0784,NORMAL,None,Medium
2680,0,2,20,0.069,NORMAL,None,Medium
2680,0,3,30,0.0549,NORMAL,None,Medium
2680,0,4,40,0.0442,NORMAL,None,Low
2680,0,5,50,0.0406,NORMAL,None,Low
2680,0,6,60,0.0351,NORMAL,None,Low
2681,0,1,10,0.3215,NORMAL,None,Medium
2681,0,2,20,0.2878,NORMAL,None,Medium
2681,0,3,30,0.2429,NORMAL,None,Medium
2681,0,4,40,0.186,NORMAL,None,Low
2681,0,5,50,0.1437,NORMAL,None,Low
2681,0,6,60,0.1113,NORMAL,None,Low
2682,0,1,10,0.0607,NORMAL,None,Medium
2682,0,2,20,0.056,NORMAL,None,Medium
2682,0,3,30,0.0506,NORMAL,None,Medium
2682,0,4,40,0.0413,NORMAL,None,Low
2682,0,5,50,0.0364,NORMAL,None,Low
2682,0,6,60,0.0356,NORMAL,None,Low
2683,0,1,10,0.0299,NORMAL,None,Medium
2683,0,2,20,0.0342,NORMAL,None,Medium
2683,0,3,30,0.0332,NORMAL,None,Medium
2683,0,4,40,0.031,NORMAL,None,Low
2683,0,5,50,0.0288,NORMAL,None,Low
2683,0,6,60,0.0268,NORMAL,None,Low
2684,0,1,10,0.0245,NORMAL,None,Medium
2684,0,2,20,0.029,NORMAL,None,Medium
2684,0,3,30,0.0317,NORMAL,None,Medium
2684,0,4,40,0.0294,NORMAL,None,Low
2684,0,5,50,0.0261,NORMAL,None,Low
2684,0,6,60,0.0279,NORMAL,None,Low
2685,0,1,10,0.0206,NORMAL,None,Medium
2685,0,2,20,0.025,NORMAL,None,Medium
2685,0,3,30,0.0248,NORMAL,None,Medium
2685,0,4,40,0.0264,NORMAL,None,Low
2685,0,5,50,0.0263,NORMAL,None,Low
2685,0,6,60,0.026,NORMAL,None,Low
2686,0,1,10,0.0197,NORMAL,None,Medium
2686,0,2,20,0.0297,NORMAL,None,Medium
2686,0,3,30,0.0261,NORMAL,None,Medium
2686,0,4,40,0.0262,NORMAL,None,Low
2686,0,5,50,0.0261,NORMAL,None,Low
2686,0,6,60,0.0268,NORMAL,None,Low
2687,0,1,10,0.0184,NORMAL,None,Medium
2687,0,2,20,0.0236,NORMAL,None,Medium
2687,0,3,30,0.025,NORMAL,None,Medium
2687,0,4,40,0.0254,NORMAL,None,Low
2687,0,5,50,0.0233,NORMAL,None,Low
2687,0,6,60,0.0241,NORMAL,None,Low
2688,0,1,10,0.0155,NORMAL,None,Medium
2688,0,2,20,0.0224,NORMAL,None,Medium
2688,0,3,30,0.0257,NORMAL,None,Medium
2688,0,4,40,0.0251,NORMAL,None,Low
2688,0,5,50,0.0274,NORMAL,None,Low
2688,0,6,60,0.0286,NORMAL,None,Low
2689,0,1,10,0.0163,NORMAL,None,Medium
2689,0,2,20,0.022,NORMAL,None,Medium
2689,0,3,30,0.0236,NORMAL,None,Medium
2689,0,4,40,0.0236,NORMAL,None,Low
2689,0,5,50,0.0261,NORMAL,None,Low
2689,0,6,60,0.0263,NORMAL,None,Low
2690,0,1,10,0.0153,NORMAL,None,Medium
2690,0,2,20,0.0224,NORMAL,None,Medium
2690,0,3,30,0.0221,NORMAL,None,Medium
2690,0,4,40,0.0238,NORMAL,None,Low
2690,0,5,50,0.0228,NORMAL,None,Low
2690,0,6,60,0.0239,NORMAL,None,Low
2691,0,1,10,0.0183,NORMAL,None,Medium
2691,0,2,20,0.0208,NORMAL,None,Medium
2691,0,3,30,0.0207,NORMAL,None,Medium
2691,0,4,40,0.0262,NORMAL,None,Low
2691,0,5,50,0.0249,NORMAL,None,Low
2691,0,6,60,0.0242,NORMAL,None,Low
2692,0,1,10,0.0167,NORMAL,None,Medium
2692,0,2,20,0.021,NORMAL,None,Medium
2692,0,3,30,0.0232,NORMAL,None,Medium
2692,0,4,40,0.0252,NORMAL,None,Low
2692,0,5,50,0.0243,NORMAL,None,Low
2692,0,6,60,0.0254,NORMAL,None,Low
2693,0,1,10,0.0145,NORMAL,None,Medium
2693,0,2,20,0.021,NORMAL,None,Medium
2693,0,3,30,0.0223,NORMAL,None,Medium
2693,0,4,40,0.0232,NORMAL,None,Low
2693,0,5,50,0.0231,NORMAL,None,Low
2693,0,6,60,0.0266,NORMAL,None,Low
2694,0,1,10,0.015,NORMAL,None,Medium
2694,0,2,20,0.0202,NORMAL,None,Medium
2694,0,3,30,0.0212,NORMAL,None,Medium
2694,0,4,40,0.0245,NORMAL,None,Low
2694,0,5,50,0.0254,NORMAL,None,Low
2694,0,6,60,0.0256,NORMAL,None,Low
2695,0,1,10,0.0149,NORMAL,None,Medium
2695,0,2,20,0.0215,NORMAL,None,Medium
2695,0,3,30,0.0202,NORMAL,None,Medium
2695,0,4,40,0.0236,NORMAL,None,Low
2695,0,5,50,0.0247,NORMAL,None,Low
2695,0,6,60,0.0259,NORMAL,None,Low
2696,0,1,10,0.0142,NORMAL,None,Medium
2696,0,2,20,0.0213,NORMAL,None,Medium
2696,0,3,30,0.0235,NORMAL,None,Medium
2696,0,4,40,0.026,NORMAL,None,Low
2696,0,5,50,0.032,NORMAL,None,Low
2696,0,6,60,0.0286,NORMAL,None,Low
2697,0,1,10,0.0166,NORMAL,None,Medium
2697,0,2,20,0.021,NORMAL,None,Medium
2697,0,3,30,0.0235,NORMAL,None,Medium
2697,0,4,40,0.0247,NORMAL,None,Low
2697,0,5,50,0.0252,NORMAL,None,Low
2697,0,6,60,0.0271,NORMAL,None,Low
2698,0,1,10,0.0143,NORMAL,None,Medium
2698,0,2,20,0.0214,NORMAL,None,Medium
2698,0,3,30,0.0235,NORMAL,None,Medium
2698,0,4,40,0.0263,NORMAL,None,Low
2698,0,5,50,0.0245,NORMAL,None,Low
2698,0,6,60,0.025,NORMAL,None,Low
2699,0,1,10,0.0153,NORMAL,None,Medium
2699,0,2,20,0.0232,NORMAL,None,Medium
2699,0,3,30,0.0258,NORMAL,None,Medium
2699,0,4,40,0.0231,NORMAL,None,Low
2699,0,5,50,0.0224,NORMAL,None,Low
2699,0,6,60,0.0245,NORMAL,None,Low
2820,0,1,10,0.0198,NORMAL,None,Medium
2820,0,2,20,0.0254,NORMAL,None,Medium
2820,0,3,30,0.0248,NORMAL,None,Medium
2820,0,4,40,0.0263,NORMAL,None,Low
2820,0,5,50,0.0271,NORMAL,None,Low
2820,0,6,60,0.029,NORMAL,None,Low
2821,0,1,10,0.0175,NORMAL,None,Medium
2821,0,2,20,0.0236,NORMAL,None,Medium
2821,0,3,30,0.0224,NORMAL,None,Medium
2821,0,4,40,0.0277,NORMAL,None,Low
2821,0,5,50,0.0255,NORMAL,None,Low
2821,0,6,60,0.0241,NORMAL,None,Low
2822,0,1,10,0.0174,NORMAL,None,Medium
2822,0,2,20,0.0225,NORMAL,None,Medium
2822,0,3,30,0.0233,NORMAL,None,Medium
2822,0,4,40,0.0235,NORMAL,None,Low
2822,0,5,50,0.0241,NORMAL,None,Low
2822,0,6,60,0.0247,NORMAL,None,Low
2823,0,1,10,0.0165,NORMAL,None,Medium
2823,0,2,20,0.0247,NORMAL,None,Medium
2823,0,3,30,0.0254,NORMAL,None,Medium
2823,0,4,40,0.0253,NORMAL,None,Low
2823,0,5,50,0.0247,NORMAL,None,Low
2823,0,6,60,0.0268,NORMAL,None,Low
2824,0,1,10,0.0172,NORMAL,None,Medium
2824,0,2,20,0.0256,NORMAL,None,Medium
2824,0,3,30,0.0266,NORMAL,None,Medium
2824,0,4,40,0.0283,NORMAL,None,Low
2824,0,5,50,0.0246,NORMAL,None,Low
2824,0,6,60,0.0267,NORMAL,None,Low
2825,0,1,10,0.021,NORMAL,None,Medium
2825,0,2,20,0.0224,NORMAL,None,Medium
2825,0,3,30,0.0241,NORMAL,None,Medium
2825,0,4,40,0.0225,NORMAL,None,Low
2825,0,5,50,0.0253,NORMAL,None,Low
2825,0,6,60,0.0254,NORMAL,None,Low
2826,0,1,10,0.0171,NORMAL,None,Medium
2826,0,2,20,0.0225,NORMAL,None,Medium
2826,0,3,30,0.0236,NORMAL,None,Medium
2826,0,4,40,0.0261,NORMAL,None,Low
2826,0,5,50,0.0256,NORMAL,None,Low
2826,0,6,60,0.0249,NORMAL,None,Low
2827,0,1,10,0.0166,NORMAL,None,Medium
2827,0,2,20,0.0212,NORMAL,None,Medium
2827,0,3,30,0.0241,NORMAL,None,Medium
2827,0,4,40,0.0225,NORMAL,None,Low
2827,0,5,50,0.0259,NORMAL,None,Low
2827,0,6,60,0.0277,NORMAL,None,Low
2828,0,1,10,0.0158,NORMAL,None,Medium
2828,0,2,20,0.0213,NORMAL,None,Medium
2828,0,3,30,0.0236,NORMAL,None,Medium
2828,0,4,40,0.0241,NORMAL,None,Low
2828,0,5,50,0.0235,NORMAL,None,Low
2828,0,6,60,0.0234,NORMAL,None,Low
2829,0,1,10,0.0167,NORMAL,None,Medium
2829,0,2,20,0.0244,NORMAL,None,Medium
2829,0,3,30,0.0232,NORMAL,None,Medium
2829,0,4,40,0.0227,NORMAL,None,Low
2829,0,5,50,0.0264,NORMAL,None,Low
2829,0,6,60,0.0248,NORMAL,None,Low
2830,0,1,10,0.0202,NORMAL,None,Medium
2830,0,2,20,0.0222,NORMAL,None,Medium
2830,0,3,30,0.0237,NORMAL,None,Medium
2830,0,4,40,0.0258,NORMAL,None,Low
2830,0,5,50,0.0272,NORMAL,None,Low
2830,0,6,60,0.0268,NORMAL,None,Low
2831,0,1,10,0.0158,NORMAL,None,Medium
2831,0,2,20,0.0224,NORMAL,None,Medium
2831,0,3,30,0.0221,NORMAL,None,Medium
2831,0,4,40,0.0256,NORMAL,None,Low
2831,0,5,50,0.0243,NORMAL,None,Low
2831,0,6,60,0.0261,NORMAL,None,Low
2832,0,1,10,0.0152,NORMAL,None,Medium
2832,0,2,20,0.0203,NORMAL,None,Medium
2832,0,3,30,0.0227,NORMAL,None,Medium
2832,0,4,40,0.0236,NORMAL,None,Low
2832,0,5,50,0.0247,NORMAL,None,Low
2832,0,6,60,0.027,NORMAL,None,Low
2833,0,1,10,0.0132,NORMAL,None,Medium
2833,0,2,20,0.0214,NORMAL,None,Medium
2833,0,3,30,0.0224,NORMAL,None,Medium
2833,0,4,40,0.0246,NORMAL,None,Low
2833,0,5,50,0.0236,NORMAL,None,Low
2833,0,6,60,0.0256,NORMAL,None,Low
2834,0,1,10,0.0152,NORMAL,None,Medium
2834,0,2,20,0.0204,NORMAL,None,Medium
2834,0,3,30,0.0243,NORMAL,None,Medium
2834,0,4,40,0.025,NORMAL,None,Low
2834,0,5,50,0.0253,NORMAL,None,Low
2834,0,6,60,0.024,NORMAL,None,Low
2835,0,1,10,0.0133,NORMAL,None,Medium
2835,0,2,20,0.0206,NORMAL,None,Medium
2835,0,3,30,0.0212,NORMAL,None,Medium
2835,0,4,40,0.0231,NORMAL,None,Low
2835,0,5,50,0.0238,NORMAL,None,Low
2835,0,6,60,0.0244,NORMAL,None,Low
2836,0,1,10,0.0142,NORMAL,None,Medium
2836,0,2,20,0.0218,NORMAL,None,Medium
2836,0,3,30,0.0225,NORMAL,None,Medium
2836,0,4,40,0.026,NORMAL,None,Low
2836,0,5,50,0.0235,NORMAL,None,Low
2836,0,6,60,0.0254,NORMAL,None,Low
2837,0,1,10,0.0153,NORMAL,None,Medium
2837,0,2,20,0.0206,NORMAL,None,Medium
2837,0,3,30,0.0217,NORMAL,None,Medium
2837,0,4,40,0.02,NORMAL,None,Low
2837,0,5,50,0.0221,NORMAL,None,Low
2837,0,6,60,0.027,NORMAL,None,Low
2838,0,1,10,0.0194,NORMAL,None,Medium
2838,0,2,20,0.0221,NORMAL,None,Medium
2838,0,3,30,0.0251,NORMAL,None,Medium
2838,0,4,40,0.0261,NORMAL,None,Low
2838,0,5,50,0.0248,NORMAL,None,Low
2838,0,6,60,0.0261,NORMAL,None,Low
2839,0,1,10,0.016,NORMAL,None,Medium
2839,0,2,20,0.0221,NORMAL,None,Medium
2839,0,3,30,0.0249,NORMAL,None,Medium
2839,0,4,40,0.0243,NORMAL,None,Low
2839,0,5,50,0.0254,NORMAL,None,Low
2839,0,6,60,0.0235,NORMAL,None,Low
2840,0,1,10,0.0166,NORMAL,None,Medium
2840,0,2,20,0.0221,NORMAL,None,Medium
2840,0,3,30,0.0248,NORMAL,None,Medium
2840,0,4,40,0.0258,NORMAL,None,Low
2840,0,5,50,0.0264,NORMAL,None,Low
2840,0,6,60,0.027,NORMAL,None,Low
2841,0,1,10,0.0157,NORMAL,None,Medium
2841,0,2,20,0.0207,NORMAL,None,Medium
2841,0,3,30,0.0234,NORMAL,None,Medium
2841,0,4,40,0.0265,NORMAL,None,Low
2841,0,5,50,0.0252,NORMAL,None,Low
2841,0,6,60,0.0247,NORMAL,None,Low
2842,0,1,10,0.0164,NORMAL,None,Medium
2842,0,2,20,0.0201,NORMAL,None,Medium
2842,0,3,30,0.0243,NORMAL,None,Medium
2842,0,4,40,0.0256,NORMAL,None,Low
2842,0,5,50,0.0228,NORMAL,None,Low
2842,0,6,60,0.0231,NORMAL,None,Low
2843,0,1,10,0.0197,NORMAL,None,Medium
2843,0,2,20,0.0243,NORMAL,None,Medium
2843,0,3,30,0.028,NORMAL,None,Medium
2843,0,4,40,0.0292,NORMAL,None,Low
2843,0,5,50,0.0295,NORMAL,None,Low
2843,0,6,60,0.0247,NORMAL,None,Low
2844,0,1,10,0.0197,NORMAL,None,Medium
2844,0,2,20,0.0219,NORMAL,None,Medium
2844,0,3,30,0.0237,NORMAL,None,Medium
2844,0,4,40,0.0236,NORMAL,None,Low
2844,0,5,50,0.0236,NORMAL,None,Low
2844,0,6,60,0.0264,NORMAL,None,Low
2845,0,1,10,0.015,NORMAL,None,Medium
2845,0,2,20,0.0226,NORMAL,None,Medium
2845,0,3,30,0.0256,NORMAL,None,Medium
2845,0,4,40,0.0237,NORMAL,None,Low
2845,0,5,50,0.026,NORMAL,None,Low
2845,0,6,60,0.0243,NORMAL,None,Low
2846,0,1,10,0.0181,NORMAL,None,Medium
2846,0,2,20,0.0224,NORMAL,None,Medium
2846,0,3,30,0.0229,NORMAL,None,Medium
2846,0,4,40,0.0228,NORMAL,None,Low
2846,0,5,50,0.0232,NORMAL,None,Low
2846,0,6,60,0.0254,NORMAL,None,Low
2847,0,1,10,0.0217,NORMAL,None,Medium
2847,0,2,20,0.0226,NORMAL,None,Medium
2847,0,3,30,0.0219,NORMAL,None,Medium
2847,0,4,40,0.0238,NORMAL,None,Low
2847,0,5,50,0.025,NORMAL,None,Low
2847,0,6,60,0.025,NORMAL,None,Low
2848,0,1,10,0.0208,NORMAL,None,Medium
2848,0,2,20,0.0235,NORMAL,None,Medium
2848,0,3,30,0.0218,NORMAL,None,Medium
2848,0,4,40,0.0241,NORMAL,None,Low
2848,0,5,50,0.0249,NORMAL,None,Low
2848,0,6,60,0.0257,NORMAL,None,Low
2849,0,1,10,0.0169,NORMAL,None,Medium
2849,0,2,20,0.0217,NORMAL,None,Medium
2849,0,3,30,0.0245,NORMAL,None,Medium
2849,0,4,40,0.025,NORMAL,None,Low
2849,0,5,50,0.0256,NORMAL,None,Low
2849,0,6,60,0.0233,NORMAL,None,Low
120,0,1,10,0.9531,ACTIVE,Attack (unspecified),Low
120,0,2,20,0.9428,ACTIVE,Attack (unspecified),Low
120,0,3,30,0.941,ACTIVE,Attack (unspecified),Low
120,0,4,40,0.9335,ACTIVE,Attack (unspecified),Low
120,0,5,50,0.9336,ACTIVE,Attack (unspecified),Low
120,0,6,60,0.9337,ACTIVE,Attack (unspecified),Low
121,0,1,10,0.9613,ACTIVE,Attack (unspecified),Low
121,0,2,20,0.9565,ACTIVE,Attack (unspecified),Low
121,0,3,30,0.9501,ACTIVE,Attack (unspecified),Low
121,0,4,40,0.9491,ACTIVE,Attack (unspecified),Low
121,0,5,50,0.9495,ACTIVE,Attack (unspecified),Low
121,0,6,60,0.9475,ACTIVE,Attack (unspecified),Low
122,0,1,10,0.9466,ACTIVE,Attack (unspecified),Low
122,0,2,20,0.9405,ACTIVE,Attack (unspecified),Low
122,0,3,30,0.9359,ACTIVE,Attack (unspecified),Low
122,0,4,40,0.9326,ACTIVE,Attack (unspecified),Low
122,0,5,50,0.931,ACTIVE,Attack (unspecified),Low
122,0,6,60,0.9243,ACTIVE,Attack (unspecified),Low
123,0,1,10,0.9566,ACTIVE,Attack (unspecified),Low
123,0,2,20,0.9469,ACTIVE,Attack (unspecified),Low
123,0,3,30,0.9413,ACTIVE,Attack (unspecified),Low
123,0,4,40,0.9447,ACTIVE,Attack (unspecified),Low
123,0,5,50,0.9415,ACTIVE,Attack (unspecified),Low
123,0,6,60,0.9355,ACTIVE,Attack (unspecified),Low
124,0,1,10,0.0278,NORMAL,None,Medium
124,0,2,20,0.0256,NORMAL,None,Medium
124,0,3,30,0.0236,NORMAL,None,Medium
124,0,4,40,0.025,NORMAL,None,Low
124,0,5,50,0.0256,NORMAL,None,Low
124,0,6,60,0.0248,NORMAL,None,Low
125,0,1,10,0.0167,NORMAL,None,Medium
125,0,2,20,0.0243,NORMAL,None,Medium
125,0,3,30,0.0241,NORMAL,None,Medium
125,0,4,40,0.022,NORMAL,None,Low
125,0,5,50,0.0224,NORMAL,None,Low
125,0,6,60,0.0263,NORMAL,None,Low
126,0,1,10,0.0157,NORMAL,None,Medium
126,0,2,20,0.0226,NORMAL,None,Medium
126,0,3,30,0.0252,NORMAL,None,Medium
126,0,4,40,0.0273,NORMAL,None,Low
126,0,5,50,0.0244,NORMAL,None,Low
126,0,6,60,0.0251,NORMAL,None,Low
127,0,1,10,0.0155,NORMAL,None,Medium
127,0,2,20,0.0217,NORMAL,None,Medium
127,0,3,30,0.0258,NORMAL,None,Medium
127,0,4,40,0.025,NORMAL,None,Low
127,0,5,50,0.0271,NORMAL,None,Low
127,0,6,60,0.0273,NORMAL,None,Low
128,0,1,10,0.0167,NORMAL,None,Medium
128,0,2,20,0.0218,NORMAL,None,Medium
128,0,3,30,0.0238,NORMAL,None,Medium
128,0,4,40,0.0257,NORMAL,None,Low
128,0,5,50,0.0246,NORMAL,None,Low
128,0,6,60,0.0229,NORMAL,None,Low
129,0,1,10,0.0171,NORMAL,None,Medium
129,0,2,20,0.0234,NORMAL,None,Medium
129,0,3,30,0.0221,NORMAL,None,Medium
129,0,4,40,0.0244,NORMAL,None,Low
129,0,5,50,0.0248,NORMAL,None,Low
129,0,6,60,0.0242,NORMAL,None,Low
130,0,1,10,0.0249,NORMAL,None,Medium
130,0,2,20,0.026,NORMAL,None,Medium
130,0,3,30,0.0249,NORMAL,None,Medium
130,0,4,40,0.0263,NORMAL,None,Low
130,0,5,50,0.0286,NORMAL,None,Low
130,0,6,60,0.0258,NORMAL,None,Low
131,0,1,10,0.0323,NORMAL,None,Medium
131,0,2,20,0.0263,NORMAL,None,Medium
131,0,3,30,0.029,NORMAL,None,Medium
131,0,4,40,0.0262,NORMAL,None,Low
131,0,5,50,0.0261,NORMAL,None,Low
131,0,6,60,0.0273,NORMAL,None,Low
132,0,1,10,0.0581,NORMAL,None,Medium
132,0,2,20,0.0375,NORMAL,None,Medium
132,0,3,30,0.0312,NORMAL,None,Medium
132,0,4,40,0.0243,NORMAL,None,Low
132,0,5,50,0.0239,NORMAL,None,Low
132,0,6,60,0.0253,NORMAL,None,Low
133,0,1,10,0.0423,NORMAL,None,Medium
133,0,2,20,0.0339,NORMAL,None,Medium
133,0,3,30,0.0289,NORMAL,None,Medium
133,0,4,40,0.0292,NORMAL,None,Low
133,0,5,50,0.03,NORMAL,None,Low
133,0,6,60,0.0288,NORMAL,None,Low
134,0,1,10,0.1725,NORMAL,None,Medium
134,0,2,20,0.1222,NORMAL,None,Medium
134,0,3,30,0.0978,NORMAL,None,Medium
134,0,4,40,0.0742,NORMAL,None,Low
134,0,5,50,0.0579,NORMAL,None,Low
134,0,6,60,0.0472,NORMAL,None,Low
135,0,1,10,0.0963,NORMAL,None,Medium
135,0,2,20,0.0729,NORMAL,None,Medium
135,0,3,30,0.0531,NORMAL,None,Medium
135,0,4,40,0.0463,NORMAL,None,Low
135,0,5,50,0.0382,NORMAL,None,Low
135,0,6,60,0.0383,NORMAL,None,Low
136,0,1,10,0.3067,NORMAL,None,Medium
136,0,2,20,0.2466,NORMAL,None,Medium
136,0,3,30,0.1961,NORMAL,None,Medium
136,0,4,40,0.1511,NORMAL,None,Low
136,0,5,50,0.1202,NORMAL,None,Low
136,0,6,60,0.0819,NORMAL,None,Low
137,0,1,10,0.1523,NORMAL,None,Medium
137,0,2,20,0.0962,NORMAL,None,Medium
137,0,3,30,0.0696,NORMAL,None,Medium
137,0,4,40,0.0523,NORMAL,None,Low
137,0,5,50,0.0456,NORMAL,None,Low
137,0,6,60,0.0389,NORMAL,None,Low
138,0,1,10,0.0705,NORMAL,None,Medium
138,0,2,20,0.0429,NORMAL,None,Medium
138,0,3,30,0.0351,NORMAL,None,Medium
138,0,4,40,0.0339,NORMAL,None,Low
138,0,5,50,0.0326,NORMAL,None,Low
138,0,6,60,0.0279,NORMAL,None,Low
139,0,1,10,0.5054,NORMAL,None,Medium
139,0,2,20,0.4,NORMAL,None,Medium
139,0,3,30,0.2988,NORMAL,None,Medium
139,0,4,40,0.2311,NORMAL,None,Low
139,0,5,50,0.2059,NORMAL,None,Low
139,0,6,60,0.1994,NORMAL,None,Low
140,0,1,10,0.6012,NORMAL,None,Medium
140,0,2,20,0.6441,PRE_ATTACK,Reconnaissance,Low
140,0,3,30,0.6751,PRE_ATTACK,Reconnaissance,Low
140,0,4,40,0.6922,PRE_ATTACK,Reconnaissance,Low
140,0,5,50,0.6887,PRE_ATTACK,Reconnaissance,Low
140,0,6,60,0.6839,PRE_ATTACK,Reconnaissance,Low
141,0,1,10,0.8631,ACTIVE,Attack (unspecified),Low
141,0,2,20,0.9078,ACTIVE,Attack (unspecified),Low
141,0,3,30,0.9299,ACTIVE,Attack (unspecified),Low
141,0,4,40,0.9345,ACTIVE,Attack (unspecified),Low
141,0,5,50,0.9273,ACTIVE,Attack (unspecified),Low
141,0,6,60,0.9291,ACTIVE,Attack (unspecified),Low
142,0,1,10,0.9607,ACTIVE,Attack (unspecified),Low
142,0,2,20,0.9667,ACTIVE,Attack (unspecified),Low
142,0,3,30,0.9629,ACTIVE,Attack (unspecified),Low
142,0,4,40,0.9607,ACTIVE,Attack (unspecified),Low
142,0,5,50,0.9607,ACTIVE,Attack (unspecified),Low
142,0,6,60,0.9585,ACTIVE,Attack (unspecified),Low
143,0,1,10,0.9482,ACTIVE,Attack (unspecified),Low
143,0,2,20,0.9562,ACTIVE,Attack (unspecified),Low
143,0,3,30,0.9586,ACTIVE,Attack (unspecified),Low
143,0,4,40,0.9602,ACTIVE,Attack (unspecified),Low
143,0,5,50,0.9577,ACTIVE,Attack (unspecified),Low
143,0,6,60,0.9571,ACTIVE,Attack (unspecified),Low
144,0,1,10,0.844,ACTIVE,Initial Access,Low
144,0,2,20,0.9005,ACTIVE,Initial Access,Low
144,0,3,30,0.9263,ACTIVE,Initial Access,Low
144,0,4,40,0.9255,ACTIVE,Initial Access,Low
144,0,5,50,0.9227,ACTIVE,Initial Access,Low
144,0,6,60,0.9255,ACTIVE,Initial Access,Low
145,0,1,10,0.938,ACTIVE,Attack (unspecified),Low
145,0,2,20,0.9539,ACTIVE,Attack (unspecified),Low
145,0,3,30,0.9616,ACTIVE,Attack (unspecified),Low
145,0,4,40,0.9588,ACTIVE,Attack (unspecified),Low
145,0,5,50,0.9537,ACTIVE,Attack (unspecified),Low
145,0,6,60,0.9548,ACTIVE,Attack (unspecified),Low
146,0,1,10,0.945,ACTIVE,Attack (unspecified),Low
146,0,2,20,0.9601,ACTIVE,Attack (unspecified),Low
146,0,3,30,0.9602,ACTIVE,Attack (unspecified),Low
146,0,4,40,0.9623,ACTIVE,Attack (unspecified),Low
146,0,5,50,0.9613,ACTIVE,Attack (unspecified),Low
146,0,6,60,0.9581,ACTIVE,Attack (unspecified),Low
147,0,1,10,0.8765,ACTIVE,Attack (unspecified),Low
147,0,2,20,0.9275,ACTIVE,Attack (unspecified),Low
147,0,3,30,0.9419,ACTIVE,Attack (unspecified),Low
147,0,4,40,0.9398,ACTIVE,Attack (unspecified),Low
147,0,5,50,0.9399,ACTIVE,Attack (unspecified),Low
147,0,6,60,0.941,ACTIVE,Attack (unspecified),Low
148,0,1,10,0.8801,ACTIVE,Attack (unspecified),Low
148,0,2,20,0.923,ACTIVE,Attack (unspecified),Low
148,0,3,30,0.933,ACTIVE,Attack (unspecified),Low
148,0,4,40,0.9442,ACTIVE,Attack (unspecified),Low
148,0,5,50,0.9421,ACTIVE,Attack (unspecified),Low
148,0,6,60,0.9383,ACTIVE,Attack (unspecified),Low
149,0,1,10,0.8675,ACTIVE,Attack (unspecified),Low
149,0,2,20,0.9209,ACTIVE,Attack (unspecified),Low
149,0,3,30,0.9328,ACTIVE,Attack (unspecified),Low
149,0,4,40,0.9382,ACTIVE,Attack (unspecified),Low
149,0,5,50,0.937,ACTIVE,Attack (unspecified),Low
149,0,6,60,0.9327,ACTIVE,Attack (unspecified),Low
270,1,1,10,0.8077,ACTIVE,Initial Access,Low
270,1,2,20,0.8942,ACTIVE,Initial Access,Low
270,1,3,30,0.9068,ACTIVE,Initial Access,Low
270,1,4,40,0.9058,ACTIVE,Initial Access,Low
270,1,5,50,0.9055,ACTIVE,Initial Access,Low
270,1,6,60,0.903,ACTIVE,Initial Access,Low
271,1,1,10,0.0865,NORMAL,None,Medium
271,1,2,20,0.0586,NORMAL,None,Medium
271,1,3,30,0.0444,NORMAL,None,Medium
271,1,4,40,0.0398,NORMAL,None,Low
271,1,5,50,0.0354,NORMAL,None,Low
271,1,6,60,0.0315,NORMAL,None,Low
272,0,1,10,0.0856,NORMAL,None,Medium
272,0,2,20,0.0571,NORMAL,None,Medium
272,0,3,30,0.048,NORMAL,None,Medium
272,0,4,40,0.0405,NORMAL,None,Low
272,0,5,50,0.036,NORMAL,None,Low
272,0,6,60,0.0321,NORMAL,None,Low
273,0,1,10,0.0945,NORMAL,None,Medium
273,0,2,20,0.0555,NORMAL,None,Medium
273,0,3,30,0.0407,NORMAL,None,Medium
273,0,4,40,0.0374,NORMAL,None,Low
273,0,5,50,0.0334,NORMAL,None,Low
273,0,6,60,0.0334,NORMAL,None,Low
274,0,1,10,0.1053,NORMAL,None,Medium
274,0,2,20,0.0595,NORMAL,None,Medium
274,0,3,30,0.0436,NORMAL,None,Medium
274,0,4,40,0.0369,NORMAL,None,Low
274,0,5,50,0.0341,NORMAL,None,Low
274,0,6,60,0.0286,NORMAL,None,Low
275,1,1,10,0.0644,NORMAL,None,Medium
275,1,2,20,0.042,NORMAL,None,Medium
275,1,3,30,0.0341,NORMAL,None,Medium
275,1,4,40,0.0301,NORMAL,None,Low
275,1,5,50,0.0306,NORMAL,None,Low
275,1,6,60,0.0265,NORMAL,None,Low
276,1,1,10,0.4111,NORMAL,None,Medium
276,1,2,20,0.3691,NORMAL,None,Medium
276,1,3,30,0.3261,NORMAL,None,Medium
276,1,4,40,0.2787,NORMAL,None,Low
276,1,5,50,0.2281,NORMAL,None,Low
276,1,6,60,0.1979,NORMAL,None,Low
277,1,1,10,0.8921,ACTIVE,Initial Access,Low
277,1,2,20,0.8755,ACTIVE,Initial Access,Low
277,1,3,30,0.8676,PRE_ATTACK,Reconnaissance,Low
277,1,4,40,0.8635,PRE_ATTACK,Reconnaissance,Low
277,1,5,50,0.8672,ACTIVE,Initial Access,Low
277,1,6,60,0.865,PRE_ATTACK,Reconnaissance,Low
278,1,1,10,0.7988,PRE_ATTACK,Reconnaissance,Low
278,1,2,20,0.8177,PRE_ATTACK,Reconnaissance,Low
278,1,3,30,0.8248,PRE_ATTACK,Reconnaissance,Low
278,1,4,40,0.8281,PRE_ATTACK,Reconnaissance,Low
278,1,5,50,0.8218,PRE_ATTACK,Reconnaissance,Low
278,1,6,60,0.825,PRE_ATTACK,Reconnaissance,Low
279,1,1,10,0.8728,PRE_ATTACK,Reconnaissance,Low
279,1,2,20,0.88,ACTIVE,Initial Access,Low
279,1,3,30,0.881,ACTIVE,Initial Access,Low
279,1,4,40,0.8768,ACTIVE,Initial Access,Low
279,1,5,50,0.8665,ACTIVE,Initial Access,Low
279,1,6,60,0.8613,PRE_ATTACK,Reconnaissance,Low
280,1,1,10,0.9397,ACTIVE,Initial Access,Low
280,1,2,20,0.9346,ACTIVE,Initial Access,Low
280,1,3,30,0.9351,ACTIVE,Initial Access,Low
280,1,4,40,0.9282,ACTIVE,Initial Access,Low
280,1,5,50,0.9273,ACTIVE,Initial Access,Low
280,1,6,60,0.9233,ACTIVE,Initial Access,Low
281,1,1,10,0.9159,ACTIVE,Initial Access,Low
281,1,2,20,0.9084,ACTIVE,Initial Access,Low
281,1,3,30,0.8968,ACTIVE,Initial Access,Low
281,1,4,40,0.8989,ACTIVE,Initial Access,Low
281,1,5,50,0.8899,ACTIVE,Initial Access,Low
281,1,6,60,0.8809,ACTIVE,Initial Access,Low
282,1,1,10,0.8661,ACTIVE,Initial Access,Low
282,1,2,20,0.8651,PRE_ATTACK,Reconnaissance,Low
282,1,3,30,0.852,PRE_ATTACK,Reconnaissance,Low
282,1,4,40,0.8503,PRE_ATTACK,Reconnaissance,Low
282,1,5,50,0.8486,PRE_ATTACK,Reconnaissance,Low
282,1,6,60,0.8479,PRE_ATTACK,Reconnaissance,Low
283,1,1,10,0.8867,ACTIVE,Initial Access,Low
283,1,2,20,0.8767,ACTIVE,Initial Access,Low
283,1,3,30,0.8748,ACTIVE,Initial Access,Low
283,1,4,40,0.8674,PRE_ATTACK,Reconnaissance,Low
283,1,5,50,0.8602,PRE_ATTACK,Reconnaissance,Low
283,1,6,60,0.8618,PRE_ATTACK,Reconnaissance,Low
284,1,1,10,0.8697,PRE_ATTACK,Reconnaissance,Low
284,1,2,20,0.8542,PRE_ATTACK,Reconnaissance,Low
284,1,3,30,0.849,PRE_ATTACK,Reconnaissance,Low
284,1,4,40,0.8449,PRE_ATTACK,Reconnaissance,Low
284,1,5,50,0.8376,PRE_ATTACK,Reconnaissance,Low
284,1,6,60,0.8402,PRE_ATTACK,Reconnaissance,Low
285,1,1,10,0.6912,PRE_ATTACK,Reconnaissance,Low
285,1,2,20,0.696,PRE_ATTACK,Reconnaissance,Low
285,1,3,30,0.7054,PRE_ATTACK,Reconnaissance,Low
285,1,4,40,0.7029,PRE_ATTACK,Reconnaissance,Low
285,1,5,50,0.7035,PRE_ATTACK,Reconnaissance,Low
285,1,6,60,0.7152,PRE_ATTACK,Reconnaissance,Low
286,1,1,10,0.0313,NORMAL,None,Medium
286,1,2,20,0.0331,NORMAL,None,Medium
286,1,3,30,0.0311,NORMAL,None,Medium
286,1,4,40,0.03,NORMAL,None,Low
286,1,5,50,0.0282,NORMAL,None,Low
286,1,6,60,0.0272,NORMAL,None,Low
287,1,1,10,0.0173,NORMAL,None,Medium
287,1,2,20,0.0219,NORMAL,None,Medium
287,1,3,30,0.0259,NORMAL,None,Medium
287,1,4,40,0.0258,NORMAL,None,Low
287,1,5,50,0.0273,NORMAL,None,Low
287,1,6,60,0.0274,NORMAL,None,Low
288,1,1,10,0.0154,NORMAL,None,Medium
288,1,2,20,0.0223,NORMAL,None,Medium
288,1,3,30,0.0242,NORMAL,None,Medium
288,1,4,40,0.0246,NORMAL,None,Low
288,1,5,50,0.0274,NORMAL,None,Low
288,1,6,60,0.0269,NORMAL,None,Low
289,1,1,10,0.0151,NORMAL,None,Medium
289,1,2,20,0.0215,NORMAL,None,Medium
289,1,3,30,0.0238,NORMAL,None,Medium
289,1,4,40,0.0278,NORMAL,None,Low
289,1,5,50,0.0264,NORMAL,None,Low
289,1,6,60,0.0281,NORMAL,None,Low
290,1,1,10,0.0149,NORMAL,None,Medium
290,1,2,20,0.0216,NORMAL,None,Medium
290,1,3,30,0.0255,NORMAL,None,Medium
290,1,4,40,0.0223,NORMAL,None,Low
290,1,5,50,0.0252,NORMAL,None,Low
290,1,6,60,0.0261,NORMAL,None,Low
291,1,1,10,0.0142,NORMAL,None,Medium
291,1,2,20,0.0199,NORMAL,None,Medium
291,1,3,30,0.0223,NORMAL,None,Medium
291,1,4,40,0.0243,NORMAL,None,Low
291,1,5,50,0.0234,NORMAL,None,Low
291,1,6,60,0.025,NORMAL,None,Low
292,1,1,10,0.0156,NORMAL,None,Medium
292,1,2,20,0.0218,NORMAL,None,Medium
292,1,3,30,0.0209,NORMAL,None,Medium
292,1,4,40,0.0222,NORMAL,None,Low
292,1,5,50,0.0237,NORMAL,None,Low
292,1,6,60,0.0254,NORMAL,None,Low
293,1,1,10,0.0169,NORMAL,None,Medium
293,1,2,20,0.0216,NORMAL,None,Medium
293,1,3,30,0.0242,NORMAL,None,Medium
293,1,4,40,0.0272,NORMAL,None,Low
293,1,5,50,0.0247,NORMAL,None,Low
293,1,6,60,0.0256,NORMAL,None,Low
294,1,1,10,0.0239,NORMAL,None,Medium
294,1,2,20,0.026,NORMAL,None,Medium
294,1,3,30,0.0242,NORMAL,None,Medium
294,1,4,40,0.025,NORMAL,None,Low
294,1,5,50,0.028,NORMAL,None,Low
294,1,6,60,0.0262,NORMAL,None,Low
295,1,1,10,0.0218,NORMAL,None,Medium
295,1,2,20,0.0255,NORMAL,None,Medium
295,1,3,30,0.0265,NORMAL,None,Medium
295,1,4,40,0.0265,NORMAL,None,Low
295,1,5,50,0.0241,NORMAL,None,Low
295,1,6,60,0.0244,NORMAL,None,Low
296,0,1,10,0.0248,NORMAL,None,Medium
296,0,2,20,0.0258,NORMAL,None,Medium
296,0,3,30,0.0263,NORMAL,None,Medium
296,0,4,40,0.0271,NORMAL,None,Low
296,0,5,50,0.0249,NORMAL,None,Low
296,0,6,60,0.0298,NORMAL,None,Low
297,0,1,10,0.0287,NORMAL,None,Medium
297,0,2,20,0.025,NORMAL,None,Medium
297,0,3,30,0.0213,NORMAL,None,Medium
297,0,4,40,0.0248,NORMAL,None,Low
297,0,5,50,0.0256,NORMAL,None,Low
297,0,6,60,0.0275,NORMAL,None,Low
298,1,1,10,0.034,NORMAL,None,Medium
298,1,2,20,0.0262,NORMAL,None,Medium
298,1,3,30,0.024,NORMAL,None,Medium
298,1,4,40,0.0223,NORMAL,None,Low
298,1,5,50,0.0242,NORMAL,None,Low
298,1,6,60,0.0251,NORMAL,None,Low
299,1,1,10,0.9631,ACTIVE,Initial Access,Low
299,1,2,20,0.9571,ACTIVE,Initial Access,Low
299,1,3,30,0.955,ACTIVE,Initial Access,Low
299,1,4,40,0.9535,ACTIVE,Initial Access,Low
299,1,5,50,0.9552,ACTIVE,Initial Access,Low
299,1,6,60,0.9522,ACTIVE,Initial Access,Low
420,1,1,10,0.8818,PRE_ATTACK,Reconnaissance,Low
420,1,2,20,0.8865,ACTIVE,Initial Access,Low
420,1,3,30,0.8921,ACTIVE,Initial Access,Low
420,1,4,40,0.8849,ACTIVE,Initial Access,Low
420,1,5,50,0.889,ACTIVE,Initial Access,Low
420,1,6,60,0.8881,ACTIVE,Initial Access,Low
421,1,1,10,0.8777,PRE_ATTACK,Reconnaissance,Low
421,1,2,20,0.8872,ACTIVE,Initial Access,Low
421,1,3,30,0.885,ACTIVE,Initial Access,Low
421,1,4,40,0.883,ACTIVE,Initial Access,Low
421,1,5,50,0.8785,ACTIVE,Initial Access,Low
421,1,6,60,0.8712,ACTIVE,Initial Access,Low
422,0,1,10,0.9077,ACTIVE,Initial Access,Low
422,0,2,20,0.9084,ACTIVE,Initial Access,Low
422,0,3,30,0.9127,ACTIVE,Initial Access,Low
422,0,4,40,0.9103,ACTIVE,Initial Access,Low
422,0,5,50,0.9094,ACTIVE,Initial Access,Low
422,0,6,60,0.9068,ACTIVE,Initial Access,Low
423,1,1,10,0.8758,ONSET,Initial Access,Low
423,1,2,20,0.8867,ACTIVE,Initial Access,Low
423,1,3,30,0.8905,ACTIVE,Initial Access,Low
423,1,4,40,0.888,ACTIVE,Initial Access,Low
423,1,5,50,0.8825,ACTIVE,Initial Access,Low
423,1,6,60,0.8794,ACTIVE,Initial Access,Low
424,1,1,10,0.9607,ACTIVE,Initial Access,Low
424,1,2,20,0.9523,ACTIVE,Initial Access,Low
424,1,3,30,0.9479,ACTIVE,Initial Access,Low
424,1,4,40,0.9471,ACTIVE,Initial Access,Low
424,1,5,50,0.9455,ACTIVE,Initial Access,Low
424,1,6,60,0.9429,ACTIVE,Initial Access,Low
425,1,1,10,0.9464,ACTIVE,Initial Access,Low
425,1,2,20,0.9416,ACTIVE,Initial Access,Low
425,1,3,30,0.9392,ACTIVE,Initial Access,Low
425,1,4,40,0.9372,ACTIVE,Initial Access,Low
425,1,5,50,0.9343,ACTIVE,Initial Access,Low
425,1,6,60,0.9349,ACTIVE,Initial Access,Low
426,1,1,10,0.95,ACTIVE,Initial Access,Low
426,1,2,20,0.9451,ACTIVE,Initial Access,Low
426,1,3,30,0.9411,ACTIVE,Initial Access,Low
426,1,4,40,0.9408,ACTIVE,Initial Access,Low
426,1,5,50,0.9372,ACTIVE,Initial Access,Low
426,1,6,60,0.9333,ACTIVE,Initial Access,Low
427,1,1,10,0.8949,ACTIVE,Initial Access,Low
427,1,2,20,0.8924,ACTIVE,Initial Access,Low
427,1,3,30,0.8975,ACTIVE,Initial Access,Low
427,1,4,40,0.8956,ACTIVE,Initial Access,Low
427,1,5,50,0.8984,ACTIVE,Initial Access,Low
427,1,6,60,0.8941,ACTIVE,Initial Access,Low
428,1,1,10,0.923,ACTIVE,Initial Access,Low
428,1,2,20,0.9123,ACTIVE,Initial Access,Low
428,1,3,30,0.9029,ACTIVE,Initial Access,Low
428,1,4,40,0.8968,ACTIVE,Initial Access,Low
428,1,5,50,0.8951,ACTIVE,Initial Access,Low
428,1,6,60,0.896,ACTIVE,Initial Access,Low
429,1,1,10,0.7535,PRE_ATTACK,Reconnaissance,Low
429,1,2,20,0.7751,PRE_ATTACK,Reconnaissance,Low
429,1,3,30,0.7707,PRE_ATTACK,Reconnaissance,Low
429,1,4,40,0.7725,PRE_ATTACK,Reconnaissance,Low
429,1,5,50,0.7764,PRE_ATTACK,Reconnaissance,Low
429,1,6,60,0.7805,PRE_ATTACK,Reconnaissance,Low
430,1,1,10,0.6796,PRE_ATTACK,Reconnaissance,Low
430,1,2,20,0.69,PRE_ATTACK,Reconnaissance,Low
430,1,3,30,0.6971,PRE_ATTACK,Reconnaissance,Low
430,1,4,40,0.7083,PRE_ATTACK,Reconnaissance,Low
430,1,5,50,0.7149,PRE_ATTACK,Reconnaissance,Low
430,1,6,60,0.7224,PRE_ATTACK,Reconnaissance,Low
431,1,1,10,0.7786,PRE_ATTACK,Reconnaissance,Low
431,1,2,20,0.771,PRE_ATTACK,Reconnaissance,Low
431,1,3,30,0.766,PRE_ATTACK,Reconnaissance,Low
431,1,4,40,0.7723,PRE_ATTACK,Reconnaissance,Low
431,1,5,50,0.7741,PRE_ATTACK,Reconnaissance,Low
431,1,6,60,0.7777,PRE_ATTACK,Reconnaissance,Low
432,1,1,10,0.7324,PRE_ATTACK,Reconnaissance,Low
432,1,2,20,0.733,PRE_ATTACK,Reconnaissance,Low
432,1,3,30,0.7463,PRE_ATTACK,Reconnaissance,Low
432,1,4,40,0.757,PRE_ATTACK,Reconnaissance,Low
432,1,5,50,0.7554,PRE_ATTACK,Reconnaissance,Low
432,1,6,60,0.7644,PRE_ATTACK,Reconnaissance,Low
433,1,1,10,0.7216,PRE_ATTACK,Reconnaissance,Low
433,1,2,20,0.729,PRE_ATTACK,Reconnaissance,Low
433,1,3,30,0.7382,PRE_ATTACK,Reconnaissance,Low
433,1,4,40,0.74,PRE_ATTACK,Reconnaissance,Low
433,1,5,50,0.7398,PRE_ATTACK,Reconnaissance,Low
433,1,6,60,0.7485,PRE_ATTACK,Reconnaissance,Low
434,1,1,10,0.6817,PRE_ATTACK,Reconnaissance,Low
434,1,2,20,0.741,PRE_ATTACK,Reconnaissance,Low
434,1,3,30,0.742,PRE_ATTACK,Reconnaissance,Low
434,1,4,40,0.7564,PRE_ATTACK,Reconnaissance,Low
434,1,5,50,0.7542,PRE_ATTACK,Reconnaissance,Low
434,1,6,60,0.7732,PRE_ATTACK,Reconnaissance,Low
435,1,1,10,0.8532,ONSET,Initial Access,Low
435,1,2,20,0.871,PRE_ATTACK,Reconnaissance,Low
435,1,3,30,0.8767,ACTIVE,Initial Access,Low
435,1,4,40,0.8655,PRE_ATTACK,Reconnaissance,Low
435,1,5,50,0.8671,PRE_ATTACK,Reconnaissance,Low
435,1,6,60,0.8667,PRE_ATTACK,Reconnaissance,Low
436,1,1,10,0.9338,ACTIVE,Initial Access,Low
436,1,2,20,0.9285,ACTIVE,Initial Access,Low
436,1,3,30,0.9217,ACTIVE,Initial Access,Low
436,1,4,40,0.9185,ACTIVE,Initial Access,Low
436,1,5,50,0.9145,ACTIVE,Initial Access,Low
436,1,6,60,0.9136,ACTIVE,Initial Access,Low
437,1,1,10,0.9632,ACTIVE,Initial Access,Low
437,1,2,20,0.956,ACTIVE,Initial Access,Low
437,1,3,30,0.9495,ACTIVE,Initial Access,Low
437,1,4,40,0.9477,ACTIVE,Initial Access,Low
437,1,5,50,0.9462,ACTIVE,Initial Access,Low
437,1,6,60,0.9435,ACTIVE,Initial Access,Low
438,1,1,10,0.9104,ACTIVE,Initial Access,Low
438,1,2,20,0.9149,ACTIVE,Initial Access,Low
438,1,3,30,0.9089,ACTIVE,Initial Access,Low
438,1,4,40,0.9043,ACTIVE,Initial Access,Low
438,1,5,50,0.9055,ACTIVE,Initial Access,Low
438,1,6,60,0.9018,ACTIVE,Initial Access,Low
439,1,1,10,0.9647,ACTIVE,Initial Access,Low
439,1,2,20,0.9555,ACTIVE,Initial Access,Low
439,1,3,30,0.9525,ACTIVE,Initial Access,Low
439,1,4,40,0.9544,ACTIVE,Initial Access,Low
439,1,5,50,0.9495,ACTIVE,Initial Access,Low
439,1,6,60,0.9434,ACTIVE,Initial Access,Low
440,1,1,10,0.9626,ACTIVE,Initial Access,Low
440,1,2,20,0.9579,ACTIVE,Initial Access,Low
440,1,3,30,0.9506,ACTIVE,Initial Access,Low
440,1,4,40,0.9487,ACTIVE,Initial Access,Low
440,1,5,50,0.9471,ACTIVE,Initial Access,Low
440,1,6,60,0.9456,ACTIVE,Initial Access,Low
441,1,1,10,0.9568,ACTIVE,Initial Access,Low
441,1,2,20,0.9447,ACTIVE,Initial Access,Low
441,1,3,30,0.9414,ACTIVE,Initial Access,Low
441,1,4,40,0.9378,ACTIVE,Initial Access,Low
441,1,5,50,0.9365,ACTIVE,Initial Access,Low
441,1,6,60,0.937,ACTIVE,Initial Access,Low
442,1,1,10,0.9443,ACTIVE,Initial Access,Low
442,1,2,20,0.9426,ACTIVE,Initial Access,Low
442,1,3,30,0.9378,ACTIVE,Initial Access,Low
442,1,4,40,0.935,ACTIVE,Initial Access,Low
442,1,5,50,0.9369,ACTIVE,Initial Access,Low
442,1,6,60,0.9332,ACTIVE,Initial Access,Low
443,1,1,10,0.9634,ACTIVE,Initial Access,Low
443,1,2,20,0.9515,ACTIVE,Initial Access,Low
443,1,3,30,0.9501,ACTIVE,Initial Access,Low
443,1,4,40,0.9487,ACTIVE,Initial Access,Low
443,1,5,50,0.9456,ACTIVE,Initial Access,Low
443,1,6,60,0.9458,ACTIVE,Initial Access,Low
444,1,1,10,0.9691,ACTIVE,Initial Access,Low
444,1,2,20,0.9622,ACTIVE,Initial Access,Low
444,1,3,30,0.9547,ACTIVE,Initial Access,Low
444,1,4,40,0.9535,ACTIVE,Initial Access,Low
444,1,5,50,0.9512,ACTIVE,Initial Access,Low
444,1,6,60,0.9501,ACTIVE,Initial Access,Low
445,1,1,10,0.9602,ACTIVE,Initial Access,Low
445,1,2,20,0.9545,ACTIVE,Initial Access,Low
445,1,3,30,0.9488,ACTIVE,Initial Access,Low
445,1,4,40,0.9484,ACTIVE,Initial Access,Low
445,1,5,50,0.9471,ACTIVE,Initial Access,Low
445,1,6,60,0.946,ACTIVE,Initial Access,Low
446,1,1,10,0.939,ACTIVE,Initial Access,Low
446,1,2,20,0.9396,ACTIVE,Initial Access,Low
446,1,3,30,0.9372,ACTIVE,Initial Access,Low
446,1,4,40,0.9392,ACTIVE,Initial Access,Low
446,1,5,50,0.9356,ACTIVE,Initial Access,Low
446,1,6,60,0.9314,ACTIVE,Initial Access,Low
447,1,1,10,0.9703,ACTIVE,Initial Access,Low
447,1,2,20,0.9599,ACTIVE,Initial Access,Low
447,1,3,30,0.9578,ACTIVE,Initial Access,Low
447,1,4,40,0.9512,ACTIVE,Initial Access,Low
447,1,5,50,0.9521,ACTIVE,Initial Access,Low
447,1,6,60,0.9499,ACTIVE,Initial Access,Low
448,1,1,10,0.9666,ACTIVE,Initial Access,Low
448,1,2,20,0.962,ACTIVE,Initial Access,Low
448,1,3,30,0.9533,ACTIVE,Initial Access,Low
448,1,4,40,0.9526,ACTIVE,Initial Access,Low
448,1,5,50,0.9508,ACTIVE,Initial Access,Low
448,1,6,60,0.9476,ACTIVE,Initial Access,Low
449,1,1,10,0.9739,ACTIVE,Initial Access,Low
449,1,2,20,0.9666,ACTIVE,Initial Access,Low
449,1,3,30,0.9613,ACTIVE,Initial Access,Low
449,1,4,40,0.9618,ACTIVE,Initial Access,Low
449,1,5,50,0.9577,ACTIVE,Initial Access,Low
449,1,6,60,0.9532,ACTIVE,Initial Access,Low
570,0,1,10,0.0154,NORMAL,None,Medium
570,0,2,20,0.0207,NORMAL,None,Medium
570,0,3,30,0.0225,NORMAL,None,Medium
570,0,4,40,0.0242,NORMAL,None,Low
570,0,5,50,0.0238,NORMAL,None,Low
570,0,6,60,0.0267,NORMAL,None,Low
571,0,1,10,0.0142,NORMAL,None,Medium
571,0,2,20,0.0199,NORMAL,None,Medium
571,0,3,30,0.0238,NORMAL,None,Medium
571,0,4,40,0.0251,NORMAL,None,Low
571,0,5,50,0.025,NORMAL,None,Low
571,0,6,60,0.0267,NORMAL,None,Low
572,0,1,10,0.0166,NORMAL,None,Medium
572,0,2,20,0.0196,NORMAL,None,Medium
572,0,3,30,0.0211,NORMAL,None,Medium
572,0,4,40,0.0227,NORMAL,None,Low
572,0,5,50,0.0231,NORMAL,None,Low
572,0,6,60,0.0273,NORMAL,None,Low
573,0,1,10,0.0183,NORMAL,None,Medium
573,0,2,20,0.0196,NORMAL,None,Medium
573,0,3,30,0.0221,NORMAL,None,Medium
573,0,4,40,0.0249,NORMAL,None,Low
573,0,5,50,0.0274,NORMAL,None,Low
573,0,6,60,0.0274,NORMAL,None,Low
574,0,1,10,0.02,NORMAL,None,Medium
574,0,2,20,0.0215,NORMAL,None,Medium
574,0,3,30,0.0243,NORMAL,None,Medium
574,0,4,40,0.0254,NORMAL,None,Low
574,0,5,50,0.0284,NORMAL,None,Low
574,0,6,60,0.0275,NORMAL,None,Low
575,0,1,10,0.4958,NORMAL,None,Medium
575,0,2,20,0.4546,NORMAL,None,Medium
575,0,3,30,0.429,NORMAL,None,Medium
575,0,4,40,0.4058,NORMAL,None,Low
575,0,5,50,0.3716,NORMAL,None,Low
575,0,6,60,0.3389,NORMAL,None,Low
576,0,1,10,0.1089,NORMAL,None,Medium
576,0,2,20,0.0644,NORMAL,None,Medium
576,0,3,30,0.0481,NORMAL,None,Medium
576,0,4,40,0.04,NORMAL,None,Low
576,0,5,50,0.0365,NORMAL,None,Low
576,0,6,60,0.034,NORMAL,None,Low
577,0,1,10,0.1106,NORMAL,None,Medium
577,0,2,20,0.0885,NORMAL,None,Medium
577,0,3,30,0.0725,NORMAL,None,Medium
577,0,4,40,0.0517,NORMAL,None,Low
577,0,5,50,0.0483,NORMAL,None,Low
577,0,6,60,0.0436,NORMAL,None,Low
578,0,1,10,0.0374,NORMAL,None,Medium
578,0,2,20,0.0331,NORMAL,None,Medium
578,0,3,30,0.0313,NORMAL,None,Medium
578,0,4,40,0.0287,NORMAL,None,Low
578,0,5,50,0.0248,NORMAL,None,Low
578,0,6,60,0.0262,NORMAL,None,Low
579,0,1,10,0.0523,NORMAL,None,Medium
579,0,2,20,0.0434,NORMAL,None,Medium
579,0,3,30,0.0399,NORMAL,None,Medium
579,0,4,40,0.0319,NORMAL,None,Low
579,0,5,50,0.029,NORMAL,None,Low
579,0,6,60,0.0282,NORMAL,None,Low
580,0,1,10,0.0339,NORMAL,None,Medium
580,0,2,20,0.0368,NORMAL,None,Medium
580,0,3,30,0.0285,NORMAL,None,Medium
580,0,4,40,0.031,NORMAL,None,Low
580,0,5,50,0.0286,NORMAL,None,Low
580,0,6,60,0.0292,NORMAL,None,Low
581,0,1,10,0.0245,NORMAL,None,Medium
581,0,2,20,0.028,NORMAL,None,Medium
581,0,3,30,0.028,NORMAL,None,Medium
581,0,4,40,0.0292,NORMAL,None,Low
581,0,5,50,0.0313,NORMAL,None,Low
581,0,6,60,0.0261,NORMAL,None,Low
582,0,1,10,0.0204,NORMAL,None,Medium
582,0,2,20,0.0249,NORMAL,None,Medium
582,0,3,30,0.0258,NORMAL,None,Medium
582,0,4,40,0.0251,NORMAL,None,Low
582,0,5,50,0.023,NORMAL,None,Low
582,0,6,60,0.0267,NORMAL,None,Low
583,0,1,10,0.0224,NORMAL,None,Medium
583,0,2,20,0.0229,NORMAL,None,Medium
583,0,3,30,0.0258,NORMAL,None,Medium
583,0,4,40,0.0276,NORMAL,None,Low
583,0,5,50,0.0256,NORMAL,None,Low
583,0,6,60,0.0315,NORMAL,None,Low
584,0,1,10,0.0248,NORMAL,None,Medium
584,0,2,20,0.0236,NORMAL,None,Medium
584,0,3,30,0.0244,NORMAL,None,Medium
584,0,4,40,0.0255,NORMAL,None,Low
584,0,5,50,0.0277,NORMAL,None,Low
584,0,6,60,0.026,NORMAL,None,Low
585,0,1,10,0.0213,NORMAL,None,Medium
585,0,2,20,0.0248,NORMAL,None,Medium
585,0,3,30,0.0249,NORMAL,None,Medium
585,0,4,40,0.0282,NORMAL,None,Low
585,0,5,50,0.0257,NORMAL,None,Low
585,0,6,60,0.025,NORMAL,None,Low
586,0,1,10,0.0213,NORMAL,None,Medium
586,0,2,20,0.0249,NORMAL,None,Medium
586,0,3,30,0.0268,NORMAL,None,Medium
586,0,4,40,0.0261,NORMAL,None,Low
586,0,5,50,0.0275,NORMAL,None,Low
586,0,6,60,0.0272,NORMAL,None,Low
587,0,1,10,0.0425,NORMAL,None,Medium
587,0,2,20,0.0325,NORMAL,None,Medium
587,0,3,30,0.0332,NORMAL,None,Medium
587,0,4,40,0.0316,NORMAL,None,Low
587,0,5,50,0.0279,NORMAL,None,Low
587,0,6,60,0.0282,NORMAL,None,Low
588,0,1,10,0.0544,NORMAL,None,Medium
588,0,2,20,0.0452,NORMAL,None,Medium
588,0,3,30,0.0345,NORMAL,None,Medium
588,0,4,40,0.0346,NORMAL,None,Low
588,0,5,50,0.0321,NORMAL,None,Low
588,0,6,60,0.0304,NORMAL,None,Low
589,0,1,10,0.0526,NORMAL,None,Medium
589,0,2,20,0.0371,NORMAL,None,Medium
589,0,3,30,0.0322,NORMAL,None,Medium
589,0,4,40,0.0293,NORMAL,None,Low
589,0,5,50,0.0285,NORMAL,None,Low
589,0,6,60,0.0289,NORMAL,None,Low
590,0,1,10,0.0344,NORMAL,None,Medium
590,0,2,20,0.0316,NORMAL,None,Medium
590,0,3,30,0.0263,NORMAL,None,Medium
590,0,4,40,0.026,NORMAL,None,Low
590,0,5,50,0.0257,NORMAL,None,Low
590,0,6,60,0.0265,NORMAL,None,Low
591,0,1,10,0.0232,NORMAL,None,Medium
591,0,2,20,0.0287,NORMAL,None,Medium
591,0,3,30,0.0264,NORMAL,None,Medium
591,0,4,40,0.0264,NORMAL,None,Low
591,0,5,50,0.0265,NORMAL,None,Low
591,0,6,60,0.0254,NORMAL,None,Low
592,0,1,10,0.0213,NORMAL,None,Medium
592,0,2,20,0.0228,NORMAL,None,Medium
592,0,3,30,0.0259,NORMAL,None,Medium
592,0,4,40,0.0281,NORMAL,None,Low
592,0,5,50,0.0259,NORMAL,None,Low
592,0,6,60,0.0263,NORMAL,None,Low
593,0,1,10,0.0231,NORMAL,None,Medium
593,0,2,20,0.0251,NORMAL,None,Medium
593,0,3,30,0.0288,NORMAL,None,Medium
593,0,4,40,0.0267,NORMAL,None,Low
593,0,5,50,0.0263,NORMAL,None,Low
593,0,6,60,0.0259,NORMAL,None,Low
594,0,1,10,0.0233,NORMAL,None,Medium
594,0,2,20,0.0235,NORMAL,None,Medium
594,0,3,30,0.0236,NORMAL,None,Medium
594,0,4,40,0.0244,NORMAL,None,Low
594,0,5,50,0.0226,NORMAL,None,Low
594,0,6,60,0.0259,NORMAL,None,Low
595,0,1,10,0.0182,NORMAL,None,Medium
595,0,2,20,0.0256,NORMAL,None,Medium
595,0,3,30,0.0247,NORMAL,None,Medium
595,0,4,40,0.0262,NORMAL,None,Low
595,0,5,50,0.0263,NORMAL,None,Low
595,0,6,60,0.0266,NORMAL,None,Low
596,0,1,10,0.0176,NORMAL,None,Medium
596,0,2,20,0.0244,NORMAL,None,Medium
596,0,3,30,0.0246,NORMAL,None,Medium
596,0,4,40,0.0233,NORMAL,None,Low
596,0,5,50,0.0264,NORMAL,None,Low
596,0,6,60,0.026,NORMAL,None,Low
597,0,1,10,0.0177,NORMAL,None,Medium
597,0,2,20,0.023,NORMAL,None,Medium
597,0,3,30,0.0233,NORMAL,None,Medium
597,0,4,40,0.0268,NORMAL,None,Low
597,0,5,50,0.0272,NORMAL,None,Low
597,0,6,60,0.026,NORMAL,None,Low
598,0,1,10,0.0207,NORMAL,None,Medium
598,0,2,20,0.0238,NORMAL,None,Medium
598,0,3,30,0.0242,NORMAL,None,Medium
598,0,4,40,0.0237,NORMAL,None,Low
598,0,5,50,0.0258,NORMAL,None,Low
598,0,6,60,0.0282,NORMAL,None,Low
599,0,1,10,0.0225,NORMAL,None,Medium
599,0,2,20,0.0241,NORMAL,None,Medium
599,0,3,30,0.025,NORMAL,None,Medium
599,0,4,40,0.026,NORMAL,None,Low
599,0,5,50,0.0248,NORMAL,None,Low
599,0,6,60,0.0278,NORMAL,None,Low
720,0,1,10,0.2288,NORMAL,None,Medium
720,0,2,20,0.178,NORMAL,None,Medium
720,0,3,30,0.1359,NORMAL,None,Medium
720,0,4,40,0.0957,NORMAL,None,Low
720,0,5,50,0.0799,NORMAL,None,Low
720,0,6,60,0.0647,NORMAL,None,Low
721,0,1,10,0.1578,NORMAL,None,Medium
721,0,2,20,0.1091,NORMAL,None,Medium
721,0,3,30,0.0816,NORMAL,None,Medium
721,0,4,40,0.0769,NORMAL,None,Low
721,0,5,50,0.0562,NORMAL,None,Low
721,0,6,60,0.0487,NORMAL,None,Low
722,0,1,10,0.0388,NORMAL,None,Medium
722,0,2,20,0.0328,NORMAL,None,Medium
722,0,3,30,0.0314,NORMAL,None,Medium
722,0,4,40,0.0285,NORMAL,None,Low
722,0,5,50,0.0303,NORMAL,None,Low
722,0,6,60,0.0289,NORMAL,None,Low
723,0,1,10,0.0281,NORMAL,None,Medium
723,0,2,20,0.0296,NORMAL,None,Medium
723,0,3,30,0.0272,NORMAL,None,Medium
723,0,4,40,0.0282,NORMAL,None,Low
723,0,5,50,0.0275,NORMAL,None,Low
723,0,6,60,0.025,NORMAL,None,Low
724,0,1,10,0.025,NORMAL,None,Medium
724,0,2,20,0.0245,NORMAL,None,Medium
724,0,3,30,0.0255,NORMAL,None,Medium
724,0,4,40,0.0249,NORMAL,None,Low
724,0,5,50,0.0232,NORMAL,None,Low
724,0,6,60,0.0265,NORMAL,None,Low
725,0,1,10,0.0264,NORMAL,None,Medium
725,0,2,20,0.0294,NORMAL,None,Medium
725,0,3,30,0.028,NORMAL,None,Medium
725,0,4,40,0.0273,NORMAL,None,Low
725,0,5,50,0.0308,NORMAL,None,Low
725,0,6,60,0.0282,NORMAL,None,Low
726,0,1,10,0.0303,NORMAL,None,Medium
726,0,2,20,0.0327,NORMAL,None,Medium
726,0,3,30,0.0286,NORMAL,None,Medium
726,0,4,40,0.029,NORMAL,None,Low
726,0,5,50,0.0296,NORMAL,None,Low
726,0,6,60,0.027,NORMAL,None,Low
727,0,1,10,0.0445,NORMAL,None,Medium
727,0,2,20,0.0354,NORMAL,None,Medium
727,0,3,30,0.0331,NORMAL,None,Medium
727,0,4,40,0.03,NORMAL,None,Low
727,0,5,50,0.0289,NORMAL,None,Low
727,0,6,60,0.025,NORMAL,None,Low
728,0,1,10,0.0291,NORMAL,None,Medium
728,0,2,20,0.027,NORMAL,None,Medium
728,0,3,30,0.0265,NORMAL,None,Medium
728,0,4,40,0.0273,NORMAL,None,Low
728,0,5,50,0.0276,NORMAL,None,Low
728,0,6,60,0.0282,NORMAL,None,Low
729,0,1,10,0.0248,NORMAL,None,Medium
729,0,2,20,0.0302,NORMAL,None,Medium
729,0,3,30,0.029,NORMAL,None,Medium
729,0,4,40,0.0299,NORMAL,None,Low
729,0,5,50,0.0283,NORMAL,None,Low
729,0,6,60,0.025,NORMAL,None,Low
730,0,1,10,0.016,NORMAL,None,Medium
730,0,2,20,0.0241,NORMAL,None,Medium
730,0,3,30,0.0243,NORMAL,None,Medium
730,0,4,40,0.0255,NORMAL,None,Low
730,0,5,50,0.0269,NORMAL,None,Low
730,0,6,60,0.024,NORMAL,None,Low
731,0,1,10,0.0209,NORMAL,None,Medium
731,0,2,20,0.0255,NORMAL,None,Medium
731,0,3,30,0.0223,NORMAL,None,Medium
731,0,4,40,0.0267,NORMAL,None,Low
731,0,5,50,0.0249,NORMAL,None,Low
731,0,6,60,0.0247,NORMAL,None,Low
732,0,1,10,0.0167,NORMAL,None,Medium
732,0,2,20,0.0218,NORMAL,None,Medium
732,0,3,30,0.0236,NORMAL,None,Medium
732,0,4,40,0.0217,NORMAL,None,Low
732,0,5,50,0.0242,NORMAL,None,Low
732,0,6,60,0.0222,NORMAL,None,Low
733,0,1,10,0.0206,NORMAL,None,Medium
733,0,2,20,0.0247,NORMAL,None,Medium
733,0,3,30,0.0247,NORMAL,None,Medium
733,0,4,40,0.0245,NORMAL,None,Low
733,0,5,50,0.0252,NORMAL,None,Low
733,0,6,60,0.0281,NORMAL,None,Low
734,0,1,10,0.0188,NORMAL,None,Medium
734,0,2,20,0.0219,NORMAL,None,Medium
734,0,3,30,0.0227,NORMAL,None,Medium
734,0,4,40,0.0246,NORMAL,None,Low
734,0,5,50,0.0251,NORMAL,None,Low
734,0,6,60,0.0236,NORMAL,None,Low
735,0,1,10,0.0163,NORMAL,None,Medium
735,0,2,20,0.0214,NORMAL,None,Medium
735,0,3,30,0.0245,NORMAL,None,Medium
735,0,4,40,0.0268,NORMAL,None,Low
735,0,5,50,0.027,NORMAL,None,Low
735,0,6,60,0.0278,NORMAL,None,Low
736,0,1,10,0.0155,NORMAL,None,Medium
736,0,2,20,0.0209,NORMAL,None,Medium
736,0,3,30,0.0242,NORMAL,None,Medium
736,0,4,40,0.0273,NORMAL,None,Low
736,0,5,50,0.0275,NORMAL,None,Low
736,0,6,60,0.0258,NORMAL,None,Low
737,0,1,10,0.0156,NORMAL,None,Medium
737,0,2,20,0.0238,NORMAL,None,Medium
737,0,3,30,0.0243,NORMAL,None,Medium
737,0,4,40,0.0243,NORMAL,None,Low
737,0,5,50,0.0267,NORMAL,None,Low
737,0,6,60,0.0261,NORMAL,None,Low
738,0,1,10,0.0192,NORMAL,None,Medium
738,0,2,20,0.0242,NORMAL,None,Medium
738,0,3,30,0.0227,NORMAL,None,Medium
738,0,4,40,0.0233,NORMAL,None,Low
738,0,5,50,0.0238,NORMAL,None,Low
738,0,6,60,0.0231,NORMAL,None,Low
739,0,1,10,0.0189,NORMAL,None,Medium
739,0,2,20,0.0271,NORMAL,None,Medium
739,0,3,30,0.0262,NORMAL,None,Medium
739,0,4,40,0.0289,NORMAL,None,Low
739,0,5,50,0.028,NORMAL,None,Low
739,0,6,60,0.0289,NORMAL,None,Low
740,0,1,10,0.0182,NORMAL,None,Medium
740,0,2,20,0.0236,NORMAL,None,Medium
740,0,3,30,0.0269,NORMAL,None,Medium
740,0,4,40,0.0269,NORMAL,None,Low
740,0,5,50,0.025,NORMAL,None,Low
740,0,6,60,0.0228,NORMAL,None,Low
741,0,1,10,0.0164,NORMAL,None,Medium
741,0,2,20,0.0213,NORMAL,None,Medium
741,0,3,30,0.0229,NORMAL,None,Medium
741,0,4,40,0.0241,NORMAL,None,Low
741,0,5,50,0.0259,NORMAL,None,Low
741,0,6,60,0.0266,NORMAL,None,Low
742,0,1,10,0.0169,NORMAL,None,Medium
742,0,2,20,0.0215,NORMAL,None,Medium
742,0,3,30,0.0258,NORMAL,None,Medium
742,0,4,40,0.0254,NORMAL,None,Low
742,0,5,50,0.0256,NORMAL,None,Low
742,0,6,60,0.0296,NORMAL,None,Low
743,0,1,10,0.0143,NORMAL,None,Medium
743,0,2,20,0.0213,NORMAL,None,Medium
743,0,3,30,0.0212,NORMAL,None,Medium
743,0,4,40,0.0226,NORMAL,None,Low
743,0,5,50,0.0238,NORMAL,None,Low
743,0,6,60,0.0254,NORMAL,None,Low
744,0,1,10,0.0153,NORMAL,None,Medium
744,0,2,20,0.0213,NORMAL,None,Medium
744,0,3,30,0.0225,NORMAL,None,Medium
744,0,4,40,0.024,NORMAL,None,Low
744,0,5,50,0.0254,NORMAL,None,Low
744,0,6,60,0.0222,NORMAL,None,Low
745,0,1,10,0.0154,NORMAL,None,Medium
745,0,2,20,0.0241,NORMAL,None,Medium
745,0,3,30,0.0237,NORMAL,None,Medium
745,0,4,40,0.0249,NORMAL,None,Low
745,0,5,50,0.0267,NORMAL,None,Low
745,0,6,60,0.0278,NORMAL,None,Low
746,0,1,10,0.0159,NORMAL,None,Medium
746,0,2,20,0.0221,NORMAL,None,Medium
746,0,3,30,0.0226,NORMAL,None,Medium
746,0,4,40,0.024,NORMAL,None,Low
746,0,5,50,0.0244,NORMAL,None,Low
746,0,6,60,0.0248,NORMAL,None,Low
747,0,1,10,0.0159,NORMAL,None,Medium
747,0,2,20,0.0235,NORMAL,None,Medium
747,0,3,30,0.0271,NORMAL,None,Medium
747,0,4,40,0.0236,NORMAL,None,Low
747,0,5,50,0.028,NORMAL,None,Low
747,0,6,60,0.027,NORMAL,None,Low
748,0,1,10,0.0163,NORMAL,None,Medium
748,0,2,20,0.0194,NORMAL,None,Medium
748,0,3,30,0.0244,NORMAL,None,Medium
748,0,4,40,0.0247,NORMAL,None,Low
748,0,5,50,0.0259,NORMAL,None,Low
748,0,6,60,0.0273,NORMAL,None,Low
749,0,1,10,0.0145,NORMAL,None,Medium
749,0,2,20,0.0223,NORMAL,None,Medium
749,0,3,30,0.0246,NORMAL,None,Medium
749,0,4,40,0.0254,NORMAL,None,Low
749,0,5,50,0.0272,NORMAL,None,Low
749,0,6,60,0.0261,NORMAL,None,Low
870,0,1,10,0.0197,NORMAL,None,Medium
870,0,2,20,0.024,NORMAL,None,Medium
870,0,3,30,0.0254,NORMAL,None,Medium
870,0,4,40,0.0272,NORMAL,None,Low
870,0,5,50,0.0266,NORMAL,None,Low
870,0,6,60,0.027,NORMAL,None,Low
871,0,1,10,0.0192,NORMAL,None,Medium
871,0,2,20,0.0234,NORMAL,None,Medium
871,0,3,30,0.0256,NORMAL,None,Medium
871,0,4,40,0.0243,NORMAL,None,Low
871,0,5,50,0.0274,NORMAL,None,Low
871,0,6,60,0.0246,NORMAL,None,Low
872,0,1,10,0.0173,NORMAL,None,Medium
872,0,2,20,0.0245,NORMAL,None,Medium
872,0,3,30,0.0242,NORMAL,None,Medium
872,0,4,40,0.0264,NORMAL,None,Low
872,0,5,50,0.025,NORMAL,None,Low
872,0,6,60,0.0252,NORMAL,None,Low
873,0,1,10,0.0167,NORMAL,None,Medium
873,0,2,20,0.0257,NORMAL,None,Medium
873,0,3,30,0.0273,NORMAL,None,Medium
873,0,4,40,0.0255,NORMAL,None,Low
873,0,5,50,0.0257,NORMAL,None,Low
873,0,6,60,0.0245,NORMAL,None,Low
874,0,1,10,0.0195,NORMAL,None,Medium
874,0,2,20,0.0242,NORMAL,None,Medium
874,0,3,30,0.0263,NORMAL,None,Medium
874,0,4,40,0.0283,NORMAL,None,Low
874,0,5,50,0.0278,NORMAL,None,Low
874,0,6,60,0.0259,NORMAL,None,Low
875,0,1,10,0.0226,NORMAL,None,Medium
875,0,2,20,0.0229,NORMAL,None,Medium
875,0,3,30,0.0285,NORMAL,None,Medium
875,0,4,40,0.0262,NORMAL,None,Low
875,0,5,50,0.0256,NORMAL,None,Low
875,0,6,60,0.0255,NORMAL,None,Low
876,0,1,10,0.0254,NORMAL,None,Medium
876,0,2,20,0.0295,NORMAL,None,Medium
876,0,3,30,0.0262,NORMAL,None,Medium
876,0,4,40,0.025,NORMAL,None,Low
876,0,5,50,0.0263,NORMAL,None,Low
876,0,6,60,0.025,NORMAL,None,Low
877,0,1,10,0.0244,NORMAL,None,Medium
877,0,2,20,0.0233,NORMAL,None,Medium
877,0,3,30,0.0252,NORMAL,None,Medium
877,0,4,40,0.0267,NORMAL,None,Low
877,0,5,50,0.0279,NORMAL,None,Low
877,0,6,60,0.0229,NORMAL,None,Low
878,0,1,10,0.0179,NORMAL,None,Medium
878,0,2,20,0.025,NORMAL,None,Medium
878,0,3,30,0.0275,NORMAL,None,Medium
878,0,4,40,0.0262,NORMAL,None,Low
878,0,5,50,0.025,NORMAL,None,Low
878,0,6,60,0.0267,NORMAL,None,Low
879,0,1,10,0.0336,NORMAL,None,Medium
879,0,2,20,0.0328,NORMAL,None,Medium
879,0,3,30,0.0308,NORMAL,None,Medium
879,0,4,40,0.0298,NORMAL,None,Low
879,0,5,50,0.0281,NORMAL,None,Low
879,0,6,60,0.0283,NORMAL,None,Low
880,0,1,10,0.0155,NORMAL,None,Medium
880,0,2,20,0.0193,NORMAL,None,Medium
880,0,3,30,0.0236,NORMAL,None,Medium
880,0,4,40,0.0252,NORMAL,None,Low
880,0,5,50,0.0253,NORMAL,None,Low
880,0,6,60,0.023,NORMAL,None,Low
881,0,1,10,0.0185,NORMAL,None,Medium
881,0,2,20,0.0245,NORMAL,None,Medium
881,0,3,30,0.0264,NORMAL,None,Medium
881,0,4,40,0.0286,NORMAL,None,Low
881,0,5,50,0.0284,NORMAL,None,Low
881,0,6,60,0.027,NORMAL,None,Low
882,0,1,10,0.034,NORMAL,None,Medium
882,0,2,20,0.0339,NORMAL,None,Medium
882,0,3,30,0.031,NORMAL,None,Medium
882,0,4,40,0.0284,NORMAL,None,Low
882,0,5,50,0.0304,NORMAL,None,Low
882,0,6,60,0.026,NORMAL,None,Low
883,0,1,10,0.0554,NORMAL,None,Medium
883,0,2,20,0.0471,NORMAL,None,Medium
883,0,3,30,0.0387,NORMAL,None,Medium
883,0,4,40,0.0346,NORMAL,None,Low
883,0,5,50,0.0277,NORMAL,None,Low
883,0,6,60,0.0266,NORMAL,None,Low
884,0,1,10,0.0668,NORMAL,None,Medium
884,0,2,20,0.0473,NORMAL,None,Medium
884,0,3,30,0.0388,NORMAL,None,Medium
884,0,4,40,0.0319,NORMAL,None,Low
884,0,5,50,0.0307,NORMAL,None,Low
884,0,6,60,0.0296,NORMAL,None,Low
885,0,1,10,0.0636,NORMAL,None,Medium
885,0,2,20,0.0465,NORMAL,None,Medium
885,0,3,30,0.0431,NORMAL,None,Medium
885,0,4,40,0.0388,NORMAL,None,Low
885,0,5,50,0.0351,NORMAL,None,Low
885,0,6,60,0.037,NORMAL,None,Low
886,0,1,10,0.0435,NORMAL,None,Medium
886,0,2,20,0.0368,NORMAL,None,Medium
886,0,3,30,0.0367,NORMAL,None,Medium
886,0,4,40,0.0323,NORMAL,None,Low
886,0,5,50,0.0287,NORMAL,None,Low
886,0,6,60,0.0298,NORMAL,None,Low
887,0,1,10,0.0337,NORMAL,None,Medium
887,0,2,20,0.0337,NORMAL,None,Medium
887,0,3,30,0.0289,NORMAL,None,Medium
887,0,4,40,0.0298,NORMAL,None,Low
887,0,5,50,0.0287,NORMAL,None,Low
887,0,6,60,0.0279,NORMAL,None,Low
888,0,1,10,0.0229,NORMAL,None,Medium
888,0,2,20,0.0275,NORMAL,None,Medium
888,0,3,30,0.0297,NORMAL,None,Medium
888,0,4,40,0.0278,NORMAL,None,Low
888,0,5,50,0.0286,NORMAL,None,Low
888,0,6,60,0.0277,NORMAL,None,Low
889,0,1,10,0.0231,NORMAL,None,Medium
889,0,2,20,0.0283,NORMAL,None,Medium
889,0,3,30,0.0276,NORMAL,None,Medium
889,0,4,40,0.0241,NORMAL,None,Low
889,0,5,50,0.026,NORMAL,None,Low
889,0,6,60,0.0236,NORMAL,None,Low
890,0,1,10,0.0253,NORMAL,None,Medium
890,0,2,20,0.0294,NORMAL,None,Medium
890,0,3,30,0.0303,NORMAL,None,Medium
890,0,4,40,0.025,NORMAL,None,Low
890,0,5,50,0.0243,NORMAL,None,Low
890,0,6,60,0.0256,NORMAL,None,Low
891,0,1,10,0.0261,NORMAL,None,Medium
891,0,2,20,0.028,NORMAL,None,Medium
891,0,3,30,0.0261,NORMAL,None,Medium
891,0,4,40,0.0253,NORMAL,None,Low
891,0,5,50,0.0273,NORMAL,None,Low
891,0,6,60,0.0279,NORMAL,None,Low
892,0,1,10,0.0186,NORMAL,None,Medium
892,0,2,20,0.0228,NORMAL,None,Medium
892,0,3,30,0.0257,NORMAL,None,Medium
892,0,4,40,0.0269,NORMAL,None,Low
892,0,5,50,0.0237,NORMAL,None,Low
892,0,6,60,0.0231,NORMAL,None,Low
893,0,1,10,0.0176,NORMAL,None,Medium
893,0,2,20,0.0238,NORMAL,None,Medium
893,0,3,30,0.0246,NORMAL,None,Medium
893,0,4,40,0.0273,NORMAL,None,Low
893,0,5,50,0.0275,NORMAL,None,Low
893,0,6,60,0.0258,NORMAL,None,Low
894,0,1,10,0.0186,NORMAL,None,Medium
894,0,2,20,0.0227,NORMAL,None,Medium
894,0,3,30,0.0263,NORMAL,None,Medium
894,0,4,40,0.0254,NORMAL,None,Low
894,0,5,50,0.0247,NORMAL,None,Low
894,0,6,60,0.0261,NORMAL,None,Low
895,0,1,10,0.0234,NORMAL,None,Medium
895,0,2,20,0.0242,NORMAL,None,Medium
895,0,3,30,0.0252,NORMAL,None,Medium
895,0,4,40,0.0275,NORMAL,None,Low
895,0,5,50,0.0254,NORMAL,None,Low
895,0,6,60,0.0251,NORMAL,None,Low
896,0,1,10,0.0242,NORMAL,None,Medium
896,0,2,20,0.0272,NORMAL,None,Medium
896,0,3,30,0.0277,NORMAL,None,Medium
896,0,4,40,0.0266,NORMAL,None,Low
896,0,5,50,0.0278,NORMAL,None,Low
896,0,6,60,0.0271,NORMAL,None,Low
897,0,1,10,0.0174,NORMAL,None,Medium
897,0,2,20,0.0239,NORMAL,None,Medium
897,0,3,30,0.0259,NORMAL,None,Medium
897,0,4,40,0.0277,NORMAL,None,Low
897,0,5,50,0.0247,NORMAL,None,Low
897,0,6,60,0.0248,NORMAL,None,Low
898,0,1,10,0.017,NORMAL,None,Medium
898,0,2,20,0.0239,NORMAL,None,Medium
898,0,3,30,0.0252,NORMAL,None,Medium
898,0,4,40,0.0253,NORMAL,None,Low
898,0,5,50,0.0272,NORMAL,None,Low
898,0,6,60,0.0294,NORMAL,None,Low
899,0,1,10,0.0158,NORMAL,None,Medium
899,0,2,20,0.0228,NORMAL,None,Medium
899,0,3,30,0.0263,NORMAL,None,Medium
899,0,4,40,0.0246,NORMAL,None,Low
899,0,5,50,0.0256,NORMAL,None,Low
899,0,6,60,0.0247,NORMAL,None,Low
1020,0,1,10,0.0536,NORMAL,None,Medium
1020,0,2,20,0.0305,NORMAL,None,Medium
1020,0,3,30,0.0271,NORMAL,None,Medium
1020,0,4,40,0.0218,NORMAL,None,Low
1020,0,5,50,0.0254,NORMAL,None,Low
1020,0,6,60,0.0241,NORMAL,None,Low
1021,0,1,10,0.0181,NORMAL,None,Medium
1021,0,2,20,0.0218,NORMAL,None,Medium
1021,0,3,30,0.0218,NORMAL,None,Medium
1021,0,4,40,0.0234,NORMAL,None,Low
1021,0,5,50,0.0261,NORMAL,None,Low
1021,0,6,60,0.0255,NORMAL,None,Low
1022,0,1,10,0.0177,NORMAL,None,Medium
1022,0,2,20,0.0207,NORMAL,None,Medium
1022,0,3,30,0.0243,NORMAL,None,Medium
1022,0,4,40,0.0225,NORMAL,None,Low
1022,0,5,50,0.0219,NORMAL,None,Low
1022,0,6,60,0.024,NORMAL,None,Low
1023,0,1,10,0.0187,NORMAL,None,Medium
1023,0,2,20,0.0229,NORMAL,None,Medium
1023,0,3,30,0.0218,NORMAL,None,Medium
1023,0,4,40,0.0222,NORMAL,None,Low
1023,0,5,50,0.0248,NORMAL,None,Low
1023,0,6,60,0.0254,NORMAL,None,Low
1024,0,1,10,0.0175,NORMAL,None,Medium
1024,0,2,20,0.0222,NORMAL,None,Medium
1024,0,3,30,0.0233,NORMAL,None,Medium
1024,0,4,40,0.0225,NORMAL,None,Low
1024,0,5,50,0.0221,NORMAL,None,Low
1024,0,6,60,0.0265,NORMAL,None,Low
1025,0,1,10,0.0178,NORMAL,None,Medium
1025,0,2,20,0.0224,NORMAL,None,Medium
1025,0,3,30,0.0239,NORMAL,None,Medium
1025,0,4,40,0.0253,NORMAL,None,Low
1025,0,5,50,0.0258,NORMAL,None,Low
1025,0,6,60,0.0278,NORMAL,None,Low
1026,0,1,10,0.0189,NORMAL,None,Medium
1026,0,2,20,0.025,NORMAL,None,Medium
1026,0,3,30,0.0244,NORMAL,None,Medium
1026,0,4,40,0.0235,NORMAL,None,Low
1026,0,5,50,0.0239,NORMAL,None,Low
1026,0,6,60,0.0239,NORMAL,None,Low
1027,0,1,10,0.0286,NORMAL,None,Medium
1027,0,2,20,0.0324,NORMAL,None,Medium
1027,0,3,30,0.0285,NORMAL,None,Medium
1027,0,4,40,0.0273,NORMAL,None,Low
1027,0,5,50,0.0275,NORMAL,None,Low
1027,0,6,60,0.0287,NORMAL,None,Low
1028,0,1,10,0.0196,NORMAL,None,Medium
1028,0,2,20,0.0232,NORMAL,None,Medium
1028,0,3,30,0.0261,NORMAL,None,Medium
1028,0,4,40,0.0261,NORMAL,None,Low
1028,0,5,50,0.0265,NORMAL,None,Low
1028,0,6,60,0.0273,NORMAL,None,Low
1029,0,1,10,0.0188,NORMAL,None,Medium
1029,0,2,20,0.0251,NORMAL,None,Medium
1029,0,3,30,0.0284,NORMAL,None,Medium
1029,0,4,40,0.0285,NORMAL,None,Low
1029,0,5,50,0.0282,NORMAL,None,Low
1029,0,6,60,0.0249,NORMAL,None,Low
1030,0,1,10,0.0171,NORMAL,None,Medium
1030,0,2,20,0.023,NORMAL,None,Medium
1030,0,3,30,0.0225,NORMAL,None,Medium
1030,0,4,40,0.0242,NORMAL,None,Low
1030,0,5,50,0.0247,NORMAL,None,Low
1030,0,6,60,0.0252,NORMAL,None,Low
1031,0,1,10,0.017,NORMAL,None,Medium
1031,0,2,20,0.0224,NORMAL,None,Medium
1031,0,3,30,0.025,NORMAL,None,Medium
1031,0,4,40,0.0232,NORMAL,None,Low
1031,0,5,50,0.0249,NORMAL,None,Low
1031,0,6,60,0.0239,NORMAL,None,Low
1032,0,1,10,0.0169,NORMAL,None,Medium
1032,0,2,20,0.0229,NORMAL,None,Medium
1032,0,3,30,0.0243,NORMAL,None,Medium
1032,0,4,40,0.0244,NORMAL,None,Low
1032,0,5,50,0.0264,NORMAL,None,Low
1032,0,6,60,0.028,NORMAL,None,Low
1033,0,1,10,0.0156,NORMAL,None,Medium
1033,0,2,20,0.0215,NORMAL,None,Medium
1033,0,3,30,0.0228,NORMAL,None,Medium
1033,0,4,40,0.0278,NORMAL,None,Low
1033,0,5,50,0.0302,NORMAL,None,Low
1033,0,6,60,0.0259,NORMAL,None,Low
1034,0,1,10,0.0169,NORMAL,None,Medium
1034,0,2,20,0.0214,NORMAL,None,Medium
1034,0,3,30,0.024,NORMAL,None,Medium
1034,0,4,40,0.0249,NORMAL,None,Low
1034,0,5,50,0.0255,NORMAL,None,Low
1034,0,6,60,0.0254,NORMAL,None,Low
1035,0,1,10,0.0194,NORMAL,None,Medium
1035,0,2,20,0.0226,NORMAL,None,Medium
1035,0,3,30,0.0266,NORMAL,None,Medium
1035,0,4,40,0.024,NORMAL,None,Low
1035,0,5,50,0.0275,NORMAL,None,Low
1035,0,6,60,0.025,NORMAL,None,Low
1036,0,1,10,0.0247,NORMAL,None,Medium
1036,0,2,20,0.0295,NORMAL,None,Medium
1036,0,3,30,0.0282,NORMAL,None,Medium
1036,0,4,40,0.0256,NORMAL,None,Low
1036,0,5,50,0.0246,NORMAL,None,Low
1036,0,6,60,0.0276,NORMAL,None,Low
1037,0,1,10,0.0238,NORMAL,None,Medium
1037,0,2,20,0.0262,NORMAL,None,Medium
1037,0,3,30,0.0275,NORMAL,None,Medium
1037,0,4,40,0.027,NORMAL,None,Low
1037,0,5,50,0.0273,NORMAL,None,Low
1037,0,6,60,0.0253,NORMAL,None,Low
1038,0,1,10,0.0253,NORMAL,None,Medium
1038,0,2,20,0.0276,NORMAL,None,Medium
1038,0,3,30,0.0262,NORMAL,None,Medium
1038,0,4,40,0.0268,NORMAL,None,Low
1038,0,5,50,0.0269,NORMAL,None,Low
1038,0,6,60,0.0253,NORMAL,None,Low
1039,0,1,10,0.0188,NORMAL,None,Medium
1039,0,2,20,0.0216,NORMAL,None,Medium
1039,0,3,30,0.0228,NORMAL,None,Medium
1039,0,4,40,0.0244,NORMAL,None,Low
1039,0,5,50,0.0269,NORMAL,None,Low
1039,0,6,60,0.026,NORMAL,None,Low
1040,0,1,10,0.0164,NORMAL,None,Medium
1040,0,2,20,0.0221,NORMAL,None,Medium
1040,0,3,30,0.0253,NORMAL,None,Medium
1040,0,4,40,0.0267,NORMAL,None,Low
1040,0,5,50,0.0258,NORMAL,None,Low
1040,0,6,60,0.0253,NORMAL,None,Low
1041,0,1,10,0.0153,NORMAL,None,Medium
1041,0,2,20,0.0205,NORMAL,None,Medium
1041,0,3,30,0.0239,NORMAL,None,Medium
1041,0,4,40,0.0232,NORMAL,None,Low
1041,0,5,50,0.0246,NORMAL,None,Low
1041,0,6,60,0.0244,NORMAL,None,Low
1042,0,1,10,0.0189,NORMAL,None,Medium
1042,0,2,20,0.0215,NORMAL,None,Medium
1042,0,3,30,0.0238,NORMAL,None,Medium
1042,0,4,40,0.0285,NORMAL,None,Low
1042,0,5,50,0.0273,NORMAL,None,Low
1042,0,6,60,0.0271,NORMAL,None,Low
1043,0,1,10,0.017,NORMAL,None,Medium
1043,0,2,20,0.0229,NORMAL,None,Medium
1043,0,3,30,0.0255,NORMAL,None,Medium
1043,0,4,40,0.0263,NORMAL,None,Low
1043,0,5,50,0.0251,NORMAL,None,Low
1043,0,6,60,0.0251,NORMAL,None,Low
1044,0,1,10,0.0148,NORMAL,None,Medium
1044,0,2,20,0.0229,NORMAL,None,Medium
1044,0,3,30,0.0212,NORMAL,None,Medium
1044,0,4,40,0.0251,NORMAL,None,Low
1044,0,5,50,0.0261,NORMAL,None,Low
1044,0,6,60,0.0254,NORMAL,None,Low
1045,0,1,10,0.0159,NORMAL,None,Medium
1045,0,2,20,0.0205,NORMAL,None,Medium
1045,0,3,30,0.0244,NORMAL,None,Medium
1045,0,4,40,0.0245,NORMAL,None,Low
1045,0,5,50,0.0247,NORMAL,None,Low
1045,0,6,60,0.024,NORMAL,None,Low
1046,0,1,10,0.0157,NORMAL,None,Medium
1046,0,2,20,0.0191,NORMAL,None,Medium
1046,0,3,30,0.0221,NORMAL,None,Medium
1046,0,4,40,0.0258,NORMAL,None,Low
1046,0,5,50,0.0247,NORMAL,None,Low
1046,0,6,60,0.0261,NORMAL,None,Low
1047,0,1,10,0.0153,NORMAL,None,Medium
1047,0,2,20,0.0219,NORMAL,None,Medium
1047,0,3,30,0.0241,NORMAL,None,Medium
1047,0,4,40,0.0254,NORMAL,None,Low
1047,0,5,50,0.0287,NORMAL,None,Low
1047,0,6,60,0.0266,NORMAL,None,Low
1048,0,1,10,0.0156,NORMAL,None,Medium
1048,0,2,20,0.021,NORMAL,None,Medium
1048,0,3,30,0.0235,NORMAL,None,Medium
1048,0,4,40,0.0236,NORMAL,None,Low
1048,0,5,50,0.0265,NORMAL,None,Low
1048,0,6,60,0.0253,NORMAL,None,Low
1049,0,1,10,0.0153,NORMAL,None,Medium
1049,0,2,20,0.0215,NORMAL,None,Medium
1049,0,3,30,0.022,NORMAL,None,Medium
1049,0,4,40,0.0235,NORMAL,None,Low
1049,0,5,50,0.0252,NORMAL,None,Low
1049,0,6,60,0.0255,NORMAL,None,Low
1170,0,1,10,0.0135,NORMAL,None,Medium
1170,0,2,20,0.0208,NORMAL,None,Medium
1170,0,3,30,0.0227,NORMAL,None,Medium
1170,0,4,40,0.0248,NORMAL,None,Low
1170,0,5,50,0.0237,NORMAL,None,Low
1170,0,6,60,0.0254,NORMAL,None,Low
1171,0,1,10,0.0131,NORMAL,None,Medium
1171,0,2,20,0.0224,NORMAL,None,Medium
1171,0,3,30,0.023,NORMAL,None,Medium
1171,0,4,40,0.0249,NORMAL,None,Low
1171,0,5,50,0.0268,NORMAL,None,Low
1171,0,6,60,0.0244,NORMAL,None,Low
1172,0,1,10,0.013,NORMAL,None,Medium
1172,0,2,20,0.0205,NORMAL,None,Medium
1172,0,3,30,0.023,NORMAL,None,Medium
1172,0,4,40,0.0238,NORMAL,None,Low
1172,0,5,50,0.025,NORMAL,None,Low
1172,0,6,60,0.0256,NORMAL,None,Low
1173,0,1,10,0.0131,NORMAL,None,Medium
1173,0,2,20,0.0192,NORMAL,None,Medium
1173,0,3,30,0.0234,NORMAL,None,Medium
1173,0,4,40,0.0248,NORMAL,None,Low
1173,0,5,50,0.026,NORMAL,None,Low
1173,0,6,60,0.0295,NORMAL,None,Low
1174,0,1,10,0.0126,NORMAL,None,Medium
1174,0,2,20,0.0202,NORMAL,None,Medium
1174,0,3,30,0.0229,NORMAL,None,Medium
1174,0,4,40,0.024,NORMAL,None,Low
1174,0,5,50,0.0238,NORMAL,None,Low
1174,0,6,60,0.0237,NORMAL,None,Low
1175,0,1,10,0.0143,NORMAL,None,Medium
1175,0,2,20,0.0194,NORMAL,None,Medium
1175,0,3,30,0.0225,NORMAL,None,Medium
1175,0,4,40,0.0253,NORMAL,None,Low
1175,0,5,50,0.0261,NORMAL,None,Low
1175,0,6,60,0.0243,NORMAL,None,Low
1176,0,1,10,0.0132,NORMAL,None,Medium
1176,0,2,20,0.02,NORMAL,None,Medium
1176,0,3,30,0.0218,NORMAL,None,Medium
1176,0,4,40,0.024,NORMAL,None,Low
1176,0,5,50,0.0251,NORMAL,None,Low
1176,0,6,60,0.0274,NORMAL,None,Low
1177,0,1,10,0.0137,NORMAL,None,Medium
1177,0,2,20,0.0215,NORMAL,None,Medium
1177,0,3,30,0.0209,NORMAL,None,Medium
1177,0,4,40,0.0201,NORMAL,None,Low
1177,0,5,50,0.0212,NORMAL,None,Low
1177,0,6,60,0.0241,NORMAL,None,Low
1178,0,1,10,0.0146,NORMAL,None,Medium
1178,0,2,20,0.0184,NORMAL,None,Medium
1178,0,3,30,0.0237,NORMAL,None,Medium
1178,0,4,40,0.0225,NORMAL,None,Low
1178,0,5,50,0.023,NORMAL,None,Low
1178,0,6,60,0.0261,NORMAL,None,Low
1179,0,1,10,0.0139,NORMAL,None,Medium
1179,0,2,20,0.0212,NORMAL,None,Medium
1179,0,3,30,0.025,NORMAL,None,Medium
1179,0,4,40,0.0242,NORMAL,None,Low
1179,0,5,50,0.0248,NORMAL,None,Low
1179,0,6,60,0.0239,NORMAL,None,Low
1180,0,1,10,0.0141,NORMAL,None,Medium
1180,0,2,20,0.0218,NORMAL,None,Medium
1180,0,3,30,0.0221,NORMAL,None,Medium
1180,0,4,40,0.0255,NORMAL,None,Low
1180,0,5,50,0.0244,NORMAL,None,Low
1180,0,6,60,0.0251,NORMAL,None,Low
1181,0,1,10,0.0151,NORMAL,None,Medium
1181,0,2,20,0.0187,NORMAL,None,Medium
1181,0,3,30,0.0224,NORMAL,None,Medium
1181,0,4,40,0.0244,NORMAL,None,Low
1181,0,5,50,0.0248,NORMAL,None,Low
1181,0,6,60,0.0263,NORMAL,None,Low
1182,0,1,10,0.0174,NORMAL,None,Medium
1182,0,2,20,0.022,NORMAL,None,Medium
1182,0,3,30,0.0255,NORMAL,None,Medium
1182,0,4,40,0.0233,NORMAL,None,Low
1182,0,5,50,0.0248,NORMAL,None,Low
1182,0,6,60,0.0267,NORMAL,None,Low
1183,0,1,10,0.0138,NORMAL,None,Medium
1183,0,2,20,0.0199,NORMAL,None,Medium
1183,0,3,30,0.0221,NORMAL,None,Medium
1183,0,4,40,0.0272,NORMAL,None,Low
1183,0,5,50,0.0264,NORMAL,None,Low
1183,0,6,60,0.0266,NORMAL,None,Low
1184,0,1,10,0.0145,NORMAL,None,Medium
1184,0,2,20,0.0201,NORMAL,None,Medium
1184,0,3,30,0.0218,NORMAL,None,Medium
1184,0,4,40,0.0242,NORMAL,None,Low
1184,0,5,50,0.0248,NORMAL,None,Low
1184,0,6,60,0.0268,NORMAL,None,Low
1185,0,1,10,0.0129,NORMAL,None,Medium
1185,0,2,20,0.0212,NORMAL,None,Medium
1185,0,3,30,0.0234,NORMAL,None,Medium
1185,0,4,40,0.0266,NORMAL,None,Low
1185,0,5,50,0.0296,NORMAL,None,Low
1185,0,6,60,0.0267,NORMAL,None,Low
1186,0,1,10,0.0134,NORMAL,None,Medium
1186,0,2,20,0.0183,NORMAL,None,Medium
1186,0,3,30,0.0219,NORMAL,None,Medium
1186,0,4,40,0.0232,NORMAL,None,Low
1186,0,5,50,0.0232,NORMAL,None,Low
1186,0,6,60,0.0268,NORMAL,None,Low
1187,0,1,10,0.0152,NORMAL,None,Medium
1187,0,2,20,0.0221,NORMAL,None,Medium
1187,0,3,30,0.0236,NORMAL,None,Medium
1187,0,4,40,0.024,NORMAL,None,Low
1187,0,5,50,0.0232,NORMAL,None,Low
1187,0,6,60,0.0277,NORMAL,None,Low
1188,0,1,10,0.0149,NORMAL,None,Medium
1188,0,2,20,0.0219,NORMAL,None,Medium
1188,0,3,30,0.0227,NORMAL,None,Medium
1188,0,4,40,0.0263,NORMAL,None,Low
1188,0,5,50,0.0245,NORMAL,None,Low
1188,0,6,60,0.0248,NORMAL,None,Low
1189,0,1,10,0.0144,NORMAL,None,Medium
1189,0,2,20,0.021,NORMAL,None,Medium
1189,0,3,30,0.024,NORMAL,None,Medium
1189,0,4,40,0.0253,NORMAL,None,Low
1189,0,5,50,0.0248,NORMAL,None,Low
1189,0,6,60,0.0264,NORMAL,None,Low
1190,0,1,10,0.0156,NORMAL,None,Medium
1190,0,2,20,0.0216,NORMAL,None,Medium
1190,0,3,30,0.0227,NORMAL,None,Medium
1190,0,4,40,0.0241,NORMAL,None,Low
1190,0,5,50,0.0244,NORMAL,None,Low
1190,0,6,60,0.0254,NORMAL,None,Low
1191,0,1,10,0.0136,NORMAL,None,Medium
1191,0,2,20,0.0213,NORMAL,None,Medium
1191,0,3,30,0.022,NORMAL,None,Medium
1191,0,4,40,0.0248,NORMAL,None,Low
1191,0,5,50,0.0269,NORMAL,None,Low
1191,0,6,60,0.0259,NORMAL,None,Low
1192,0,1,10,0.0138,NORMAL,None,Medium
1192,0,2,20,0.0203,NORMAL,None,Medium
1192,0,3,30,0.0231,NORMAL,None,Medium
1192,0,4,40,0.0279,NORMAL,None,Low
1192,0,5,50,0.0274,NORMAL,None,Low
1192,0,6,60,0.0277,NORMAL,None,Low
1193,0,1,10,0.0153,NORMAL,None,Medium
1193,0,2,20,0.0245,NORMAL,None,Medium
1193,0,3,30,0.0267,NORMAL,None,Medium
1193,0,4,40,0.0253,NORMAL,None,Low
1193,0,5,50,0.0265,NORMAL,None,Low
1193,0,6,60,0.0258,NORMAL,None,Low
1194,0,1,10,0.0171,NORMAL,None,Medium
1194,0,2,20,0.0204,NORMAL,None,Medium
1194,0,3,30,0.0251,NORMAL,None,Medium
1194,0,4,40,0.0225,NORMAL,None,Low
1194,0,5,50,0.0252,NORMAL,None,Low
1194,0,6,60,0.0262,NORMAL,None,Low
1195,0,1,10,0.0157,NORMAL,None,Medium
1195,0,2,20,0.0192,NORMAL,None,Medium
1195,0,3,30,0.022,NORMAL,None,Medium
1195,0,4,40,0.0228,NORMAL,None,Low
1195,0,5,50,0.0232,NORMAL,None,Low
1195,0,6,60,0.0244,NORMAL,None,Low
1196,0,1,10,0.0149,NORMAL,None,Medium
1196,0,2,20,0.0192,NORMAL,None,Medium
1196,0,3,30,0.022,NORMAL,None,Medium
1196,0,4,40,0.0232,NORMAL,None,Low
1196,0,5,50,0.0258,NORMAL,None,Low
1196,0,6,60,0.0251,NORMAL,None,Low
1197,0,1,10,0.0151,NORMAL,None,Medium
1197,0,2,20,0.0223,NORMAL,None,Medium
1197,0,3,30,0.0266,NORMAL,None,Medium
1197,0,4,40,0.0246,NORMAL,None,Low
1197,0,5,50,0.0257,NORMAL,None,Low
1197,0,6,60,0.0268,NORMAL,None,Low
1198,0,1,10,0.0189,NORMAL,None,Medium
1198,0,2,20,0.0224,NORMAL,None,Medium
1198,0,3,30,0.0246,NORMAL,None,Medium
1198,0,4,40,0.0228,NORMAL,None,Low
1198,0,5,50,0.0233,NORMAL,None,Low
1198,0,6,60,0.0264,NORMAL,None,Low
1199,0,1,10,0.0179,NORMAL,None,Medium
1199,0,2,20,0.0226,NORMAL,None,Medium
1199,0,3,30,0.0232,NORMAL,None,Medium
1199,0,4,40,0.0253,NORMAL,None,Low
1199,0,5,50,0.0254,NORMAL,None,Low
1199,0,6,60,0.0253,NORMAL,None,Low
1320,0,1,10,0.0145,NORMAL,None,Medium
1320,0,2,20,0.0208,NORMAL,None,Medium
1320,0,3,30,0.024,NORMAL,None,Medium
1320,0,4,40,0.0243,NORMAL,None,Low
1320,0,5,50,0.0239,NORMAL,None,Low
1320,0,6,60,0.0235,NORMAL,None,Low
1321,0,1,10,0.0158,NORMAL,None,Medium
1321,0,2,20,0.0223,NORMAL,None,Medium
1321,0,3,30,0.0248,NORMAL,None,Medium
1321,0,4,40,0.0238,NORMAL,None,Low
1321,0,5,50,0.0226,NORMAL,None,Low
1321,0,6,60,0.025,NORMAL,None,Low
1322,0,1,10,0.0147,NORMAL,None,Medium
1322,0,2,20,0.0197,NORMAL,None,Medium
1322,0,3,30,0.0231,NORMAL,None,Medium
1322,0,4,40,0.0238,NORMAL,None,Low
1322,0,5,50,0.0247,NORMAL,None,Low
1322,0,6,60,0.0256,NORMAL,None,Low
1323,0,1,10,0.0148,NORMAL,None,Medium
1323,0,2,20,0.0205,NORMAL,None,Medium
1323,0,3,30,0.022,NORMAL,None,Medium
1323,0,4,40,0.0237,NORMAL,None,Low
1323,0,5,50,0.0245,NORMAL,None,Low
1323,0,6,60,0.0237,NORMAL,None,Low
1324,0,1,10,0.0159,NORMAL,None,Medium
1324,0,2,20,0.0229,NORMAL,None,Medium
1324,0,3,30,0.0242,NORMAL,None,Medium
1324,0,4,40,0.0246,NORMAL,None,Low
1324,0,5,50,0.0244,NORMAL,None,Low
1324,0,6,60,0.0258,NORMAL,None,Low
1325,0,1,10,0.0154,NORMAL,None,Medium
1325,0,2,20,0.0231,NORMAL,None,Medium
1325,0,3,30,0.0243,NORMAL,None,Medium
1325,0,4,40,0.025,NORMAL,None,Low
1325,0,5,50,0.0248,NORMAL,None,Low
1325,0,6,60,0.0258,NORMAL,None,Low
1326,0,1,10,0.0153,NORMAL,None,Medium
1326,0,2,20,0.0217,NORMAL,None,Medium
1326,0,3,30,0.0239,NORMAL,None,Medium
1326,0,4,40,0.0238,NORMAL,None,Low
1326,0,5,50,0.0256,NORMAL,None,Low
1326,0,6,60,0.0239,NORMAL,None,Low
1327,0,1,10,0.0156,NORMAL,None,Medium
1327,0,2,20,0.0234,NORMAL,None,Medium
1327,0,3,30,0.0229,NORMAL,None,Medium
1327,0,4,40,0.0233,NORMAL,None,Low
1327,0,5,50,0.024,NORMAL,None,Low
1327,0,6,60,0.0244,NORMAL,None,Low
1328,0,1,10,0.014,NORMAL,None,Medium
1328,0,2,20,0.0235,NORMAL,None,Medium
1328,0,3,30,0.0244,NORMAL,None,Medium
1328,0,4,40,0.0252,NORMAL,None,Low
1328,0,5,50,0.0244,NORMAL,None,Low
1328,0,6,60,0.0237,NORMAL,None,Low
1329,0,1,10,0.0145,NORMAL,None,Medium
1329,0,2,20,0.0206,NORMAL,None,Medium
1329,0,3,30,0.0237,NORMAL,None,Medium
1329,0,4,40,0.0246,NORMAL,None,Low
1329,0,5,50,0.0242,NORMAL,None,Low
1329,0,6,60,0.0264,NORMAL,None,Low
1330,0,1,10,0.0136,NORMAL,None,Medium
1330,0,2,20,0.0207,NORMAL,None,Medium
1330,0,3,30,0.0216,NORMAL,None,Medium
1330,0,4,40,0.025,NORMAL,None,Low
1330,0,5,50,0.027,NORMAL,None,Low
1330,0,6,60,0.0287,NORMAL,None,Low
1331,0,1,10,0.0142,NORMAL,None,Medium
1331,0,2,20,0.0206,NORMAL,None,Medium
1331,0,3,30,0.0233,NORMAL,None,Medium
1331,0,4,40,0.0252,NORMAL,None,Low
1331,0,5,50,0.0254,NORMAL,None,Low
1331,0,6,60,0.0264,NORMAL,None,Low
1332,0,1,10,0.0127,NORMAL,None,Medium
1332,0,2,20,0.019,NORMAL,None,Medium
1332,0,3,30,0.024,NORMAL,None,Medium
1332,0,4,40,0.025,NORMAL,None,Low
1332,0,5,50,0.0246,NORMAL,None,Low
1332,0,6,60,0.0244,NORMAL,None,Low
1333,0,1,10,0.0125,NORMAL,None,Medium
1333,0,2,20,0.0183,NORMAL,None,Medium
1333,0,3,30,0.022,NORMAL,None,Medium
1333,0,4,40,0.027,NORMAL,None,Low
1333,0,5,50,0.0261,NORMAL,None,Low
1333,0,6,60,0.0246,NORMAL,None,Low
1334,0,1,10,0.0153,NORMAL,None,Medium
1334,0,2,20,0.0194,NORMAL,None,Medium
1334,0,3,30,0.0224,NORMAL,None,Medium
1334,0,4,40,0.026,NORMAL,None,Low
1334,0,5,50,0.0241,NORMAL,None,Low
1334,0,6,60,0.0234,NORMAL,None,Low
1335,0,1,10,0.0156,NORMAL,None,Medium
1335,0,2,20,0.0214,NORMAL,None,Medium
1335,0,3,30,0.0237,NORMAL,None,Medium
1335,0,4,40,0.0268,NORMAL,None,Low
1335,0,5,50,0.0243,NORMAL,None,Low
1335,0,6,60,0.0273,NORMAL,None,Low
1336,0,1,10,0.0164,NORMAL,None,Medium
1336,0,2,20,0.0216,NORMAL,None,Medium
1336,0,3,30,0.0246,NORMAL,None,Medium
1336,0,4,40,0.025,NORMAL,None,Low
1336,0,5,50,0.0259,NORMAL,None,Low
1336,0,6,60,0.0253,NORMAL,None,Low
1337,0,1,10,0.0152,NORMAL,None,Medium
1337,0,2,20,0.0198,NORMAL,None,Medium
1337,0,3,30,0.0247,NORMAL,None,Medium
1337,0,4,40,0.0266,NORMAL,None,Low
1337,0,5,50,0.0289,NORMAL,None,Low
1337,0,6,60,0.0282,NORMAL,None,Low
1338,0,1,10,0.0148,NORMAL,None,Medium
1338,0,2,20,0.0215,NORMAL,None,Medium
1338,0,3,30,0.0235,NORMAL,None,Medium
1338,0,4,40,0.0247,NORMAL,None,Low
1338,0,5,50,0.0251,NORMAL,None,Low
1338,0,6,60,0.0285,NORMAL,None,Low
1339,0,1,10,0.0153,NORMAL,None,Medium
1339,0,2,20,0.0201,NORMAL,None,Medium
1339,0,3,30,0.0231,NORMAL,None,Medium
1339,0,4,40,0.0235,NORMAL,None,Low
1339,0,5,50,0.0265,NORMAL,None,Low
1339,0,6,60,0.0284,NORMAL,None,Low
1340,0,1,10,0.015,NORMAL,None,Medium
1340,0,2,20,0.022,NORMAL,None,Medium
1340,0,3,30,0.0242,NORMAL,None,Medium
1340,0,4,40,0.0235,NORMAL,None,Low
1340,0,5,50,0.022,NORMAL,None,Low
1340,0,6,60,0.0227,NORMAL,None,Low
1341,0,1,10,0.0145,NORMAL,None,Medium
1341,0,2,20,0.0188,NORMAL,None,Medium
1341,0,3,30,0.0221,NORMAL,None,Medium
1341,0,4,40,0.0229,NORMAL,None,Low
1341,0,5,50,0.0253,NORMAL,None,Low
1341,0,6,60,0.0261,NORMAL,None,Low
1342,0,1,10,0.0126,NORMAL,None,Medium
1342,0,2,20,0.0186,NORMAL,None,Medium
1342,0,3,30,0.022,NORMAL,None,Medium
1342,0,4,40,0.024,NORMAL,None,Low
1342,0,5,50,0.0261,NORMAL,None,Low
1342,0,6,60,0.0257,NORMAL,None,Low
1343,0,1,10,0.0135,NORMAL,None,Medium
1343,0,2,20,0.0189,NORMAL,None,Medium
1343,0,3,30,0.0248,NORMAL,None,Medium
1343,0,4,40,0.0269,NORMAL,None,Low
1343,0,5,50,0.0255,NORMAL,None,Low
1343,0,6,60,0.0258,NORMAL,None,Low
1344,0,1,10,0.0131,NORMAL,None,Medium
1344,0,2,20,0.0198,NORMAL,None,Medium
1344,0,3,30,0.0239,NORMAL,None,Medium
1344,0,4,40,0.0233,NORMAL,None,Low
1344,0,5,50,0.0291,NORMAL,None,Low
1344,0,6,60,0.0259,NORMAL,None,Low
1345,0,1,10,0.0142,NORMAL,None,Medium
1345,0,2,20,0.021,NORMAL,None,Medium
1345,0,3,30,0.0214,NORMAL,None,Medium
1345,0,4,40,0.0237,NORMAL,None,Low
1345,0,5,50,0.0257,NORMAL,None,Low
1345,0,6,60,0.0255,NORMAL,None,Low
1346,0,1,10,0.0147,NORMAL,None,Medium
1346,0,2,20,0.0219,NORMAL,None,Medium
1346,0,3,30,0.0244,NORMAL,None,Medium
1346,0,4,40,0.0251,NORMAL,None,Low
1346,0,5,50,0.0231,NORMAL,None,Low
1346,0,6,60,0.0274,NORMAL,None,Low
1347,0,1,10,0.0143,NORMAL,None,Medium
1347,0,2,20,0.0219,NORMAL,None,Medium
1347,0,3,30,0.0218,NORMAL,None,Medium
1347,0,4,40,0.0239,NORMAL,None,Low
1347,0,5,50,0.0248,NORMAL,None,Low
1347,0,6,60,0.0232,NORMAL,None,Low
1348,0,1,10,0.0143,NORMAL,None,Medium
1348,0,2,20,0.0223,NORMAL,None,Medium
1348,0,3,30,0.0231,NORMAL,None,Medium
1348,0,4,40,0.0241,NORMAL,None,Low
1348,0,5,50,0.025,NORMAL,None,Low
1348,0,6,60,0.0259,NORMAL,None,Low
1349,0,1,10,0.0137,NORMAL,None,Medium
1349,0,2,20,0.0213,NORMAL,None,Medium
1349,0,3,30,0.0237,NORMAL,None,Medium
1349,0,4,40,0.0252,NORMAL,None,Low
1349,0,5,50,0.0245,NORMAL,None,Low
1349,0,6,60,0.0262,NORMAL,None,Low
1470,0,1,10,0.0135,NORMAL,None,Medium
1470,0,2,20,0.019,NORMAL,None,Medium
1470,0,3,30,0.0216,NORMAL,None,Medium
1470,0,4,40,0.0245,NORMAL,None,Low
1470,0,5,50,0.0252,NORMAL,None,Low
1470,0,6,60,0.025,NORMAL,None,Low
1471,0,1,10,0.0153,NORMAL,None,Medium
1471,0,2,20,0.0229,NORMAL,None,Medium
1471,0,3,30,0.0231,NORMAL,None,Medium
1471,0,4,40,0.0225,NORMAL,None,Low
1471,0,5,50,0.0255,NORMAL,None,Low
1471,0,6,60,0.0262,NORMAL,None,Low
1472,0,1,10,0.0142,NORMAL,None,Medium
1472,0,2,20,0.0218,NORMAL,None,Medium
1472,0,3,30,0.0208,NORMAL,None,Medium
1472,0,4,40,0.0224,NORMAL,None,Low
1472,0,5,50,0.0249,NORMAL,None,Low
1472,0,6,60,0.0261,NORMAL,None,Low
1473,0,1,10,0.0139,NORMAL,None,Medium
1473,0,2,20,0.0204,NORMAL,None,Medium
1473,0,3,30,0.0243,NORMAL,None,Medium
1473,0,4,40,0.0252,NORMAL,None,Low
1473,0,5,50,0.0255,NORMAL,None,Low
1473,0,6,60,0.0263,NORMAL,None,Low
1474,0,1,10,0.0134,NORMAL,None,Medium
1474,0,2,20,0.0187,NORMAL,None,Medium
1474,0,3,30,0.0214,NORMAL,None,Medium
1474,0,4,40,0.0243,NORMAL,None,Low
1474,0,5,50,0.0268,NORMAL,None,Low
1474,0,6,60,0.027,NORMAL,None,Low
1475,0,1,10,0.014,NORMAL,None,Medium
1475,0,2,20,0.0213,NORMAL,None,Medium
1475,0,3,30,0.0244,NORMAL,None,Medium
1475,0,4,40,0.0235,NORMAL,None,Low
1475,0,5,50,0.0279,NORMAL,None,Low
1475,0,6,60,0.0272,NORMAL,None,Low
1476,0,1,10,0.0157,NORMAL,None,Medium
1476,0,2,20,0.0198,NORMAL,None,Medium
1476,0,3,30,0.0215,NORMAL,None,Medium
1476,0,4,40,0.0234,NORMAL,None,Low
1476,0,5,50,0.0243,NORMAL,None,Low
1476,0,6,60,0.0245,NORMAL,None,Low
1477,0,1,10,0.0134,NORMAL,None,Medium
1477,0,2,20,0.0233,NORMAL,None,Medium
1477,0,3,30,0.0224,NORMAL,None,Medium
1477,0,4,40,0.0247,NORMAL,None,Low
1477,0,5,50,0.0273,NORMAL,None,Low
1477,0,6,60,0.0271,NORMAL,None,Low
1478,0,1,10,0.0155,NORMAL,None,Medium
1478,0,2,20,0.0211,NORMAL,None,Medium
1478,0,3,30,0.0277,NORMAL,None,Medium
1478,0,4,40,0.027,NORMAL,None,Low
1478,0,5,50,0.0248,NORMAL,None,Low
1478,0,6,60,0.024,NORMAL,None,Low
1479,0,1,10,0.015,NORMAL,None,Medium
1479,0,2,20,0.0204,NORMAL,None,Medium
1479,0,3,30,0.0227,NORMAL,None,Medium
1479,0,4,40,0.0216,NORMAL,None,Low
1479,0,5,50,0.023,NORMAL,None,Low
1479,0,6,60,0.0252,NORMAL,None,Low
1480,0,1,10,0.0142,NORMAL,None,Medium
1480,0,2,20,0.0227,NORMAL,None,Medium
1480,0,3,30,0.0216,NORMAL,None,Medium
1480,0,4,40,0.0252,NORMAL,None,Low
1480,0,5,50,0.0245,NORMAL,None,Low
1480,0,6,60,0.027,NORMAL,None,Low
1481,0,1,10,0.0142,NORMAL,None,Medium
1481,0,2,20,0.0219,NORMAL,None,Medium
1481,0,3,30,0.0246,NORMAL,None,Medium
1481,0,4,40,0.0273,NORMAL,None,Low
1481,0,5,50,0.0235,NORMAL,None,Low
1481,0,6,60,0.0254,NORMAL,None,Low
1482,0,1,10,0.0138,NORMAL,None,Medium
1482,0,2,20,0.0209,NORMAL,None,Medium
1482,0,3,30,0.0236,NORMAL,None,Medium
1482,0,4,40,0.0246,NORMAL,None,Low
1482,0,5,50,0.0286,NORMAL,None,Low
1482,0,6,60,0.0283,NORMAL,None,Low
1483,0,1,10,0.0132,NORMAL,None,Medium
1483,0,2,20,0.0209,NORMAL,None,Medium
1483,0,3,30,0.0226,NORMAL,None,Medium
1483,0,4,40,0.024,NORMAL,None,Low
1483,0,5,50,0.0208,NORMAL,None,Low
1483,0,6,60,0.0241,NORMAL,None,Low
1484,0,1,10,0.013,NORMAL,None,Medium
1484,0,2,20,0.0204,NORMAL,None,Medium
1484,0,3,30,0.0251,NORMAL,None,Medium
1484,0,4,40,0.0252,NORMAL,None,Low
1484,0,5,50,0.0266,NORMAL,None,Low
1484,0,6,60,0.024,NORMAL,None,Low
1485,0,1,10,0.0148,NORMAL,None,Medium
1485,0,2,20,0.0207,NORMAL,None,Medium
1485,0,3,30,0.0242,NORMAL,None,Medium
1485,0,4,40,0.0237,NORMAL,None,Low
1485,0,5,50,0.0253,NORMAL,None,Low
1485,0,6,60,0.0248,NORMAL,None,Low
1486,0,1,10,0.0133,NORMAL,None,Medium
1486,0,2,20,0.0215,NORMAL,None,Medium
1486,0,3,30,0.0253,NORMAL,None,Medium
1486,0,4,40,0.0246,NORMAL,None,Low
1486,0,5,50,0.0256,NORMAL,None,Low
1486,0,6,60,0.0252,NORMAL,None,Low
1487,0,1,10,0.0148,NORMAL,None,Medium
1487,0,2,20,0.0205,NORMAL,None,Medium
1487,0,3,30,0.0212,NORMAL,None,Medium
1487,0,4,40,0.0249,NORMAL,None,Low
1487,0,5,50,0.0247,NORMAL,None,Low
1487,0,6,60,0.027,NORMAL,None,Low
1488,0,1,10,0.0161,NORMAL,None,Medium
1488,0,2,20,0.0228,NORMAL,None,Medium
1488,0,3,30,0.0242,NORMAL,None,Medium
1488,0,4,40,0.0237,NORMAL,None,Low
1488,0,5,50,0.0237,NORMAL,None,Low
1488,0,6,60,0.0279,NORMAL,None,Low
1489,0,1,10,0.0144,NORMAL,None,Medium
1489,0,2,20,0.0224,NORMAL,None,Medium
1489,0,3,30,0.025,NORMAL,None,Medium
1489,0,4,40,0.0256,NORMAL,None,Low
1489,0,5,50,0.0233,NORMAL,None,Low
1489,0,6,60,0.0258,NORMAL,None,Low
1490,0,1,10,0.0153,NORMAL,None,Medium
1490,0,2,20,0.0237,NORMAL,None,Medium
1490,0,3,30,0.0235,NORMAL,None,Medium
1490,0,4,40,0.0269,NORMAL,None,Low
1490,0,5,50,0.0285,NORMAL,None,Low
1490,0,6,60,0.0275,NORMAL,None,Low
1491,0,1,10,0.0152,NORMAL,None,Medium
1491,0,2,20,0.0223,NORMAL,None,Medium
1491,0,3,30,0.0236,NORMAL,None,Medium
1491,0,4,40,0.0252,NORMAL,None,Low
1491,0,5,50,0.0241,NORMAL,None,Low
1491,0,6,60,0.024,NORMAL,None,Low
1492,0,1,10,0.015,NORMAL,None,Medium
1492,0,2,20,0.0224,NORMAL,None,Medium
1492,0,3,30,0.0258,NORMAL,None,Medium
1492,0,4,40,0.0257,NORMAL,None,Low
1492,0,5,50,0.0255,NORMAL,None,Low
1492,0,6,60,0.0274,NORMAL,None,Low
1493,0,1,10,0.015,NORMAL,None,Medium
1493,0,2,20,0.0228,NORMAL,None,Medium
1493,0,3,30,0.023,NORMAL,None,Medium
1493,0,4,40,0.0252,NORMAL,None,Low
1493,0,5,50,0.0263,NORMAL,None,Low
1493,0,6,60,0.025,NORMAL,None,Low
1494,0,1,10,0.0151,NORMAL,None,Medium
1494,0,2,20,0.0205,NORMAL,None,Medium
1494,0,3,30,0.0222,NORMAL,None,Medium
1494,0,4,40,0.025,NORMAL,None,Low
1494,0,5,50,0.0246,NORMAL,None,Low
1494,0,6,60,0.0242,NORMAL,None,Low
1495,0,1,10,0.0141,NORMAL,None,Medium
1495,0,2,20,0.0238,NORMAL,None,Medium
1495,0,3,30,0.0243,NORMAL,None,Medium
1495,0,4,40,0.0256,NORMAL,None,Low
1495,0,5,50,0.0251,NORMAL,None,Low
1495,0,6,60,0.0281,NORMAL,None,Low
1496,0,1,10,0.0142,NORMAL,None,Medium
1496,0,2,20,0.0196,NORMAL,None,Medium
1496,0,3,30,0.0224,NORMAL,None,Medium
1496,0,4,40,0.0226,NORMAL,None,Low
1496,0,5,50,0.0227,NORMAL,None,Low
1496,0,6,60,0.0252,NORMAL,None,Low
1497,0,1,10,0.0125,NORMAL,None,Medium
1497,0,2,20,0.0192,NORMAL,None,Medium
1497,0,3,30,0.0223,NORMAL,None,Medium
1497,0,4,40,0.0216,NORMAL,None,Low
1497,0,5,50,0.0236,NORMAL,None,Low
1497,0,6,60,0.027,NORMAL,None,Low
1498,0,1,10,0.0131,NORMAL,None,Medium
1498,0,2,20,0.0201,NORMAL,None,Medium
1498,0,3,30,0.022,NORMAL,None,Medium
1498,0,4,40,0.0225,NORMAL,None,Low
1498,0,5,50,0.025,NORMAL,None,Low
1498,0,6,60,0.0237,NORMAL,None,Low
1499,0,1,10,0.013,NORMAL,None,Medium
1499,0,2,20,0.0207,NORMAL,None,Medium
1499,0,3,30,0.023,NORMAL,None,Medium
1499,0,4,40,0.0245,NORMAL,None,Low
1499,0,5,50,0.0252,NORMAL,None,Low
1499,0,6,60,0.0285,NORMAL,None,Low
1620,0,1,10,0.0152,NORMAL,None,Medium
1620,0,2,20,0.0193,NORMAL,None,Medium
1620,0,3,30,0.0219,NORMAL,None,Medium
1620,0,4,40,0.0247,NORMAL,None,Low
1620,0,5,50,0.025,NORMAL,None,Low
1620,0,6,60,0.0259,NORMAL,None,Low
1621,0,1,10,0.0132,NORMAL,None,Medium
1621,0,2,20,0.0192,NORMAL,None,Medium
1621,0,3,30,0.0248,NORMAL,None,Medium
1621,0,4,40,0.0254,NORMAL,None,Low
1621,0,5,50,0.0258,NORMAL,None,Low
1621,0,6,60,0.0256,NORMAL,None,Low
1622,0,1,10,0.0146,NORMAL,None,Medium
1622,0,2,20,0.0206,NORMAL,None,Medium
1622,0,3,30,0.0215,NORMAL,None,Medium
1622,0,4,40,0.0246,NORMAL,None,Low
1622,0,5,50,0.0228,NORMAL,None,Low
1622,0,6,60,0.0228,NORMAL,None,Low
1623,0,1,10,0.0158,NORMAL,None,Medium
1623,0,2,20,0.0224,NORMAL,None,Medium
1623,0,3,30,0.0256,NORMAL,None,Medium
1623,0,4,40,0.0248,NORMAL,None,Low
1623,0,5,50,0.0253,NORMAL,None,Low
1623,0,6,60,0.0261,NORMAL,None,Low
1624,0,1,10,0.0136,NORMAL,None,Medium
1624,0,2,20,0.0196,NORMAL,None,Medium
1624,0,3,30,0.022,NORMAL,None,Medium
1624,0,4,40,0.026,NORMAL,None,Low
1624,0,5,50,0.0304,NORMAL,None,Low
1624,0,6,60,0.0251,NORMAL,None,Low
1625,0,1,10,0.0133,NORMAL,None,Medium
1625,0,2,20,0.0191,NORMAL,None,Medium
1625,0,3,30,0.0225,NORMAL,None,Medium
1625,0,4,40,0.0267,NORMAL,None,Low
1625,0,5,50,0.0241,NORMAL,None,Low
1625,0,6,60,0.0255,NORMAL,None,Low
1626,0,1,10,0.015,NORMAL,None,Medium
1626,0,2,20,0.0226,NORMAL,None,Medium
1626,0,3,30,0.0236,NORMAL,None,Medium
1626,0,4,40,0.0252,NORMAL,None,Low
1626,0,5,50,0.024,NORMAL,None,Low
1626,0,6,60,0.0228,NORMAL,None,Low
1627,0,1,10,0.0147,NORMAL,None,Medium
1627,0,2,20,0.0214,NORMAL,None,Medium
1627,0,3,30,0.0225,NORMAL,None,Medium
1627,0,4,40,0.0254,NORMAL,None,Low
1627,0,5,50,0.0227,NORMAL,None,Low
1627,0,6,60,0.0275,NORMAL,None,Low
1628,0,1,10,0.0141,NORMAL,None,Medium
1628,0,2,20,0.0215,NORMAL,None,Medium
1628,0,3,30,0.0243,NORMAL,None,Medium
1628,0,4,40,0.0226,NORMAL,None,Low
1628,0,5,50,0.0246,NORMAL,None,Low
1628,0,6,60,0.0249,NORMAL,None,Low
1629,0,1,10,0.0166,NORMAL,None,Medium
1629,0,2,20,0.021,NORMAL,None,Medium
1629,0,3,30,0.0232,NORMAL,None,Medium
1629,0,4,40,0.0221,NORMAL,None,Low
1629,0,5,50,0.0243,NORMAL,None,Low
1629,0,6,60,0.0277,NORMAL,None,Low
1630,0,1,10,0.0199,NORMAL,None,Medium
1630,0,2,20,0.0228,NORMAL,None,Medium
1630,0,3,30,0.0251,NORMAL,None,Medium
1630,0,4,40,0.0252,NORMAL,None,Low
1630,0,5,50,0.0272,NORMAL,None,Low
1630,0,6,60,0.0262,NORMAL,None,Low
1631,0,1,10,0.0185,NORMAL,None,Medium
1631,0,2,20,0.0241,NORMAL,None,Medium
1631,0,3,30,0.0234,NORMAL,None,Medium
1631,0,4,40,0.0254,NORMAL,None,Low
1631,0,5,50,0.0289,NORMAL,None,Low
1631,0,6,60,0.0266,NORMAL,None,Low
1632,0,1,10,0.0148,NORMAL,None,Medium
1632,0,2,20,0.0203,NORMAL,None,Medium
1632,0,3,30,0.0241,NORMAL,None,Medium
1632,0,4,40,0.0251,NORMAL,None,Low
1632,0,5,50,0.0258,NORMAL,None,Low
1632,0,6,60,0.0247,NORMAL,None,Low
1633,0,1,10,0.0161,NORMAL,None,Medium
1633,0,2,20,0.0213,NORMAL,None,Medium
1633,0,3,30,0.0238,NORMAL,None,Medium
1633,0,4,40,0.0248,NORMAL,None,Low
1633,0,5,50,0.0231,NORMAL,None,Low
1633,0,6,60,0.0258,NORMAL,None,Low
1634,0,1,10,0.0147,NORMAL,None,Medium
1634,0,2,20,0.0228,NORMAL,None,Medium
1634,0,3,30,0.023,NORMAL,None,Medium
1634,0,4,40,0.0251,NORMAL,None,Low
1634,0,5,50,0.0243,NORMAL,None,Low
1634,0,6,60,0.0252,NORMAL,None,Low
1635,0,1,10,0.0163,NORMAL,None,Medium
1635,0,2,20,0.0222,NORMAL,None,Medium
1635,0,3,30,0.023,NORMAL,None,Medium
1635,0,4,40,0.0271,NORMAL,None,Low
1635,0,5,50,0.0263,NORMAL,None,Low
1635,0,6,60,0.0277,NORMAL,None,Low
1636,0,1,10,0.0167,NORMAL,None,Medium
1636,0,2,20,0.0186,NORMAL,None,Medium
1636,0,3,30,0.0193,NORMAL,None,Medium
1636,0,4,40,0.0223,NORMAL,None,Low
1636,0,5,50,0.0257,NORMAL,None,Low
1636,0,6,60,0.027,NORMAL,None,Low
1637,0,1,10,0.0159,NORMAL,None,Medium
1637,0,2,20,0.0235,NORMAL,None,Medium
1637,0,3,30,0.0263,NORMAL,None,Medium
1637,0,4,40,0.0258,NORMAL,None,Low
1637,0,5,50,0.0284,NORMAL,None,Low
1637,0,6,60,0.0276,NORMAL,None,Low
1638,0,1,10,0.0147,NORMAL,None,Medium
1638,0,2,20,0.0199,NORMAL,None,Medium
1638,0,3,30,0.0233,NORMAL,None,Medium
1638,0,4,40,0.0256,NORMAL,None,Low
1638,0,5,50,0.0276,NORMAL,None,Low
1638,0,6,60,0.0249,NORMAL,None,Low
1639,0,1,10,0.015,NORMAL,None,Medium
1639,0,2,20,0.0217,NORMAL,None,Medium
1639,0,3,30,0.0232,NORMAL,None,Medium
1639,0,4,40,0.0266,NORMAL,None,Low
1639,0,5,50,0.0254,NORMAL,None,Low
1639,0,6,60,0.0264,NORMAL,None,Low
1640,0,1,10,0.0148,NORMAL,None,Medium
1640,0,2,20,0.0208,NORMAL,None,Medium
1640,0,3,30,0.0239,NORMAL,None,Medium
1640,0,4,40,0.022,NORMAL,None,Low
1640,0,5,50,0.0229,NORMAL,None,Low
1640,0,6,60,0.0236,NORMAL,None,Low
1641,0,1,10,0.0167,NORMAL,None,Medium
1641,0,2,20,0.0212,NORMAL,None,Medium
1641,0,3,30,0.0231,NORMAL,None,Medium
1641,0,4,40,0.0257,NORMAL,None,Low
1641,0,5,50,0.0251,NORMAL,None,Low
1641,0,6,60,0.0253,NORMAL,None,Low
1642,0,1,10,0.0156,NORMAL,None,Medium
1642,0,2,20,0.0195,NORMAL,None,Medium
1642,0,3,30,0.0227,NORMAL,None,Medium
1642,0,4,40,0.0237,NORMAL,None,Low
1642,0,5,50,0.0253,NORMAL,None,Low
1642,0,6,60,0.0243,NORMAL,None,Low
1643,0,1,10,0.0151,NORMAL,None,Medium
1643,0,2,20,0.0214,NORMAL,None,Medium
1643,0,3,30,0.0218,NORMAL,None,Medium
1643,0,4,40,0.0223,NORMAL,None,Low
1643,0,5,50,0.0244,NORMAL,None,Low
1643,0,6,60,0.0281,NORMAL,None,Low
1644,0,1,10,0.0169,NORMAL,None,Medium
1644,0,2,20,0.0236,NORMAL,None,Medium
1644,0,3,30,0.0249,NORMAL,None,Medium
1644,0,4,40,0.027,NORMAL,None,Low
1644,0,5,50,0.0265,NORMAL,None,Low
1644,0,6,60,0.028,NORMAL,None,Low
1645,0,1,10,0.0143,NORMAL,None,Medium
1645,0,2,20,0.022,NORMAL,None,Medium
1645,0,3,30,0.0239,NORMAL,None,Medium
1645,0,4,40,0.0234,NORMAL,None,Low
1645,0,5,50,0.0228,NORMAL,None,Low
1645,0,6,60,0.0248,NORMAL,None,Low
1646,0,1,10,0.014,NORMAL,None,Medium
1646,0,2,20,0.0223,NORMAL,None,Medium
1646,0,3,30,0.0218,NORMAL,None,Medium
1646,0,4,40,0.0239,NORMAL,None,Low
1646,0,5,50,0.0236,NORMAL,None,Low
1646,0,6,60,0.025,NORMAL,None,Low
1647,0,1,10,0.0146,NORMAL,None,Medium
1647,0,2,20,0.0216,NORMAL,None,Medium
1647,0,3,30,0.0249,NORMAL,None,Medium
1647,0,4,40,0.0242,NORMAL,None,Low
1647,0,5,50,0.0233,NORMAL,None,Low
1647,0,6,60,0.0252,NORMAL,None,Low
1648,0,1,10,0.0163,NORMAL,None,Medium
1648,0,2,20,0.0234,NORMAL,None,Medium
1648,0,3,30,0.0247,NORMAL,None,Medium
1648,0,4,40,0.024,NORMAL,None,Low
1648,0,5,50,0.0286,NORMAL,None,Low
1648,0,6,60,0.0261,NORMAL,None,Low
1649,0,1,10,0.0134,NORMAL,None,Medium
1649,0,2,20,0.0196,NORMAL,None,Medium
1649,0,3,30,0.0214,NORMAL,None,Medium
1649,0,4,40,0.0248,NORMAL,None,Low
1649,0,5,50,0.0235,NORMAL,None,Low
1649,0,6,60,0.0266,NORMAL,None,Low
1770,0,1,10,0.0257,NORMAL,None,Medium
1770,0,2,20,0.0256,NORMAL,None,Medium
1770,0,3,30,0.0254,NORMAL,None,Medium
1770,0,4,40,0.0245,NORMAL,None,Low
1770,0,5,50,0.0293,NORMAL,None,Low
1770,0,6,60,0.0255,NORMAL,None,Low
1771,0,1,10,0.0282,NORMAL,None,Medium
1771,0,2,20,0.0272,NORMAL,None,Medium
1771,0,3,30,0.024,NORMAL,None,Medium
1771,0,4,40,0.0255,NORMAL,None,Low
1771,0,5,50,0.0251,NORMAL,None,Low
1771,0,6,60,0.028,NORMAL,None,Low
1772,0,1,10,0.0354,NORMAL,None,Medium
1772,0,2,20,0.0269,NORMAL,None,Medium
1772,0,3,30,0.0265,NORMAL,None,Medium
1772,0,4,40,0.0284,NORMAL,None,Low
1772,0,5,50,0.0277,NORMAL,None,Low
1772,0,6,60,0.0288,NORMAL,None,Low
1773,0,1,10,0.037,NORMAL,None,Medium
1773,0,2,20,0.0271,NORMAL,None,Medium
1773,0,3,30,0.0238,NORMAL,None,Medium
1773,0,4,40,0.0255,NORMAL,None,Low
1773,0,5,50,0.0273,NORMAL,None,Low
1773,0,6,60,0.0269,NORMAL,None,Low
1774,0,1,10,0.1127,NORMAL,None,Medium
1774,0,2,20,0.0557,NORMAL,None,Medium
1774,0,3,30,0.0374,NORMAL,None,Medium
1774,0,4,40,0.0331,NORMAL,None,Low
1774,0,5,50,0.0315,NORMAL,None,Low
1774,0,6,60,0.0301,NORMAL,None,Low
1775,0,1,10,0.0199,NORMAL,None,Medium
1775,0,2,20,0.0219,NORMAL,None,Medium
1775,0,3,30,0.025,NORMAL,None,Medium
1775,0,4,40,0.0264,NORMAL,None,Low
1775,0,5,50,0.0267,NORMAL,None,Low
1775,0,6,60,0.0276,NORMAL,None,Low
1776,0,1,10,0.0182,NORMAL,None,Medium
1776,0,2,20,0.02,NORMAL,None,Medium
1776,0,3,30,0.0234,NORMAL,None,Medium
1776,0,4,40,0.0255,NORMAL,None,Low
1776,0,5,50,0.0239,NORMAL,None,Low
1776,0,6,60,0.0238,NORMAL,None,Low
1777,0,1,10,0.0185,NORMAL,None,Medium
1777,0,2,20,0.0199,NORMAL,None,Medium
1777,0,3,30,0.0225,NORMAL,None,Medium
1777,0,4,40,0.0242,NORMAL,None,Low
1777,0,5,50,0.024,NORMAL,None,Low
1777,0,6,60,0.026,NORMAL,None,Low
1778,0,1,10,0.0168,NORMAL,None,Medium
1778,0,2,20,0.0214,NORMAL,None,Medium
1778,0,3,30,0.0218,NORMAL,None,Medium
1778,0,4,40,0.0255,NORMAL,None,Low
1778,0,5,50,0.0244,NORMAL,None,Low
1778,0,6,60,0.0231,NORMAL,None,Low
1779,0,1,10,0.0156,NORMAL,None,Medium
1779,0,2,20,0.0214,NORMAL,None,Medium
1779,0,3,30,0.0246,NORMAL,None,Medium
1779,0,4,40,0.0244,NORMAL,None,Low
1779,0,5,50,0.0234,NORMAL,None,Low
1779,0,6,60,0.0268,NORMAL,None,Low
1780,0,1,10,0.0142,NORMAL,None,Medium
1780,0,2,20,0.0202,NORMAL,None,Medium
1780,0,3,30,0.0216,NORMAL,None,Medium
1780,0,4,40,0.0248,NORMAL,None,Low
1780,0,5,50,0.0262,NORMAL,None,Low
1780,0,6,60,0.0261,NORMAL,None,Low
1781,0,1,10,0.0175,NORMAL,None,Medium
1781,0,2,20,0.0194,NORMAL,None,Medium
1781,0,3,30,0.0209,NORMAL,None,Medium
1781,0,4,40,0.0257,NORMAL,None,Low
1781,0,5,50,0.0275,NORMAL,None,Low
1781,0,6,60,0.0262,NORMAL,None,Low
1782,0,1,10,0.0166,NORMAL,None,Medium
1782,0,2,20,0.0207,NORMAL,None,Medium
1782,0,3,30,0.0229,NORMAL,None,Medium
1782,0,4,40,0.0258,NORMAL,None,Low
1782,0,5,50,0.0278,NORMAL,None,Low
1782,0,6,60,0.0253,NORMAL,None,Low
1783,0,1,10,0.0171,NORMAL,None,Medium
1783,0,2,20,0.0204,NORMAL,None,Medium
1783,0,3,30,0.0244,NORMAL,None,Medium
1783,0,4,40,0.0239,NORMAL,None,Low
1783,0,5,50,0.0262,NORMAL,None,Low
1783,0,6,60,0.0239,NORMAL,None,Low
1784,0,1,10,0.0166,NORMAL,None,Medium
1784,0,2,20,0.0197,NORMAL,None,Medium
1784,0,3,30,0.0215,NORMAL,None,Medium
1784,0,4,40,0.0228,NORMAL,None,Low
1784,0,5,50,0.0238,NORMAL,None,Low
1784,0,6,60,0.0256,NORMAL,None,Low
1785,0,1,10,0.0151,NORMAL,None,Medium
1785,0,2,20,0.0195,NORMAL,None,Medium
1785,0,3,30,0.0207,NORMAL,None,Medium
1785,0,4,40,0.0233,NORMAL,None,Low
1785,0,5,50,0.0235,NORMAL,None,Low
1785,0,6,60,0.0253,NORMAL,None,Low
1786,0,1,10,0.0144,NORMAL,None,Medium
1786,0,2,20,0.0212,NORMAL,None,Medium
1786,0,3,30,0.0234,NORMAL,None,Medium
1786,0,4,40,0.0222,NORMAL,None,Low
1786,0,5,50,0.0253,NORMAL,None,Low
1786,0,6,60,0.0254,NORMAL,None,Low
1787,0,1,10,0.0151,NORMAL,None,Medium
1787,0,2,20,0.0219,NORMAL,None,Medium
1787,0,3,30,0.0219,NORMAL,None,Medium
1787,0,4,40,0.0203,NORMAL,None,Low
1787,0,5,50,0.0228,NORMAL,None,Low
1787,0,6,60,0.0256,NORMAL,None,Low
1788,0,1,10,0.0152,NORMAL,None,Medium
1788,0,2,20,0.0208,NORMAL,None,Medium
1788,0,3,30,0.0245,NORMAL,None,Medium
1788,0,4,40,0.0258,NORMAL,None,Low
1788,0,5,50,0.0284,NORMAL,None,Low
1788,0,6,60,0.0258,NORMAL,None,Low
1789,0,1,10,0.0177,NORMAL,None,Medium
1789,0,2,20,0.0218,NORMAL,None,Medium
1789,0,3,30,0.0231,NORMAL,None,Medium
1789,0,4,40,0.0278,NORMAL,None,Low
1789,0,5,50,0.0269,NORMAL,None,Low
1789,0,6,60,0.0271,NORMAL,None,Low
1790,0,1,10,0.0165,NORMAL,None,Medium
1790,0,2,20,0.0198,NORMAL,None,Medium
1790,0,3,30,0.022,NORMAL,None,Medium
1790,0,4,40,0.0242,NORMAL,None,Low
1790,0,5,50,0.0238,NORMAL,None,Low
1790,0,6,60,0.0251,NORMAL,None,Low
1791,0,1,10,0.0158,NORMAL,None,Medium
1791,0,2,20,0.0196,NORMAL,None,Medium
1791,0,3,30,0.0231,NORMAL,None,Medium
1791,0,4,40,0.0235,NORMAL,None,Low
1791,0,5,50,0.0276,NORMAL,None,Low
1791,0,6,60,0.0252,NORMAL,None,Low
1792,0,1,10,0.026,NORMAL,None,Medium
1792,0,2,20,0.0314,NORMAL,None,Medium
1792,0,3,30,0.0277,NORMAL,None,Medium
1792,0,4,40,0.0257,NORMAL,None,Low
1792,0,5,50,0.027,NORMAL,None,Low
1792,0,6,60,0.0311,NORMAL,None,Low
1793,0,1,10,0.0156,NORMAL,None,Medium
1793,0,2,20,0.0215,NORMAL,None,Medium
1793,0,3,30,0.0228,NORMAL,None,Medium
1793,0,4,40,0.024,NORMAL,None,Low
1793,0,5,50,0.0262,NORMAL,None,Low
1793,0,6,60,0.0242,NORMAL,None,Low
1794,0,1,10,0.0176,NORMAL,None,Medium
1794,0,2,20,0.0211,NORMAL,None,Medium
1794,0,3,30,0.0233,NORMAL,None,Medium
1794,0,4,40,0.0287,NORMAL,None,Low
1794,0,5,50,0.0249,NORMAL,None,Low
1794,0,6,60,0.0262,NORMAL,None,Low
1795,0,1,10,0.0174,NORMAL,None,Medium
1795,0,2,20,0.0227,NORMAL,None,Medium
1795,0,3,30,0.025,NORMAL,None,Medium
1795,0,4,40,0.0248,NORMAL,None,Low
1795,0,5,50,0.0239,NORMAL,None,Low
1795,0,6,60,0.0256,NORMAL,None,Low
1796,0,1,10,0.0221,NORMAL,None,Medium
1796,0,2,20,0.0258,NORMAL,None,Medium
1796,0,3,30,0.0257,NORMAL,None,Medium
1796,0,4,40,0.0283,NORMAL,None,Low
1796,0,5,50,0.0244,NORMAL,None,Low
1796,0,6,60,0.0261,NORMAL,None,Low
1797,0,1,10,0.018,NORMAL,None,Medium
1797,0,2,20,0.0236,NORMAL,None,Medium
1797,0,3,30,0.0228,NORMAL,None,Medium
1797,0,4,40,0.0254,NORMAL,None,Low
1797,0,5,50,0.0251,NORMAL,None,Low
1797,0,6,60,0.0268,NORMAL,None,Low
1798,0,1,10,0.0181,NORMAL,None,Medium
1798,0,2,20,0.0241,NORMAL,None,Medium
1798,0,3,30,0.0251,NORMAL,None,Medium
1798,0,4,40,0.0239,NORMAL,None,Low
1798,0,5,50,0.0258,NORMAL,None,Low
1798,0,6,60,0.0252,NORMAL,None,Low
1799,0,1,10,0.0187,NORMAL,None,Medium
1799,0,2,20,0.0252,NORMAL,None,Medium
1799,0,3,30,0.0292,NORMAL,None,Medium
1799,0,4,40,0.0257,NORMAL,None,Low
1799,0,5,50,0.0234,NORMAL,None,Low
1799,0,6,60,0.0244,NORMAL,None,Low
1920,1,1,10,0.9478,ACTIVE,Initial Access,Low
1920,1,2,20,0.9514,ACTIVE,Initial Access,Low
1920,1,3,30,0.9512,ACTIVE,Initial Access,Low
1920,1,4,40,0.9568,ACTIVE,Initial Access,Low
1920,1,5,50,0.9536,ACTIVE,Initial Access,Low
1920,1,6,60,0.9498,ACTIVE,Initial Access,Low
1921,1,1,10,0.9548,ACTIVE,Initial Access,Low
1921,1,2,20,0.9538,ACTIVE,Initial Access,Low
1921,1,3,30,0.9538,ACTIVE,Initial Access,Low
1921,1,4,40,0.9527,ACTIVE,Initial Access,Low
1921,1,5,50,0.9488,ACTIVE,Initial Access,Low
1921,1,6,60,0.9504,ACTIVE,Initial Access,Low
1922,1,1,10,0.9266,ACTIVE,Initial Access,Low
1922,1,2,20,0.9404,ACTIVE,Initial Access,Low
1922,1,3,30,0.9456,ACTIVE,Initial Access,Low
1922,1,4,40,0.9488,ACTIVE,Initial Access,Low
1922,1,5,50,0.9456,ACTIVE,Initial Access,Low
1922,1,6,60,0.9475,ACTIVE,Initial Access,Low
1923,0,1,10,0.9194,ACTIVE,Initial Access,Low
1923,0,2,20,0.9327,ACTIVE,Initial Access,Low
1923,0,3,30,0.9314,ACTIVE,Initial Access,Low
1923,0,4,40,0.9297,ACTIVE,Initial Access,Low
1923,0,5,50,0.9321,ACTIVE,Initial Access,Low
1923,0,6,60,0.9341,ACTIVE,Initial Access,Low
1924,0,1,10,0.8951,ACTIVE,Initial Access,Low
1924,0,2,20,0.9214,ACTIVE,Initial Access,Low
1924,0,3,30,0.926,ACTIVE,Initial Access,Low
1924,0,4,40,0.9289,ACTIVE,Initial Access,Low
1924,0,5,50,0.9242,ACTIVE,Initial Access,Low
1924,0,6,60,0.9246,ACTIVE,Initial Access,Low
1925,1,1,10,0.9691,ACTIVE,Initial Access,Low
1925,1,2,20,0.9622,ACTIVE,Initial Access,Low
1925,1,3,30,0.9628,ACTIVE,Initial Access,Low
1925,1,4,40,0.9604,ACTIVE,Initial Access,Low
1925,1,5,50,0.9578,ACTIVE,Initial Access,Low
1925,1,6,60,0.9551,ACTIVE,Initial Access,Low
1926,1,1,10,0.9573,ACTIVE,Initial Access,Low
1926,1,2,20,0.9561,ACTIVE,Initial Access,Low
1926,1,3,30,0.9584,ACTIVE,Initial Access,Low
1926,1,4,40,0.9567,ACTIVE,Initial Access,Low
1926,1,5,50,0.9565,ACTIVE,Initial Access,Low
1926,1,6,60,0.9527,ACTIVE,Initial Access,Low
1927,1,1,10,0.9151,ACTIVE,Initial Access,Low
1927,1,2,20,0.9296,ACTIVE,Initial Access,Low
1927,1,3,30,0.9445,ACTIVE,Initial Access,Low
1927,1,4,40,0.9423,ACTIVE,Initial Access,Low
1927,1,5,50,0.9439,ACTIVE,Initial Access,Low
1927,1,6,60,0.9436,ACTIVE,Initial Access,Low
1928,1,1,10,0.898,ACTIVE,Initial Access,Low
1928,1,2,20,0.9439,ACTIVE,Initial Access,Low
1928,1,3,30,0.9551,ACTIVE,Initial Access,Low
1928,1,4,40,0.9568,ACTIVE,Initial Access,Low
1928,1,5,50,0.9572,ACTIVE,Initial Access,Low
1928,1,6,60,0.9539,ACTIVE,Initial Access,Low
1929,1,1,10,0.9675,ACTIVE,Initial Access,Low
1929,1,2,20,0.9671,ACTIVE,Initial Access,Low
1929,1,3,30,0.9697,ACTIVE,Initial Access,Low
1929,1,4,40,0.9659,ACTIVE,Initial Access,Low
1929,1,5,50,0.9646,ACTIVE,Initial Access,Low
1929,1,6,60,0.9644,ACTIVE,Initial Access,Low
1930,1,1,10,0.3126,NORMAL,None,Medium
1930,1,2,20,0.133,NORMAL,None,Medium
1930,1,3,30,0.049,NORMAL,None,Medium
1930,1,4,40,0.0274,NORMAL,None,Low
1930,1,5,50,0.0264,NORMAL,None,Low
1930,1,6,60,0.0297,NORMAL,None,Low
1931,0,1,10,0.8061,ACTIVE,Initial Access,Low
1931,0,2,20,0.8943,ACTIVE,Initial Access,Low
1931,0,3,30,0.9187,ACTIVE,Initial Access,Low
1931,0,4,40,0.9319,ACTIVE,Initial Access,Low
1931,0,5,50,0.9272,ACTIVE,Initial Access,Low
1931,0,6,60,0.9329,ACTIVE,Initial Access,Low
1932,0,1,10,0.6987,ONSET,Initial Access,Low
1932,0,2,20,0.7791,ACTIVE,Initial Access,Low
1932,0,3,30,0.847,ACTIVE,Initial Access,Low
1932,0,4,40,0.8692,ACTIVE,Initial Access,Low
1932,0,5,50,0.8711,ACTIVE,Initial Access,Low
1932,0,6,60,0.8714,ACTIVE,Initial Access,Low
1933,0,1,10,0.9297,ACTIVE,Initial Access,Low
1933,0,2,20,0.9506,ACTIVE,Initial Access,Low
1933,0,3,30,0.9624,ACTIVE,Initial Access,Low
1933,0,4,40,0.9618,ACTIVE,Initial Access,Low
1933,0,5,50,0.9598,ACTIVE,Initial Access,Low
1933,0,6,60,0.959,ACTIVE,Initial Access,Low
1934,0,1,10,0.8116,PRE_ATTACK,Reconnaissance,Low
1934,0,2,20,0.8762,ACTIVE,Initial Access,Low
1934,0,3,30,0.9083,ACTIVE,Initial Access,Low
1934,0,4,40,0.9167,ACTIVE,Initial Access,Low
1934,0,5,50,0.9163,ACTIVE,Initial Access,Low
1934,0,6,60,0.9189,ACTIVE,Initial Access,Low
1935,0,1,10,0.8413,PRE_ATTACK,Reconnaissance,Low
1935,0,2,20,0.8915,ACTIVE,Initial Access,Low
1935,0,3,30,0.9074,ACTIVE,Initial Access,Low
1935,0,4,40,0.9173,ACTIVE,Initial Access,Low
1935,0,5,50,0.9137,ACTIVE,Initial Access,Low
1935,0,6,60,0.9083,ACTIVE,Initial Access,Low
1936,0,1,10,0.8654,ACTIVE,Initial Access,Low
1936,0,2,20,0.9097,ACTIVE,Initial Access,Low
1936,0,3,30,0.92,ACTIVE,Initial Access,Low
1936,0,4,40,0.9227,ACTIVE,Initial Access,Low
1936,0,5,50,0.9221,ACTIVE,Initial Access,Low
1936,0,6,60,0.9232,ACTIVE,Initial Access,Low
1937,0,1,10,0.8799,ACTIVE,Initial Access,Low
1937,0,2,20,0.9172,ACTIVE,Initial Access,Low
1937,0,3,30,0.9245,ACTIVE,Initial Access,Low
1937,0,4,40,0.9317,ACTIVE,Initial Access,Low
1937,0,5,50,0.9315,ACTIVE,Initial Access,Low
1937,0,6,60,0.9301,ACTIVE,Initial Access,Low
1938,0,1,10,0.8907,ACTIVE,Initial Access,Low
1938,0,2,20,0.9257,ACTIVE,Initial Access,Low
1938,0,3,30,0.9424,ACTIVE,Initial Access,Low
1938,0,4,40,0.9434,ACTIVE,Initial Access,Low
1938,0,5,50,0.944,ACTIVE,Initial Access,Low
1938,0,6,60,0.9424,ACTIVE,Initial Access,Low
1939,0,1,10,0.9268,ACTIVE,Initial Access,Low
1939,0,2,20,0.9472,ACTIVE,Initial Access,Low
1939,0,3,30,0.9518,ACTIVE,Initial Access,Low
1939,0,4,40,0.9527,ACTIVE,Initial Access,Low
1939,0,5,50,0.9502,ACTIVE,Initial Access,Low
1939,0,6,60,0.9476,ACTIVE,Initial Access,Low
1940,0,1,10,0.9187,ACTIVE,Initial Access,Low
1940,0,2,20,0.9309,ACTIVE,Initial Access,Low
1940,0,3,30,0.9365,ACTIVE,Initial Access,Low
1940,0,4,40,0.9376,ACTIVE,Initial Access,Low
1940,0,5,50,0.9409,ACTIVE,Initial Access,Low
1940,0,6,60,0.9357,ACTIVE,Initial Access,Low
1941,0,1,10,0.7932,ONSET,Initial Access,Low
1941,0,2,20,0.8653,ACTIVE,Initial Access,Low
1941,0,3,30,0.9041,ACTIVE,Initial Access,Low
1941,0,4,40,0.9076,ACTIVE,Initial Access,Low
1941,0,5,50,0.9175,ACTIVE,Initial Access,Low
1941,0,6,60,0.9202,ACTIVE,Initial Access,Low
1942,0,1,10,0.7784,ONSET,Initial Access,Low
1942,0,2,20,0.8749,ACTIVE,Initial Access,Low
1942,0,3,30,0.927,ACTIVE,Initial Access,Low
1942,0,4,40,0.9298,ACTIVE,Initial Access,Low
1942,0,5,50,0.9295,ACTIVE,Initial Access,Low
1942,0,6,60,0.93,ACTIVE,Initial Access,Low
1943,0,1,10,0.6642,NORMAL,None,Medium
1943,0,2,20,0.7113,ACTIVE,Initial Access,Low
1943,0,3,30,0.762,ACTIVE,Initial Access,Low
1943,0,4,40,0.7707,ACTIVE,Initial Access,Low
1943,0,5,50,0.7716,ACTIVE,Initial Access,Low
1943,0,6,60,0.7677,ACTIVE,Initial Access,Low
1944,1,1,10,0.8553,ACTIVE,Initial Access,Low
1944,1,2,20,0.9182,ACTIVE,Initial Access,Low
1944,1,3,30,0.9423,ACTIVE,Initial Access,Low
1944,1,4,40,0.9486,ACTIVE,Initial Access,Low
1944,1,5,50,0.9454,ACTIVE,Initial Access,Low
1944,1,6,60,0.9421,ACTIVE,Initial Access,Low
1945,1,1,10,0.8399,ACTIVE,Initial Access,Low
1945,1,2,20,0.9079,ACTIVE,Initial Access,Low
1945,1,3,30,0.9397,ACTIVE,Initial Access,Low
1945,1,4,40,0.947,ACTIVE,Initial Access,Low
1945,1,5,50,0.9451,ACTIVE,Initial Access,Low
1945,1,6,60,0.9479,ACTIVE,Initial Access,Low
1946,1,1,10,0.8336,ACTIVE,Initial Access,Low
1946,1,2,20,0.8994,ACTIVE,Initial Access,Low
1946,1,3,30,0.9313,ACTIVE,Initial Access,Low
1946,1,4,40,0.9325,ACTIVE,Initial Access,Low
1946,1,5,50,0.9306,ACTIVE,Initial Access,Low
1946,1,6,60,0.9254,ACTIVE,Initial Access,Low
1947,1,1,10,0.9172,ACTIVE,Initial Access,Low
1947,1,2,20,0.9407,ACTIVE,Initial Access,Low
1947,1,3,30,0.9476,ACTIVE,Initial Access,Low
1947,1,4,40,0.9555,ACTIVE,Initial Access,Low
1947,1,5,50,0.9577,ACTIVE,Initial Access,Low
1947,1,6,60,0.9518,ACTIVE,Initial Access,Low
1948,1,1,10,0.9445,ACTIVE,Initial Access,Low
1948,1,2,20,0.9583,ACTIVE,Initial Access,Low
1948,1,3,30,0.9596,ACTIVE,Initial Access,Low
1948,1,4,40,0.9574,ACTIVE,Initial Access,Low
1948,1,5,50,0.9597,ACTIVE,Initial Access,Low
1948,1,6,60,0.9571,ACTIVE,Initial Access,Low
1949,1,1,10,0.8722,ACTIVE,Initial Access,Low
1949,1,2,20,0.9214,ACTIVE,Initial Access,Low
1949,1,3,30,0.9343,ACTIVE,Initial Access,Low
1949,1,4,40,0.9327,ACTIVE,Initial Access,Low
1949,1,5,50,0.93,ACTIVE,Initial Access,Low
1949,1,6,60,0.9317,ACTIVE,Initial Access,Low
2070,1,1,10,0.9697,ACTIVE,Initial Access,Low
2070,1,2,20,0.9668,ACTIVE,Initial Access,Low
2070,1,3,30,0.9633,ACTIVE,Initial Access,Low
2070,1,4,40,0.9595,ACTIVE,Initial Access,Low
2070,1,5,50,0.961,ACTIVE,Initial Access,Low
2070,1,6,60,0.9611,ACTIVE,Initial Access,Low
2071,1,1,10,0.972,ACTIVE,Initial Access,Low
2071,1,2,20,0.9668,ACTIVE,Initial Access,Low
2071,1,3,30,0.967,ACTIVE,Initial Access,Low
2071,1,4,40,0.963,ACTIVE,Initial Access,Low
2071,1,5,50,0.9599,ACTIVE,Initial Access,Low
2071,1,6,60,0.9574,ACTIVE,Initial Access,Low
2072,1,1,10,0.9309,ACTIVE,Initial Access,Low
2072,1,2,20,0.9391,ACTIVE,Initial Access,Low
2072,1,3,30,0.9393,ACTIVE,Initial Access,Low
2072,1,4,40,0.9357,ACTIVE,Initial Access,Low
2072,1,5,50,0.9379,ACTIVE,Initial Access,Low
2072,1,6,60,0.9404,ACTIVE,Initial Access,Low
2073,1,1,10,0.8848,ACTIVE,Initial Access,Low
2073,1,2,20,0.914,ACTIVE,Initial Access,Low
2073,1,3,30,0.9215,ACTIVE,Initial Access,Low
2073,1,4,40,0.9218,ACTIVE,Initial Access,Low
2073,1,5,50,0.922,ACTIVE,Initial Access,Low
2073,1,6,60,0.9187,ACTIVE,Initial Access,Low
2074,0,1,10,0.9098,ACTIVE,Initial Access,Low
2074,0,2,20,0.9235,ACTIVE,Initial Access,Low
2074,0,3,30,0.9353,ACTIVE,Initial Access,Low
2074,0,4,40,0.9386,ACTIVE,Initial Access,Low
2074,0,5,50,0.9304,ACTIVE,Initial Access,Low
2074,0,6,60,0.9323,ACTIVE,Initial Access,Low
2075,1,1,10,0.7972,PRE_ATTACK,Reconnaissance,Low
2075,1,2,20,0.8729,ACTIVE,Initial Access,Low
2075,1,3,30,0.8913,ACTIVE,Initial Access,Low
2075,1,4,40,0.8932,ACTIVE,Initial Access,Low
2075,1,5,50,0.8919,ACTIVE,Initial Access,Low
2075,1,6,60,0.8973,ACTIVE,Initial Access,Low
2076,1,1,10,0.9088,ACTIVE,Initial Access,Low
2076,1,2,20,0.9315,ACTIVE,Initial Access,Low
2076,1,3,30,0.941,ACTIVE,Initial Access,Low
2076,1,4,40,0.9433,ACTIVE,Initial Access,Low
2076,1,5,50,0.9401,ACTIVE,Initial Access,Low
2076,1,6,60,0.9419,ACTIVE,Initial Access,Low
2077,1,1,10,0.9478,ACTIVE,Initial Access,Low
2077,1,2,20,0.9538,ACTIVE,Initial Access,Low
2077,1,3,30,0.9604,ACTIVE,Initial Access,Low
2077,1,4,40,0.9587,ACTIVE,Initial Access,Low
2077,1,5,50,0.9553,ACTIVE,Initial Access,Low
2077,1,6,60,0.9495,ACTIVE,Initial Access,Low
2078,1,1,10,0.9351,ACTIVE,Initial Access,Low
2078,1,2,20,0.946,ACTIVE,Initial Access,Low
2078,1,3,30,0.9512,ACTIVE,Initial Access,Low
2078,1,4,40,0.9544,ACTIVE,Initial Access,Low
2078,1,5,50,0.9466,ACTIVE,Initial Access,Low
2078,1,6,60,0.9502,ACTIVE,Initial Access,Low
2079,1,1,10,0.9643,ACTIVE,Initial Access,Low
2079,1,2,20,0.96,ACTIVE,Initial Access,Low
2079,1,3,30,0.9624,ACTIVE,Initial Access,Low
2079,1,4,40,0.9596,ACTIVE,Initial Access,Low
2079,1,5,50,0.956,ACTIVE,Initial Access,Low
2079,1,6,60,0.9521,ACTIVE,Initial Access,Low
2080,1,1,10,0.9707,ACTIVE,Initial Access,Low
2080,1,2,20,0.9676,ACTIVE,Initial Access,Low
2080,1,3,30,0.9652,ACTIVE,Initial Access,Low
2080,1,4,40,0.9628,ACTIVE,Initial Access,Low
2080,1,5,50,0.9623,ACTIVE,Initial Access,Low
2080,1,6,60,0.9599,ACTIVE,Initial Access,Low
2081,1,1,10,0.871,ACTIVE,Initial Access,Low
2081,1,2,20,0.9154,ACTIVE,Initial Access,Low
2081,1,3,30,0.9315,ACTIVE,Initial Access,Low
2081,1,4,40,0.931,ACTIVE,Initial Access,Low
2081,1,5,50,0.9284,ACTIVE,Initial Access,Low
2081,1,6,60,0.9253,ACTIVE,Initial Access,Low
2082,1,1,10,0.9208,ACTIVE,Initial Access,Low
2082,1,2,20,0.9392,ACTIVE,Initial Access,Low
2082,1,3,30,0.9433,ACTIVE,Initial Access,Low
2082,1,4,40,0.945,ACTIVE,Initial Access,Low
2082,1,5,50,0.9414,ACTIVE,Initial Access,Low
2082,1,6,60,0.9405,ACTIVE,Initial Access,Low
2083,1,1,10,0.8683,ACTIVE,Initial Access,Low
2083,1,2,20,0.9117,ACTIVE,Initial Access,Low
2083,1,3,30,0.9295,ACTIVE,Initial Access,Low
2083,1,4,40,0.9384,ACTIVE,Initial Access,Low
2083,1,5,50,0.9421,ACTIVE,Initial Access,Low
2083,1,6,60,0.9408,ACTIVE,Initial Access,Low
2084,1,1,10,0.8577,ACTIVE,Initial Access,Low
2084,1,2,20,0.9086,ACTIVE,Initial Access,Low
2084,1,3,30,0.9305,ACTIVE,Initial Access,Low
2084,1,4,40,0.931,ACTIVE,Initial Access,Low
2084,1,5,50,0.9303,ACTIVE,Initial Access,Low
2084,1,6,60,0.921,ACTIVE,Initial Access,Low
2085,1,1,10,0.8458,PRE_ATTACK,Reconnaissance,Low
2085,1,2,20,0.9024,ACTIVE,Initial Access,Low
2085,1,3,30,0.9158,ACTIVE,Initial Access,Low
2085,1,4,40,0.9178,ACTIVE,Initial Access,Low
2085,1,5,50,0.9101,ACTIVE,Initial Access,Low
2085,1,6,60,0.8988,ACTIVE,Initial Access,Low
2086,1,1,10,0.9437,ACTIVE,Initial Access,Low
2086,1,2,20,0.9477,ACTIVE,Initial Access,Low
2086,1,3,30,0.9529,ACTIVE,Initial Access,Low
2086,1,4,40,0.9556,ACTIVE,Initial Access,Low
2086,1,5,50,0.9552,ACTIVE,Initial Access,Low
2086,1,6,60,0.9505,ACTIVE,Initial Access,Low
2087,1,1,10,0.9616,ACTIVE,Initial Access,Low
2087,1,2,20,0.9651,ACTIVE,Initial Access,Low
2087,1,3,30,0.9626,ACTIVE,Initial Access,Low
2087,1,4,40,0.9612,ACTIVE,Initial Access,Low
2087,1,5,50,0.9576,ACTIVE,Initial Access,Low
2087,1,6,60,0.9575,ACTIVE,Initial Access,Low
2088,1,1,10,0.9765,ACTIVE,Initial Access,Low
2088,1,2,20,0.9715,ACTIVE,Initial Access,Low
2088,1,3,30,0.9677,ACTIVE,Initial Access,Low
2088,1,4,40,0.9639,ACTIVE,Initial Access,Low
2088,1,5,50,0.9621,ACTIVE,Initial Access,Low
2088,1,6,60,0.9613,ACTIVE,Initial Access,Low
2089,1,1,10,0.9682,ACTIVE,Initial Access,Low
2089,1,2,20,0.9648,ACTIVE,Initial Access,Low
2089,1,3,30,0.9648,ACTIVE,Initial Access,Low
2089,1,4,40,0.9611,ACTIVE,Initial Access,Low
2089,1,5,50,0.9584,ACTIVE,Initial Access,Low
2089,1,6,60,0.9553,ACTIVE,Initial Access,Low
2090,1,1,10,0.9716,ACTIVE,Initial Access,Low
2090,1,2,20,0.9648,ACTIVE,Initial Access,Low
2090,1,3,30,0.9651,ACTIVE,Initial Access,Low
2090,1,4,40,0.9631,ACTIVE,Initial Access,Low
2090,1,5,50,0.9592,ACTIVE,Initial Access,Low
2090,1,6,60,0.9564,ACTIVE,Initial Access,Low
2091,1,1,10,0.9704,ACTIVE,Initial Access,Low
2091,1,2,20,0.9653,ACTIVE,Initial Access,Low
2091,1,3,30,0.9632,ACTIVE,Initial Access,Low
2091,1,4,40,0.9615,ACTIVE,Initial Access,Low
2091,1,5,50,0.9581,ACTIVE,Initial Access,Low
2091,1,6,60,0.9555,ACTIVE,Initial Access,Low
2092,1,1,10,0.9523,ACTIVE,Initial Access,Low
2092,1,2,20,0.9492,ACTIVE,Initial Access,Low
2092,1,3,30,0.9513,ACTIVE,Initial Access,Low
2092,1,4,40,0.948,ACTIVE,Initial Access,Low
2092,1,5,50,0.9495,ACTIVE,Initial Access,Low
2092,1,6,60,0.946,ACTIVE,Initial Access,Low
2093,1,1,10,0.9469,ACTIVE,Initial Access,Low
2093,1,2,20,0.9482,ACTIVE,Initial Access,Low
2093,1,3,30,0.9478,ACTIVE,Initial Access,Low
2093,1,4,40,0.9469,ACTIVE,Initial Access,Low
2093,1,5,50,0.9442,ACTIVE,Initial Access,Low
2093,1,6,60,0.94,ACTIVE,Initial Access,Low
2094,1,1,10,0.969,ACTIVE,Initial Access,Low
2094,1,2,20,0.96,ACTIVE,Initial Access,Low
2094,1,3,30,0.9581,ACTIVE,Initial Access,Low
2094,1,4,40,0.9537,ACTIVE,Initial Access,Low
2094,1,5,50,0.9517,ACTIVE,Initial Access,Low
2094,1,6,60,0.9477,ACTIVE,Initial Access,Low
2095,1,1,10,0.9667,ACTIVE,Initial Access,Low
2095,1,2,20,0.9616,ACTIVE,Initial Access,Low
2095,1,3,30,0.9577,ACTIVE,Initial Access,Low
2095,1,4,40,0.9559,ACTIVE,Initial Access,Low
2095,1,5,50,0.9527,ACTIVE,Initial Access,Low
2095,1,6,60,0.9522,ACTIVE,Initial Access,Low
2096,1,1,10,0.9479,ACTIVE,Initial Access,Low
2096,1,2,20,0.9528,ACTIVE,Initial Access,Low
2096,1,3,30,0.9532,ACTIVE,Initial Access,Low
2096,1,4,40,0.9511,ACTIVE,Initial Access,Low
2096,1,5,50,0.9496,ACTIVE,Initial Access,Low
2096,1,6,60,0.9483,ACTIVE,Initial Access,Low
2097,1,1,10,0.9291,ACTIVE,Initial Access,Low
2097,1,2,20,0.9363,ACTIVE,Initial Access,Low
2097,1,3,30,0.9369,ACTIVE,Initial Access,Low
2097,1,4,40,0.9396,ACTIVE,Initial Access,Low
2097,1,5,50,0.9347,ACTIVE,Initial Access,Low
2097,1,6,60,0.9381,ACTIVE,Initial Access,Low
2098,1,1,10,0.9723,ACTIVE,Initial Access,Low
2098,1,2,20,0.965,ACTIVE,Initial Access,Low
2098,1,3,30,0.9612,ACTIVE,Initial Access,Low
2098,1,4,40,0.9618,ACTIVE,Initial Access,Low
2098,1,5,50,0.9561,ACTIVE,Initial Access,Low
2098,1,6,60,0.9542,ACTIVE,Initial Access,Low
2099,1,1,10,0.9075,ACTIVE,Initial Access,Low
2099,1,2,20,0.9235,ACTIVE,Initial Access,Low
2099,1,3,30,0.9309,ACTIVE,Initial Access,Low
2099,1,4,40,0.9277,ACTIVE,Initial Access,Low
2099,1,5,50,0.9269,ACTIVE,Initial Access,Low
2099,1,6,60,0.9211,ACTIVE,Initial Access,Low
2220,1,1,10,0.9762,ACTIVE,Initial Access,Low
2220,1,2,20,0.9685,ACTIVE,Initial Access,Low
2220,1,3,30,0.9679,ACTIVE,Initial Access,Low
2220,1,4,40,0.9668,ACTIVE,Initial Access,Low
2220,1,5,50,0.9657,ACTIVE,Initial Access,Low
2220,1,6,60,0.963,ACTIVE,Initial Access,Low
2221,1,1,10,0.9748,ACTIVE,Initial Access,Low
2221,1,2,20,0.9695,ACTIVE,Initial Access,Low
2221,1,3,30,0.9643,ACTIVE,Initial Access,Low
2221,1,4,40,0.9634,ACTIVE,Initial Access,Low
2221,1,5,50,0.961,ACTIVE,Initial Access,Low
2221,1,6,60,0.9569,ACTIVE,Initial Access,Low
2222,1,1,10,0.9773,ACTIVE,Initial Access,Low
2222,1,2,20,0.9714,ACTIVE,Initial Access,Low
2222,1,3,30,0.9676,ACTIVE,Initial Access,Low
2222,1,4,40,0.9632,ACTIVE,Initial Access,Low
2222,1,5,50,0.9604,ACTIVE,Initial Access,Low
2222,1,6,60,0.9583,ACTIVE,Initial Access,Low
2223,1,1,10,0.9743,ACTIVE,Initial Access,Low
2223,1,2,20,0.9688,ACTIVE,Initial Access,Low
2223,1,3,30,0.9652,ACTIVE,Initial Access,Low
2223,1,4,40,0.9545,ACTIVE,Initial Access,Low
2223,1,5,50,0.9567,ACTIVE,Initial Access,Low
2223,1,6,60,0.9588,ACTIVE,Initial Access,Low
2224,1,1,10,0.9758,ACTIVE,Initial Access,Low
2224,1,2,20,0.9665,ACTIVE,Initial Access,Low
2224,1,3,30,0.9664,ACTIVE,Initial Access,Low
2224,1,4,40,0.9622,ACTIVE,Initial Access,Low
2224,1,5,50,0.9615,ACTIVE,Initial Access,Low
2224,1,6,60,0.9595,ACTIVE,Initial Access,Low
2225,1,1,10,0.9742,ACTIVE,Initial Access,Low
2225,1,2,20,0.9664,ACTIVE,Initial Access,Low
2225,1,3,30,0.9624,ACTIVE,Initial Access,Low
2225,1,4,40,0.9579,ACTIVE,Initial Access,Low
2225,1,5,50,0.9539,ACTIVE,Initial Access,Low
2225,1,6,60,0.9523,ACTIVE,Initial Access,Low
2226,1,1,10,0.962,ACTIVE,Initial Access,Low
2226,1,2,20,0.9596,ACTIVE,Initial Access,Low
2226,1,3,30,0.9582,ACTIVE,Initial Access,Low
2226,1,4,40,0.9513,ACTIVE,Initial Access,Low
2226,1,5,50,0.9488,ACTIVE,Initial Access,Low
2226,1,6,60,0.9477,ACTIVE,Initial Access,Low
2227,1,1,10,0.9445,ACTIVE,Initial Access,Low
2227,1,2,20,0.9491,ACTIVE,Initial Access,Low
2227,1,3,30,0.9521,ACTIVE,Initial Access,Low
2227,1,4,40,0.9466,ACTIVE,Initial Access,Low
2227,1,5,50,0.9452,ACTIVE,Initial Access,Low
2227,1,6,60,0.94,ACTIVE,Initial Access,Low
2228,1,1,10,0.9663,ACTIVE,Initial Access,Low
2228,1,2,20,0.9611,ACTIVE,Initial Access,Low
2228,1,3,30,0.9583,ACTIVE,Initial Access,Low
2228,1,4,40,0.9543,ACTIVE,Initial Access,Low
2228,1,5,50,0.951,ACTIVE,Initial Access,Low
2228,1,6,60,0.9508,ACTIVE,Initial Access,Low
2229,1,1,10,0.9626,ACTIVE,Initial Access,Low
2229,1,2,20,0.9578,ACTIVE,Initial Access,Low
2229,1,3,30,0.9511,ACTIVE,Initial Access,Low
2229,1,4,40,0.9525,ACTIVE,Initial Access,Low
2229,1,5,50,0.9491,ACTIVE,Initial Access,Low
2229,1,6,60,0.952,ACTIVE,Initial Access,Low
2230,1,1,10,0.9736,ACTIVE,Initial Access,Low
2230,1,2,20,0.9685,ACTIVE,Initial Access,Low
2230,1,3,30,0.9625,ACTIVE,Initial Access,Low
2230,1,4,40,0.9599,ACTIVE,Initial Access,Low
2230,1,5,50,0.956,ACTIVE,Initial Access,Low
2230,1,6,60,0.953,ACTIVE,Initial Access,Low
2231,1,1,10,0.9703,ACTIVE,Initial Access,Low
2231,1,2,20,0.9638,ACTIVE,Initial Access,Low
2231,1,3,30,0.9645,ACTIVE,Initial Access,Low
2231,1,4,40,0.9597,ACTIVE,Initial Access,Low
2231,1,5,50,0.9565,ACTIVE,Initial Access,Low
2231,1,6,60,0.9533,ACTIVE,Initial Access,Low
2232,1,1,10,0.9094,ACTIVE,Initial Access,Low
2232,1,2,20,0.9232,ACTIVE,Initial Access,Low
2232,1,3,30,0.9286,ACTIVE,Initial Access,Low
2232,1,4,40,0.9248,ACTIVE,Initial Access,Low
2232,1,5,50,0.9213,ACTIVE,Initial Access,Low
2232,1,6,60,0.9193,ACTIVE,Initial Access,Low
2233,0,1,10,0.9435,ACTIVE,Initial Access,Low
2233,0,2,20,0.941,ACTIVE,Initial Access,Low
2233,0,3,30,0.9431,ACTIVE,Initial Access,Low
2233,0,4,40,0.9404,ACTIVE,Initial Access,Low
2233,0,5,50,0.9409,ACTIVE,Initial Access,Low
2233,0,6,60,0.9381,ACTIVE,Initial Access,Low
2234,1,1,10,0.9436,ACTIVE,Initial Access,Low
2234,1,2,20,0.9418,ACTIVE,Initial Access,Low
2234,1,3,30,0.9406,ACTIVE,Initial Access,Low
2234,1,4,40,0.9352,ACTIVE,Initial Access,Low
2234,1,5,50,0.9351,ACTIVE,Initial Access,Low
2234,1,6,60,0.9316,ACTIVE,Initial Access,Low
2235,1,1,10,0.9501,ACTIVE,Initial Access,Low
2235,1,2,20,0.9479,ACTIVE,Initial Access,Low
2235,1,3,30,0.9491,ACTIVE,Initial Access,Low
2235,1,4,40,0.9505,ACTIVE,Initial Access,Low
2235,1,5,50,0.9456,ACTIVE,Initial Access,Low
2235,1,6,60,0.9439,ACTIVE,Initial Access,Low
2236,1,1,10,0.9595,ACTIVE,Initial Access,Low
2236,1,2,20,0.9582,ACTIVE,Initial Access,Low
2236,1,3,30,0.957,ACTIVE,Initial Access,Low
2236,1,4,40,0.9545,ACTIVE,Initial Access,Low
2236,1,5,50,0.9564,ACTIVE,Initial Access,Low
2236,1,6,60,0.9469,ACTIVE,Initial Access,Low
2237,1,1,10,0.9716,ACTIVE,Initial Access,Low
2237,1,2,20,0.9656,ACTIVE,Initial Access,Low
2237,1,3,30,0.9631,ACTIVE,Initial Access,Low
2237,1,4,40,0.9614,ACTIVE,Initial Access,Low
2237,1,5,50,0.9564,ACTIVE,Initial Access,Low
2237,1,6,60,0.9485,ACTIVE,Initial Access,Low
2238,1,1,10,0.9714,ACTIVE,Initial Access,Low
2238,1,2,20,0.9654,ACTIVE,Initial Access,Low
2238,1,3,30,0.9596,ACTIVE,Initial Access,Low
2238,1,4,40,0.9592,ACTIVE,Initial Access,Low
2238,1,5,50,0.9578,ACTIVE,Initial Access,Low
2238,1,6,60,0.9535,ACTIVE,Initial Access,Low
2239,1,1,10,0.9683,ACTIVE,Initial Access,Low
2239,1,2,20,0.9631,ACTIVE,Initial Access,Low
2239,1,3,30,0.9592,ACTIVE,Initial Access,Low
2239,1,4,40,0.958,ACTIVE,Initial Access,Low
2239,1,5,50,0.957,ACTIVE,Initial Access,Low
2239,1,6,60,0.9545,ACTIVE,Initial Access,Low
2240,1,1,10,0.9724,ACTIVE,Initial Access,Low
2240,1,2,20,0.9664,ACTIVE,Initial Access,Low
2240,1,3,30,0.9628,ACTIVE,Initial Access,Low
2240,1,4,40,0.9603,ACTIVE,Initial Access,Low
2240,1,5,50,0.9562,ACTIVE,Initial Access,Low
2240,1,6,60,0.9569,ACTIVE,Initial Access,Low
2241,0,1,10,0.9669,ACTIVE,Initial Access,Low
2241,0,2,20,0.9628,ACTIVE,Initial Access,Low
2241,0,3,30,0.9588,ACTIVE,Initial Access,Low
2241,0,4,40,0.9516,ACTIVE,Initial Access,Low
2241,0,5,50,0.9512,ACTIVE,Initial Access,Low
2241,0,6,60,0.9479,ACTIVE,Initial Access,Low
2242,0,1,10,0.9701,ACTIVE,Attack (unspecified),Low
2242,0,2,20,0.9627,ACTIVE,Attack (unspecified),Low
2242,0,3,30,0.9611,ACTIVE,Attack (unspecified),Low
2242,0,4,40,0.9559,ACTIVE,Attack (unspecified),Low
2242,0,5,50,0.9568,ACTIVE,Attack (unspecified),Low
2242,0,6,60,0.9522,ACTIVE,Attack (unspecified),Low
2243,0,1,10,0.9636,ACTIVE,Attack (unspecified),Low
2243,0,2,20,0.9632,ACTIVE,Attack (unspecified),Low
2243,0,3,30,0.9599,ACTIVE,Attack (unspecified),Low
2243,0,4,40,0.9586,ACTIVE,Attack (unspecified),Low
2243,0,5,50,0.9549,ACTIVE,Attack (unspecified),Low
2243,0,6,60,0.9524,ACTIVE,Attack (unspecified),Low
2244,0,1,10,0.9534,ACTIVE,Initial Access,Low
2244,0,2,20,0.9498,ACTIVE,Initial Access,Low
2244,0,3,30,0.9494,ACTIVE,Initial Access,Low
2244,0,4,40,0.9475,ACTIVE,Initial Access,Low
2244,0,5,50,0.9455,ACTIVE,Initial Access,Low
2244,0,6,60,0.9426,ACTIVE,Initial Access,Low
2245,0,1,10,0.9703,ACTIVE,Attack (unspecified),Low
2245,0,2,20,0.9675,ACTIVE,Attack (unspecified),Low
2245,0,3,30,0.9633,ACTIVE,Attack (unspecified),Low
2245,0,4,40,0.96,ACTIVE,Attack (unspecified),Low
2245,0,5,50,0.9581,ACTIVE,Attack (unspecified),Low
2245,0,6,60,0.9556,ACTIVE,Attack (unspecified),Low
2246,0,1,10,0.9484,ACTIVE,Attack (unspecified),Low
2246,0,2,20,0.958,ACTIVE,Attack (unspecified),Low
2246,0,3,30,0.9582,ACTIVE,Attack (unspecified),Low
2246,0,4,40,0.9572,ACTIVE,Attack (unspecified),Low
2246,0,5,50,0.9539,ACTIVE,Attack (unspecified),Low
2246,0,6,60,0.9518,ACTIVE,Attack (unspecified),Low
2247,0,1,10,0.9641,ACTIVE,Attack (unspecified),Low
2247,0,2,20,0.9653,ACTIVE,Attack (unspecified),Low
2247,0,3,30,0.9651,ACTIVE,Attack (unspecified),Low
2247,0,4,40,0.9627,ACTIVE,Attack (unspecified),Low
2247,0,5,50,0.9604,ACTIVE,Attack (unspecified),Low
2247,0,6,60,0.9591,ACTIVE,Attack (unspecified),Low
2248,1,1,10,0.9748,ACTIVE,Initial Access,Low
2248,1,2,20,0.9704,ACTIVE,Initial Access,Low
2248,1,3,30,0.9691,ACTIVE,Initial Access,Low
2248,1,4,40,0.9661,ACTIVE,Initial Access,Low
2248,1,5,50,0.9641,ACTIVE,Initial Access,Low
2248,1,6,60,0.9625,ACTIVE,Initial Access,Low
2249,1,1,10,0.9385,ACTIVE,Initial Access,Low
2249,1,2,20,0.9421,ACTIVE,Initial Access,Low
2249,1,3,30,0.9458,ACTIVE,Initial Access,Low
2249,1,4,40,0.9457,ACTIVE,Initial Access,Low
2249,1,5,50,0.9468,ACTIVE,Initial Access,Low
2249,1,6,60,0.945,ACTIVE,Initial Access,Low
2370,0,1,10,0.0145,NORMAL,None,Medium
2370,0,2,20,0.0214,NORMAL,None,Medium
2370,0,3,30,0.0225,NORMAL,None,Medium
2370,0,4,40,0.0252,NORMAL,None,Low
2370,0,5,50,0.0244,NORMAL,None,Low
2370,0,6,60,0.0248,NORMAL,None,Low
2371,0,1,10,0.0194,NORMAL,None,Medium
2371,0,2,20,0.0241,NORMAL,None,Medium
2371,0,3,30,0.0286,NORMAL,None,Medium
2371,0,4,40,0.0291,NORMAL,None,Low
2371,0,5,50,0.0258,NORMAL,None,Low
2371,0,6,60,0.0257,NORMAL,None,Low
2372,0,1,10,0.0263,NORMAL,None,Medium
2372,0,2,20,0.0258,NORMAL,None,Medium
2372,0,3,30,0.0275,NORMAL,None,Medium
2372,0,4,40,0.0269,NORMAL,None,Low
2372,0,5,50,0.027,NORMAL,None,Low
2372,0,6,60,0.0257,NORMAL,None,Low
2373,0,1,10,0.0168,NORMAL,None,Medium
2373,0,2,20,0.0233,NORMAL,None,Medium
2373,0,3,30,0.0239,NORMAL,None,Medium
2373,0,4,40,0.0218,NORMAL,None,Low
2373,0,5,50,0.0246,NORMAL,None,Low
2373,0,6,60,0.0236,NORMAL,None,Low
2374,0,1,10,0.0156,NORMAL,None,Medium
2374,0,2,20,0.0186,NORMAL,None,Medium
2374,0,3,30,0.0231,NORMAL,None,Medium
2374,0,4,40,0.0255,NORMAL,None,Low
2374,0,5,50,0.0265,NORMAL,None,Low
2374,0,6,60,0.027,NORMAL,None,Low
2375,0,1,10,0.015,NORMAL,None,Medium
2375,0,2,20,0.0214,NORMAL,None,Medium
2375,0,3,30,0.0199,NORMAL,None,Medium
2375,0,4,40,0.023,NORMAL,None,Low
2375,0,5,50,0.0237,NORMAL,None,Low
2375,0,6,60,0.0262,NORMAL,None,Low
2376,0,1,10,0.0146,NORMAL,None,Medium
2376,0,2,20,0.0197,NORMAL,None,Medium
2376,0,3,30,0.0239,NORMAL,None,Medium
2376,0,4,40,0.0228,NORMAL,None,Low
2376,0,5,50,0.0234,NORMAL,None,Low
2376,0,6,60,0.0241,NORMAL,None,Low
2377,0,1,10,0.0156,NORMAL,None,Medium
2377,0,2,20,0.0226,NORMAL,None,Medium
2377,0,3,30,0.023,NORMAL,None,Medium
2377,0,4,40,0.0247,NORMAL,None,Low
2377,0,5,50,0.0229,NORMAL,None,Low
2377,0,6,60,0.0244,NORMAL,None,Low
2378,0,1,10,0.0177,NORMAL,None,Medium
2378,0,2,20,0.0221,NORMAL,None,Medium
2378,0,3,30,0.0252,NORMAL,None,Medium
2378,0,4,40,0.0269,NORMAL,None,Low
2378,0,5,50,0.0286,NORMAL,None,Low
2378,0,6,60,0.025,NORMAL,None,Low
2379,0,1,10,0.0177,NORMAL,None,Medium
2379,0,2,20,0.0226,NORMAL,None,Medium
2379,0,3,30,0.0221,NORMAL,None,Medium
2379,0,4,40,0.0245,NORMAL,None,Low
2379,0,5,50,0.0245,NORMAL,None,Low
2379,0,6,60,0.0262,NORMAL,None,Low
2380,0,1,10,0.0145,NORMAL,None,Medium
2380,0,2,20,0.0218,NORMAL,None,Medium
2380,0,3,30,0.0223,NORMAL,None,Medium
2380,0,4,40,0.0225,NORMAL,None,Low
2380,0,5,50,0.0237,NORMAL,None,Low
2380,0,6,60,0.0264,NORMAL,None,Low
2381,0,1,10,0.0154,NORMAL,None,Medium
2381,0,2,20,0.0214,NORMAL,None,Medium
2381,0,3,30,0.0231,NORMAL,None,Medium
2381,0,4,40,0.026,NORMAL,None,Low
2381,0,5,50,0.0258,NORMAL,None,Low
2381,0,6,60,0.0228,NORMAL,None,Low
2382,0,1,10,0.0152,NORMAL,None,Medium
2382,0,2,20,0.0229,NORMAL,None,Medium
2382,0,3,30,0.0213,NORMAL,None,Medium
2382,0,4,40,0.0259,NORMAL,None,Low
2382,0,5,50,0.0247,NORMAL,None,Low
2382,0,6,60,0.0252,NORMAL,None,Low
2383,0,1,10,0.0192,NORMAL,None,Medium
2383,0,2,20,0.0239,NORMAL,None,Medium
2383,0,3,30,0.0258,NORMAL,None,Medium
2383,0,4,40,0.0244,NORMAL,None,Low
2383,0,5,50,0.028,NORMAL,None,Low
2383,0,6,60,0.025,NORMAL,None,Low
2384,0,1,10,0.0202,NORMAL,None,Medium
2384,0,2,20,0.0262,NORMAL,None,Medium
2384,0,3,30,0.025,NORMAL,None,Medium
2384,0,4,40,0.0281,NORMAL,None,Low
2384,0,5,50,0.0269,NORMAL,None,Low
2384,0,6,60,0.0255,NORMAL,None,Low
2385,0,1,10,0.0181,NORMAL,None,Medium
2385,0,2,20,0.0238,NORMAL,None,Medium
2385,0,3,30,0.0257,NORMAL,None,Medium
2385,0,4,40,0.0255,NORMAL,None,Low
2385,0,5,50,0.027,NORMAL,None,Low
2385,0,6,60,0.0278,NORMAL,None,Low
2386,0,1,10,0.0182,NORMAL,None,Medium
2386,0,2,20,0.0223,NORMAL,None,Medium
2386,0,3,30,0.0239,NORMAL,None,Medium
2386,0,4,40,0.0248,NORMAL,None,Low
2386,0,5,50,0.0259,NORMAL,None,Low
2386,0,6,60,0.0243,NORMAL,None,Low
2387,0,1,10,0.0167,NORMAL,None,Medium
2387,0,2,20,0.0233,NORMAL,None,Medium
2387,0,3,30,0.0234,NORMAL,None,Medium
2387,0,4,40,0.0265,NORMAL,None,Low
2387,0,5,50,0.0285,NORMAL,None,Low
2387,0,6,60,0.0286,NORMAL,None,Low
2388,0,1,10,0.0175,NORMAL,None,Medium
2388,0,2,20,0.0236,NORMAL,None,Medium
2388,0,3,30,0.0245,NORMAL,None,Medium
2388,0,4,40,0.0271,NORMAL,None,Low
2388,0,5,50,0.0244,NORMAL,None,Low
2388,0,6,60,0.0306,NORMAL,None,Low
2389,0,1,10,0.0222,NORMAL,None,Medium
2389,0,2,20,0.0239,NORMAL,None,Medium
2389,0,3,30,0.0259,NORMAL,None,Medium
2389,0,4,40,0.0275,NORMAL,None,Low
2389,0,5,50,0.0287,NORMAL,None,Low
2389,0,6,60,0.0282,NORMAL,None,Low
2390,0,1,10,0.0194,NORMAL,None,Medium
2390,0,2,20,0.0256,NORMAL,None,Medium
2390,0,3,30,0.0264,NORMAL,None,Medium
2390,0,4,40,0.0278,NORMAL,None,Low
2390,0,5,50,0.0259,NORMAL,None,Low
2390,0,6,60,0.0254,NORMAL,None,Low
2391,0,1,10,0.0172,NORMAL,None,Medium
2391,0,2,20,0.0237,NORMAL,None,Medium
2391,0,3,30,0.0276,NORMAL,None,Medium
2391,0,4,40,0.0273,NORMAL,None,Low
2391,0,5,50,0.0268,NORMAL,None,Low
2391,0,6,60,0.0269,NORMAL,None,Low
2392,0,1,10,0.0168,NORMAL,None,Medium
2392,0,2,20,0.0243,NORMAL,None,Medium
2392,0,3,30,0.0234,NORMAL,None,Medium
2392,0,4,40,0.0268,NORMAL,None,Low
2392,0,5,50,0.0246,NORMAL,None,Low
2392,0,6,60,0.0261,NORMAL,None,Low
2393,0,1,10,0.0162,NORMAL,None,Medium
2393,0,2,20,0.0221,NORMAL,None,Medium
2393,0,3,30,0.024,NORMAL,None,Medium
2393,0,4,40,0.0253,NORMAL,None,Low
2393,0,5,50,0.0261,NORMAL,None,Low
2393,0,6,60,0.023,NORMAL,None,Low
2394,0,1,10,0.0174,NORMAL,None,Medium
2394,0,2,20,0.0236,NORMAL,None,Medium
2394,0,3,30,0.0282,NORMAL,None,Medium
2394,0,4,40,0.0256,NORMAL,None,Low
2394,0,5,50,0.0267,NORMAL,None,Low
2394,0,6,60,0.0256,NORMAL,None,Low
2395,0,1,10,0.0164,NORMAL,None,Medium
2395,0,2,20,0.0238,NORMAL,None,Medium
2395,0,3,30,0.0222,NORMAL,None,Medium
2395,0,4,40,0.0266,NORMAL,None,Low
2395,0,5,50,0.0291,NORMAL,None,Low
2395,0,6,60,0.0292,NORMAL,None,Low
2396,0,1,10,0.018,NORMAL,None,Medium
2396,0,2,20,0.0225,NORMAL,None,Medium
2396,0,3,30,0.0263,NORMAL,None,Medium
2396,0,4,40,0.0242,NORMAL,None,Low
2396,0,5,50,0.0237,NORMAL,None,Low
2396,0,6,60,0.0255,NORMAL,None,Low
2397,0,1,10,0.0154,NORMAL,None,Medium
2397,0,2,20,0.0231,NORMAL,None,Medium
2397,0,3,30,0.0269,NORMAL,None,Medium
2397,0,4,40,0.027,NORMAL,None,Low
2397,0,5,50,0.028,NORMAL,None,Low
2397,0,6,60,0.0273,NORMAL,None,Low
2398,0,1,10,0.0167,NORMAL,None,Medium
2398,0,2,20,0.0245,NORMAL,None,Medium
2398,0,3,30,0.026,NORMAL,None,Medium
2398,0,4,40,0.025,NORMAL,None,Low
2398,0,5,50,0.0247,NORMAL,None,Low
2398,0,6,60,0.0274,NORMAL,None,Low
2399,0,1,10,0.0151,NORMAL,None,Medium
2399,0,2,20,0.0205,NORMAL,None,Medium
2399,0,3,30,0.026,NORMAL,None,Medium
2399,0,4,40,0.0251,NORMAL,None,Low
2399,0,5,50,0.0267,NORMAL,None,Low
2399,0,6,60,0.028,NORMAL,None,Low
2520,0,1,10,0.0304,NORMAL,None,Medium
2520,0,2,20,0.0348,NORMAL,None,Medium
2520,0,3,30,0.0307,NORMAL,None,Medium
2520,0,4,40,0.0267,NORMAL,None,Low
2520,0,5,50,0.0269,NORMAL,None,Low
2520,0,6,60,0.0276,NORMAL,None,Low
2521,0,1,10,0.0249,NORMAL,None,Medium
2521,0,2,20,0.0285,NORMAL,None,Medium
2521,0,3,30,0.0259,NORMAL,None,Medium
2521,0,4,40,0.0301,NORMAL,None,Low
2521,0,5,50,0.0277,NORMAL,None,Low
2521,0,6,60,0.0257,NORMAL,None,Low
2522,0,1,10,0.0188,NORMAL,None,Medium
2522,0,2,20,0.0259,NORMAL,None,Medium
2522,0,3,30,0.0253,NORMAL,None,Medium
2522,0,4,40,0.025,NORMAL,None,Low
2522,0,5,50,0.0257,NORMAL,None,Low
2522,0,6,60,0.0279,NORMAL,None,Low
2523,0,1,10,0.02,NORMAL,None,Medium
2523,0,2,20,0.0269,NORMAL,None,Medium
2523,0,3,30,0.027,NORMAL,None,Medium
2523,0,4,40,0.025,NORMAL,None,Low
2523,0,5,50,0.024,NORMAL,None,Low
2523,0,6,60,0.0285,NORMAL,None,Low
2524,0,1,10,0.0191,NORMAL,None,Medium
2524,0,2,20,0.0237,NORMAL,None,Medium
2524,0,3,30,0.0257,NORMAL,None,Medium
2524,0,4,40,0.0279,NORMAL,None,Low
2524,0,5,50,0.0235,NORMAL,None,Low
2524,0,6,60,0.0272,NORMAL,None,Low
2525,0,1,10,0.0216,NORMAL,None,Medium
2525,0,2,20,0.0226,NORMAL,None,Medium
2525,0,3,30,0.0261,NORMAL,None,Medium
2525,0,4,40,0.0269,NORMAL,None,Low
2525,0,5,50,0.0242,NORMAL,None,Low
2525,0,6,60,0.0261,NORMAL,None,Low
2526,0,1,10,0.02,NORMAL,None,Medium
2526,0,2,20,0.0247,NORMAL,None,Medium
2526,0,3,30,0.0264,NORMAL,None,Medium
2526,0,4,40,0.0256,NORMAL,None,Low
2526,0,5,50,0.0255,NORMAL,None,Low
2526,0,6,60,0.025,NORMAL,None,Low
2527,0,1,10,0.017,NORMAL,None,Medium
2527,0,2,20,0.0233,NORMAL,None,Medium
2527,0,3,30,0.0259,NORMAL,None,Medium
2527,0,4,40,0.0268,NORMAL,None,Low
2527,0,5,50,0.0262,NORMAL,None,Low
2527,0,6,60,0.0262,NORMAL,None,Low
2528,0,1,10,0.0146,NORMAL,None,Medium
2528,0,2,20,0.0218,NORMAL,None,Medium
2528,0,3,30,0.025,NORMAL,None,Medium
2528,0,4,40,0.0256,NORMAL,None,Low
2528,0,5,50,0.0221,NORMAL,None,Low
2528,0,6,60,0.0254,NORMAL,None,Low
2529,0,1,10,0.0175,NORMAL,None,Medium
2529,0,2,20,0.0251,NORMAL,None,Medium
2529,0,3,30,0.0261,NORMAL,None,Medium
2529,0,4,40,0.0285,NORMAL,None,Low
2529,0,5,50,0.0262,NORMAL,None,Low
2529,0,6,60,0.0288,NORMAL,None,Low
2530,0,1,10,0.0188,NORMAL,None,Medium
2530,0,2,20,0.0227,NORMAL,None,Medium
2530,0,3,30,0.0247,NORMAL,None,Medium
2530,0,4,40,0.024,NORMAL,None,Low
2530,0,5,50,0.0289,NORMAL,None,Low
2530,0,6,60,0.0303,NORMAL,None,Low
2531,0,1,10,0.0163,NORMAL,None,Medium
2531,0,2,20,0.0235,NORMAL,None,Medium
2531,0,3,30,0.0263,NORMAL,None,Medium
2531,0,4,40,0.027,NORMAL,None,Low
2531,0,5,50,0.0277,NORMAL,None,Low
2531,0,6,60,0.0286,NORMAL,None,Low
2532,0,1,10,0.0172,NORMAL,None,Medium
2532,0,2,20,0.0234,NORMAL,None,Medium
2532,0,3,30,0.0221,NORMAL,None,Medium
2532,0,4,40,0.0248,NORMAL,None,Low
2532,0,5,50,0.0252,NORMAL,None,Low
2532,0,6,60,0.0248,NORMAL,None,Low
2533,0,1,10,0.0197,NORMAL,None,Medium
2533,0,2,20,0.0245,NORMAL,None,Medium
2533,0,3,30,0.0269,NORMAL,None,Medium
2533,0,4,40,0.0308,NORMAL,None,Low
2533,0,5,50,0.0284,NORMAL,None,Low
2533,0,6,60,0.0269,NORMAL,None,Low
2534,0,1,10,0.017,NORMAL,None,Medium
2534,0,2,20,0.024,NORMAL,None,Medium
2534,0,3,30,0.0248,NORMAL,None,Medium
2534,0,4,40,0.0273,NORMAL,None,Low
2534,0,5,50,0.0278,NORMAL,None,Low
2534,0,6,60,0.0281,NORMAL,None,Low
2535,0,1,10,0.0204,NORMAL,None,Medium
2535,0,2,20,0.0274,NORMAL,None,Medium
2535,0,3,30,0.028,NORMAL,None,Medium
2535,0,4,40,0.0269,NORMAL,None,Low
2535,0,5,50,0.0254,NORMAL,None,Low
2535,0,6,60,0.0276,NORMAL,None,Low
2536,0,1,10,0.0182,NORMAL,None,Medium
2536,0,2,20,0.0261,NORMAL,None,Medium
2536,0,3,30,0.0278,NORMAL,None,Medium
2536,0,4,40,0.0271,NORMAL,None,Low
2536,0,5,50,0.026,NORMAL,None,Low
2536,0,6,60,0.0266,NORMAL,None,Low
2537,0,1,10,0.0193,NORMAL,None,Medium
2537,0,2,20,0.0258,NORMAL,None,Medium
2537,0,3,30,0.0273,NORMAL,None,Medium
2537,0,4,40,0.0256,NORMAL,None,Low
2537,0,5,50,0.0255,NORMAL,None,Low
2537,0,6,60,0.0259,NORMAL,None,Low
2538,0,1,10,0.0202,NORMAL,None,Medium
2538,0,2,20,0.0242,NORMAL,None,Medium
2538,0,3,30,0.0258,NORMAL,None,Medium
2538,0,4,40,0.0271,NORMAL,None,Low
2538,0,5,50,0.0291,NORMAL,None,Low
2538,0,6,60,0.0263,NORMAL,None,Low
2539,0,1,10,0.0216,NORMAL,None,Medium
2539,0,2,20,0.0265,NORMAL,None,Medium
2539,0,3,30,0.0277,NORMAL,None,Medium
2539,0,4,40,0.0254,NORMAL,None,Low
2539,0,5,50,0.0276,NORMAL,None,Low
2539,0,6,60,0.0271,NORMAL,None,Low
2540,0,1,10,0.0278,NORMAL,None,Medium
2540,0,2,20,0.0303,NORMAL,None,Medium
2540,0,3,30,0.0315,NORMAL,None,Medium
2540,0,4,40,0.0311,NORMAL,None,Low
2540,0,5,50,0.0292,NORMAL,None,Low
2540,0,6,60,0.0271,NORMAL,None,Low
2541,0,1,10,0.0364,NORMAL,None,Medium
2541,0,2,20,0.0357,NORMAL,None,Medium
2541,0,3,30,0.0356,NORMAL,None,Medium
2541,0,4,40,0.0307,NORMAL,None,Low
2541,0,5,50,0.0274,NORMAL,None,Low
2541,0,6,60,0.0253,NORMAL,None,Low
2542,0,1,10,0.0245,NORMAL,None,Medium
2542,0,2,20,0.0288,NORMAL,None,Medium
2542,0,3,30,0.0319,NORMAL,None,Medium
2542,0,4,40,0.0311,NORMAL,None,Low
2542,0,5,50,0.0282,NORMAL,None,Low
2542,0,6,60,0.0238,NORMAL,None,Low
2543,0,1,10,0.0204,NORMAL,None,Medium
2543,0,2,20,0.0239,NORMAL,None,Medium
2543,0,3,30,0.0276,NORMAL,None,Medium
2543,0,4,40,0.0288,NORMAL,None,Low
2543,0,5,50,0.0271,NORMAL,None,Low
2543,0,6,60,0.0275,NORMAL,None,Low
2544,0,1,10,0.0201,NORMAL,None,Medium
2544,0,2,20,0.0237,NORMAL,None,Medium
2544,0,3,30,0.0248,NORMAL,None,Medium
2544,0,4,40,0.0267,NORMAL,None,Low
2544,0,5,50,0.0251,NORMAL,None,Low
2544,0,6,60,0.0244,NORMAL,None,Low
2545,0,1,10,0.0224,NORMAL,None,Medium
2545,0,2,20,0.0264,NORMAL,None,Medium
2545,0,3,30,0.0261,NORMAL,None,Medium
2545,0,4,40,0.0292,NORMAL,None,Low
2545,0,5,50,0.0263,NORMAL,None,Low
2545,0,6,60,0.0271,NORMAL,None,Low
2546,0,1,10,0.0181,NORMAL,None,Medium
2546,0,2,20,0.0247,NORMAL,None,Medium
2546,0,3,30,0.0265,NORMAL,None,Medium
2546,0,4,40,0.0273,NORMAL,None,Low
2546,0,5,50,0.026,NORMAL,None,Low
2546,0,6,60,0.0279,NORMAL,None,Low
2547,0,1,10,0.0198,NORMAL,None,Medium
2547,0,2,20,0.0253,NORMAL,None,Medium
2547,0,3,30,0.0255,NORMAL,None,Medium
2547,0,4,40,0.0275,NORMAL,None,Low
2547,0,5,50,0.0266,NORMAL,None,Low
2547,0,6,60,0.0234,NORMAL,None,Low
2548,0,1,10,0.0206,NORMAL,None,Medium
2548,0,2,20,0.0245,NORMAL,None,Medium
2548,0,3,30,0.0277,NORMAL,None,Medium
2548,0,4,40,0.0246,NORMAL,None,Low
2548,0,5,50,0.026,NORMAL,None,Low
2548,0,6,60,0.0241,NORMAL,None,Low
2549,0,1,10,0.0153,NORMAL,None,Medium
2549,0,2,20,0.0226,NORMAL,None,Medium
2549,0,3,30,0.0237,NORMAL,None,Medium
2549,0,4,40,0.0247,NORMAL,None,Low
2549,0,5,50,0.027,NORMAL,None,Low
2549,0,6,60,0.0264,NORMAL,None,Low
2670,0,1,10,0.0187,NORMAL,None,Medium
2670,0,2,20,0.0237,NORMAL,None,Medium
2670,0,3,30,0.0248,NORMAL,None,Medium
2670,0,4,40,0.0249,NORMAL,None,Low
2670,0,5,50,0.0265,NORMAL,None,Low
2670,0,6,60,0.0246,NORMAL,None,Low
2671,0,1,10,0.0177,NORMAL,None,Medium
2671,0,2,20,0.0224,NORMAL,None,Medium
2671,0,3,30,0.0247,NORMAL,None,Medium
2671,0,4,40,0.0265,NORMAL,None,Low
2671,0,5,50,0.0263,NORMAL,None,Low
2671,0,6,60,0.027,NORMAL,None,Low
2672,0,1,10,0.0174,NORMAL,None,Medium
2672,0,2,20,0.0235,NORMAL,None,Medium
2672,0,3,30,0.0268,NORMAL,None,Medium
2672,0,4,40,0.0262,NORMAL,None,Low
2672,0,5,50,0.0259,NORMAL,None,Low
2672,0,6,60,0.027,NORMAL,None,Low
2673,0,1,10,0.0162,NORMAL,None,Medium
2673,0,2,20,0.0229,NORMAL,None,Medium
2673,0,3,30,0.0241,NORMAL,None,Medium
2673,0,4,40,0.024,NORMAL,None,Low
2673,0,5,50,0.0247,NORMAL,None,Low
2673,0,6,60,0.0252,NORMAL,None,Low
2674,0,1,10,0.0184,NORMAL,None,Medium
2674,0,2,20,0.0234,NORMAL,None,Medium
2674,0,3,30,0.0226,NORMAL,None,Medium
2674,0,4,40,0.0229,NORMAL,None,Low
2674,0,5,50,0.0227,NORMAL,None,Low
2674,0,6,60,0.0247,NORMAL,None,Low
2675,0,1,10,0.0172,NORMAL,None,Medium
2675,0,2,20,0.0255,NORMAL,None,Medium
2675,0,3,30,0.0256,NORMAL,None,Medium
2675,0,4,40,0.0237,NORMAL,None,Low
2675,0,5,50,0.0244,NORMAL,None,Low
2675,0,6,60,0.0242,NORMAL,None,Low
2676,0,1,10,0.018,NORMAL,None,Medium
2676,0,2,20,0.0243,NORMAL,None,Medium
2676,0,3,30,0.0243,NORMAL,None,Medium
2676,0,4,40,0.0227,NORMAL,None,Low
2676,0,5,50,0.0262,NORMAL,None,Low
2676,0,6,60,0.0242,NORMAL,None,Low
2677,0,1,10,0.017,NORMAL,None,Medium
2677,0,2,20,0.0264,NORMAL,None,Medium
2677,0,3,30,0.0273,NORMAL,None,Medium
2677,0,4,40,0.0285,NORMAL,None,Low
2677,0,5,50,0.0285,NORMAL,None,Low
2677,0,6,60,0.0279,NORMAL,None,Low
2678,0,1,10,0.019,NORMAL,None,Medium
2678,0,2,20,0.0242,NORMAL,None,Medium
2678,0,3,30,0.0243,NORMAL,None,Medium
2678,0,4,40,0.028,NORMAL,None,Low
2678,0,5,50,0.0288,NORMAL,None,Low
2678,0,6,60,0.0298,NORMAL,None,Low
2679,0,1,10,0.0152,NORMAL,None,Medium
2679,0,2,20,0.021,NORMAL,None,Medium
2679,0,3,30,0.0228,NORMAL,None,Medium
2679,0,4,40,0.0244,NORMAL,None,Low
2679,0,5,50,0.0263,NORMAL,None,Low
2679,0,6,60,0.0277,NORMAL,None,Low
2680,0,1,10,0.0168,NORMAL,None,Medium
2680,0,2,20,0.0216,NORMAL,None,Medium
2680,0,3,30,0.0229,NORMAL,None,Medium
2680,0,4,40,0.0249,NORMAL,None,Low
2680,0,5,50,0.0243,NORMAL,None,Low
2680,0,6,60,0.0262,NORMAL,None,Low
2681,0,1,10,0.0175,NORMAL,None,Medium
2681,0,2,20,0.0221,NORMAL,None,Medium
2681,0,3,30,0.0221,NORMAL,None,Medium
2681,0,4,40,0.0261,NORMAL,None,Low
2681,0,5,50,0.0271,NORMAL,None,Low
2681,0,6,60,0.0293,NORMAL,None,Low
2682,0,1,10,0.0158,NORMAL,None,Medium
2682,0,2,20,0.0211,NORMAL,None,Medium
2682,0,3,30,0.0233,NORMAL,None,Medium
2682,0,4,40,0.0262,NORMAL,None,Low
2682,0,5,50,0.0242,NORMAL,None,Low
2682,0,6,60,0.0275,NORMAL,None,Low
2683,0,1,10,0.0159,NORMAL,None,Medium
2683,0,2,20,0.0206,NORMAL,None,Medium
2683,0,3,30,0.0226,NORMAL,None,Medium
2683,0,4,40,0.0273,NORMAL,None,Low
2683,0,5,50,0.0271,NORMAL,None,Low
2683,0,6,60,0.0257,NORMAL,None,Low
2684,0,1,10,0.0155,NORMAL,None,Medium
2684,0,2,20,0.0202,NORMAL,None,Medium
2684,0,3,30,0.0237,NORMAL,None,Medium
2684,0,4,40,0.0255,NORMAL,None,Low
2684,0,5,50,0.0251,NORMAL,None,Low
2684,0,6,60,0.0264,NORMAL,None,Low
2685,0,1,10,0.0153,NORMAL,None,Medium
2685,0,2,20,0.0225,NORMAL,None,Medium
2685,0,3,30,0.0233,NORMAL,None,Medium
2685,0,4,40,0.0263,NORMAL,None,Low
2685,0,5,50,0.0244,NORMAL,None,Low
2685,0,6,60,0.0245,NORMAL,None,Low
2686,0,1,10,0.0169,NORMAL,None,Medium
2686,0,2,20,0.0231,NORMAL,None,Medium
2686,0,3,30,0.0218,NORMAL,None,Medium
2686,0,4,40,0.0233,NORMAL,None,Low
2686,0,5,50,0.0238,NORMAL,None,Low
2686,0,6,60,0.0253,NORMAL,None,Low
2687,0,1,10,0.0171,NORMAL,None,Medium
2687,0,2,20,0.0221,NORMAL,None,Medium
2687,0,3,30,0.0221,NORMAL,None,Medium
2687,0,4,40,0.021,NORMAL,None,Low
2687,0,5,50,0.0261,NORMAL,None,Low
2687,0,6,60,0.0249,NORMAL,None,Low
2688,0,1,10,0.014,NORMAL,None,Medium
2688,0,2,20,0.02,NORMAL,None,Medium
2688,0,3,30,0.0249,NORMAL,None,Medium
2688,0,4,40,0.0227,NORMAL,None,Low
2688,0,5,50,0.0239,NORMAL,None,Low
2688,0,6,60,0.0257,NORMAL,None,Low
2689,0,1,10,0.0161,NORMAL,None,Medium
2689,0,2,20,0.0213,NORMAL,None,Medium
2689,0,3,30,0.0224,NORMAL,None,Medium
2689,0,4,40,0.0219,NORMAL,None,Low
2689,0,5,50,0.0248,NORMAL,None,Low
2689,0,6,60,0.0263,NORMAL,None,Low
2690,0,1,10,0.0143,NORMAL,None,Medium
2690,0,2,20,0.0226,NORMAL,None,Medium
2690,0,3,30,0.0234,NORMAL,None,Medium
2690,0,4,40,0.0242,NORMAL,None,Low
2690,0,5,50,0.0255,NORMAL,None,Low
2690,0,6,60,0.0239,NORMAL,None,Low
2691,0,1,10,0.0154,NORMAL,None,Medium
2691,0,2,20,0.0216,NORMAL,None,Medium
2691,0,3,30,0.0226,NORMAL,None,Medium
2691,0,4,40,0.0248,NORMAL,None,Low
2691,0,5,50,0.0235,NORMAL,None,Low
2691,0,6,60,0.0256,NORMAL,None,Low
2692,0,1,10,0.0145,NORMAL,None,Medium
2692,0,2,20,0.023,NORMAL,None,Medium
2692,0,3,30,0.0248,NORMAL,None,Medium
2692,0,4,40,0.0261,NORMAL,None,Low
2692,0,5,50,0.0247,NORMAL,None,Low
2692,0,6,60,0.0251,NORMAL,None,Low
2693,0,1,10,0.0146,NORMAL,None,Medium
2693,0,2,20,0.0207,NORMAL,None,Medium
2693,0,3,30,0.0231,NORMAL,None,Medium
2693,0,4,40,0.0234,NORMAL,None,Low
2693,0,5,50,0.0263,NORMAL,None,Low
2693,0,6,60,0.0243,NORMAL,None,Low
2694,0,1,10,0.0145,NORMAL,None,Medium
2694,0,2,20,0.0214,NORMAL,None,Medium
2694,0,3,30,0.0238,NORMAL,None,Medium
2694,0,4,40,0.0236,NORMAL,None,Low
2694,0,5,50,0.021,NORMAL,None,Low
2694,0,6,60,0.024,NORMAL,None,Low
2695,0,1,10,0.0146,NORMAL,None,Medium
2695,0,2,20,0.0204,NORMAL,None,Medium
2695,0,3,30,0.0225,NORMAL,None,Medium
2695,0,4,40,0.0214,NORMAL,None,Low
2695,0,5,50,0.0247,NORMAL,None,Low
2695,0,6,60,0.0252,NORMAL,None,Low
2696,0,1,10,0.016,NORMAL,None,Medium
2696,0,2,20,0.0227,NORMAL,None,Medium
2696,0,3,30,0.0241,NORMAL,None,Medium
2696,0,4,40,0.0256,NORMAL,None,Low
2696,0,5,50,0.0233,NORMAL,None,Low
2696,0,6,60,0.0246,NORMAL,None,Low
2697,0,1,10,0.0205,NORMAL,None,Medium
2697,0,2,20,0.0235,NORMAL,None,Medium
2697,0,3,30,0.0265,NORMAL,None,Medium
2697,0,4,40,0.0257,NORMAL,None,Low
2697,0,5,50,0.0239,NORMAL,None,Low
2697,0,6,60,0.0261,NORMAL,None,Low
2698,0,1,10,0.0176,NORMAL,None,Medium
2698,0,2,20,0.0219,NORMAL,None,Medium
2698,0,3,30,0.0258,NORMAL,None,Medium
2698,0,4,40,0.0238,NORMAL,None,Low
2698,0,5,50,0.0262,NORMAL,None,Low
2698,0,6,60,0.0271,NORMAL,None,Low
2699,0,1,10,0.0144,NORMAL,None,Medium
2699,0,2,20,0.0219,NORMAL,None,Medium
2699,0,3,30,0.0243,NORMAL,None,Medium
2699,0,4,40,0.0249,NORMAL,None,Low
2699,0,5,50,0.0257,NORMAL,None,Low
2699,0,6,60,0.0276,NORMAL,None,Low
2820,0,1,10,0.0137,NORMAL,None,Medium
2820,0,2,20,0.02,NORMAL,None,Medium
2820,0,3,30,0.0215,NORMAL,None,Medium
2820,0,4,40,0.0221,NORMAL,None,Low
2820,0,5,50,0.0235,NORMAL,None,Low
2820,0,6,60,0.0246,NORMAL,None,Low
2821,0,1,10,0.0133,NORMAL,None,Medium
2821,0,2,20,0.0189,NORMAL,None,Medium
2821,0,3,30,0.024,NORMAL,None,Medium
2821,0,4,40,0.0244,NORMAL,None,Low
2821,0,5,50,0.0259,NORMAL,None,Low
2821,0,6,60,0.0274,NORMAL,None,Low
2822,0,1,10,0.0164,NORMAL,None,Medium
2822,0,2,20,0.02,NORMAL,None,Medium
2822,0,3,30,0.0252,NORMAL,None,Medium
2822,0,4,40,0.0268,NORMAL,None,Low
2822,0,5,50,0.025,NORMAL,None,Low
2822,0,6,60,0.0232,NORMAL,None,Low
2823,0,1,10,0.0144,NORMAL,None,Medium
2823,0,2,20,0.0204,NORMAL,None,Medium
2823,0,3,30,0.0223,NORMAL,None,Medium
2823,0,4,40,0.024,NORMAL,None,Low
2823,0,5,50,0.0271,NORMAL,None,Low
2823,0,6,60,0.0267,NORMAL,None,Low
2824,0,1,10,0.0139,NORMAL,None,Medium
2824,0,2,20,0.0205,NORMAL,None,Medium
2824,0,3,30,0.0235,NORMAL,None,Medium
2824,0,4,40,0.023,NORMAL,None,Low
2824,0,5,50,0.0266,NORMAL,None,Low
2824,0,6,60,0.0284,NORMAL,None,Low
2825,0,1,10,0.0135,NORMAL,None,Medium
2825,0,2,20,0.0188,NORMAL,None,Medium
2825,0,3,30,0.0223,NORMAL,None,Medium
2825,0,4,40,0.0243,NORMAL,None,Low
2825,0,5,50,0.0249,NORMAL,None,Low
2825,0,6,60,0.0274,NORMAL,None,Low
2826,0,1,10,0.0129,NORMAL,None,Medium
2826,0,2,20,0.0196,NORMAL,None,Medium
2826,0,3,30,0.0241,NORMAL,None,Medium
2826,0,4,40,0.0227,NORMAL,None,Low
2826,0,5,50,0.0243,NORMAL,None,Low
2826,0,6,60,0.023,NORMAL,None,Low
2827,0,1,10,0.0155,NORMAL,None,Medium
2827,0,2,20,0.0232,NORMAL,None,Medium
2827,0,3,30,0.023,NORMAL,None,Medium
2827,0,4,40,0.0236,NORMAL,None,Low
2827,0,5,50,0.0245,NORMAL,None,Low
2827,0,6,60,0.0242,NORMAL,None,Low
2828,0,1,10,0.0147,NORMAL,None,Medium
2828,0,2,20,0.0206,NORMAL,None,Medium
2828,0,3,30,0.0234,NORMAL,None,Medium
2828,0,4,40,0.025,NORMAL,None,Low
2828,0,5,50,0.0239,NORMAL,None,Low
2828,0,6,60,0.0231,NORMAL,None,Low
2829,0,1,10,0.0146,NORMAL,None,Medium
2829,0,2,20,0.0198,NORMAL,None,Medium
2829,0,3,30,0.0215,NORMAL,None,Medium
2829,0,4,40,0.0231,NORMAL,None,Low
2829,0,5,50,0.0257,NORMAL,None,Low
2829,0,6,60,0.025,NORMAL,None,Low
2830,0,1,10,0.013,NORMAL,None,Medium
2830,0,2,20,0.0208,NORMAL,None,Medium
2830,0,3,30,0.0226,NORMAL,None,Medium
2830,0,4,40,0.0226,NORMAL,None,Low
2830,0,5,50,0.0221,NORMAL,None,Low
2830,0,6,60,0.0246,NORMAL,None,Low
2831,0,1,10,0.014,NORMAL,None,Medium
2831,0,2,20,0.0205,NORMAL,None,Medium
2831,0,3,30,0.0232,NORMAL,None,Medium
2831,0,4,40,0.0266,NORMAL,None,Low
2831,0,5,50,0.0264,NORMAL,None,Low
2831,0,6,60,0.027,NORMAL,None,Low
2832,0,1,10,0.0132,NORMAL,None,Medium
2832,0,2,20,0.0206,NORMAL,None,Medium
2832,0,3,30,0.0226,NORMAL,None,Medium
2832,0,4,40,0.0247,NORMAL,None,Low
2832,0,5,50,0.0258,NORMAL,None,Low
2832,0,6,60,0.0234,NORMAL,None,Low
2833,0,1,10,0.0159,NORMAL,None,Medium
2833,0,2,20,0.0206,NORMAL,None,Medium
2833,0,3,30,0.0247,NORMAL,None,Medium
2833,0,4,40,0.0267,NORMAL,None,Low
2833,0,5,50,0.0247,NORMAL,None,Low
2833,0,6,60,0.0256,NORMAL,None,Low
2834,0,1,10,0.0148,NORMAL,None,Medium
2834,0,2,20,0.0227,NORMAL,None,Medium
2834,0,3,30,0.0244,NORMAL,None,Medium
2834,0,4,40,0.0242,NORMAL,None,Low
2834,0,5,50,0.0238,NORMAL,None,Low
2834,0,6,60,0.0254,NORMAL,None,Low
2835,0,1,10,0.0178,NORMAL,None,Medium
2835,0,2,20,0.0215,NORMAL,None,Medium
2835,0,3,30,0.0259,NORMAL,None,Medium
2835,0,4,40,0.0268,NORMAL,None,Low
2835,0,5,50,0.0269,NORMAL,None,Low
2835,0,6,60,0.0273,NORMAL,None,Low
2836,0,1,10,0.0173,NORMAL,None,Medium
2836,0,2,20,0.0214,NORMAL,None,Medium
2836,0,3,30,0.0206,NORMAL,None,Medium
2836,0,4,40,0.0235,NORMAL,None,Low
2836,0,5,50,0.0211,NORMAL,None,Low
2836,0,6,60,0.0232,NORMAL,None,Low
2837,0,1,10,0.0147,NORMAL,None,Medium
2837,0,2,20,0.021,NORMAL,None,Medium
2837,0,3,30,0.0217,NORMAL,None,Medium
2837,0,4,40,0.0261,NORMAL,None,Low
2837,0,5,50,0.0242,NORMAL,None,Low
2837,0,6,60,0.0243,NORMAL,None,Low
2838,0,1,10,0.0142,NORMAL,None,Medium
2838,0,2,20,0.0196,NORMAL,None,Medium
2838,0,3,30,0.0244,NORMAL,None,Medium
2838,0,4,40,0.0242,NORMAL,None,Low
2838,0,5,50,0.0236,NORMAL,None,Low
2838,0,6,60,0.0234,NORMAL,None,Low
2839,0,1,10,0.0141,NORMAL,None,Medium
2839,0,2,20,0.021,NORMAL,None,Medium
2839,0,3,30,0.0238,NORMAL,None,Medium
2839,0,4,40,0.0242,NORMAL,None,Low
2839,0,5,50,0.0263,NORMAL,None,Low
2839,0,6,60,0.0271,NORMAL,None,Low
2840,0,1,10,0.0151,NORMAL,None,Medium
2840,0,2,20,0.0222,NORMAL,None,Medium
2840,0,3,30,0.0238,NORMAL,None,Medium
2840,0,4,40,0.024,NORMAL,None,Low
2840,0,5,50,0.0234,NORMAL,None,Low
2840,0,6,60,0.0234,NORMAL,None,Low
2841,0,1,10,0.0142,NORMAL,None,Medium
2841,0,2,20,0.0211,NORMAL,None,Medium
2841,0,3,30,0.025,NORMAL,None,Medium
2841,0,4,40,0.0254,NORMAL,None,Low
2841,0,5,50,0.0226,NORMAL,None,Low
2841,0,6,60,0.0251,NORMAL,None,Low
2842,0,1,10,0.0151,NORMAL,None,Medium
2842,0,2,20,0.0211,NORMAL,None,Medium
2842,0,3,30,0.0248,NORMAL,None,Medium
2842,0,4,40,0.0231,NORMAL,None,Low
2842,0,5,50,0.0237,NORMAL,None,Low
2842,0,6,60,0.0233,NORMAL,None,Low
2843,0,1,10,0.0162,NORMAL,None,Medium
2843,0,2,20,0.0216,NORMAL,None,Medium
2843,0,3,30,0.0265,NORMAL,None,Medium
2843,0,4,40,0.0239,NORMAL,None,Low
2843,0,5,50,0.0222,NORMAL,None,Low
2843,0,6,60,0.0236,NORMAL,None,Low
2844,0,1,10,0.0168,NORMAL,None,Medium
2844,0,2,20,0.0223,NORMAL,None,Medium
2844,0,3,30,0.0242,NORMAL,None,Medium
2844,0,4,40,0.0268,NORMAL,None,Low
2844,0,5,50,0.0297,NORMAL,None,Low
2844,0,6,60,0.0253,NORMAL,None,Low
2845,0,1,10,0.0162,NORMAL,None,Medium
2845,0,2,20,0.0232,NORMAL,None,Medium
2845,0,3,30,0.0237,NORMAL,None,Medium
2845,0,4,40,0.0256,NORMAL,None,Low
2845,0,5,50,0.0255,NORMAL,None,Low
2845,0,6,60,0.0242,NORMAL,None,Low
2846,0,1,10,0.015,NORMAL,None,Medium
2846,0,2,20,0.0217,NORMAL,None,Medium
2846,0,3,30,0.024,NORMAL,None,Medium
2846,0,4,40,0.0238,NORMAL,None,Low
2846,0,5,50,0.0273,NORMAL,None,Low
2846,0,6,60,0.0273,NORMAL,None,Low
2847,0,1,10,0.017,NORMAL,None,Medium
2847,0,2,20,0.0214,NORMAL,None,Medium
2847,0,3,30,0.0238,NORMAL,None,Medium
2847,0,4,40,0.0233,NORMAL,None,Low
2847,0,5,50,0.0249,NORMAL,None,Low
2847,0,6,60,0.0244,NORMAL,None,Low
2848,0,1,10,0.0201,NORMAL,None,Medium
2848,0,2,20,0.0229,NORMAL,None,Medium
2848,0,3,30,0.0252,NORMAL,None,Medium
2848,0,4,40,0.0249,NORMAL,None,Low
2848,0,5,50,0.0235,NORMAL,None,Low
2848,0,6,60,0.0241,NORMAL,None,Low
2849,0,1,10,0.0198,NORMAL,None,Medium
2849,0,2,20,0.0248,NORMAL,None,Medium
2849,0,3,30,0.0243,NORMAL,None,Medium
2849,0,4,40,0.0305,NORMAL,None,Low
2849,0,5,50,0.0263,NORMAL,None,Low
2849,0,6,60,0.0272,NORMAL,None,Low
120,0,1,10,0.5111,NORMAL,None,Medium
120,0,2,20,0.4578,NORMAL,None,Medium
120,0,3,30,0.3946,NORMAL,None,Medium
120,0,4,40,0.3668,NORMAL,None,Low
120,0,5,50,0.3394,NORMAL,None,Low
120,0,6,60,0.3264,NORMAL,None,Low
121,0,1,10,0.3729,NORMAL,None,Medium
121,0,2,20,0.2227,NORMAL,None,Medium
121,0,3,30,0.1387,NORMAL,None,Medium
121,0,4,40,0.102,NORMAL,None,Low
121,0,5,50,0.0874,NORMAL,None,Low
121,0,6,60,0.0796,NORMAL,None,Low
122,0,1,10,0.0153,NORMAL,None,Medium
122,0,2,20,0.018,NORMAL,None,Medium
122,0,3,30,0.0215,NORMAL,None,Medium
122,0,4,40,0.0247,NORMAL,None,Low
122,0,5,50,0.0242,NORMAL,None,Low
122,0,6,60,0.0262,NORMAL,None,Low
123,0,1,10,0.0153,NORMAL,None,Medium
123,0,2,20,0.0207,NORMAL,None,Medium
123,0,3,30,0.022,NORMAL,None,Medium
123,0,4,40,0.0242,NORMAL,None,Low
123,0,5,50,0.0239,NORMAL,None,Low
123,0,6,60,0.0244,NORMAL,None,Low
124,0,1,10,0.0212,NORMAL,None,Medium
124,0,2,20,0.0227,NORMAL,None,Medium
124,0,3,30,0.0259,NORMAL,None,Medium
124,0,4,40,0.0243,NORMAL,None,Low
124,0,5,50,0.025,NORMAL,None,Low
124,0,6,60,0.0242,NORMAL,None,Low
125,0,1,10,0.019,NORMAL,None,Medium
125,0,2,20,0.0229,NORMAL,None,Medium
125,0,3,30,0.0245,NORMAL,None,Medium
125,0,4,40,0.0268,NORMAL,None,Low
125,0,5,50,0.0278,NORMAL,None,Low
125,0,6,60,0.0259,NORMAL,None,Low
126,0,1,10,0.0176,NORMAL,None,Medium
126,0,2,20,0.0215,NORMAL,None,Medium
126,0,3,30,0.0212,NORMAL,None,Medium
126,0,4,40,0.0233,NORMAL,None,Low
126,0,5,50,0.0231,NORMAL,None,Low
126,0,6,60,0.0244,NORMAL,None,Low
127,0,1,10,0.0241,NORMAL,None,Medium
127,0,2,20,0.0235,NORMAL,None,Medium
127,0,3,30,0.026,NORMAL,None,Medium
127,0,4,40,0.0245,NORMAL,None,Low
127,0,5,50,0.0235,NORMAL,None,Low
127,0,6,60,0.0259,NORMAL,None,Low
128,0,1,10,0.0225,NORMAL,None,Medium
128,0,2,20,0.0224,NORMAL,None,Medium
128,0,3,30,0.0242,NORMAL,None,Medium
128,0,4,40,0.0235,NORMAL,None,Low
128,0,5,50,0.0244,NORMAL,None,Low
128,0,6,60,0.0271,NORMAL,None,Low
129,0,1,10,0.0209,NORMAL,None,Medium
129,0,2,20,0.0212,NORMAL,None,Medium
129,0,3,30,0.0219,NORMAL,None,Medium
129,0,4,40,0.0225,NORMAL,None,Low
129,0,5,50,0.0219,NORMAL,None,Low
129,0,6,60,0.0259,NORMAL,None,Low
130,0,1,10,0.0217,NORMAL,None,Medium
130,0,2,20,0.0239,NORMAL,None,Medium
130,0,3,30,0.0264,NORMAL,None,Medium
130,0,4,40,0.0248,NORMAL,None,Low
130,0,5,50,0.0233,NORMAL,None,Low
130,0,6,60,0.0257,NORMAL,None,Low
131,0,1,10,0.034,NORMAL,None,Medium
131,0,2,20,0.0267,NORMAL,None,Medium
131,0,3,30,0.0266,NORMAL,None,Medium
131,0,4,40,0.0288,NORMAL,None,Low
131,0,5,50,0.0276,NORMAL,None,Low
131,0,6,60,0.0261,NORMAL,None,Low
132,0,1,10,0.1537,NORMAL,None,Medium
132,0,2,20,0.059,NORMAL,None,Medium
132,0,3,30,0.0375,NORMAL,None,Medium
132,0,4,40,0.0294,NORMAL,None,Low
132,0,5,50,0.025,NORMAL,None,Low
132,0,6,60,0.0256,NORMAL,None,Low
133,0,1,10,0.0568,NORMAL,None,Medium
133,0,2,20,0.0335,NORMAL,None,Medium
133,0,3,30,0.0297,NORMAL,None,Medium
133,0,4,40,0.0246,NORMAL,None,Low
133,0,5,50,0.0283,NORMAL,None,Low
133,0,6,60,0.0279,NORMAL,None,Low
134,0,1,10,0.0178,NORMAL,None,Medium
134,0,2,20,0.0224,NORMAL,None,Medium
134,0,3,30,0.024,NORMAL,None,Medium
134,0,4,40,0.0228,NORMAL,None,Low
134,0,5,50,0.023,NORMAL,None,Low
134,0,6,60,0.0232,NORMAL,None,Low
135,0,1,10,0.0267,NORMAL,None,Medium
135,0,2,20,0.027,NORMAL,None,Medium
135,0,3,30,0.0247,NORMAL,None,Medium
135,0,4,40,0.029,NORMAL,None,Low
135,0,5,50,0.0304,NORMAL,None,Low
135,0,6,60,0.0291,NORMAL,None,Low
136,0,1,10,0.018,NORMAL,None,Medium
136,0,2,20,0.0246,NORMAL,None,Medium
136,0,3,30,0.0228,NORMAL,None,Medium
136,0,4,40,0.0252,NORMAL,None,Low
136,0,5,50,0.0231,NORMAL,None,Low
136,0,6,60,0.0258,NORMAL,None,Low
137,0,1,10,0.0209,NORMAL,None,Medium
137,0,2,20,0.0239,NORMAL,None,Medium
137,0,3,30,0.0217,NORMAL,None,Medium
137,0,4,40,0.0217,NORMAL,None,Low
137,0,5,50,0.024,NORMAL,None,Low
137,0,6,60,0.0248,NORMAL,None,Low
138,0,1,10,0.0183,NORMAL,None,Medium
138,0,2,20,0.0215,NORMAL,None,Medium
138,0,3,30,0.0236,NORMAL,None,Medium
138,0,4,40,0.0254,NORMAL,None,Low
138,0,5,50,0.0271,NORMAL,None,Low
138,0,6,60,0.0257,NORMAL,None,Low
139,0,1,10,0.0168,NORMAL,None,Medium
139,0,2,20,0.0213,NORMAL,None,Medium
139,0,3,30,0.0236,NORMAL,None,Medium
139,0,4,40,0.0223,NORMAL,None,Low
139,0,5,50,0.022,NORMAL,None,Low
139,0,6,60,0.0262,NORMAL,None,Low
140,0,1,10,0.0152,NORMAL,None,Medium
140,0,2,20,0.0195,NORMAL,None,Medium
140,0,3,30,0.0223,NORMAL,None,Medium
140,0,4,40,0.025,NORMAL,None,Low
140,0,5,50,0.0251,NORMAL,None,Low
140,0,6,60,0.0246,NORMAL,None,Low
141,0,1,10,0.0164,NORMAL,None,Medium
141,0,2,20,0.0226,NORMAL,None,Medium
141,0,3,30,0.0242,NORMAL,None,Medium
141,0,4,40,0.0241,NORMAL,None,Low
141,0,5,50,0.0276,NORMAL,None,Low
141,0,6,60,0.0233,NORMAL,None,Low
142,0,1,10,0.0161,NORMAL,None,Medium
142,0,2,20,0.0199,NORMAL,None,Medium
142,0,3,30,0.0229,NORMAL,None,Medium
142,0,4,40,0.0239,NORMAL,None,Low
142,0,5,50,0.0249,NORMAL,None,Low
142,0,6,60,0.0265,NORMAL,None,Low
143,0,1,10,0.0366,NORMAL,None,Medium
143,0,2,20,0.0308,NORMAL,None,Medium
143,0,3,30,0.0267,NORMAL,None,Medium
143,0,4,40,0.0278,NORMAL,None,Low
143,0,5,50,0.0281,NORMAL,None,Low
143,0,6,60,0.0252,NORMAL,None,Low
144,0,1,10,0.0254,NORMAL,None,Medium
144,0,2,20,0.028,NORMAL,None,Medium
144,0,3,30,0.0263,NORMAL,None,Medium
144,0,4,40,0.0254,NORMAL,None,Low
144,0,5,50,0.0258,NORMAL,None,Low
144,0,6,60,0.0254,NORMAL,None,Low
145,0,1,10,0.0686,NORMAL,None,Medium
145,0,2,20,0.0485,NORMAL,None,Medium
145,0,3,30,0.0346,NORMAL,None,Medium
145,0,4,40,0.0342,NORMAL,None,Low
145,0,5,50,0.0304,NORMAL,None,Low
145,0,6,60,0.0285,NORMAL,None,Low
146,0,1,10,0.2571,NORMAL,None,Medium
146,0,2,20,0.181,NORMAL,None,Medium
146,0,3,30,0.1378,NORMAL,None,Medium
146,0,4,40,0.1004,NORMAL,None,Low
146,0,5,50,0.0743,NORMAL,None,Low
146,0,6,60,0.0604,NORMAL,None,Low
147,0,1,10,0.0888,NORMAL,None,Medium
147,0,2,20,0.0505,NORMAL,None,Medium
147,0,3,30,0.0411,NORMAL,None,Medium
147,0,4,40,0.0371,NORMAL,None,Low
147,0,5,50,0.0331,NORMAL,None,Low
147,0,6,60,0.0305,NORMAL,None,Low
148,0,1,10,0.0421,NORMAL,None,Medium
148,0,2,20,0.0342,NORMAL,None,Medium
148,0,3,30,0.0296,NORMAL,None,Medium
148,0,4,40,0.025,NORMAL,None,Low
148,0,5,50,0.0248,NORMAL,None,Low
148,0,6,60,0.0213,NORMAL,None,Low
149,0,1,10,0.0266,NORMAL,None,Medium
149,0,2,20,0.0265,NORMAL,None,Medium
149,0,3,30,0.0271,NORMAL,None,Medium
149,0,4,40,0.0251,NORMAL,None,Low
149,0,5,50,0.0256,NORMAL,None,Low
149,0,6,60,0.0281,NORMAL,None,Low
270,0,1,10,0.0176,NORMAL,None,Medium
270,0,2,20,0.0213,NORMAL,None,Medium
270,0,3,30,0.0232,NORMAL,None,Medium
270,0,4,40,0.0243,NORMAL,None,Low
270,0,5,50,0.0244,NORMAL,None,Low
270,0,6,60,0.0238,NORMAL,None,Low
271,0,1,10,0.0406,NORMAL,None,Medium
271,0,2,20,0.039,NORMAL,None,Medium
271,0,3,30,0.0312,NORMAL,None,Medium
271,0,4,40,0.0303,NORMAL,None,Low
271,0,5,50,0.0315,NORMAL,None,Low
271,0,6,60,0.0301,NORMAL,None,Low
272,0,1,10,0.0776,NORMAL,None,Medium
272,0,2,20,0.0585,NORMAL,None,Medium
272,0,3,30,0.0457,NORMAL,None,Medium
272,0,4,40,0.0407,NORMAL,None,Low
272,0,5,50,0.0369,NORMAL,None,Low
272,0,6,60,0.0344,NORMAL,None,Low
273,0,1,10,0.1383,NORMAL,None,Medium
273,0,2,20,0.114,NORMAL,None,Medium
273,0,3,30,0.0833,NORMAL,None,Medium
273,0,4,40,0.0743,NORMAL,None,Low
273,0,5,50,0.0602,NORMAL,None,Low
273,0,6,60,0.0549,NORMAL,None,Low
274,0,1,10,0.1176,NORMAL,None,Medium
274,0,2,20,0.0922,NORMAL,None,Medium
274,0,3,30,0.0736,NORMAL,None,Medium
274,0,4,40,0.0587,NORMAL,None,Low
274,0,5,50,0.0439,NORMAL,None,Low
274,0,6,60,0.0416,NORMAL,None,Low
275,0,1,10,0.0465,NORMAL,None,Medium
275,0,2,20,0.0455,NORMAL,None,Medium
275,0,3,30,0.0383,NORMAL,None,Medium
275,0,4,40,0.0314,NORMAL,None,Low
275,0,5,50,0.0344,NORMAL,None,Low
275,0,6,60,0.0288,NORMAL,None,Low
276,0,1,10,0.0385,NORMAL,None,Medium
276,0,2,20,0.0332,NORMAL,None,Medium
276,0,3,30,0.031,NORMAL,None,Medium
276,0,4,40,0.03,NORMAL,None,Low
276,0,5,50,0.0311,NORMAL,None,Low
276,0,6,60,0.0264,NORMAL,None,Low
277,0,1,10,0.0326,NORMAL,None,Medium
277,0,2,20,0.0313,NORMAL,None,Medium
277,0,3,30,0.031,NORMAL,None,Medium
277,0,4,40,0.0297,NORMAL,None,Low
277,0,5,50,0.0285,NORMAL,None,Low
277,0,6,60,0.0299,NORMAL,None,Low
278,0,1,10,0.0443,NORMAL,None,Medium
278,0,2,20,0.0383,NORMAL,None,Medium
278,0,3,30,0.0364,NORMAL,None,Medium
278,0,4,40,0.0299,NORMAL,None,Low
278,0,5,50,0.0284,NORMAL,None,Low
278,0,6,60,0.0279,NORMAL,None,Low
279,0,1,10,0.0413,NORMAL,None,Medium
279,0,2,20,0.0308,NORMAL,None,Medium
279,0,3,30,0.0287,NORMAL,None,Medium
279,0,4,40,0.0274,NORMAL,None,Low
279,0,5,50,0.0288,NORMAL,None,Low
279,0,6,60,0.029,NORMAL,None,Low
280,0,1,10,0.0263,NORMAL,None,Medium
280,0,2,20,0.0287,NORMAL,None,Medium
280,0,3,30,0.0268,NORMAL,None,Medium
280,0,4,40,0.0271,NORMAL,None,Low
280,0,5,50,0.0271,NORMAL,None,Low
280,0,6,60,0.027,NORMAL,None,Low
281,0,1,10,0.0177,NORMAL,None,Medium
281,0,2,20,0.0214,NORMAL,None,Medium
281,0,3,30,0.0235,NORMAL,None,Medium
281,0,4,40,0.0241,NORMAL,None,Low
281,0,5,50,0.0234,NORMAL,None,Low
281,0,6,60,0.0233,NORMAL,None,Low
282,0,1,10,0.0213,NORMAL,None,Medium
282,0,2,20,0.0266,NORMAL,None,Medium
282,0,3,30,0.0288,NORMAL,None,Medium
282,0,4,40,0.0287,NORMAL,None,Low
282,0,5,50,0.0259,NORMAL,None,Low
282,0,6,60,0.0268,NORMAL,None,Low
283,0,1,10,0.0395,NORMAL,None,Medium
283,0,2,20,0.0346,NORMAL,None,Medium
283,0,3,30,0.0324,NORMAL,None,Medium
283,0,4,40,0.029,NORMAL,None,Low
283,0,5,50,0.0288,NORMAL,None,Low
283,0,6,60,0.0299,NORMAL,None,Low
284,0,1,10,0.0329,NORMAL,None,Medium
284,0,2,20,0.0278,NORMAL,None,Medium
284,0,3,30,0.0279,NORMAL,None,Medium
284,0,4,40,0.0272,NORMAL,None,Low
284,0,5,50,0.0279,NORMAL,None,Low
284,0,6,60,0.0285,NORMAL,None,Low
285,0,1,10,0.0381,NORMAL,None,Medium
285,0,2,20,0.0336,NORMAL,None,Medium
285,0,3,30,0.0311,NORMAL,None,Medium
285,0,4,40,0.0303,NORMAL,None,Low
285,0,5,50,0.0285,NORMAL,None,Low
285,0,6,60,0.0269,NORMAL,None,Low
286,0,1,10,0.0461,NORMAL,None,Medium
286,0,2,20,0.0422,NORMAL,None,Medium
286,0,3,30,0.0382,NORMAL,None,Medium
286,0,4,40,0.0322,NORMAL,None,Low
286,0,5,50,0.0309,NORMAL,None,Low
286,0,6,60,0.0262,NORMAL,None,Low
287,0,1,10,0.0433,NORMAL,None,Medium
287,0,2,20,0.0336,NORMAL,None,Medium
287,0,3,30,0.0336,NORMAL,None,Medium
287,0,4,40,0.0293,NORMAL,None,Low
287,0,5,50,0.0277,NORMAL,None,Low
287,0,6,60,0.0276,NORMAL,None,Low
288,0,1,10,0.0243,NORMAL,None,Medium
288,0,2,20,0.0257,NORMAL,None,Medium
288,0,3,30,0.024,NORMAL,None,Medium
288,0,4,40,0.0275,NORMAL,None,Low
288,0,5,50,0.0247,NORMAL,None,Low
288,0,6,60,0.0276,NORMAL,None,Low
289,0,1,10,0.0186,NORMAL,None,Medium
289,0,2,20,0.0243,NORMAL,None,Medium
289,0,3,30,0.0258,NORMAL,None,Medium
289,0,4,40,0.0266,NORMAL,None,Low
289,0,5,50,0.0257,NORMAL,None,Low
289,0,6,60,0.0255,NORMAL,None,Low
290,0,1,10,0.016,NORMAL,None,Medium
290,0,2,20,0.0214,NORMAL,None,Medium
290,0,3,30,0.024,NORMAL,None,Medium
290,0,4,40,0.0286,NORMAL,None,Low
290,0,5,50,0.0268,NORMAL,None,Low
290,0,6,60,0.0268,NORMAL,None,Low
291,0,1,10,0.0155,NORMAL,None,Medium
291,0,2,20,0.022,NORMAL,None,Medium
291,0,3,30,0.0241,NORMAL,None,Medium
291,0,4,40,0.0256,NORMAL,None,Low
291,0,5,50,0.0241,NORMAL,None,Low
291,0,6,60,0.0237,NORMAL,None,Low
292,0,1,10,0.0167,NORMAL,None,Medium
292,0,2,20,0.0207,NORMAL,None,Medium
292,0,3,30,0.0219,NORMAL,None,Medium
292,0,4,40,0.026,NORMAL,None,Low
292,0,5,50,0.0248,NORMAL,None,Low
292,0,6,60,0.0259,NORMAL,None,Low
293,0,1,10,0.0191,NORMAL,None,Medium
293,0,2,20,0.0229,NORMAL,None,Medium
293,0,3,30,0.0246,NORMAL,None,Medium
293,0,4,40,0.0239,NORMAL,None,Low
293,0,5,50,0.0251,NORMAL,None,Low
293,0,6,60,0.0242,NORMAL,None,Low
294,0,1,10,0.0215,NORMAL,None,Medium
294,0,2,20,0.0215,NORMAL,None,Medium
294,0,3,30,0.0245,NORMAL,None,Medium
294,0,4,40,0.0242,NORMAL,None,Low
294,0,5,50,0.0255,NORMAL,None,Low
294,0,6,60,0.0249,NORMAL,None,Low
295,0,1,10,0.017,NORMAL,None,Medium
295,0,2,20,0.0208,NORMAL,None,Medium
295,0,3,30,0.0232,NORMAL,None,Medium
295,0,4,40,0.0248,NORMAL,None,Low
295,0,5,50,0.0256,NORMAL,None,Low
295,0,6,60,0.025,NORMAL,None,Low
296,0,1,10,0.0179,NORMAL,None,Medium
296,0,2,20,0.0248,NORMAL,None,Medium
296,0,3,30,0.0241,NORMAL,None,Medium
296,0,4,40,0.0248,NORMAL,None,Low
296,0,5,50,0.0248,NORMAL,None,Low
296,0,6,60,0.0241,NORMAL,None,Low
297,0,1,10,0.0162,NORMAL,None,Medium
297,0,2,20,0.0228,NORMAL,None,Medium
297,0,3,30,0.0254,NORMAL,None,Medium
297,0,4,40,0.026,NORMAL,None,Low
297,0,5,50,0.0278,NORMAL,None,Low
297,0,6,60,0.0273,NORMAL,None,Low
298,0,1,10,0.0189,NORMAL,None,Medium
298,0,2,20,0.0256,NORMAL,None,Medium
298,0,3,30,0.0266,NORMAL,None,Medium
298,0,4,40,0.0247,NORMAL,None,Low
298,0,5,50,0.0239,NORMAL,None,Low
298,0,6,60,0.0238,NORMAL,None,Low
299,0,1,10,0.0201,NORMAL,None,Medium
299,0,2,20,0.0271,NORMAL,None,Medium
299,0,3,30,0.0247,NORMAL,None,Medium
299,0,4,40,0.0246,NORMAL,None,Low
299,0,5,50,0.0259,NORMAL,None,Low
299,0,6,60,0.0237,NORMAL,None,Low
420,1,1,10,0.9724,ACTIVE,Impact,Medium
420,1,2,20,0.965,ACTIVE,Impact,Medium
420,1,3,30,0.9579,ACTIVE,Impact,Medium
420,1,4,40,0.9582,ACTIVE,Impact,Low
420,1,5,50,0.9563,ACTIVE,Impact,Low
420,1,6,60,0.9545,ACTIVE,Impact,Low
421,1,1,10,0.974,ACTIVE,Impact,Medium
421,1,2,20,0.9632,ACTIVE,Impact,Medium
421,1,3,30,0.961,ACTIVE,Impact,Medium
421,1,4,40,0.9578,ACTIVE,Impact,Low
421,1,5,50,0.9554,ACTIVE,Impact,Low
421,1,6,60,0.955,ACTIVE,Impact,Low
422,1,1,10,0.977,ACTIVE,Impact,Medium
422,1,2,20,0.9682,ACTIVE,Impact,Medium
422,1,3,30,0.9636,ACTIVE,Impact,Medium
422,1,4,40,0.9633,ACTIVE,Impact,Low
422,1,5,50,0.9557,ACTIVE,Impact,Low
422,1,6,60,0.9566,ACTIVE,Impact,Low
423,1,1,10,0.9784,ACTIVE,Impact,Medium
423,1,2,20,0.9731,ACTIVE,Impact,Medium
423,1,3,30,0.9669,ACTIVE,Impact,Medium
423,1,4,40,0.9649,ACTIVE,Impact,Low
423,1,5,50,0.9639,ACTIVE,Impact,Low
423,1,6,60,0.9589,ACTIVE,Impact,Low
424,0,1,10,0.9104,ACTIVE,Impact,Medium
424,0,2,20,0.9176,ACTIVE,Impact,Medium
424,0,3,30,0.9244,ACTIVE,Impact,Medium
424,0,4,40,0.9259,ACTIVE,Impact,Low
424,0,5,50,0.9182,ACTIVE,Impact,Low
424,0,6,60,0.9215,ACTIVE,Impact,Low
425,0,1,10,0.9229,ACTIVE,Impact,Medium
425,0,2,20,0.9339,ACTIVE,Impact,Medium
425,0,3,30,0.9348,ACTIVE,Impact,Medium
425,0,4,40,0.9327,ACTIVE,Impact,Low
425,0,5,50,0.9297,ACTIVE,Impact,Low
425,0,6,60,0.9231,ACTIVE,Impact,Low
426,1,1,10,0.962,ACTIVE,Impact,Medium
426,1,2,20,0.9581,ACTIVE,Impact,Medium
426,1,3,30,0.9532,ACTIVE,Impact,Medium
426,1,4,40,0.9526,ACTIVE,Impact,Low
426,1,5,50,0.9509,ACTIVE,Impact,Low
426,1,6,60,0.9494,ACTIVE,Impact,Low
427,1,1,10,0.9792,ACTIVE,Impact,Medium
427,1,2,20,0.9713,ACTIVE,Impact,Medium
427,1,3,30,0.9654,ACTIVE,Impact,Medium
427,1,4,40,0.96,ACTIVE,Impact,Low
427,1,5,50,0.9545,ACTIVE,Impact,Low
427,1,6,60,0.9529,ACTIVE,Impact,Low
428,1,1,10,0.9604,ACTIVE,Impact,Medium
428,1,2,20,0.9522,ACTIVE,Impact,Medium
428,1,3,30,0.9488,ACTIVE,Impact,Medium
428,1,4,40,0.9477,ACTIVE,Impact,Low
428,1,5,50,0.9447,ACTIVE,Impact,Low
428,1,6,60,0.9418,ACTIVE,Impact,Low
429,1,1,10,0.9631,ACTIVE,Impact,Medium
429,1,2,20,0.9556,ACTIVE,Impact,Medium
429,1,3,30,0.9549,ACTIVE,Impact,Medium
429,1,4,40,0.951,ACTIVE,Impact,Low
429,1,5,50,0.9498,ACTIVE,Impact,Low
429,1,6,60,0.9472,ACTIVE,Impact,Low
430,1,1,10,0.9494,ACTIVE,Impact,Medium
430,1,2,20,0.948,ACTIVE,Impact,Medium
430,1,3,30,0.9452,ACTIVE,Impact,Medium
430,1,4,40,0.9461,ACTIVE,Impact,Low
430,1,5,50,0.9462,ACTIVE,Impact,Low
430,1,6,60,0.9432,ACTIVE,Impact,Low
431,1,1,10,0.9685,ACTIVE,Impact,Medium
431,1,2,20,0.9641,ACTIVE,Impact,Medium
431,1,3,30,0.9601,ACTIVE,Impact,Medium
431,1,4,40,0.9572,ACTIVE,Impact,Low
431,1,5,50,0.9532,ACTIVE,Impact,Low
431,1,6,60,0.9516,ACTIVE,Impact,Low
432,1,1,10,0.976,ACTIVE,Impact,Medium
432,1,2,20,0.9697,ACTIVE,Impact,Medium
432,1,3,30,0.9646,ACTIVE,Impact,Medium
432,1,4,40,0.9605,ACTIVE,Impact,Low
432,1,5,50,0.9573,ACTIVE,Impact,Low
432,1,6,60,0.954,ACTIVE,Impact,Low
433,1,1,10,0.973,ACTIVE,Impact,Medium
433,1,2,20,0.9632,ACTIVE,Impact,Medium
433,1,3,30,0.9604,ACTIVE,Impact,Medium
433,1,4,40,0.9599,ACTIVE,Impact,Low
433,1,5,50,0.9565,ACTIVE,Impact,Low
433,1,6,60,0.9571,ACTIVE,Impact,Low
434,1,1,10,0.9763,ACTIVE,Impact,Medium
434,1,2,20,0.9688,ACTIVE,Impact,Medium
434,1,3,30,0.9662,ACTIVE,Impact,Medium
434,1,4,40,0.9606,ACTIVE,Impact,Low
434,1,5,50,0.959,ACTIVE,Impact,Low
434,1,6,60,0.9566,ACTIVE,Impact,Low
435,1,1,10,0.9766,ACTIVE,Impact,Medium
435,1,2,20,0.9705,ACTIVE,Impact,Medium
435,1,3,30,0.9679,ACTIVE,Impact,Medium
435,1,4,40,0.9635,ACTIVE,Impact,Low
435,1,5,50,0.9577,ACTIVE,Impact,Low
435,1,6,60,0.9555,ACTIVE,Impact,Low
436,1,1,10,0.9739,ACTIVE,Impact,Medium
436,1,2,20,0.9644,ACTIVE,Impact,Medium
436,1,3,30,0.9614,ACTIVE,Impact,Medium
436,1,4,40,0.9584,ACTIVE,Impact,Low
436,1,5,50,0.9534,ACTIVE,Impact,Low
436,1,6,60,0.9527,ACTIVE,Impact,Low
437,1,1,10,0.9817,ACTIVE,Impact,Medium
437,1,2,20,0.9721,ACTIVE,Impact,Medium
437,1,3,30,0.9673,ACTIVE,Impact,Medium
437,1,4,40,0.9626,ACTIVE,Impact,Low
437,1,5,50,0.9579,ACTIVE,Impact,Low
437,1,6,60,0.9577,ACTIVE,Impact,Low
438,1,1,10,0.9785,ACTIVE,Impact,Medium
438,1,2,20,0.9715,ACTIVE,Impact,Medium
438,1,3,30,0.967,ACTIVE,Impact,Medium
438,1,4,40,0.9643,ACTIVE,Impact,Low
438,1,5,50,0.9618,ACTIVE,Impact,Low
438,1,6,60,0.9577,ACTIVE,Impact,Low
439,1,1,10,0.981,ACTIVE,Impact,Medium
439,1,2,20,0.9734,ACTIVE,Impact,Medium
439,1,3,30,0.9694,ACTIVE,Impact,Medium
439,1,4,40,0.9646,ACTIVE,Impact,Low
439,1,5,50,0.9621,ACTIVE,Impact,Low
439,1,6,60,0.963,ACTIVE,Impact,Low
440,1,1,10,0.9774,ACTIVE,Impact,Medium
440,1,2,20,0.9712,ACTIVE,Impact,Medium
440,1,3,30,0.9677,ACTIVE,Impact,Medium
440,1,4,40,0.9627,ACTIVE,Impact,Low
440,1,5,50,0.962,ACTIVE,Impact,Low
440,1,6,60,0.9569,ACTIVE,Impact,Low
441,1,1,10,0.9754,ACTIVE,Impact,Medium
441,1,2,20,0.9689,ACTIVE,Impact,Medium
441,1,3,30,0.964,ACTIVE,Impact,Medium
441,1,4,40,0.9586,ACTIVE,Impact,Low
441,1,5,50,0.9561,ACTIVE,Impact,Low
441,1,6,60,0.9545,ACTIVE,Impact,Low
442,1,1,10,0.9667,ACTIVE,Impact,Medium
442,1,2,20,0.9595,ACTIVE,Impact,Medium
442,1,3,30,0.9573,ACTIVE,Impact,Medium
442,1,4,40,0.9539,ACTIVE,Impact,Low
442,1,5,50,0.9486,ACTIVE,Impact,Low
442,1,6,60,0.9497,ACTIVE,Impact,Low
443,1,1,10,0.9767,ACTIVE,Impact,Medium
443,1,2,20,0.9676,ACTIVE,Impact,Medium
443,1,3,30,0.9637,ACTIVE,Impact,Medium
443,1,4,40,0.9598,ACTIVE,Impact,Low
443,1,5,50,0.9585,ACTIVE,Impact,Low
443,1,6,60,0.9575,ACTIVE,Impact,Low
444,1,1,10,0.9295,ACTIVE,Impact,Medium
444,1,2,20,0.9257,ACTIVE,Impact,Medium
444,1,3,30,0.9192,ACTIVE,Impact,Medium
444,1,4,40,0.9192,ACTIVE,Impact,Low
444,1,5,50,0.919,ACTIVE,Impact,Low
444,1,6,60,0.9215,ACTIVE,Impact,Low
445,1,1,10,0.9534,ACTIVE,Impact,Medium
445,1,2,20,0.9468,ACTIVE,Impact,Medium
445,1,3,30,0.9402,ACTIVE,Impact,Medium
445,1,4,40,0.934,ACTIVE,Impact,Low
445,1,5,50,0.9405,ACTIVE,Impact,Low
445,1,6,60,0.9357,ACTIVE,Impact,Low
446,1,1,10,0.9469,ACTIVE,Impact,Medium
446,1,2,20,0.9403,ACTIVE,Impact,Medium
446,1,3,30,0.9376,ACTIVE,Impact,Medium
446,1,4,40,0.9414,ACTIVE,Impact,Low
446,1,5,50,0.9377,ACTIVE,Impact,Low
446,1,6,60,0.9375,ACTIVE,Impact,Low
447,1,1,10,0.9242,ACTIVE,Impact,Medium
447,1,2,20,0.9295,ACTIVE,Impact,Medium
447,1,3,30,0.9276,ACTIVE,Impact,Medium
447,1,4,40,0.9272,ACTIVE,Impact,Low
447,1,5,50,0.9273,ACTIVE,Impact,Low
447,1,6,60,0.9252,ACTIVE,Impact,Low
448,1,1,10,0.9433,ACTIVE,Impact,Medium
448,1,2,20,0.9364,ACTIVE,Impact,Medium
448,1,3,30,0.9345,ACTIVE,Impact,Medium
448,1,4,40,0.9322,ACTIVE,Impact,Low
448,1,5,50,0.9319,ACTIVE,Impact,Low
448,1,6,60,0.9271,ACTIVE,Impact,Low
449,1,1,10,0.9528,ACTIVE,Impact,Medium
449,1,2,20,0.9452,ACTIVE,Impact,Medium
449,1,3,30,0.9461,ACTIVE,Impact,Medium
449,1,4,40,0.9443,ACTIVE,Impact,Low
449,1,5,50,0.9412,ACTIVE,Impact,Low
449,1,6,60,0.941,ACTIVE,Impact,Low
570,0,1,10,0.6858,PRE_ATTACK,Reconnaissance,Low
570,0,2,20,0.7246,PRE_ATTACK,Reconnaissance,Low
570,0,3,30,0.7509,PRE_ATTACK,Reconnaissance,Low
570,0,4,40,0.755,PRE_ATTACK,Reconnaissance,Low
570,0,5,50,0.7624,PRE_ATTACK,Reconnaissance,Low
570,0,6,60,0.767,PRE_ATTACK,Reconnaissance,Low
571,0,1,10,0.6657,PRE_ATTACK,Reconnaissance,Low
571,0,2,20,0.707,PRE_ATTACK,Reconnaissance,Low
571,0,3,30,0.7154,PRE_ATTACK,Reconnaissance,Low
571,0,4,40,0.7222,PRE_ATTACK,Reconnaissance,Low
571,0,5,50,0.7183,PRE_ATTACK,Reconnaissance,Low
571,0,6,60,0.72,PRE_ATTACK,Reconnaissance,Low
572,1,1,10,0.6996,PRE_ATTACK,Reconnaissance,Low
572,1,2,20,0.7302,PRE_ATTACK,Reconnaissance,Low
572,1,3,30,0.7394,PRE_ATTACK,Reconnaissance,Low
572,1,4,40,0.7423,PRE_ATTACK,Reconnaissance,Low
572,1,5,50,0.7544,PRE_ATTACK,Reconnaissance,Low
572,1,6,60,0.7529,PRE_ATTACK,Reconnaissance,Low
573,1,1,10,0.6512,PRE_ATTACK,Reconnaissance,Low
573,1,2,20,0.6615,PRE_ATTACK,Reconnaissance,Low
573,1,3,30,0.6738,PRE_ATTACK,Reconnaissance,Low
573,1,4,40,0.6755,PRE_ATTACK,Reconnaissance,Low
573,1,5,50,0.6838,PRE_ATTACK,Reconnaissance,Low
573,1,6,60,0.7013,PRE_ATTACK,Reconnaissance,Low
574,1,1,10,0.2472,NORMAL,None,Medium
574,1,2,20,0.1783,NORMAL,None,Medium
574,1,3,30,0.1385,NORMAL,None,Medium
574,1,4,40,0.1108,NORMAL,None,Low
574,1,5,50,0.0837,NORMAL,None,Low
574,1,6,60,0.0656,NORMAL,None,Low
575,1,1,10,0.1064,NORMAL,None,Medium
575,1,2,20,0.0597,NORMAL,None,Medium
575,1,3,30,0.0455,NORMAL,None,Medium
575,1,4,40,0.0348,NORMAL,None,Low
575,1,5,50,0.0318,NORMAL,None,Low
575,1,6,60,0.0327,NORMAL,None,Low
576,1,1,10,0.0527,NORMAL,None,Medium
576,1,2,20,0.0362,NORMAL,None,Medium
576,1,3,30,0.0279,NORMAL,None,Medium
576,1,4,40,0.0286,NORMAL,None,Low
576,1,5,50,0.0275,NORMAL,None,Low
576,1,6,60,0.0272,NORMAL,None,Low
577,0,1,10,0.0489,NORMAL,None,Medium
577,0,2,20,0.0342,NORMAL,None,Medium
577,0,3,30,0.0284,NORMAL,None,Medium
577,0,4,40,0.0253,NORMAL,None,Low
577,0,5,50,0.0251,NORMAL,None,Low
577,0,6,60,0.0268,NORMAL,None,Low
578,0,1,10,0.0449,NORMAL,None,Medium
578,0,2,20,0.0345,NORMAL,None,Medium
578,0,3,30,0.031,NORMAL,None,Medium
578,0,4,40,0.0251,NORMAL,None,Low
578,0,5,50,0.0304,NORMAL,None,Low
578,0,6,60,0.0286,NORMAL,None,Low
579,1,1,10,0.345,NORMAL,None,Medium
579,1,2,20,0.2526,NORMAL,None,Medium
579,1,3,30,0.1947,NORMAL,None,Medium
579,1,4,40,0.1528,NORMAL,None,Low
579,1,5,50,0.1364,NORMAL,None,Low
579,1,6,60,0.1184,NORMAL,None,Low
580,1,1,10,0.9002,ACTIVE,Impact,Medium
580,1,2,20,0.8834,ACTIVE,Impact,Medium
580,1,3,30,0.8775,ACTIVE,Impact,Medium
580,1,4,40,0.8738,ACTIVE,Impact,Low
580,1,5,50,0.8709,ACTIVE,Impact,Low
580,1,6,60,0.8689,ACTIVE,Impact,Low
581,1,1,10,0.8366,ONSET,Impact,Low
581,1,2,20,0.8672,PRE_ATTACK,Reconnaissance,Low
581,1,3,30,0.8748,ACTIVE,Impact,Medium
581,1,4,40,0.8759,ACTIVE,Impact,Low
581,1,5,50,0.8676,ACTIVE,Impact,Low
581,1,6,60,0.8707,PRE_ATTACK,Reconnaissance,Low
582,0,1,10,0.1937,NORMAL,None,Medium
582,0,2,20,0.1316,NORMAL,None,Medium
582,0,3,30,0.0976,NORMAL,None,Medium
582,0,4,40,0.0799,NORMAL,None,Low
582,0,5,50,0.0642,NORMAL,None,Low
582,0,6,60,0.0537,NORMAL,None,Low
583,0,1,10,0.0341,NORMAL,None,Medium
583,0,2,20,0.0288,NORMAL,None,Medium
583,0,3,30,0.0251,NORMAL,None,Medium
583,0,4,40,0.0263,NORMAL,None,Low
583,0,5,50,0.0271,NORMAL,None,Low
583,0,6,60,0.0247,NORMAL,None,Low
584,0,1,10,0.0275,NORMAL,None,Medium
584,0,2,20,0.0268,NORMAL,None,Medium
584,0,3,30,0.0265,NORMAL,None,Medium
584,0,4,40,0.0269,NORMAL,None,Low
584,0,5,50,0.0251,NORMAL,None,Low
584,0,6,60,0.0256,NORMAL,None,Low
585,0,1,10,0.0223,NORMAL,None,Medium
585,0,2,20,0.0255,NORMAL,None,Medium
585,0,3,30,0.0246,NORMAL,None,Medium
585,0,4,40,0.0249,NORMAL,None,Low
585,0,5,50,0.0245,NORMAL,None,Low
585,0,6,60,0.0251,NORMAL,None,Low
586,0,1,10,0.0246,NORMAL,None,Medium
586,0,2,20,0.0238,NORMAL,None,Medium
586,0,3,30,0.0224,NORMAL,None,Medium
586,0,4,40,0.0253,NORMAL,None,Low
586,0,5,50,0.0259,NORMAL,None,Low
586,0,6,60,0.0276,NORMAL,None,Low
587,0,1,10,0.0195,NORMAL,None,Medium
587,0,2,20,0.0238,NORMAL,None,Medium
587,0,3,30,0.0267,NORMAL,None,Medium
587,0,4,40,0.0266,NORMAL,None,Low
587,0,5,50,0.0257,NORMAL,None,Low
587,0,6,60,0.0256,NORMAL,None,Low
588,0,1,10,0.0178,NORMAL,None,Medium
588,0,2,20,0.0232,NORMAL,None,Medium
588,0,3,30,0.0254,NORMAL,None,Medium
588,0,4,40,0.0253,NORMAL,None,Low
588,0,5,50,0.0252,NORMAL,None,Low
588,0,6,60,0.0259,NORMAL,None,Low
589,0,1,10,0.0168,NORMAL,None,Medium
589,0,2,20,0.021,NORMAL,None,Medium
589,0,3,30,0.0233,NORMAL,None,Medium
589,0,4,40,0.0245,NORMAL,None,Low
589,0,5,50,0.0245,NORMAL,None,Low
589,0,6,60,0.0247,NORMAL,None,Low
590,0,1,10,0.0146,NORMAL,None,Medium
590,0,2,20,0.0205,NORMAL,None,Medium
590,0,3,30,0.0239,NORMAL,None,Medium
590,0,4,40,0.0269,NORMAL,None,Low
590,0,5,50,0.0256,NORMAL,None,Low
590,0,6,60,0.0253,NORMAL,None,Low
591,0,1,10,0.0172,NORMAL,None,Medium
591,0,2,20,0.0208,NORMAL,None,Medium
591,0,3,30,0.0234,NORMAL,None,Medium
591,0,4,40,0.024,NORMAL,None,Low
591,0,5,50,0.0268,NORMAL,None,Low
591,0,6,60,0.0253,NORMAL,None,Low
592,0,1,10,0.0137,NORMAL,None,Medium
592,0,2,20,0.0204,NORMAL,None,Medium
592,0,3,30,0.0224,NORMAL,None,Medium
592,0,4,40,0.025,NORMAL,None,Low
592,0,5,50,0.0234,NORMAL,None,Low
592,0,6,60,0.0268,NORMAL,None,Low
593,0,1,10,0.0181,NORMAL,None,Medium
593,0,2,20,0.0224,NORMAL,None,Medium
593,0,3,30,0.0236,NORMAL,None,Medium
593,0,4,40,0.0245,NORMAL,None,Low
593,0,5,50,0.0228,NORMAL,None,Low
593,0,6,60,0.0258,NORMAL,None,Low
594,0,1,10,0.2394,NORMAL,None,Medium
594,0,2,20,0.191,NORMAL,None,Medium
594,0,3,30,0.1547,NORMAL,None,Medium
594,0,4,40,0.1201,NORMAL,None,Low
594,0,5,50,0.0881,NORMAL,None,Low
594,0,6,60,0.0746,NORMAL,None,Low
595,0,1,10,0.3845,NORMAL,None,Medium
595,0,2,20,0.3564,NORMAL,None,Medium
595,0,3,30,0.3117,NORMAL,None,Medium
595,0,4,40,0.2848,NORMAL,None,Low
595,0,5,50,0.2482,NORMAL,None,Low
595,0,6,60,0.2069,NORMAL,None,Low
596,0,1,10,0.6382,PRE_ATTACK,Reconnaissance,Low
596,0,2,20,0.6495,PRE_ATTACK,Reconnaissance,Low
596,0,3,30,0.6578,PRE_ATTACK,Reconnaissance,Low
596,0,4,40,0.6543,PRE_ATTACK,Reconnaissance,Low
596,0,5,50,0.6651,PRE_ATTACK,Reconnaissance,Low
596,0,6,60,0.6783,PRE_ATTACK,Reconnaissance,Low
597,1,1,10,0.7199,PRE_ATTACK,Reconnaissance,Low
597,1,2,20,0.7858,PRE_ATTACK,Reconnaissance,Low
597,1,3,30,0.8135,PRE_ATTACK,Reconnaissance,Low
597,1,4,40,0.8219,PRE_ATTACK,Reconnaissance,Low
597,1,5,50,0.824,PRE_ATTACK,Reconnaissance,Low
597,1,6,60,0.8211,PRE_ATTACK,Reconnaissance,Low
598,1,1,10,0.7739,PRE_ATTACK,Reconnaissance,Low
598,1,2,20,0.8051,PRE_ATTACK,Reconnaissance,Low
598,1,3,30,0.8007,PRE_ATTACK,Reconnaissance,Low
598,1,4,40,0.7972,PRE_ATTACK,Reconnaissance,Low
598,1,5,50,0.7974,PRE_ATTACK,Reconnaissance,Low
598,1,6,60,0.8018,PRE_ATTACK,Reconnaissance,Low
599,1,1,10,0.5902,PRE_ATTACK,Reconnaissance,Low
599,1,2,20,0.5999,PRE_ATTACK,Reconnaissance,Low
599,1,3,30,0.5896,PRE_ATTACK,Reconnaissance,Low
599,1,4,40,0.6055,PRE_ATTACK,Reconnaissance,Low
599,1,5,50,0.6215,PRE_ATTACK,Reconnaissance,Low
599,1,6,60,0.6164,PRE_ATTACK,Reconnaissance,Low
720,0,1,10,0.0753,NORMAL,None,Medium
720,0,2,20,0.0539,NORMAL,None,Medium
720,0,3,30,0.0467,NORMAL,None,Medium
720,0,4,40,0.0403,NORMAL,None,Low
720,0,5,50,0.0362,NORMAL,None,Low
720,0,6,60,0.0333,NORMAL,None,Low
721,0,1,10,0.1336,NORMAL,None,Medium
721,0,2,20,0.0946,NORMAL,None,Medium
721,0,3,30,0.0751,NORMAL,None,Medium
721,0,4,40,0.0564,NORMAL,None,Low
721,0,5,50,0.0455,NORMAL,None,Low
721,0,6,60,0.0385,NORMAL,None,Low
722,0,1,10,0.0726,NORMAL,None,Medium
722,0,2,20,0.057,NORMAL,None,Medium
722,0,3,30,0.0424,NORMAL,None,Medium
722,0,4,40,0.0378,NORMAL,None,Low
722,0,5,50,0.0314,NORMAL,None,Low
722,0,6,60,0.0309,NORMAL,None,Low
723,0,1,10,0.1072,NORMAL,None,Medium
723,0,2,20,0.0604,NORMAL,None,Medium
723,0,3,30,0.0456,NORMAL,None,Medium
723,0,4,40,0.0349,NORMAL,None,Low
723,0,5,50,0.0355,NORMAL,None,Low
723,0,6,60,0.031,NORMAL,None,Low
724,1,1,10,0.9599,ACTIVE,Impact,Medium
724,1,2,20,0.9641,ACTIVE,Impact,Medium
724,1,3,30,0.9672,ACTIVE,Impact,Medium
724,1,4,40,0.9662,ACTIVE,Impact,Low
724,1,5,50,0.9635,ACTIVE,Impact,Low
724,1,6,60,0.9627,ACTIVE,Impact,Low
725,1,1,10,0.9778,ACTIVE,Impact,Medium
725,1,2,20,0.9754,ACTIVE,Impact,Medium
725,1,3,30,0.9738,ACTIVE,Impact,Medium
725,1,4,40,0.9693,ACTIVE,Impact,Low
725,1,5,50,0.9662,ACTIVE,Impact,Low
725,1,6,60,0.9623,ACTIVE,Impact,Low
726,1,1,10,0.9646,ACTIVE,Impact,Medium
726,1,2,20,0.9725,ACTIVE,Impact,Medium
726,1,3,30,0.9673,ACTIVE,Impact,Medium
726,1,4,40,0.9676,ACTIVE,Impact,Low
726,1,5,50,0.965,ACTIVE,Impact,Low
726,1,6,60,0.9609,ACTIVE,Impact,Low
727,1,1,10,0.9764,ACTIVE,Impact,Medium
727,1,2,20,0.9731,ACTIVE,Impact,Medium
727,1,3,30,0.9694,ACTIVE,Impact,Medium
727,1,4,40,0.9681,ACTIVE,Impact,Low
727,1,5,50,0.9646,ACTIVE,Impact,Low
727,1,6,60,0.9648,ACTIVE,Impact,Low
728,1,1,10,0.8569,ACTIVE,Impact,Medium
728,1,2,20,0.929,ACTIVE,Impact,Medium
728,1,3,30,0.9448,ACTIVE,Impact,Medium
728,1,4,40,0.9455,ACTIVE,Impact,Low
728,1,5,50,0.9433,ACTIVE,Impact,Low
728,1,6,60,0.9384,ACTIVE,Impact,Low
729,1,1,10,0.97,ACTIVE,Impact,Medium
729,1,2,20,0.9715,ACTIVE,Impact,Medium
729,1,3,30,0.969,ACTIVE,Impact,Medium
729,1,4,40,0.9693,ACTIVE,Impact,Low
729,1,5,50,0.963,ACTIVE,Impact,Low
729,1,6,60,0.9615,ACTIVE,Impact,Low
730,1,1,10,0.9788,ACTIVE,Impact,Medium
730,1,2,20,0.975,ACTIVE,Impact,Medium
730,1,3,30,0.9716,ACTIVE,Impact,Medium
730,1,4,40,0.9704,ACTIVE,Impact,Low
730,1,5,50,0.9684,ACTIVE,Impact,Low
730,1,6,60,0.9635,ACTIVE,Impact,Low
731,1,1,10,0.9775,ACTIVE,Impact,Medium
731,1,2,20,0.9722,ACTIVE,Impact,Medium
731,1,3,30,0.9685,ACTIVE,Impact,Medium
731,1,4,40,0.9651,ACTIVE,Impact,Low
731,1,5,50,0.9636,ACTIVE,Impact,Low
731,1,6,60,0.9606,ACTIVE,Impact,Low
732,1,1,10,0.9793,ACTIVE,Impact,Medium
732,1,2,20,0.9772,ACTIVE,Impact,Medium
732,1,3,30,0.9702,ACTIVE,Impact,Medium
732,1,4,40,0.9666,ACTIVE,Impact,Low
732,1,5,50,0.9628,ACTIVE,Impact,Low
732,1,6,60,0.9625,ACTIVE,Impact,Low
733,1,1,10,0.9312,ACTIVE,Impact,Medium
733,1,2,20,0.9599,ACTIVE,Impact,Medium
733,1,3,30,0.965,ACTIVE,Impact,Medium
733,1,4,40,0.9655,ACTIVE,Impact,Low
733,1,5,50,0.9613,ACTIVE,Impact,Low
733,1,6,60,0.9572,ACTIVE,Impact,Low
734,1,1,10,0.9783,ACTIVE,Impact,Medium
734,1,2,20,0.9746,ACTIVE,Impact,Medium
734,1,3,30,0.9735,ACTIVE,Impact,Medium
734,1,4,40,0.9696,ACTIVE,Impact,Low
734,1,5,50,0.9659,ACTIVE,Impact,Low
734,1,6,60,0.9638,ACTIVE,Impact,Low
735,1,1,10,0.9811,ACTIVE,Impact,Medium
735,1,2,20,0.9745,ACTIVE,Impact,Medium
735,1,3,30,0.9718,ACTIVE,Impact,Medium
735,1,4,40,0.9692,ACTIVE,Impact,Low
735,1,5,50,0.9638,ACTIVE,Impact,Low
735,1,6,60,0.9622,ACTIVE,Impact,Low
736,1,1,10,0.9752,ACTIVE,Impact,Medium
736,1,2,20,0.9731,ACTIVE,Impact,Medium
736,1,3,30,0.9702,ACTIVE,Impact,Medium
736,1,4,40,0.9661,ACTIVE,Impact,Low
736,1,5,50,0.9618,ACTIVE,Impact,Low
736,1,6,60,0.956,ACTIVE,Impact,Low
737,1,1,10,0.9807,ACTIVE,Impact,Medium
737,1,2,20,0.9732,ACTIVE,Impact,Medium
737,1,3,30,0.972,ACTIVE,Impact,Medium
737,1,4,40,0.9685,ACTIVE,Impact,Low
737,1,5,50,0.9635,ACTIVE,Impact,Low
737,1,6,60,0.9623,ACTIVE,Impact,Low
738,1,1,10,0.9678,ACTIVE,Impact,Medium
738,1,2,20,0.968,ACTIVE,Impact,Medium
738,1,3,30,0.9674,ACTIVE,Impact,Medium
738,1,4,40,0.9659,ACTIVE,Impact,Low
738,1,5,50,0.966,ACTIVE,Impact,Low
738,1,6,60,0.963,ACTIVE,Impact,Low
739,1,1,10,0.9759,ACTIVE,Impact,Medium
739,1,2,20,0.9714,ACTIVE,Impact,Medium
739,1,3,30,0.9714,ACTIVE,Impact,Medium
739,1,4,40,0.9683,ACTIVE,Impact,Low
739,1,5,50,0.9679,ACTIVE,Impact,Low
739,1,6,60,0.9594,ACTIVE,Impact,Low
740,1,1,10,0.9816,ACTIVE,Impact,Medium
740,1,2,20,0.9758,ACTIVE,Impact,Medium
740,1,3,30,0.9705,ACTIVE,Impact,Medium
740,1,4,40,0.9635,ACTIVE,Impact,Low
740,1,5,50,0.9645,ACTIVE,Impact,Low
740,1,6,60,0.9617,ACTIVE,Impact,Low
741,1,1,10,0.9785,ACTIVE,Impact,Medium
741,1,2,20,0.9743,ACTIVE,Impact,Medium
741,1,3,30,0.9706,ACTIVE,Impact,Medium
741,1,4,40,0.9701,ACTIVE,Impact,Low
741,1,5,50,0.9654,ACTIVE,Impact,Low
741,1,6,60,0.9624,ACTIVE,Impact,Low
742,1,1,10,0.9751,ACTIVE,Impact,Medium
742,1,2,20,0.9719,ACTIVE,Impact,Medium
742,1,3,30,0.9712,ACTIVE,Impact,Medium
742,1,4,40,0.9686,ACTIVE,Impact,Low
742,1,5,50,0.9648,ACTIVE,Impact,Low
742,1,6,60,0.9641,ACTIVE,Impact,Low
743,1,1,10,0.9587,ACTIVE,Impact,Medium
743,1,2,20,0.9696,ACTIVE,Impact,Medium
743,1,3,30,0.9675,ACTIVE,Impact,Medium
743,1,4,40,0.9641,ACTIVE,Impact,Low
743,1,5,50,0.9625,ACTIVE,Impact,Low
743,1,6,60,0.9623,ACTIVE,Impact,Low
744,1,1,10,0.9774,ACTIVE,Impact,Medium
744,1,2,20,0.9736,ACTIVE,Impact,Medium
744,1,3,30,0.9708,ACTIVE,Impact,Medium
744,1,4,40,0.968,ACTIVE,Impact,Low
744,1,5,50,0.9662,ACTIVE,Impact,Low
744,1,6,60,0.9613,ACTIVE,Impact,Low
745,1,1,10,0.9798,ACTIVE,Impact,Medium
745,1,2,20,0.9733,ACTIVE,Impact,Medium
745,1,3,30,0.9737,ACTIVE,Impact,Medium
745,1,4,40,0.9667,ACTIVE,Impact,Low
745,1,5,50,0.9675,ACTIVE,Impact,Low
745,1,6,60,0.9624,ACTIVE,Impact,Low
746,1,1,10,0.9764,ACTIVE,Impact,Medium
746,1,2,20,0.9715,ACTIVE,Impact,Medium
746,1,3,30,0.969,ACTIVE,Impact,Medium
746,1,4,40,0.967,ACTIVE,Impact,Low
746,1,5,50,0.9637,ACTIVE,Impact,Low
746,1,6,60,0.9626,ACTIVE,Impact,Low
747,1,1,10,0.9792,ACTIVE,Impact,Medium
747,1,2,20,0.9737,ACTIVE,Impact,Medium
747,1,3,30,0.9696,ACTIVE,Impact,Medium
747,1,4,40,0.9666,ACTIVE,Impact,Low
747,1,5,50,0.9648,ACTIVE,Impact,Low
747,1,6,60,0.9642,ACTIVE,Impact,Low
748,1,1,10,0.9623,ACTIVE,Impact,Medium
748,1,2,20,0.9681,ACTIVE,Impact,Medium
748,1,3,30,0.9648,ACTIVE,Impact,Medium
748,1,4,40,0.9637,ACTIVE,Impact,Low
748,1,5,50,0.9628,ACTIVE,Impact,Low
748,1,6,60,0.9566,ACTIVE,Impact,Low
749,1,1,10,0.9782,ACTIVE,Impact,Medium
749,1,2,20,0.9741,ACTIVE,Impact,Medium
749,1,3,30,0.973,ACTIVE,Impact,Medium
749,1,4,40,0.9682,ACTIVE,Impact,Low
749,1,5,50,0.9645,ACTIVE,Impact,Low
749,1,6,60,0.9622,ACTIVE,Impact,Low
878,0,1,10,0.154,NORMAL,None,Medium
878,0,2,20,0.0639,NORMAL,None,Medium
878,0,3,30,0.0359,NORMAL,None,Medium
878,0,4,40,0.0303,NORMAL,None,Low
878,0,5,50,0.0279,NORMAL,None,Low
878,0,6,60,0.0306,NORMAL,None,Low
879,0,1,10,0.0846,NORMAL,None,Medium
879,0,2,20,0.0373,NORMAL,None,Medium
879,0,3,30,0.031,NORMAL,None,Medium
879,0,4,40,0.0272,NORMAL,None,Low
879,0,5,50,0.0266,NORMAL,None,Low
879,0,6,60,0.027,NORMAL,None,Low
880,0,1,10,0.0368,NORMAL,None,Medium
880,0,2,20,0.0302,NORMAL,None,Medium
880,0,3,30,0.0277,NORMAL,None,Medium
880,0,4,40,0.0274,NORMAL,None,Low
880,0,5,50,0.0253,NORMAL,None,Low
880,0,6,60,0.0291,NORMAL,None,Low
881,0,1,10,0.0463,NORMAL,None,Medium
881,0,2,20,0.0335,NORMAL,None,Medium
881,0,3,30,0.0286,NORMAL,None,Medium
881,0,4,40,0.0324,NORMAL,None,Low
881,0,5,50,0.0301,NORMAL,None,Low
881,0,6,60,0.0279,NORMAL,None,Low
882,0,1,10,0.04,NORMAL,None,Medium
882,0,2,20,0.0321,NORMAL,None,Medium
882,0,3,30,0.027,NORMAL,None,Medium
882,0,4,40,0.0249,NORMAL,None,Low
882,0,5,50,0.0275,NORMAL,None,Low
882,0,6,60,0.0263,NORMAL,None,Low
883,0,1,10,0.0655,NORMAL,None,Medium
883,0,2,20,0.0433,NORMAL,None,Medium
883,0,3,30,0.0373,NORMAL,None,Medium
883,0,4,40,0.0336,NORMAL,None,Low
883,0,5,50,0.0304,NORMAL,None,Low
883,0,6,60,0.0282,NORMAL,None,Low
884,1,1,10,0.9334,ACTIVE,Impact,Medium
884,1,2,20,0.9582,ACTIVE,Impact,Medium
884,1,3,30,0.9637,ACTIVE,Impact,Medium
884,1,4,40,0.9637,ACTIVE,Impact,Low
884,1,5,50,0.9667,ACTIVE,Impact,Low
884,1,6,60,0.9621,ACTIVE,Impact,Low
885,1,1,10,0.1314,NORMAL,None,Medium
885,1,2,20,0.0431,NORMAL,None,Medium
885,1,3,30,0.0326,NORMAL,None,Medium
885,1,4,40,0.0262,NORMAL,None,Low
885,1,5,50,0.0283,NORMAL,None,Low
885,1,6,60,0.0274,NORMAL,None,Low
886,1,1,10,0.0531,NORMAL,None,Medium
886,1,2,20,0.0255,NORMAL,None,Medium
886,1,3,30,0.025,NORMAL,None,Medium
886,1,4,40,0.0248,NORMAL,None,Low
886,1,5,50,0.0241,NORMAL,None,Low
886,1,6,60,0.024,NORMAL,None,Low
887,1,1,10,0.5465,NORMAL,None,Medium
887,1,2,20,0.517,NORMAL,None,Medium
887,1,3,30,0.4463,NORMAL,None,Medium
887,1,4,40,0.4142,NORMAL,None,Low
887,1,5,50,0.3998,NORMAL,None,Low
887,1,6,60,0.3937,NORMAL,None,Low
888,1,1,10,0.858,ACTIVE,Impact,Medium
888,1,2,20,0.9231,ACTIVE,Impact,Medium
888,1,3,30,0.9452,ACTIVE,Impact,Medium
888,1,4,40,0.9468,ACTIVE,Impact,Low
888,1,5,50,0.9511,ACTIVE,Impact,Low
888,1,6,60,0.9507,ACTIVE,Impact,Low
889,1,1,10,0.7646,PRE_ATTACK,Reconnaissance,Low
889,1,2,20,0.8838,ACTIVE,Impact,Medium
889,1,3,30,0.918,ACTIVE,Impact,Medium
889,1,4,40,0.9244,ACTIVE,Impact,Low
889,1,5,50,0.9274,ACTIVE,Impact,Low
889,1,6,60,0.9228,ACTIVE,Impact,Low
890,1,1,10,0.7875,ONSET,Impact,Low
890,1,2,20,0.8797,ACTIVE,Impact,Medium
890,1,3,30,0.9107,ACTIVE,Impact,Medium
890,1,4,40,0.9229,ACTIVE,Impact,Low
890,1,5,50,0.9214,ACTIVE,Impact,Low
890,1,6,60,0.9138,ACTIVE,Impact,Low
891,1,1,10,0.8118,PRE_ATTACK,Reconnaissance,Low
891,1,2,20,0.891,ACTIVE,Impact,Medium
891,1,3,30,0.9185,ACTIVE,Impact,Medium
891,1,4,40,0.9217,ACTIVE,Impact,Low
891,1,5,50,0.9248,ACTIVE,Impact,Low
891,1,6,60,0.928,ACTIVE,Impact,Low
892,1,1,10,0.9636,ACTIVE,Impact,Medium
892,1,2,20,0.96,ACTIVE,Impact,Medium
892,1,3,30,0.9629,ACTIVE,Impact,Medium
892,1,4,40,0.9624,ACTIVE,Impact,Low
892,1,5,50,0.9634,ACTIVE,Impact,Low
892,1,6,60,0.9588,ACTIVE,Impact,Low
893,1,1,10,0.9698,ACTIVE,Impact,Medium
893,1,2,20,0.9666,ACTIVE,Impact,Medium
893,1,3,30,0.9659,ACTIVE,Impact,Medium
893,1,4,40,0.9644,ACTIVE,Impact,Low
893,1,5,50,0.964,ACTIVE,Impact,Low
893,1,6,60,0.9568,ACTIVE,Impact,Low
894,1,1,10,0.975,ACTIVE,Impact,Medium
894,1,2,20,0.9711,ACTIVE,Impact,Medium
894,1,3,30,0.9693,ACTIVE,Impact,Medium
894,1,4,40,0.9668,ACTIVE,Impact,Low
894,1,5,50,0.9634,ACTIVE,Impact,Low
894,1,6,60,0.9594,ACTIVE,Impact,Low
895,1,1,10,0.9716,ACTIVE,Impact,Medium
895,1,2,20,0.9714,ACTIVE,Impact,Medium
895,1,3,30,0.9689,ACTIVE,Impact,Medium
895,1,4,40,0.9673,ACTIVE,Impact,Low
895,1,5,50,0.9636,ACTIVE,Impact,Low
895,1,6,60,0.9614,ACTIVE,Impact,Low
896,1,1,10,0.9662,ACTIVE,Impact,Medium
896,1,2,20,0.9703,ACTIVE,Impact,Medium
896,1,3,30,0.9714,ACTIVE,Impact,Medium
896,1,4,40,0.9674,ACTIVE,Impact,Low
896,1,5,50,0.961,ACTIVE,Impact,Low
896,1,6,60,0.9607,ACTIVE,Impact,Low
897,1,1,10,0.9621,ACTIVE,Impact,Medium
897,1,2,20,0.9676,ACTIVE,Impact,Medium
897,1,3,30,0.9694,ACTIVE,Impact,Medium
897,1,4,40,0.9698,ACTIVE,Impact,Low
897,1,5,50,0.9689,ACTIVE,Impact,Low
897,1,6,60,0.9635,ACTIVE,Impact,Low
898,1,1,10,0.9605,ACTIVE,Impact,Medium
898,1,2,20,0.9688,ACTIVE,Impact,Medium
898,1,3,30,0.968,ACTIVE,Impact,Medium
898,1,4,40,0.9638,ACTIVE,Impact,Low
898,1,5,50,0.9645,ACTIVE,Impact,Low
898,1,6,60,0.9611,ACTIVE,Impact,Low
899,1,1,10,0.9472,ACTIVE,Impact,Medium
899,1,2,20,0.9585,ACTIVE,Impact,Medium
899,1,3,30,0.9644,ACTIVE,Impact,Medium
899,1,4,40,0.9644,ACTIVE,Impact,Low
899,1,5,50,0.964,ACTIVE,Impact,Low
899,1,6,60,0.963,ACTIVE,Impact,Low
1020,0,1,10,0.0316,NORMAL,None,Medium
1020,0,2,20,0.0326,NORMAL,None,Medium
1020,0,3,30,0.032,NORMAL,None,Medium
1020,0,4,40,0.0329,NORMAL,None,Low
1020,0,5,50,0.0342,NORMAL,None,Low
1020,0,6,60,0.0324,NORMAL,None,Low
1021,0,1,10,0.0634,NORMAL,None,Medium
1021,0,2,20,0.0517,NORMAL,None,Medium
1021,0,3,30,0.0412,NORMAL,None,Medium
1021,0,4,40,0.0353,NORMAL,None,Low
1021,0,5,50,0.0323,NORMAL,None,Low
1021,0,6,60,0.0307,NORMAL,None,Low
1022,0,1,10,0.2357,NORMAL,None,Medium
1022,0,2,20,0.2174,NORMAL,None,Medium
1022,0,3,30,0.1579,NORMAL,None,Medium
1022,0,4,40,0.1115,NORMAL,None,Low
1022,0,5,50,0.0957,NORMAL,None,Low
1022,0,6,60,0.0705,NORMAL,None,Low
1023,0,1,10,0.0864,NORMAL,None,Medium
1023,0,2,20,0.0681,NORMAL,None,Medium
1023,0,3,30,0.0556,NORMAL,None,Medium
1023,0,4,40,0.0426,NORMAL,None,Low
1023,0,5,50,0.038,NORMAL,None,Low
1023,0,6,60,0.0338,NORMAL,None,Low
1024,0,1,10,0.0471,NORMAL,None,Medium
1024,0,2,20,0.0449,NORMAL,None,Medium
1024,0,3,30,0.0393,NORMAL,None,Medium
1024,0,4,40,0.0372,NORMAL,None,Low
1024,0,5,50,0.0312,NORMAL,None,Low
1024,0,6,60,0.029,NORMAL,None,Low
1025,0,1,10,0.0391,NORMAL,None,Medium
1025,0,2,20,0.034,NORMAL,None,Medium
1025,0,3,30,0.0269,NORMAL,None,Medium
1025,0,4,40,0.0265,NORMAL,None,Low
1025,0,5,50,0.0271,NORMAL,None,Low
1025,0,6,60,0.0254,NORMAL,None,Low
1026,0,1,10,0.0269,NORMAL,None,Medium
1026,0,2,20,0.0289,NORMAL,None,Medium
1026,0,3,30,0.0288,NORMAL,None,Medium
1026,0,4,40,0.0274,NORMAL,None,Low
1026,0,5,50,0.0272,NORMAL,None,Low
1026,0,6,60,0.0263,NORMAL,None,Low
1027,0,1,10,0.0253,NORMAL,None,Medium
1027,0,2,20,0.0319,NORMAL,None,Medium
1027,0,3,30,0.0317,NORMAL,None,Medium
1027,0,4,40,0.0267,NORMAL,None,Low
1027,0,5,50,0.0289,NORMAL,None,Low
1027,0,6,60,0.0248,NORMAL,None,Low
1028,0,1,10,0.0185,NORMAL,None,Medium
1028,0,2,20,0.0233,NORMAL,None,Medium
1028,0,3,30,0.0262,NORMAL,None,Medium
1028,0,4,40,0.0257,NORMAL,None,Low
1028,0,5,50,0.0281,NORMAL,None,Low
1028,0,6,60,0.0263,NORMAL,None,Low
1029,0,1,10,0.0216,NORMAL,None,Medium
1029,0,2,20,0.0276,NORMAL,None,Medium
1029,0,3,30,0.0286,NORMAL,None,Medium
1029,0,4,40,0.0263,NORMAL,None,Low
1029,0,5,50,0.0266,NORMAL,None,Low
1029,0,6,60,0.0282,NORMAL,None,Low
1030,0,1,10,0.0204,NORMAL,None,Medium
1030,0,2,20,0.0265,NORMAL,None,Medium
1030,0,3,30,0.0271,NORMAL,None,Medium
1030,0,4,40,0.0269,NORMAL,None,Low
1030,0,5,50,0.0267,NORMAL,None,Low
1030,0,6,60,0.0274,NORMAL,None,Low
1031,0,1,10,0.0179,NORMAL,None,Medium
1031,0,2,20,0.0218,NORMAL,None,Medium
1031,0,3,30,0.0232,NORMAL,None,Medium
1031,0,4,40,0.024,NORMAL,None,Low
1031,0,5,50,0.0263,NORMAL,None,Low
1031,0,6,60,0.0286,NORMAL,None,Low
1032,0,1,10,0.0176,NORMAL,None,Medium
1032,0,2,20,0.0261,NORMAL,None,Medium
1032,0,3,30,0.0258,NORMAL,None,Medium
1032,0,4,40,0.0262,NORMAL,None,Low
1032,0,5,50,0.0283,NORMAL,None,Low
1032,0,6,60,0.0304,NORMAL,None,Low
1033,0,1,10,0.0204,NORMAL,None,Medium
1033,0,2,20,0.0244,NORMAL,None,Medium
1033,0,3,30,0.0251,NORMAL,None,Medium
1033,0,4,40,0.0268,NORMAL,None,Low
1033,0,5,50,0.0258,NORMAL,None,Low
1033,0,6,60,0.0233,NORMAL,None,Low
1034,0,1,10,0.0191,NORMAL,None,Medium
1034,0,2,20,0.023,NORMAL,None,Medium
1034,0,3,30,0.0248,NORMAL,None,Medium
1034,0,4,40,0.0226,NORMAL,None,Low
1034,0,5,50,0.0256,NORMAL,None,Low
1034,0,6,60,0.0242,NORMAL,None,Low
1035,0,1,10,0.0181,NORMAL,None,Medium
1035,0,2,20,0.0234,NORMAL,None,Medium
1035,0,3,30,0.0242,NORMAL,None,Medium
1035,0,4,40,0.023,NORMAL,None,Low
1035,0,5,50,0.0247,NORMAL,None,Low
1035,0,6,60,0.0238,NORMAL,None,Low
1036,0,1,10,0.0168,NORMAL,None,Medium
1036,0,2,20,0.0223,NORMAL,None,Medium
1036,0,3,30,0.0263,NORMAL,None,Medium
1036,0,4,40,0.0265,NORMAL,None,Low
1036,0,5,50,0.0234,NORMAL,None,Low
1036,0,6,60,0.0239,NORMAL,None,Low
1037,0,1,10,0.0146,NORMAL,None,Medium
1037,0,2,20,0.021,NORMAL,None,Medium
1037,0,3,30,0.0229,NORMAL,None,Medium
1037,0,4,40,0.0246,NORMAL,None,Low
1037,0,5,50,0.0238,NORMAL,None,Low
1037,0,6,60,0.026,NORMAL,None,Low
1038,0,1,10,0.0146,NORMAL,None,Medium
1038,0,2,20,0.0208,NORMAL,None,Medium
1038,0,3,30,0.0222,NORMAL,None,Medium
1038,0,4,40,0.0239,NORMAL,None,Low
1038,0,5,50,0.0233,NORMAL,None,Low
1038,0,6,60,0.0251,NORMAL,None,Low
1039,0,1,10,0.0138,NORMAL,None,Medium
1039,0,2,20,0.0214,NORMAL,None,Medium
1039,0,3,30,0.0234,NORMAL,None,Medium
1039,0,4,40,0.0245,NORMAL,None,Low
1039,0,5,50,0.0225,NORMAL,None,Low
1039,0,6,60,0.0231,NORMAL,None,Low
1040,0,1,10,0.0158,NORMAL,None,Medium
1040,0,2,20,0.0198,NORMAL,None,Medium
1040,0,3,30,0.0217,NORMAL,None,Medium
1040,0,4,40,0.0241,NORMAL,None,Low
1040,0,5,50,0.0247,NORMAL,None,Low
1040,0,6,60,0.028,NORMAL,None,Low
1041,0,1,10,0.0148,NORMAL,None,Medium
1041,0,2,20,0.0236,NORMAL,None,Medium
1041,0,3,30,0.0252,NORMAL,None,Medium
1041,0,4,40,0.0256,NORMAL,None,Low
1041,0,5,50,0.026,NORMAL,None,Low
1041,0,6,60,0.0267,NORMAL,None,Low
1042,0,1,10,0.0167,NORMAL,None,Medium
1042,0,2,20,0.0206,NORMAL,None,Medium
1042,0,3,30,0.0207,NORMAL,None,Medium
1042,0,4,40,0.0213,NORMAL,None,Low
1042,0,5,50,0.025,NORMAL,None,Low
1042,0,6,60,0.0267,NORMAL,None,Low
1043,0,1,10,0.0153,NORMAL,None,Medium
1043,0,2,20,0.0234,NORMAL,None,Medium
1043,0,3,30,0.0256,NORMAL,None,Medium
1043,0,4,40,0.0268,NORMAL,None,Low
1043,0,5,50,0.0261,NORMAL,None,Low
1043,0,6,60,0.0248,NORMAL,None,Low
1044,0,1,10,0.0164,NORMAL,None,Medium
1044,0,2,20,0.0224,NORMAL,None,Medium
1044,0,3,30,0.0249,NORMAL,None,Medium
1044,0,4,40,0.0223,NORMAL,None,Low
1044,0,5,50,0.025,NORMAL,None,Low
1044,0,6,60,0.0241,NORMAL,None,Low
1045,0,1,10,0.0154,NORMAL,None,Medium
1045,0,2,20,0.0238,NORMAL,None,Medium
1045,0,3,30,0.0221,NORMAL,None,Medium
1045,0,4,40,0.0236,NORMAL,None,Low
1045,0,5,50,0.0239,NORMAL,None,Low
1045,0,6,60,0.0245,NORMAL,None,Low
1046,0,1,10,0.0169,NORMAL,None,Medium
1046,0,2,20,0.0235,NORMAL,None,Medium
1046,0,3,30,0.0241,NORMAL,None,Medium
1046,0,4,40,0.0271,NORMAL,None,Low
1046,0,5,50,0.0264,NORMAL,None,Low
1046,0,6,60,0.0252,NORMAL,None,Low
1047,0,1,10,0.0173,NORMAL,None,Medium
1047,0,2,20,0.0245,NORMAL,None,Medium
1047,0,3,30,0.0241,NORMAL,None,Medium
1047,0,4,40,0.0242,NORMAL,None,Low
1047,0,5,50,0.0256,NORMAL,None,Low
1047,0,6,60,0.0249,NORMAL,None,Low
1048,0,1,10,0.0162,NORMAL,None,Medium
1048,0,2,20,0.0216,NORMAL,None,Medium
1048,0,3,30,0.0239,NORMAL,None,Medium
1048,0,4,40,0.0237,NORMAL,None,Low
1048,0,5,50,0.0222,NORMAL,None,Low
1048,0,6,60,0.0256,NORMAL,None,Low
1049,0,1,10,0.0206,NORMAL,None,Medium
1049,0,2,20,0.0252,NORMAL,None,Medium
1049,0,3,30,0.0234,NORMAL,None,Medium
1049,0,4,40,0.0275,NORMAL,None,Low
1049,0,5,50,0.0261,NORMAL,None,Low
1049,0,6,60,0.0266,NORMAL,None,Low
1170,0,1,10,0.0414,NORMAL,None,Medium
1170,0,2,20,0.0382,NORMAL,None,Medium
1170,0,3,30,0.0336,NORMAL,None,Medium
1170,0,4,40,0.0336,NORMAL,None,Low
1170,0,5,50,0.0293,NORMAL,None,Low
1170,0,6,60,0.0268,NORMAL,None,Low
1171,0,1,10,0.0292,NORMAL,None,Medium
1171,0,2,20,0.0325,NORMAL,None,Medium
1171,0,3,30,0.0306,NORMAL,None,Medium
1171,0,4,40,0.0303,NORMAL,None,Low
1171,0,5,50,0.0298,NORMAL,None,Low
1171,0,6,60,0.0301,NORMAL,None,Low
1172,0,1,10,0.0259,NORMAL,None,Medium
1172,0,2,20,0.0292,NORMAL,None,Medium
1172,0,3,30,0.0282,NORMAL,None,Medium
1172,0,4,40,0.0274,NORMAL,None,Low
1172,0,5,50,0.0282,NORMAL,None,Low
1172,0,6,60,0.0259,NORMAL,None,Low
1173,0,1,10,0.0213,NORMAL,None,Medium
1173,0,2,20,0.0288,NORMAL,None,Medium
1173,0,3,30,0.0255,NORMAL,None,Medium
1173,0,4,40,0.0261,NORMAL,None,Low
1173,0,5,50,0.0253,NORMAL,None,Low
1173,0,6,60,0.0264,NORMAL,None,Low
1174,0,1,10,0.0196,NORMAL,None,Medium
1174,0,2,20,0.0246,NORMAL,None,Medium
1174,0,3,30,0.0245,NORMAL,None,Medium
1174,0,4,40,0.023,NORMAL,None,Low
1174,0,5,50,0.0252,NORMAL,None,Low
1174,0,6,60,0.0263,NORMAL,None,Low
1175,0,1,10,0.0206,NORMAL,None,Medium
1175,0,2,20,0.0228,NORMAL,None,Medium
1175,0,3,30,0.0238,NORMAL,None,Medium
1175,0,4,40,0.0249,NORMAL,None,Low
1175,0,5,50,0.0267,NORMAL,None,Low
1175,0,6,60,0.0255,NORMAL,None,Low
1176,0,1,10,0.0152,NORMAL,None,Medium
1176,0,2,20,0.0206,NORMAL,None,Medium
1176,0,3,30,0.0234,NORMAL,None,Medium
1176,0,4,40,0.0252,NORMAL,None,Low
1176,0,5,50,0.0225,NORMAL,None,Low
1176,0,6,60,0.026,NORMAL,None,Low
1177,0,1,10,0.0201,NORMAL,None,Medium
1177,0,2,20,0.024,NORMAL,None,Medium
1177,0,3,30,0.0284,NORMAL,None,Medium
1177,0,4,40,0.0298,NORMAL,None,Low
1177,0,5,50,0.0263,NORMAL,None,Low
1177,0,6,60,0.0288,NORMAL,None,Low
1178,0,1,10,0.0316,NORMAL,None,Medium
1178,0,2,20,0.0287,NORMAL,None,Medium
1178,0,3,30,0.0264,NORMAL,None,Medium
1178,0,4,40,0.028,NORMAL,None,Low
1178,0,5,50,0.0285,NORMAL,None,Low
1178,0,6,60,0.0256,NORMAL,None,Low
1179,0,1,10,0.0199,NORMAL,None,Medium
1179,0,2,20,0.0223,NORMAL,None,Medium
1179,0,3,30,0.0239,NORMAL,None,Medium
1179,0,4,40,0.0254,NORMAL,None,Low
1179,0,5,50,0.026,NORMAL,None,Low
1179,0,6,60,0.0263,NORMAL,None,Low
1180,0,1,10,0.0268,NORMAL,None,Medium
1180,0,2,20,0.0273,NORMAL,None,Medium
1180,0,3,30,0.028,NORMAL,None,Medium
1180,0,4,40,0.0267,NORMAL,None,Low
1180,0,5,50,0.0264,NORMAL,None,Low
1180,0,6,60,0.0288,NORMAL,None,Low
1181,0,1,10,0.0285,NORMAL,None,Medium
1181,0,2,20,0.0275,NORMAL,None,Medium
1181,0,3,30,0.0269,NORMAL,None,Medium
1181,0,4,40,0.0252,NORMAL,None,Low
1181,0,5,50,0.0274,NORMAL,None,Low
1181,0,6,60,0.0252,NORMAL,None,Low
1182,0,1,10,0.0215,NORMAL,None,Medium
1182,0,2,20,0.0246,NORMAL,None,Medium
1182,0,3,30,0.0265,NORMAL,None,Medium
1182,0,4,40,0.0294,NORMAL,None,Low
1182,0,5,50,0.0271,NORMAL,None,Low
1182,0,6,60,0.0291,NORMAL,None,Low
1183,0,1,10,0.0198,NORMAL,None,Medium
1183,0,2,20,0.0214,NORMAL,None,Medium
1183,0,3,30,0.0254,NORMAL,None,Medium
1183,0,4,40,0.0259,NORMAL,None,Low
1183,0,5,50,0.0282,NORMAL,None,Low
1183,0,6,60,0.0264,NORMAL,None,Low
1184,0,1,10,0.0164,NORMAL,None,Medium
1184,0,2,20,0.0222,NORMAL,None,Medium
1184,0,3,30,0.0221,NORMAL,None,Medium
1184,0,4,40,0.0277,NORMAL,None,Low
1184,0,5,50,0.0251,NORMAL,None,Low
1184,0,6,60,0.0234,NORMAL,None,Low
1185,0,1,10,0.016,NORMAL,None,Medium
1185,0,2,20,0.0205,NORMAL,None,Medium
1185,0,3,30,0.0232,NORMAL,None,Medium
1185,0,4,40,0.022,NORMAL,None,Low
1185,0,5,50,0.0239,NORMAL,None,Low
1185,0,6,60,0.0252,NORMAL,None,Low
1186,0,1,10,0.0145,NORMAL,None,Medium
1186,0,2,20,0.0217,NORMAL,None,Medium
1186,0,3,30,0.0242,NORMAL,None,Medium
1186,0,4,40,0.0249,NORMAL,None,Low
1186,0,5,50,0.0262,NORMAL,None,Low
1186,0,6,60,0.0277,NORMAL,None,Low
1187,0,1,10,0.0153,NORMAL,None,Medium
1187,0,2,20,0.0223,NORMAL,None,Medium
1187,0,3,30,0.0219,NORMAL,None,Medium
1187,0,4,40,0.023,NORMAL,None,Low
1187,0,5,50,0.0232,NORMAL,None,Low
1187,0,6,60,0.0259,NORMAL,None,Low
1188,0,1,10,0.0154,NORMAL,None,Medium
1188,0,2,20,0.02,NORMAL,None,Medium
1188,0,3,30,0.0262,NORMAL,None,Medium
1188,0,4,40,0.0229,NORMAL,None,Low
1188,0,5,50,0.0277,NORMAL,None,Low
1188,0,6,60,0.0284,NORMAL,None,Low
1189,0,1,10,0.0148,NORMAL,None,Medium
1189,0,2,20,0.0217,NORMAL,None,Medium
1189,0,3,30,0.0217,NORMAL,None,Medium
1189,0,4,40,0.0217,NORMAL,None,Low
1189,0,5,50,0.0252,NORMAL,None,Low
1189,0,6,60,0.0256,NORMAL,None,Low
1190,0,1,10,0.0173,NORMAL,None,Medium
1190,0,2,20,0.0212,NORMAL,None,Medium
1190,0,3,30,0.0228,NORMAL,None,Medium
1190,0,4,40,0.0247,NORMAL,None,Low
1190,0,5,50,0.027,NORMAL,None,Low
1190,0,6,60,0.028,NORMAL,None,Low
1191,0,1,10,0.0152,NORMAL,None,Medium
1191,0,2,20,0.0226,NORMAL,None,Medium
1191,0,3,30,0.0219,NORMAL,None,Medium
1191,0,4,40,0.0245,NORMAL,None,Low
1191,0,5,50,0.0251,NORMAL,None,Low
1191,0,6,60,0.0246,NORMAL,None,Low
1192,0,1,10,0.0144,NORMAL,None,Medium
1192,0,2,20,0.0218,NORMAL,None,Medium
1192,0,3,30,0.0245,NORMAL,None,Medium
1192,0,4,40,0.0273,NORMAL,None,Low
1192,0,5,50,0.0259,NORMAL,None,Low
1192,0,6,60,0.0234,NORMAL,None,Low
1193,0,1,10,0.0151,NORMAL,None,Medium
1193,0,2,20,0.0225,NORMAL,None,Medium
1193,0,3,30,0.0245,NORMAL,None,Medium
1193,0,4,40,0.0236,NORMAL,None,Low
1193,0,5,50,0.024,NORMAL,None,Low
1193,0,6,60,0.0241,NORMAL,None,Low
1194,0,1,10,0.0133,NORMAL,None,Medium
1194,0,2,20,0.0202,NORMAL,None,Medium
1194,0,3,30,0.0213,NORMAL,None,Medium
1194,0,4,40,0.0233,NORMAL,None,Low
1194,0,5,50,0.0256,NORMAL,None,Low
1194,0,6,60,0.027,NORMAL,None,Low
1195,0,1,10,0.0143,NORMAL,None,Medium
1195,0,2,20,0.0214,NORMAL,None,Medium
1195,0,3,30,0.0256,NORMAL,None,Medium
1195,0,4,40,0.0238,NORMAL,None,Low
1195,0,5,50,0.0268,NORMAL,None,Low
1195,0,6,60,0.0279,NORMAL,None,Low
1196,0,1,10,0.0164,NORMAL,None,Medium
1196,0,2,20,0.0218,NORMAL,None,Medium
1196,0,3,30,0.0243,NORMAL,None,Medium
1196,0,4,40,0.0253,NORMAL,None,Low
1196,0,5,50,0.0261,NORMAL,None,Low
1196,0,6,60,0.0256,NORMAL,None,Low
1197,0,1,10,0.0163,NORMAL,None,Medium
1197,0,2,20,0.0204,NORMAL,None,Medium
1197,0,3,30,0.0216,NORMAL,None,Medium
1197,0,4,40,0.0232,NORMAL,None,Low
1197,0,5,50,0.0266,NORMAL,None,Low
1197,0,6,60,0.028,NORMAL,None,Low
1198,0,1,10,0.0159,NORMAL,None,Medium
1198,0,2,20,0.0224,NORMAL,None,Medium
1198,0,3,30,0.0244,NORMAL,None,Medium
1198,0,4,40,0.0249,NORMAL,None,Low
1198,0,5,50,0.0253,NORMAL,None,Low
1198,0,6,60,0.0252,NORMAL,None,Low
1199,0,1,10,0.0205,NORMAL,None,Medium
1199,0,2,20,0.0238,NORMAL,None,Medium
1199,0,3,30,0.0245,NORMAL,None,Medium
1199,0,4,40,0.0234,NORMAL,None,Low
1199,0,5,50,0.0243,NORMAL,None,Low
1199,0,6,60,0.0251,NORMAL,None,Low
1320,0,1,10,0.0211,NORMAL,None,Medium
1320,0,2,20,0.026,NORMAL,None,Medium
1320,0,3,30,0.0298,NORMAL,None,Medium
1320,0,4,40,0.0271,NORMAL,None,Low
1320,0,5,50,0.0288,NORMAL,None,Low
1320,0,6,60,0.0256,NORMAL,None,Low
1321,0,1,10,0.0194,NORMAL,None,Medium
1321,0,2,20,0.0245,NORMAL,None,Medium
1321,0,3,30,0.0236,NORMAL,None,Medium
1321,0,4,40,0.0269,NORMAL,None,Low
1321,0,5,50,0.0262,NORMAL,None,Low
1321,0,6,60,0.0271,NORMAL,None,Low
1322,0,1,10,0.021,NORMAL,None,Medium
1322,0,2,20,0.0259,NORMAL,None,Medium
1322,0,3,30,0.0259,NORMAL,None,Medium
1322,0,4,40,0.0276,NORMAL,None,Low
1322,0,5,50,0.0261,NORMAL,None,Low
1322,0,6,60,0.0258,NORMAL,None,Low
1323,0,1,10,0.0194,NORMAL,None,Medium
1323,0,2,20,0.0257,NORMAL,None,Medium
1323,0,3,30,0.026,NORMAL,None,Medium
1323,0,4,40,0.0286,NORMAL,None,Low
1323,0,5,50,0.0259,NORMAL,None,Low
1323,0,6,60,0.0267,NORMAL,None,Low
1324,0,1,10,0.0196,NORMAL,None,Medium
1324,0,2,20,0.0239,NORMAL,None,Medium
1324,0,3,30,0.0262,NORMAL,None,Medium
1324,0,4,40,0.0263,NORMAL,None,Low
1324,0,5,50,0.027,NORMAL,None,Low
1324,0,6,60,0.0266,NORMAL,None,Low
1325,0,1,10,0.0206,NORMAL,None,Medium
1325,0,2,20,0.0259,NORMAL,None,Medium
1325,0,3,30,0.0274,NORMAL,None,Medium
1325,0,4,40,0.0264,NORMAL,None,Low
1325,0,5,50,0.0292,NORMAL,None,Low
1325,0,6,60,0.0276,NORMAL,None,Low
1326,0,1,10,0.0237,NORMAL,None,Medium
1326,0,2,20,0.0299,NORMAL,None,Medium
1326,0,3,30,0.0268,NORMAL,None,Medium
1326,0,4,40,0.03,NORMAL,None,Low
1326,0,5,50,0.026,NORMAL,None,Low
1326,0,6,60,0.0278,NORMAL,None,Low
1327,0,1,10,0.0293,NORMAL,None,Medium
1327,0,2,20,0.0312,NORMAL,None,Medium
1327,0,3,30,0.0331,NORMAL,None,Medium
1327,0,4,40,0.0307,NORMAL,None,Low
1327,0,5,50,0.0289,NORMAL,None,Low
1327,0,6,60,0.0285,NORMAL,None,Low
1328,0,1,10,0.0372,NORMAL,None,Medium
1328,0,2,20,0.0394,NORMAL,None,Medium
1328,0,3,30,0.0337,NORMAL,None,Medium
1328,0,4,40,0.0316,NORMAL,None,Low
1328,0,5,50,0.0343,NORMAL,None,Low
1328,0,6,60,0.033,NORMAL,None,Low
1329,0,1,10,0.0444,NORMAL,None,Medium
1329,0,2,20,0.0414,NORMAL,None,Medium
1329,0,3,30,0.0361,NORMAL,None,Medium
1329,0,4,40,0.0295,NORMAL,None,Low
1329,0,5,50,0.0304,NORMAL,None,Low
1329,0,6,60,0.0312,NORMAL,None,Low
1330,0,1,10,0.0328,NORMAL,None,Medium
1330,0,2,20,0.0359,NORMAL,None,Medium
1330,0,3,30,0.0359,NORMAL,None,Medium
1330,0,4,40,0.033,NORMAL,None,Low
1330,0,5,50,0.0347,NORMAL,None,Low
1330,0,6,60,0.0293,NORMAL,None,Low
1331,0,1,10,0.0309,NORMAL,None,Medium
1331,0,2,20,0.0342,NORMAL,None,Medium
1331,0,3,30,0.0336,NORMAL,None,Medium
1331,0,4,40,0.0303,NORMAL,None,Low
1331,0,5,50,0.0269,NORMAL,None,Low
1331,0,6,60,0.0263,NORMAL,None,Low
1332,0,1,10,0.0246,NORMAL,None,Medium
1332,0,2,20,0.0256,NORMAL,None,Medium
1332,0,3,30,0.0271,NORMAL,None,Medium
1332,0,4,40,0.0295,NORMAL,None,Low
1332,0,5,50,0.0259,NORMAL,None,Low
1332,0,6,60,0.0262,NORMAL,None,Low
1333,0,1,10,0.0225,NORMAL,None,Medium
1333,0,2,20,0.0313,NORMAL,None,Medium
1333,0,3,30,0.0286,NORMAL,None,Medium
1333,0,4,40,0.0284,NORMAL,None,Low
1333,0,5,50,0.027,NORMAL,None,Low
1333,0,6,60,0.0283,NORMAL,None,Low
1334,0,1,10,0.0267,NORMAL,None,Medium
1334,0,2,20,0.0305,NORMAL,None,Medium
1334,0,3,30,0.0328,NORMAL,None,Medium
1334,0,4,40,0.0284,NORMAL,None,Low
1334,0,5,50,0.0247,NORMAL,None,Low
1334,0,6,60,0.0262,NORMAL,None,Low
1335,0,1,10,0.0294,NORMAL,None,Medium
1335,0,2,20,0.0321,NORMAL,None,Medium
1335,0,3,30,0.0285,NORMAL,None,Medium
1335,0,4,40,0.0256,NORMAL,None,Low
1335,0,5,50,0.0263,NORMAL,None,Low
1335,0,6,60,0.0283,NORMAL,None,Low
1336,0,1,10,0.0247,NORMAL,None,Medium
1336,0,2,20,0.0302,NORMAL,None,Medium
1336,0,3,30,0.031,NORMAL,None,Medium
1336,0,4,40,0.032,NORMAL,None,Low
1336,0,5,50,0.0272,NORMAL,None,Low
1336,0,6,60,0.0264,NORMAL,None,Low
1337,0,1,10,0.0266,NORMAL,None,Medium
1337,0,2,20,0.0326,NORMAL,None,Medium
1337,0,3,30,0.0296,NORMAL,None,Medium
1337,0,4,40,0.0295,NORMAL,None,Low
1337,0,5,50,0.0266,NORMAL,None,Low
1337,0,6,60,0.0249,NORMAL,None,Low
1338,0,1,10,0.0279,NORMAL,None,Medium
1338,0,2,20,0.0358,NORMAL,None,Medium
1338,0,3,30,0.0307,NORMAL,None,Medium
1338,0,4,40,0.0292,NORMAL,None,Low
1338,0,5,50,0.0255,NORMAL,None,Low
1338,0,6,60,0.0277,NORMAL,None,Low
1339,0,1,10,0.0234,NORMAL,None,Medium
1339,0,2,20,0.0279,NORMAL,None,Medium
1339,0,3,30,0.0275,NORMAL,None,Medium
1339,0,4,40,0.0285,NORMAL,None,Low
1339,0,5,50,0.0287,NORMAL,None,Low
1339,0,6,60,0.0285,NORMAL,None,Low
1340,0,1,10,0.0243,NORMAL,None,Medium
1340,0,2,20,0.0343,NORMAL,None,Medium
1340,0,3,30,0.0297,NORMAL,None,Medium
1340,0,4,40,0.0268,NORMAL,None,Low
1340,0,5,50,0.0251,NORMAL,None,Low
1340,0,6,60,0.0266,NORMAL,None,Low
1341,0,1,10,0.0215,NORMAL,None,Medium
1341,0,2,20,0.0262,NORMAL,None,Medium
1341,0,3,30,0.0285,NORMAL,None,Medium
1341,0,4,40,0.028,NORMAL,None,Low
1341,0,5,50,0.0252,NORMAL,None,Low
1341,0,6,60,0.024,NORMAL,None,Low
1342,0,1,10,0.0195,NORMAL,None,Medium
1342,0,2,20,0.0248,NORMAL,None,Medium
1342,0,3,30,0.0256,NORMAL,None,Medium
1342,0,4,40,0.0245,NORMAL,None,Low
1342,0,5,50,0.0275,NORMAL,None,Low
1342,0,6,60,0.0244,NORMAL,None,Low
1343,0,1,10,0.0254,NORMAL,None,Medium
1343,0,2,20,0.0303,NORMAL,None,Medium
1343,0,3,30,0.0291,NORMAL,None,Medium
1343,0,4,40,0.0303,NORMAL,None,Low
1343,0,5,50,0.03,NORMAL,None,Low
1343,0,6,60,0.0278,NORMAL,None,Low
1344,0,1,10,0.0213,NORMAL,None,Medium
1344,0,2,20,0.0255,NORMAL,None,Medium
1344,0,3,30,0.0296,NORMAL,None,Medium
1344,0,4,40,0.0294,NORMAL,None,Low
1344,0,5,50,0.0293,NORMAL,None,Low
1344,0,6,60,0.0282,NORMAL,None,Low
1345,0,1,10,0.0185,NORMAL,None,Medium
1345,0,2,20,0.0243,NORMAL,None,Medium
1345,0,3,30,0.026,NORMAL,None,Medium
1345,0,4,40,0.0248,NORMAL,None,Low
1345,0,5,50,0.0271,NORMAL,None,Low
1345,0,6,60,0.0257,NORMAL,None,Low
1346,0,1,10,0.0189,NORMAL,None,Medium
1346,0,2,20,0.0263,NORMAL,None,Medium
1346,0,3,30,0.0277,NORMAL,None,Medium
1346,0,4,40,0.0262,NORMAL,None,Low
1346,0,5,50,0.0271,NORMAL,None,Low
1346,0,6,60,0.0267,NORMAL,None,Low
1347,0,1,10,0.0154,NORMAL,None,Medium
1347,0,2,20,0.0211,NORMAL,None,Medium
1347,0,3,30,0.0232,NORMAL,None,Medium
1347,0,4,40,0.0226,NORMAL,None,Low
1347,0,5,50,0.0234,NORMAL,None,Low
1347,0,6,60,0.0234,NORMAL,None,Low
1348,0,1,10,0.0161,NORMAL,None,Medium
1348,0,2,20,0.0232,NORMAL,None,Medium
1348,0,3,30,0.0278,NORMAL,None,Medium
1348,0,4,40,0.0253,NORMAL,None,Low
1348,0,5,50,0.0266,NORMAL,None,Low
1348,0,6,60,0.026,NORMAL,None,Low
1349,0,1,10,0.0171,NORMAL,None,Medium
1349,0,2,20,0.0248,NORMAL,None,Medium
1349,0,3,30,0.028,NORMAL,None,Medium
1349,0,4,40,0.0271,NORMAL,None,Low
1349,0,5,50,0.0243,NORMAL,None,Low
1349,0,6,60,0.0252,NORMAL,None,Low
1470,0,1,10,0.023,NORMAL,None,Medium
1470,0,2,20,0.0272,NORMAL,None,Medium
1470,0,3,30,0.0281,NORMAL,None,Medium
1470,0,4,40,0.0274,NORMAL,None,Low
1470,0,5,50,0.0251,NORMAL,None,Low
1470,0,6,60,0.0271,NORMAL,None,Low
1471,0,1,10,0.0575,NORMAL,None,Medium
1471,0,2,20,0.048,NORMAL,None,Medium
1471,0,3,30,0.044,NORMAL,None,Medium
1471,0,4,40,0.0385,NORMAL,None,Low
1471,0,5,50,0.0335,NORMAL,None,Low
1471,0,6,60,0.0334,NORMAL,None,Low
1472,0,1,10,0.1093,NORMAL,None,Medium
1472,0,2,20,0.086,NORMAL,None,Medium
1472,0,3,30,0.0644,NORMAL,None,Medium
1472,0,4,40,0.0515,NORMAL,None,Low
1472,0,5,50,0.0409,NORMAL,None,Low
1472,0,6,60,0.0353,NORMAL,None,Low
1473,0,1,10,0.0625,NORMAL,None,Medium
1473,0,2,20,0.0551,NORMAL,None,Medium
1473,0,3,30,0.0465,NORMAL,None,Medium
1473,0,4,40,0.0363,NORMAL,None,Low
1473,0,5,50,0.0335,NORMAL,None,Low
1473,0,6,60,0.032,NORMAL,None,Low
1474,0,1,10,0.0615,NORMAL,None,Medium
1474,0,2,20,0.0535,NORMAL,None,Medium
1474,0,3,30,0.0422,NORMAL,None,Medium
1474,0,4,40,0.0408,NORMAL,None,Low
1474,0,5,50,0.0342,NORMAL,None,Low
1474,0,6,60,0.0333,NORMAL,None,Low
1475,0,1,10,0.0313,NORMAL,None,Medium
1475,0,2,20,0.0352,NORMAL,None,Medium
1475,0,3,30,0.0331,NORMAL,None,Medium
1475,0,4,40,0.0322,NORMAL,None,Low
1475,0,5,50,0.0314,NORMAL,None,Low
1475,0,6,60,0.031,NORMAL,None,Low
1476,0,1,10,0.0319,NORMAL,None,Medium
1476,0,2,20,0.0376,NORMAL,None,Medium
1476,0,3,30,0.0378,NORMAL,None,Medium
1476,0,4,40,0.0317,NORMAL,None,Low
1476,0,5,50,0.0308,NORMAL,None,Low
1476,0,6,60,0.0273,NORMAL,None,Low
1477,0,1,10,0.024,NORMAL,None,Medium
1477,0,2,20,0.0296,NORMAL,None,Medium
1477,0,3,30,0.0295,NORMAL,None,Medium
1477,0,4,40,0.0275,NORMAL,None,Low
1477,0,5,50,0.0306,NORMAL,None,Low
1477,0,6,60,0.0306,NORMAL,None,Low
1478,0,1,10,0.0178,NORMAL,None,Medium
1478,0,2,20,0.0245,NORMAL,None,Medium
1478,0,3,30,0.0236,NORMAL,None,Medium
1478,0,4,40,0.0281,NORMAL,None,Low
1478,0,5,50,0.0276,NORMAL,None,Low
1478,0,6,60,0.0273,NORMAL,None,Low
1479,0,1,10,0.019,NORMAL,None,Medium
1479,0,2,20,0.026,NORMAL,None,Medium
1479,0,3,30,0.0252,NORMAL,None,Medium
1479,0,4,40,0.0277,NORMAL,None,Low
1479,0,5,50,0.0272,NORMAL,None,Low
1479,0,6,60,0.0283,NORMAL,None,Low
1480,0,1,10,0.0224,NORMAL,None,Medium
1480,0,2,20,0.0287,NORMAL,None,Medium
1480,0,3,30,0.0298,NORMAL,None,Medium
1480,0,4,40,0.0285,NORMAL,None,Low
1480,0,5,50,0.0256,NORMAL,None,Low
1480,0,6,60,0.0247,NORMAL,None,Low
1481,0,1,10,0.0204,NORMAL,None,Medium
1481,0,2,20,0.0285,NORMAL,None,Medium
1481,0,3,30,0.0272,NORMAL,None,Medium
1481,0,4,40,0.029,NORMAL,None,Low
1481,0,5,50,0.0273,NORMAL,None,Low
1481,0,6,60,0.0269,NORMAL,None,Low
1482,0,1,10,0.0187,NORMAL,None,Medium
1482,0,2,20,0.0277,NORMAL,None,Medium
1482,0,3,30,0.0275,NORMAL,None,Medium
1482,0,4,40,0.0281,NORMAL,None,Low
1482,0,5,50,0.0275,NORMAL,None,Low
1482,0,6,60,0.0284,NORMAL,None,Low
1483,0,1,10,0.0196,NORMAL,None,Medium
1483,0,2,20,0.0269,NORMAL,None,Medium
1483,0,3,30,0.026,NORMAL,None,Medium
1483,0,4,40,0.0246,NORMAL,None,Low
1483,0,5,50,0.0256,NORMAL,None,Low
1483,0,6,60,0.0272,NORMAL,None,Low
1484,0,1,10,0.0256,NORMAL,None,Medium
1484,0,2,20,0.0292,NORMAL,None,Medium
1484,0,3,30,0.0319,NORMAL,None,Medium
1484,0,4,40,0.0298,NORMAL,None,Low
1484,0,5,50,0.0305,NORMAL,None,Low
1484,0,6,60,0.0286,NORMAL,None,Low
1485,0,1,10,0.0272,NORMAL,None,Medium
1485,0,2,20,0.0303,NORMAL,None,Medium
1485,0,3,30,0.0296,NORMAL,None,Medium
1485,0,4,40,0.0284,NORMAL,None,Low
1485,0,5,50,0.0287,NORMAL,None,Low
1485,0,6,60,0.0281,NORMAL,None,Low
1486,0,1,10,0.0215,NORMAL,None,Medium
1486,0,2,20,0.0285,NORMAL,None,Medium
1486,0,3,30,0.0291,NORMAL,None,Medium
1486,0,4,40,0.0265,NORMAL,None,Low
1486,0,5,50,0.029,NORMAL,None,Low
1486,0,6,60,0.0233,NORMAL,None,Low
1487,0,1,10,0.0179,NORMAL,None,Medium
1487,0,2,20,0.0247,NORMAL,None,Medium
1487,0,3,30,0.0256,NORMAL,None,Medium
1487,0,4,40,0.0263,NORMAL,None,Low
1487,0,5,50,0.0241,NORMAL,None,Low
1487,0,6,60,0.027,NORMAL,None,Low
1488,0,1,10,0.0186,NORMAL,None,Medium
1488,0,2,20,0.0263,NORMAL,None,Medium
1488,0,3,30,0.0296,NORMAL,None,Medium
1488,0,4,40,0.0271,NORMAL,None,Low
1488,0,5,50,0.0259,NORMAL,None,Low
1488,0,6,60,0.0238,NORMAL,None,Low
1489,0,1,10,0.0197,NORMAL,None,Medium
1489,0,2,20,0.026,NORMAL,None,Medium
1489,0,3,30,0.0262,NORMAL,None,Medium
1489,0,4,40,0.0264,NORMAL,None,Low
1489,0,5,50,0.0271,NORMAL,None,Low
1489,0,6,60,0.026,NORMAL,None,Low
1490,0,1,10,0.0172,NORMAL,None,Medium
1490,0,2,20,0.0227,NORMAL,None,Medium
1490,0,3,30,0.0256,NORMAL,None,Medium
1490,0,4,40,0.0266,NORMAL,None,Low
1490,0,5,50,0.0256,NORMAL,None,Low
1490,0,6,60,0.0263,NORMAL,None,Low
1491,0,1,10,0.0186,NORMAL,None,Medium
1491,0,2,20,0.0245,NORMAL,None,Medium
1491,0,3,30,0.0269,NORMAL,None,Medium
1491,0,4,40,0.0264,NORMAL,None,Low
1491,0,5,50,0.0254,NORMAL,None,Low
1491,0,6,60,0.0266,NORMAL,None,Low
1492,0,1,10,0.0182,NORMAL,None,Medium
1492,0,2,20,0.0234,NORMAL,None,Medium
1492,0,3,30,0.0271,NORMAL,None,Medium
1492,0,4,40,0.027,NORMAL,None,Low
1492,0,5,50,0.0245,NORMAL,None,Low
1492,0,6,60,0.0272,NORMAL,None,Low
1493,0,1,10,0.0163,NORMAL,None,Medium
1493,0,2,20,0.0222,NORMAL,None,Medium
1493,0,3,30,0.0251,NORMAL,None,Medium
1493,0,4,40,0.0243,NORMAL,None,Low
1493,0,5,50,0.023,NORMAL,None,Low
1493,0,6,60,0.0238,NORMAL,None,Low
1494,0,1,10,0.0177,NORMAL,None,Medium
1494,0,2,20,0.0225,NORMAL,None,Medium
1494,0,3,30,0.0276,NORMAL,None,Medium
1494,0,4,40,0.0261,NORMAL,None,Low
1494,0,5,50,0.0249,NORMAL,None,Low
1494,0,6,60,0.0244,NORMAL,None,Low
1495,0,1,10,0.0188,NORMAL,None,Medium
1495,0,2,20,0.0244,NORMAL,None,Medium
1495,0,3,30,0.0264,NORMAL,None,Medium
1495,0,4,40,0.0266,NORMAL,None,Low
1495,0,5,50,0.0256,NORMAL,None,Low
1495,0,6,60,0.0277,NORMAL,None,Low
1496,0,1,10,0.0175,NORMAL,None,Medium
1496,0,2,20,0.0209,NORMAL,None,Medium
1496,0,3,30,0.024,NORMAL,None,Medium
1496,0,4,40,0.0261,NORMAL,None,Low
1496,0,5,50,0.0263,NORMAL,None,Low
1496,0,6,60,0.0253,NORMAL,None,Low
1497,0,1,10,0.0181,NORMAL,None,Medium
1497,0,2,20,0.0234,NORMAL,None,Medium
1497,0,3,30,0.0251,NORMAL,None,Medium
1497,0,4,40,0.0281,NORMAL,None,Low
1497,0,5,50,0.0269,NORMAL,None,Low
1497,0,6,60,0.0272,NORMAL,None,Low
1498,0,1,10,0.0181,NORMAL,None,Medium
1498,0,2,20,0.0244,NORMAL,None,Medium
1498,0,3,30,0.0251,NORMAL,None,Medium
1498,0,4,40,0.0243,NORMAL,None,Low
1498,0,5,50,0.0268,NORMAL,None,Low
1498,0,6,60,0.0252,NORMAL,None,Low
1499,0,1,10,0.0164,NORMAL,None,Medium
1499,0,2,20,0.0244,NORMAL,None,Medium
1499,0,3,30,0.0255,NORMAL,None,Medium
1499,0,4,40,0.0266,NORMAL,None,Low
1499,0,5,50,0.0268,NORMAL,None,Low
1499,0,6,60,0.0234,NORMAL,None,Low
1620,0,1,10,0.0213,NORMAL,None,Medium
1620,0,2,20,0.0257,NORMAL,None,Medium
1620,0,3,30,0.0273,NORMAL,None,Medium
1620,0,4,40,0.0264,NORMAL,None,Low
1620,0,5,50,0.0262,NORMAL,None,Low
1620,0,6,60,0.0267,NORMAL,None,Low
1621,0,1,10,0.0181,NORMAL,None,Medium
1621,0,2,20,0.0239,NORMAL,None,Medium
1621,0,3,30,0.026,NORMAL,None,Medium
1621,0,4,40,0.0273,NORMAL,None,Low
1621,0,5,50,0.0273,NORMAL,None,Low
1621,0,6,60,0.0248,NORMAL,None,Low
1622,0,1,10,0.0256,NORMAL,None,Medium
1622,0,2,20,0.032,NORMAL,None,Medium
1622,0,3,30,0.0303,NORMAL,None,Medium
1622,0,4,40,0.0292,NORMAL,None,Low
1622,0,5,50,0.026,NORMAL,None,Low
1622,0,6,60,0.0244,NORMAL,None,Low
1623,0,1,10,0.0202,NORMAL,None,Medium
1623,0,2,20,0.0238,NORMAL,None,Medium
1623,0,3,30,0.0245,NORMAL,None,Medium
1623,0,4,40,0.026,NORMAL,None,Low
1623,0,5,50,0.0257,NORMAL,None,Low
1623,0,6,60,0.0253,NORMAL,None,Low
1624,0,1,10,0.0154,NORMAL,None,Medium
1624,0,2,20,0.0216,NORMAL,None,Medium
1624,0,3,30,0.025,NORMAL,None,Medium
1624,0,4,40,0.025,NORMAL,None,Low
1624,0,5,50,0.0248,NORMAL,None,Low
1624,0,6,60,0.0261,NORMAL,None,Low
1625,0,1,10,0.0169,NORMAL,None,Medium
1625,0,2,20,0.0207,NORMAL,None,Medium
1625,0,3,30,0.025,NORMAL,None,Medium
1625,0,4,40,0.0243,NORMAL,None,Low
1625,0,5,50,0.0257,NORMAL,None,Low
1625,0,6,60,0.025,NORMAL,None,Low
1626,0,1,10,0.0147,NORMAL,None,Medium
1626,0,2,20,0.0225,NORMAL,None,Medium
1626,0,3,30,0.0231,NORMAL,None,Medium
1626,0,4,40,0.0243,NORMAL,None,Low
1626,0,5,50,0.024,NORMAL,None,Low
1626,0,6,60,0.0234,NORMAL,None,Low
1627,0,1,10,0.0158,NORMAL,None,Medium
1627,0,2,20,0.0235,NORMAL,None,Medium
1627,0,3,30,0.0263,NORMAL,None,Medium
1627,0,4,40,0.0242,NORMAL,None,Low
1627,0,5,50,0.028,NORMAL,None,Low
1627,0,6,60,0.0258,NORMAL,None,Low
1628,0,1,10,0.0199,NORMAL,None,Medium
1628,0,2,20,0.0222,NORMAL,None,Medium
1628,0,3,30,0.0234,NORMAL,None,Medium
1628,0,4,40,0.0231,NORMAL,None,Low
1628,0,5,50,0.0212,NORMAL,None,Low
1628,0,6,60,0.0244,NORMAL,None,Low
1629,0,1,10,0.0233,NORMAL,None,Medium
1629,0,2,20,0.0239,NORMAL,None,Medium
1629,0,3,30,0.0275,NORMAL,None,Medium
1629,0,4,40,0.0277,NORMAL,None,Low
1629,0,5,50,0.0255,NORMAL,None,Low
1629,0,6,60,0.0267,NORMAL,None,Low
1630,0,1,10,0.0218,NORMAL,None,Medium
1630,0,2,20,0.022,NORMAL,None,Medium
1630,0,3,30,0.0228,NORMAL,None,Medium
1630,0,4,40,0.0249,NORMAL,None,Low
1630,0,5,50,0.0236,NORMAL,None,Low
1630,0,6,60,0.0248,NORMAL,None,Low
1631,0,1,10,0.0168,NORMAL,None,Medium
1631,0,2,20,0.0231,NORMAL,None,Medium
1631,0,3,30,0.028,NORMAL,None,Medium
1631,0,4,40,0.0283,NORMAL,None,Low
1631,0,5,50,0.0253,NORMAL,None,Low
1631,0,6,60,0.0266,NORMAL,None,Low
1632,0,1,10,0.0188,NORMAL,None,Medium
1632,0,2,20,0.0242,NORMAL,None,Medium
1632,0,3,30,0.0247,NORMAL,None,Medium
1632,0,4,40,0.0243,NORMAL,None,Low
1632,0,5,50,0.0262,NORMAL,None,Low
1632,0,6,60,0.0231,NORMAL,None,Low
1633,0,1,10,0.0245,NORMAL,None,Medium
1633,0,2,20,0.0254,NORMAL,None,Medium
1633,0,3,30,0.0266,NORMAL,None,Medium
1633,0,4,40,0.0285,NORMAL,None,Low
1633,0,5,50,0.027,NORMAL,None,Low
1633,0,6,60,0.025,NORMAL,None,Low
1634,0,1,10,0.0283,NORMAL,None,Medium
1634,0,2,20,0.0261,NORMAL,None,Medium
1634,0,3,30,0.0259,NORMAL,None,Medium
1634,0,4,40,0.0292,NORMAL,None,Low
1634,0,5,50,0.0257,NORMAL,None,Low
1634,0,6,60,0.0254,NORMAL,None,Low
1635,0,1,10,0.0202,NORMAL,None,Medium
1635,0,2,20,0.0237,NORMAL,None,Medium
1635,0,3,30,0.0249,NORMAL,None,Medium
1635,0,4,40,0.0263,NORMAL,None,Low
1635,0,5,50,0.0258,NORMAL,None,Low
1635,0,6,60,0.0262,NORMAL,None,Low
1636,0,1,10,0.0185,NORMAL,None,Medium
1636,0,2,20,0.0241,NORMAL,None,Medium
1636,0,3,30,0.0231,NORMAL,None,Medium
1636,0,4,40,0.0241,NORMAL,None,Low
1636,0,5,50,0.0266,NORMAL,None,Low
1636,0,6,60,0.0238,NORMAL,None,Low
1637,0,1,10,0.0148,NORMAL,None,Medium
1637,0,2,20,0.0215,NORMAL,None,Medium
1637,0,3,30,0.0226,NORMAL,None,Medium
1637,0,4,40,0.0255,NORMAL,None,Low
1637,0,5,50,0.0262,NORMAL,None,Low
1637,0,6,60,0.0255,NORMAL,None,Low
1638,0,1,10,0.0147,NORMAL,None,Medium
1638,0,2,20,0.0201,NORMAL,None,Medium
1638,0,3,30,0.0211,NORMAL,None,Medium
1638,0,4,40,0.023,NORMAL,None,Low
1638,0,5,50,0.0239,NORMAL,None,Low
1638,0,6,60,0.025,NORMAL,None,Low
1639,0,1,10,0.0152,NORMAL,None,Medium
1639,0,2,20,0.0203,NORMAL,None,Medium
1639,0,3,30,0.0227,NORMAL,None,Medium
1639,0,4,40,0.0244,NORMAL,None,Low
1639,0,5,50,0.0241,NORMAL,None,Low
1639,0,6,60,0.028,NORMAL,None,Low
1640,0,1,10,0.0146,NORMAL,None,Medium
1640,0,2,20,0.0204,NORMAL,None,Medium
1640,0,3,30,0.0243,NORMAL,None,Medium
1640,0,4,40,0.0228,NORMAL,None,Low
1640,0,5,50,0.0208,NORMAL,None,Low
1640,0,6,60,0.0213,NORMAL,None,Low
1641,0,1,10,0.0143,NORMAL,None,Medium
1641,0,2,20,0.0203,NORMAL,None,Medium
1641,0,3,30,0.0259,NORMAL,None,Medium
1641,0,4,40,0.0265,NORMAL,None,Low
1641,0,5,50,0.0273,NORMAL,None,Low
1641,0,6,60,0.0266,NORMAL,None,Low
1642,0,1,10,0.0154,NORMAL,None,Medium
1642,0,2,20,0.0201,NORMAL,None,Medium
1642,0,3,30,0.022,NORMAL,None,Medium
1642,0,4,40,0.0222,NORMAL,None,Low
1642,0,5,50,0.0242,NORMAL,None,Low
1642,0,6,60,0.0248,NORMAL,None,Low
1643,0,1,10,0.015,NORMAL,None,Medium
1643,0,2,20,0.0223,NORMAL,None,Medium
1643,0,3,30,0.0224,NORMAL,None,Medium
1643,0,4,40,0.0238,NORMAL,None,Low
1643,0,5,50,0.0238,NORMAL,None,Low
1643,0,6,60,0.0238,NORMAL,None,Low
1644,0,1,10,0.0155,NORMAL,None,Medium
1644,0,2,20,0.0237,NORMAL,None,Medium
1644,0,3,30,0.0256,NORMAL,None,Medium
1644,0,4,40,0.0281,NORMAL,None,Low
1644,0,5,50,0.0259,NORMAL,None,Low
1644,0,6,60,0.0236,NORMAL,None,Low
1645,0,1,10,0.0161,NORMAL,None,Medium
1645,0,2,20,0.0217,NORMAL,None,Medium
1645,0,3,30,0.0225,NORMAL,None,Medium
1645,0,4,40,0.0241,NORMAL,None,Low
1645,0,5,50,0.0255,NORMAL,None,Low
1645,0,6,60,0.0265,NORMAL,None,Low
1646,0,1,10,0.017,NORMAL,None,Medium
1646,0,2,20,0.0207,NORMAL,None,Medium
1646,0,3,30,0.0249,NORMAL,None,Medium
1646,0,4,40,0.0264,NORMAL,None,Low
1646,0,5,50,0.0271,NORMAL,None,Low
1646,0,6,60,0.0285,NORMAL,None,Low
1647,0,1,10,0.0199,NORMAL,None,Medium
1647,0,2,20,0.0237,NORMAL,None,Medium
1647,0,3,30,0.0236,NORMAL,None,Medium
1647,0,4,40,0.0238,NORMAL,None,Low
1647,0,5,50,0.025,NORMAL,None,Low
1647,0,6,60,0.0252,NORMAL,None,Low
1648,0,1,10,0.021,NORMAL,None,Medium
1648,0,2,20,0.0242,NORMAL,None,Medium
1648,0,3,30,0.0289,NORMAL,None,Medium
1648,0,4,40,0.0275,NORMAL,None,Low
1648,0,5,50,0.0271,NORMAL,None,Low
1648,0,6,60,0.0268,NORMAL,None,Low
1649,0,1,10,0.0202,NORMAL,None,Medium
1649,0,2,20,0.0229,NORMAL,None,Medium
1649,0,3,30,0.0256,NORMAL,None,Medium
1649,0,4,40,0.0272,NORMAL,None,Low
1649,0,5,50,0.0266,NORMAL,None,Low
1649,0,6,60,0.0258,NORMAL,None,Low
1770,0,1,10,0.0152,NORMAL,None,Medium
1770,0,2,20,0.0204,NORMAL,None,Medium
1770,0,3,30,0.0237,NORMAL,None,Medium
1770,0,4,40,0.0257,NORMAL,None,Low
1770,0,5,50,0.026,NORMAL,None,Low
1770,0,6,60,0.0281,NORMAL,None,Low
1771,0,1,10,0.0171,NORMAL,None,Medium
1771,0,2,20,0.0237,NORMAL,None,Medium
1771,0,3,30,0.0238,NORMAL,None,Medium
1771,0,4,40,0.0249,NORMAL,None,Low
1771,0,5,50,0.0245,NORMAL,None,Low
1771,0,6,60,0.0262,NORMAL,None,Low
1772,0,1,10,0.0166,NORMAL,None,Medium
1772,0,2,20,0.0255,NORMAL,None,Medium
1772,0,3,30,0.0221,NORMAL,None,Medium
1772,0,4,40,0.0242,NORMAL,None,Low
1772,0,5,50,0.0258,NORMAL,None,Low
1772,0,6,60,0.0256,NORMAL,None,Low
1773,0,1,10,0.0151,NORMAL,None,Medium
1773,0,2,20,0.0219,NORMAL,None,Medium
1773,0,3,30,0.0272,NORMAL,None,Medium
1773,0,4,40,0.0243,NORMAL,None,Low
1773,0,5,50,0.0249,NORMAL,None,Low
1773,0,6,60,0.0235,NORMAL,None,Low
1774,0,1,10,0.0152,NORMAL,None,Medium
1774,0,2,20,0.0233,NORMAL,None,Medium
1774,0,3,30,0.0252,NORMAL,None,Medium
1774,0,4,40,0.0232,NORMAL,None,Low
1774,0,5,50,0.0251,NORMAL,None,Low
1774,0,6,60,0.0255,NORMAL,None,Low
1775,0,1,10,0.0146,NORMAL,None,Medium
1775,0,2,20,0.0215,NORMAL,None,Medium
1775,0,3,30,0.0233,NORMAL,None,Medium
1775,0,4,40,0.0265,NORMAL,None,Low
1775,0,5,50,0.0273,NORMAL,None,Low
1775,0,6,60,0.0258,NORMAL,None,Low
1776,0,1,10,0.0157,NORMAL,None,Medium
1776,0,2,20,0.0229,NORMAL,None,Medium
1776,0,3,30,0.0253,NORMAL,None,Medium
1776,0,4,40,0.0273,NORMAL,None,Low
1776,0,5,50,0.0283,NORMAL,None,Low
1776,0,6,60,0.0264,NORMAL,None,Low
1777,0,1,10,0.0155,NORMAL,None,Medium
1777,0,2,20,0.0224,NORMAL,None,Medium
1777,0,3,30,0.0234,NORMAL,None,Medium
1777,0,4,40,0.0244,NORMAL,None,Low
1777,0,5,50,0.0273,NORMAL,None,Low
1777,0,6,60,0.026,NORMAL,None,Low
1778,0,1,10,0.0137,NORMAL,None,Medium
1778,0,2,20,0.0217,NORMAL,None,Medium
1778,0,3,30,0.0229,NORMAL,None,Medium
1778,0,4,40,0.025,NORMAL,None,Low
1778,0,5,50,0.0237,NORMAL,None,Low
1778,0,6,60,0.0242,NORMAL,None,Low
1779,0,1,10,0.0158,NORMAL,None,Medium
1779,0,2,20,0.0225,NORMAL,None,Medium
1779,0,3,30,0.0246,NORMAL,None,Medium
1779,0,4,40,0.0257,NORMAL,None,Low
1779,0,5,50,0.0258,NORMAL,None,Low
1779,0,6,60,0.0272,NORMAL,None,Low
1780,0,1,10,0.0157,NORMAL,None,Medium
1780,0,2,20,0.0222,NORMAL,None,Medium
1780,0,3,30,0.0253,NORMAL,None,Medium
1780,0,4,40,0.0272,NORMAL,None,Low
1780,0,5,50,0.0272,NORMAL,None,Low
1780,0,6,60,0.0256,NORMAL,None,Low
1781,0,1,10,0.0162,NORMAL,None,Medium
1781,0,2,20,0.0213,NORMAL,None,Medium
1781,0,3,30,0.024,NORMAL,None,Medium
1781,0,4,40,0.0259,NORMAL,None,Low
1781,0,5,50,0.0233,NORMAL,None,Low
1781,0,6,60,0.0248,NORMAL,None,Low
1782,0,1,10,0.0161,NORMAL,None,Medium
1782,0,2,20,0.024,NORMAL,None,Medium
1782,0,3,30,0.0262,NORMAL,None,Medium
1782,0,4,40,0.0273,NORMAL,None,Low
1782,0,5,50,0.0254,NORMAL,None,Low
1782,0,6,60,0.0274,NORMAL,None,Low
1783,0,1,10,0.0148,NORMAL,None,Medium
1783,0,2,20,0.0197,NORMAL,None,Medium
1783,0,3,30,0.0258,NORMAL,None,Medium
1783,0,4,40,0.0278,NORMAL,None,Low
1783,0,5,50,0.027,NORMAL,None,Low
1783,0,6,60,0.0293,NORMAL,None,Low
1784,0,1,10,0.015,NORMAL,None,Medium
1784,0,2,20,0.0197,NORMAL,None,Medium
1784,0,3,30,0.0213,NORMAL,None,Medium
1784,0,4,40,0.0266,NORMAL,None,Low
1784,0,5,50,0.0281,NORMAL,None,Low
1784,0,6,60,0.0234,NORMAL,None,Low
1785,0,1,10,0.0167,NORMAL,None,Medium
1785,0,2,20,0.0217,NORMAL,None,Medium
1785,0,3,30,0.0242,NORMAL,None,Medium
1785,0,4,40,0.0245,NORMAL,None,Low
1785,0,5,50,0.0223,NORMAL,None,Low
1785,0,6,60,0.025,NORMAL,None,Low
1786,0,1,10,0.0142,NORMAL,None,Medium
1786,0,2,20,0.0208,NORMAL,None,Medium
1786,0,3,30,0.0226,NORMAL,None,Medium
1786,0,4,40,0.0269,NORMAL,None,Low
1786,0,5,50,0.027,NORMAL,None,Low
1786,0,6,60,0.0252,NORMAL,None,Low
1787,0,1,10,0.0134,NORMAL,None,Medium
1787,0,2,20,0.0214,NORMAL,None,Medium
1787,0,3,30,0.0235,NORMAL,None,Medium
1787,0,4,40,0.0244,NORMAL,None,Low
1787,0,5,50,0.0258,NORMAL,None,Low
1787,0,6,60,0.0256,NORMAL,None,Low
1788,0,1,10,0.0149,NORMAL,None,Medium
1788,0,2,20,0.0212,NORMAL,None,Medium
1788,0,3,30,0.0232,NORMAL,None,Medium
1788,0,4,40,0.0243,NORMAL,None,Low
1788,0,5,50,0.0251,NORMAL,None,Low
1788,0,6,60,0.0236,NORMAL,None,Low
1789,0,1,10,0.0136,NORMAL,None,Medium
1789,0,2,20,0.0201,NORMAL,None,Medium
1789,0,3,30,0.0207,NORMAL,None,Medium
1789,0,4,40,0.0228,NORMAL,None,Low
1789,0,5,50,0.0231,NORMAL,None,Low
1789,0,6,60,0.025,NORMAL,None,Low
1790,0,1,10,0.016,NORMAL,None,Medium
1790,0,2,20,0.0215,NORMAL,None,Medium
1790,0,3,30,0.0234,NORMAL,None,Medium
1790,0,4,40,0.0218,NORMAL,None,Low
1790,0,5,50,0.0221,NORMAL,None,Low
1790,0,6,60,0.0236,NORMAL,None,Low
1791,0,1,10,0.0188,NORMAL,None,Medium
1791,0,2,20,0.0226,NORMAL,None,Medium
1791,0,3,30,0.0228,NORMAL,None,Medium
1791,0,4,40,0.0245,NORMAL,None,Low
1791,0,5,50,0.0244,NORMAL,None,Low
1791,0,6,60,0.0241,NORMAL,None,Low
1792,0,1,10,0.0163,NORMAL,None,Medium
1792,0,2,20,0.0236,NORMAL,None,Medium
1792,0,3,30,0.0245,NORMAL,None,Medium
1792,0,4,40,0.0245,NORMAL,None,Low
1792,0,5,50,0.0266,NORMAL,None,Low
1792,0,6,60,0.028,NORMAL,None,Low
1793,0,1,10,0.0164,NORMAL,None,Medium
1793,0,2,20,0.0218,NORMAL,None,Medium
1793,0,3,30,0.0254,NORMAL,None,Medium
1793,0,4,40,0.0271,NORMAL,None,Low
1793,0,5,50,0.0267,NORMAL,None,Low
1793,0,6,60,0.0272,NORMAL,None,Low
1794,0,1,10,0.0186,NORMAL,None,Medium
1794,0,2,20,0.0224,NORMAL,None,Medium
1794,0,3,30,0.0225,NORMAL,None,Medium
1794,0,4,40,0.0229,NORMAL,None,Low
1794,0,5,50,0.0227,NORMAL,None,Low
1794,0,6,60,0.0254,NORMAL,None,Low
1795,0,1,10,0.0217,NORMAL,None,Medium
1795,0,2,20,0.0241,NORMAL,None,Medium
1795,0,3,30,0.0284,NORMAL,None,Medium
1795,0,4,40,0.0277,NORMAL,None,Low
1795,0,5,50,0.0274,NORMAL,None,Low
1795,0,6,60,0.0262,NORMAL,None,Low
1796,0,1,10,0.0202,NORMAL,None,Medium
1796,0,2,20,0.0227,NORMAL,None,Medium
1796,0,3,30,0.0264,NORMAL,None,Medium
1796,0,4,40,0.0255,NORMAL,None,Low
1796,0,5,50,0.0246,NORMAL,None,Low
1796,0,6,60,0.0239,NORMAL,None,Low
1797,0,1,10,0.0302,NORMAL,None,Medium
1797,0,2,20,0.03,NORMAL,None,Medium
1797,0,3,30,0.0316,NORMAL,None,Medium
1797,0,4,40,0.0287,NORMAL,None,Low
1797,0,5,50,0.0259,NORMAL,None,Low
1797,0,6,60,0.0256,NORMAL,None,Low
1798,0,1,10,0.0263,NORMAL,None,Medium
1798,0,2,20,0.0279,NORMAL,None,Medium
1798,0,3,30,0.0258,NORMAL,None,Medium
1798,0,4,40,0.0253,NORMAL,None,Low
1798,0,5,50,0.0269,NORMAL,None,Low
1798,0,6,60,0.0267,NORMAL,None,Low
1799,0,1,10,0.0283,NORMAL,None,Medium
1799,0,2,20,0.0316,NORMAL,None,Medium
1799,0,3,30,0.0306,NORMAL,None,Medium
1799,0,4,40,0.029,NORMAL,None,Low
1799,0,5,50,0.0301,NORMAL,None,Low
1799,0,6,60,0.0277,NORMAL,None,Low
1920,0,1,10,0.0221,NORMAL,None,Medium
1920,0,2,20,0.0256,NORMAL,None,Medium
1920,0,3,30,0.0284,NORMAL,None,Medium
1920,0,4,40,0.0262,NORMAL,None,Low
1920,0,5,50,0.0237,NORMAL,None,Low
1920,0,6,60,0.0251,NORMAL,None,Low
1921,0,1,10,0.0201,NORMAL,None,Medium
1921,0,2,20,0.0245,NORMAL,None,Medium
1921,0,3,30,0.0247,NORMAL,None,Medium
1921,0,4,40,0.0259,NORMAL,None,Low
1921,0,5,50,0.0281,NORMAL,None,Low
1921,0,6,60,0.0292,NORMAL,None,Low
1922,0,1,10,0.0161,NORMAL,None,Medium
1922,0,2,20,0.0233,NORMAL,None,Medium
1922,0,3,30,0.0236,NORMAL,None,Medium
1922,0,4,40,0.0265,NORMAL,None,Low
1922,0,5,50,0.0263,NORMAL,None,Low
1922,0,6,60,0.0266,NORMAL,None,Low
1923,0,1,10,0.0159,NORMAL,None,Medium
1923,0,2,20,0.021,NORMAL,None,Medium
1923,0,3,30,0.0229,NORMAL,None,Medium
1923,0,4,40,0.0216,NORMAL,None,Low
1923,0,5,50,0.0264,NORMAL,None,Low
1923,0,6,60,0.0272,NORMAL,None,Low
1924,0,1,10,0.018,NORMAL,None,Medium
1924,0,2,20,0.0238,NORMAL,None,Medium
1924,0,3,30,0.0241,NORMAL,None,Medium
1924,0,4,40,0.0263,NORMAL,None,Low
1924,0,5,50,0.0244,NORMAL,None,Low
1924,0,6,60,0.0266,NORMAL,None,Low
1925,0,1,10,0.0166,NORMAL,None,Medium
1925,0,2,20,0.0225,NORMAL,None,Medium
1925,0,3,30,0.0223,NORMAL,None,Medium
1925,0,4,40,0.022,NORMAL,None,Low
1925,0,5,50,0.0243,NORMAL,None,Low
1925,0,6,60,0.0267,NORMAL,None,Low
1926,0,1,10,0.0178,NORMAL,None,Medium
1926,0,2,20,0.0235,NORMAL,None,Medium
1926,0,3,30,0.0235,NORMAL,None,Medium
1926,0,4,40,0.0266,NORMAL,None,Low
1926,0,5,50,0.0252,NORMAL,None,Low
1926,0,6,60,0.0271,NORMAL,None,Low
1927,0,1,10,0.0166,NORMAL,None,Medium
1927,0,2,20,0.0237,NORMAL,None,Medium
1927,0,3,30,0.0241,NORMAL,None,Medium
1927,0,4,40,0.027,NORMAL,None,Low
1927,0,5,50,0.0278,NORMAL,None,Low
1927,0,6,60,0.0264,NORMAL,None,Low
1928,0,1,10,0.019,NORMAL,None,Medium
1928,0,2,20,0.0228,NORMAL,None,Medium
1928,0,3,30,0.0242,NORMAL,None,Medium
1928,0,4,40,0.0261,NORMAL,None,Low
1928,0,5,50,0.026,NORMAL,None,Low
1928,0,6,60,0.0249,NORMAL,None,Low
1929,0,1,10,0.0186,NORMAL,None,Medium
1929,0,2,20,0.023,NORMAL,None,Medium
1929,0,3,30,0.024,NORMAL,None,Medium
1929,0,4,40,0.0241,NORMAL,None,Low
1929,0,5,50,0.0233,NORMAL,None,Low
1929,0,6,60,0.0244,NORMAL,None,Low
1930,0,1,10,0.0184,NORMAL,None,Medium
1930,0,2,20,0.0218,NORMAL,None,Medium
1930,0,3,30,0.0228,NORMAL,None,Medium
1930,0,4,40,0.0267,NORMAL,None,Low
1930,0,5,50,0.0253,NORMAL,None,Low
1930,0,6,60,0.0277,NORMAL,None,Low
1931,0,1,10,0.0148,NORMAL,None,Medium
1931,0,2,20,0.0201,NORMAL,None,Medium
1931,0,3,30,0.0236,NORMAL,None,Medium
1931,0,4,40,0.0239,NORMAL,None,Low
1931,0,5,50,0.023,NORMAL,None,Low
1931,0,6,60,0.0241,NORMAL,None,Low
1932,0,1,10,0.0157,NORMAL,None,Medium
1932,0,2,20,0.0214,NORMAL,None,Medium
1932,0,3,30,0.0218,NORMAL,None,Medium
1932,0,4,40,0.0239,NORMAL,None,Low
1932,0,5,50,0.0246,NORMAL,None,Low
1932,0,6,60,0.0244,NORMAL,None,Low
1933,0,1,10,0.0183,NORMAL,None,Medium
1933,0,2,20,0.02,NORMAL,None,Medium
1933,0,3,30,0.0236,NORMAL,None,Medium
1933,0,4,40,0.0203,NORMAL,None,Low
1933,0,5,50,0.0237,NORMAL,None,Low
1933,0,6,60,0.0237,NORMAL,None,Low
1934,0,1,10,0.0207,NORMAL,None,Medium
1934,0,2,20,0.0248,NORMAL,None,Medium
1934,0,3,30,0.0267,NORMAL,None,Medium
1934,0,4,40,0.0247,NORMAL,None,Low
1934,0,5,50,0.0237,NORMAL,None,Low
1934,0,6,60,0.0263,NORMAL,None,Low
1935,0,1,10,0.0189,NORMAL,None,Medium
1935,0,2,20,0.0225,NORMAL,None,Medium
1935,0,3,30,0.0266,NORMAL,None,Medium
1935,0,4,40,0.0247,NORMAL,None,Low
1935,0,5,50,0.0246,NORMAL,None,Low
1935,0,6,60,0.0257,NORMAL,None,Low
1936,0,1,10,0.0174,NORMAL,None,Medium
1936,0,2,20,0.0217,NORMAL,None,Medium
1936,0,3,30,0.0252,NORMAL,None,Medium
1936,0,4,40,0.0246,NORMAL,None,Low
1936,0,5,50,0.0235,NORMAL,None,Low
1936,0,6,60,0.0256,NORMAL,None,Low
1937,0,1,10,0.0153,NORMAL,None,Medium
1937,0,2,20,0.0241,NORMAL,None,Medium
1937,0,3,30,0.0253,NORMAL,None,Medium
1937,0,4,40,0.0258,NORMAL,None,Low
1937,0,5,50,0.0251,NORMAL,None,Low
1937,0,6,60,0.0263,NORMAL,None,Low
1938,0,1,10,0.0236,NORMAL,None,Medium
1938,0,2,20,0.0268,NORMAL,None,Medium
1938,0,3,30,0.0305,NORMAL,None,Medium
1938,0,4,40,0.0286,NORMAL,None,Low
1938,0,5,50,0.0302,NORMAL,None,Low
1938,0,6,60,0.0285,NORMAL,None,Low
1939,0,1,10,0.0395,NORMAL,None,Medium
1939,0,2,20,0.0385,NORMAL,None,Medium
1939,0,3,30,0.0331,NORMAL,None,Medium
1939,0,4,40,0.031,NORMAL,None,Low
1939,0,5,50,0.029,NORMAL,None,Low
1939,0,6,60,0.0273,NORMAL,None,Low
1940,0,1,10,0.0376,NORMAL,None,Medium
1940,0,2,20,0.0364,NORMAL,None,Medium
1940,0,3,30,0.0328,NORMAL,None,Medium
1940,0,4,40,0.0296,NORMAL,None,Low
1940,0,5,50,0.03,NORMAL,None,Low
1940,0,6,60,0.0305,NORMAL,None,Low
1941,0,1,10,0.0384,NORMAL,None,Medium
1941,0,2,20,0.0376,NORMAL,None,Medium
1941,0,3,30,0.0303,NORMAL,None,Medium
1941,0,4,40,0.0298,NORMAL,None,Low
1941,0,5,50,0.0299,NORMAL,None,Low
1941,0,6,60,0.0253,NORMAL,None,Low
1942,0,1,10,0.0889,NORMAL,None,Medium
1942,0,2,20,0.0664,NORMAL,None,Medium
1942,0,3,30,0.0524,NORMAL,None,Medium
1942,0,4,40,0.0433,NORMAL,None,Low
1942,0,5,50,0.0378,NORMAL,None,Low
1942,0,6,60,0.037,NORMAL,None,Low
1943,0,1,10,0.0348,NORMAL,None,Medium
1943,0,2,20,0.0347,NORMAL,None,Medium
1943,0,3,30,0.0336,NORMAL,None,Medium
1943,0,4,40,0.0308,NORMAL,None,Low
1943,0,5,50,0.0317,NORMAL,None,Low
1943,0,6,60,0.03,NORMAL,None,Low
1944,0,1,10,0.036,NORMAL,None,Medium
1944,0,2,20,0.0358,NORMAL,None,Medium
1944,0,3,30,0.0342,NORMAL,None,Medium
1944,0,4,40,0.035,NORMAL,None,Low
1944,0,5,50,0.0317,NORMAL,None,Low
1944,0,6,60,0.0299,NORMAL,None,Low
1945,0,1,10,0.0244,NORMAL,None,Medium
1945,0,2,20,0.0295,NORMAL,None,Medium
1945,0,3,30,0.0312,NORMAL,None,Medium
1945,0,4,40,0.0296,NORMAL,None,Low
1945,0,5,50,0.0295,NORMAL,None,Low
1945,0,6,60,0.0278,NORMAL,None,Low
1946,0,1,10,0.0235,NORMAL,None,Medium
1946,0,2,20,0.0268,NORMAL,None,Medium
1946,0,3,30,0.0269,NORMAL,None,Medium
1946,0,4,40,0.0271,NORMAL,None,Low
1946,0,5,50,0.0289,NORMAL,None,Low
1946,0,6,60,0.026,NORMAL,None,Low
1947,0,1,10,0.0255,NORMAL,None,Medium
1947,0,2,20,0.0274,NORMAL,None,Medium
1947,0,3,30,0.0241,NORMAL,None,Medium
1947,0,4,40,0.0262,NORMAL,None,Low
1947,0,5,50,0.0239,NORMAL,None,Low
1947,0,6,60,0.0287,NORMAL,None,Low
1948,0,1,10,0.0186,NORMAL,None,Medium
1948,0,2,20,0.022,NORMAL,None,Medium
1948,0,3,30,0.0251,NORMAL,None,Medium
1948,0,4,40,0.0244,NORMAL,None,Low
1948,0,5,50,0.0245,NORMAL,None,Low
1948,0,6,60,0.0242,NORMAL,None,Low
1949,0,1,10,0.0174,NORMAL,None,Medium
1949,0,2,20,0.0228,NORMAL,None,Medium
1949,0,3,30,0.0261,NORMAL,None,Medium
1949,0,4,40,0.0275,NORMAL,None,Low
1949,0,5,50,0.0267,NORMAL,None,Low
1949,0,6,60,0.0269,NORMAL,None,Low
2070,0,1,10,0.0188,NORMAL,None,Medium
2070,0,2,20,0.0236,NORMAL,None,Medium
2070,0,3,30,0.0257,NORMAL,None,Medium
2070,0,4,40,0.0253,NORMAL,None,Low
2070,0,5,50,0.026,NORMAL,None,Low
2070,0,6,60,0.0248,NORMAL,None,Low
2071,0,1,10,0.018,NORMAL,None,Medium
2071,0,2,20,0.0254,NORMAL,None,Medium
2071,0,3,30,0.0251,NORMAL,None,Medium
2071,0,4,40,0.0246,NORMAL,None,Low
2071,0,5,50,0.0236,NORMAL,None,Low
2071,0,6,60,0.0242,NORMAL,None,Low
2072,0,1,10,0.0196,NORMAL,None,Medium
2072,0,2,20,0.0239,NORMAL,None,Medium
2072,0,3,30,0.0254,NORMAL,None,Medium
2072,0,4,40,0.0237,NORMAL,None,Low
2072,0,5,50,0.0237,NORMAL,None,Low
2072,0,6,60,0.0247,NORMAL,None,Low
2073,0,1,10,0.0218,NORMAL,None,Medium
2073,0,2,20,0.0282,NORMAL,None,Medium
2073,0,3,30,0.0273,NORMAL,None,Medium
2073,0,4,40,0.0286,NORMAL,None,Low
2073,0,5,50,0.0286,NORMAL,None,Low
2073,0,6,60,0.0254,NORMAL,None,Low
2074,0,1,10,0.0192,NORMAL,None,Medium
2074,0,2,20,0.0247,NORMAL,None,Medium
2074,0,3,30,0.0264,NORMAL,None,Medium
2074,0,4,40,0.0256,NORMAL,None,Low
2074,0,5,50,0.0256,NORMAL,None,Low
2074,0,6,60,0.0262,NORMAL,None,Low
2075,0,1,10,0.0185,NORMAL,None,Medium
2075,0,2,20,0.0266,NORMAL,None,Medium
2075,0,3,30,0.026,NORMAL,None,Medium
2075,0,4,40,0.026,NORMAL,None,Low
2075,0,5,50,0.0234,NORMAL,None,Low
2075,0,6,60,0.0255,NORMAL,None,Low
2076,0,1,10,0.0162,NORMAL,None,Medium
2076,0,2,20,0.0222,NORMAL,None,Medium
2076,0,3,30,0.0255,NORMAL,None,Medium
2076,0,4,40,0.0256,NORMAL,None,Low
2076,0,5,50,0.0276,NORMAL,None,Low
2076,0,6,60,0.0274,NORMAL,None,Low
2077,0,1,10,0.0175,NORMAL,None,Medium
2077,0,2,20,0.0234,NORMAL,None,Medium
2077,0,3,30,0.0239,NORMAL,None,Medium
2077,0,4,40,0.023,NORMAL,None,Low
2077,0,5,50,0.0265,NORMAL,None,Low
2077,0,6,60,0.0261,NORMAL,None,Low
2078,0,1,10,0.02,NORMAL,None,Medium
2078,0,2,20,0.0251,NORMAL,None,Medium
2078,0,3,30,0.0284,NORMAL,None,Medium
2078,0,4,40,0.0263,NORMAL,None,Low
2078,0,5,50,0.0288,NORMAL,None,Low
2078,0,6,60,0.0257,NORMAL,None,Low
2079,0,1,10,0.0211,NORMAL,None,Medium
2079,0,2,20,0.0242,NORMAL,None,Medium
2079,0,3,30,0.0227,NORMAL,None,Medium
2079,0,4,40,0.0244,NORMAL,None,Low
2079,0,5,50,0.0249,NORMAL,None,Low
2079,0,6,60,0.0253,NORMAL,None,Low
2080,0,1,10,0.0175,NORMAL,None,Medium
2080,0,2,20,0.0219,NORMAL,None,Medium
2080,0,3,30,0.0221,NORMAL,None,Medium
2080,0,4,40,0.0224,NORMAL,None,Low
2080,0,5,50,0.0286,NORMAL,None,Low
2080,0,6,60,0.0249,NORMAL,None,Low
2081,0,1,10,0.0215,NORMAL,None,Medium
2081,0,2,20,0.027,NORMAL,None,Medium
2081,0,3,30,0.0259,NORMAL,None,Medium
2081,0,4,40,0.0287,NORMAL,None,Low
2081,0,5,50,0.0252,NORMAL,None,Low
2081,0,6,60,0.0269,NORMAL,None,Low
2082,0,1,10,0.0246,NORMAL,None,Medium
2082,0,2,20,0.0256,NORMAL,None,Medium
2082,0,3,30,0.0255,NORMAL,None,Medium
2082,0,4,40,0.0222,NORMAL,None,Low
2082,0,5,50,0.0249,NORMAL,None,Low
2082,0,6,60,0.0237,NORMAL,None,Low
2083,0,1,10,0.0188,NORMAL,None,Medium
2083,0,2,20,0.0245,NORMAL,None,Medium
2083,0,3,30,0.025,NORMAL,None,Medium
2083,0,4,40,0.026,NORMAL,None,Low
2083,0,5,50,0.0246,NORMAL,None,Low
2083,0,6,60,0.0233,NORMAL,None,Low
2084,0,1,10,0.0167,NORMAL,None,Medium
2084,0,2,20,0.0227,NORMAL,None,Medium
2084,0,3,30,0.0232,NORMAL,None,Medium
2084,0,4,40,0.0253,NORMAL,None,Low
2084,0,5,50,0.0264,NORMAL,None,Low
2084,0,6,60,0.0258,NORMAL,None,Low
2085,0,1,10,0.0158,NORMAL,None,Medium
2085,0,2,20,0.0196,NORMAL,None,Medium
2085,0,3,30,0.0221,NORMAL,None,Medium
2085,0,4,40,0.0255,NORMAL,None,Low
2085,0,5,50,0.0242,NORMAL,None,Low
2085,0,6,60,0.0264,NORMAL,None,Low
2086,0,1,10,0.0194,NORMAL,None,Medium
2086,0,2,20,0.0238,NORMAL,None,Medium
2086,0,3,30,0.0257,NORMAL,None,Medium
2086,0,4,40,0.0284,NORMAL,None,Low
2086,0,5,50,0.0279,NORMAL,None,Low
2086,0,6,60,0.0261,NORMAL,None,Low
2087,0,1,10,0.021,NORMAL,None,Medium
2087,0,2,20,0.0229,NORMAL,None,Medium
2087,0,3,30,0.0246,NORMAL,None,Medium
2087,0,4,40,0.0245,NORMAL,None,Low
2087,0,5,50,0.0262,NORMAL,None,Low
2087,0,6,60,0.0268,NORMAL,None,Low
2088,0,1,10,0.0345,NORMAL,None,Medium
2088,0,2,20,0.0283,NORMAL,None,Medium
2088,0,3,30,0.0234,NORMAL,None,Medium
2088,0,4,40,0.0238,NORMAL,None,Low
2088,0,5,50,0.0239,NORMAL,None,Low
2088,0,6,60,0.0263,NORMAL,None,Low
2089,0,1,10,0.0387,NORMAL,None,Medium
2089,0,2,20,0.0331,NORMAL,None,Medium
2089,0,3,30,0.0318,NORMAL,None,Medium
2089,0,4,40,0.0294,NORMAL,None,Low
2089,0,5,50,0.0256,NORMAL,None,Low
2089,0,6,60,0.0237,NORMAL,None,Low
2090,0,1,10,0.0442,NORMAL,None,Medium
2090,0,2,20,0.0317,NORMAL,None,Medium
2090,0,3,30,0.0265,NORMAL,None,Medium
2090,0,4,40,0.0248,NORMAL,None,Low
2090,0,5,50,0.0247,NORMAL,None,Low
2090,0,6,60,0.0263,NORMAL,None,Low
2091,0,1,10,0.0494,NORMAL,None,Medium
2091,0,2,20,0.0352,NORMAL,None,Medium
2091,0,3,30,0.0319,NORMAL,None,Medium
2091,0,4,40,0.0271,NORMAL,None,Low
2091,0,5,50,0.0266,NORMAL,None,Low
2091,0,6,60,0.028,NORMAL,None,Low
2092,0,1,10,0.0475,NORMAL,None,Medium
2092,0,2,20,0.0362,NORMAL,None,Medium
2092,0,3,30,0.0298,NORMAL,None,Medium
2092,0,4,40,0.0283,NORMAL,None,Low
2092,0,5,50,0.0293,NORMAL,None,Low
2092,0,6,60,0.0265,NORMAL,None,Low
2093,0,1,10,0.048,NORMAL,None,Medium
2093,0,2,20,0.0383,NORMAL,None,Medium
2093,0,3,30,0.0319,NORMAL,None,Medium
2093,0,4,40,0.0299,NORMAL,None,Low
2093,0,5,50,0.0303,NORMAL,None,Low
2093,0,6,60,0.0308,NORMAL,None,Low
2094,0,1,10,0.0245,NORMAL,None,Medium
2094,0,2,20,0.0275,NORMAL,None,Medium
2094,0,3,30,0.0275,NORMAL,None,Medium
2094,0,4,40,0.0263,NORMAL,None,Low
2094,0,5,50,0.0244,NORMAL,None,Low
2094,0,6,60,0.0257,NORMAL,None,Low
2095,0,1,10,0.0248,NORMAL,None,Medium
2095,0,2,20,0.0261,NORMAL,None,Medium
2095,0,3,30,0.0236,NORMAL,None,Medium
2095,0,4,40,0.0246,NORMAL,None,Low
2095,0,5,50,0.025,NORMAL,None,Low
2095,0,6,60,0.0251,NORMAL,None,Low
2096,0,1,10,0.0234,NORMAL,None,Medium
2096,0,2,20,0.0241,NORMAL,None,Medium
2096,0,3,30,0.0261,NORMAL,None,Medium
2096,0,4,40,0.0222,NORMAL,None,Low
2096,0,5,50,0.0255,NORMAL,None,Low
2096,0,6,60,0.0272,NORMAL,None,Low
2097,0,1,10,0.0474,NORMAL,None,Medium
2097,0,2,20,0.0279,NORMAL,None,Medium
2097,0,3,30,0.0259,NORMAL,None,Medium
2097,0,4,40,0.0256,NORMAL,None,Low
2097,0,5,50,0.0281,NORMAL,None,Low
2097,0,6,60,0.0251,NORMAL,None,Low
2098,0,1,10,0.0512,NORMAL,None,Medium
2098,0,2,20,0.0311,NORMAL,None,Medium
2098,0,3,30,0.0243,NORMAL,None,Medium
2098,0,4,40,0.0223,NORMAL,None,Low
2098,0,5,50,0.0229,NORMAL,None,Low
2098,0,6,60,0.0238,NORMAL,None,Low
2099,0,1,10,0.0422,NORMAL,None,Medium
2099,0,2,20,0.0277,NORMAL,None,Medium
2099,0,3,30,0.0214,NORMAL,None,Medium
2099,0,4,40,0.0244,NORMAL,None,Low
2099,0,5,50,0.0235,NORMAL,None,Low
2099,0,6,60,0.0248,NORMAL,None,Low
2220,0,1,10,0.0177,NORMAL,None,Medium
2220,0,2,20,0.0227,NORMAL,None,Medium
2220,0,3,30,0.026,NORMAL,None,Medium
2220,0,4,40,0.0276,NORMAL,None,Low
2220,0,5,50,0.0242,NORMAL,None,Low
2220,0,6,60,0.023,NORMAL,None,Low
2221,0,1,10,0.0197,NORMAL,None,Medium
2221,0,2,20,0.0257,NORMAL,None,Medium
2221,0,3,30,0.0259,NORMAL,None,Medium
2221,0,4,40,0.0296,NORMAL,None,Low
2221,0,5,50,0.0264,NORMAL,None,Low
2221,0,6,60,0.0264,NORMAL,None,Low
2222,0,1,10,0.0224,NORMAL,None,Medium
2222,0,2,20,0.0242,NORMAL,None,Medium
2222,0,3,30,0.0266,NORMAL,None,Medium
2222,0,4,40,0.0262,NORMAL,None,Low
2222,0,5,50,0.0275,NORMAL,None,Low
2222,0,6,60,0.0264,NORMAL,None,Low
2223,0,1,10,0.0212,NORMAL,None,Medium
2223,0,2,20,0.0241,NORMAL,None,Medium
2223,0,3,30,0.0275,NORMAL,None,Medium
2223,0,4,40,0.0243,NORMAL,None,Low
2223,0,5,50,0.0242,NORMAL,None,Low
2223,0,6,60,0.0246,NORMAL,None,Low
2224,0,1,10,0.0199,NORMAL,None,Medium
2224,0,2,20,0.0242,NORMAL,None,Medium
2224,0,3,30,0.0244,NORMAL,None,Medium
2224,0,4,40,0.0254,NORMAL,None,Low
2224,0,5,50,0.0277,NORMAL,None,Low
2224,0,6,60,0.0278,NORMAL,None,Low
2225,0,1,10,0.0177,NORMAL,None,Medium
2225,0,2,20,0.0219,NORMAL,None,Medium
2225,0,3,30,0.0238,NORMAL,None,Medium
2225,0,4,40,0.026,NORMAL,None,Low
2225,0,5,50,0.0241,NORMAL,None,Low
2225,0,6,60,0.0258,NORMAL,None,Low
2226,0,1,10,0.0184,NORMAL,None,Medium
2226,0,2,20,0.0215,NORMAL,None,Medium
2226,0,3,30,0.0226,NORMAL,None,Medium
2226,0,4,40,0.0266,NORMAL,None,Low
2226,0,5,50,0.0252,NORMAL,None,Low
2226,0,6,60,0.0262,NORMAL,None,Low
2227,0,1,10,0.0174,NORMAL,None,Medium
2227,0,2,20,0.0245,NORMAL,None,Medium
2227,0,3,30,0.0243,NORMAL,None,Medium
2227,0,4,40,0.0239,NORMAL,None,Low
2227,0,5,50,0.0277,NORMAL,None,Low
2227,0,6,60,0.0266,NORMAL,None,Low
2228,0,1,10,0.0177,NORMAL,None,Medium
2228,0,2,20,0.0223,NORMAL,None,Medium
2228,0,3,30,0.0237,NORMAL,None,Medium
2228,0,4,40,0.0235,NORMAL,None,Low
2228,0,5,50,0.0259,NORMAL,None,Low
2228,0,6,60,0.0288,NORMAL,None,Low
2229,0,1,10,0.017,NORMAL,None,Medium
2229,0,2,20,0.0228,NORMAL,None,Medium
2229,0,3,30,0.0269,NORMAL,None,Medium
2229,0,4,40,0.0248,NORMAL,None,Low
2229,0,5,50,0.0235,NORMAL,None,Low
2229,0,6,60,0.0262,NORMAL,None,Low
2230,0,1,10,0.0167,NORMAL,None,Medium
2230,0,2,20,0.0253,NORMAL,None,Medium
2230,0,3,30,0.0245,NORMAL,None,Medium
2230,0,4,40,0.0239,NORMAL,None,Low
2230,0,5,50,0.0264,NORMAL,None,Low
2230,0,6,60,0.0257,NORMAL,None,Low
2231,0,1,10,0.0167,NORMAL,None,Medium
2231,0,2,20,0.022,NORMAL,None,Medium
2231,0,3,30,0.0245,NORMAL,None,Medium
2231,0,4,40,0.0246,NORMAL,None,Low
2231,0,5,50,0.025,NORMAL,None,Low
2231,0,6,60,0.0258,NORMAL,None,Low
2232,0,1,10,0.0171,NORMAL,None,Medium
2232,0,2,20,0.0227,NORMAL,None,Medium
2232,0,3,30,0.025,NORMAL,None,Medium
2232,0,4,40,0.0262,NORMAL,None,Low
2232,0,5,50,0.0246,NORMAL,None,Low
2232,0,6,60,0.026,NORMAL,None,Low
2233,0,1,10,0.0165,NORMAL,None,Medium
2233,0,2,20,0.0247,NORMAL,None,Medium
2233,0,3,30,0.0248,NORMAL,None,Medium
2233,0,4,40,0.0233,NORMAL,None,Low
2233,0,5,50,0.0258,NORMAL,None,Low
2233,0,6,60,0.0263,NORMAL,None,Low
2234,0,1,10,0.0185,NORMAL,None,Medium
2234,0,2,20,0.0238,NORMAL,None,Medium
2234,0,3,30,0.0276,NORMAL,None,Medium
2234,0,4,40,0.0268,NORMAL,None,Low
2234,0,5,50,0.0285,NORMAL,None,Low
2234,0,6,60,0.0295,NORMAL,None,Low
2235,0,1,10,0.0212,NORMAL,None,Medium
2235,0,2,20,0.0274,NORMAL,None,Medium
2235,0,3,30,0.0275,NORMAL,None,Medium
2235,0,4,40,0.0279,NORMAL,None,Low
2235,0,5,50,0.0264,NORMAL,None,Low
2235,0,6,60,0.0249,NORMAL,None,Low
2236,0,1,10,0.0178,NORMAL,None,Medium
2236,0,2,20,0.026,NORMAL,None,Medium
2236,0,3,30,0.0281,NORMAL,None,Medium
2236,0,4,40,0.0274,NORMAL,None,Low
2236,0,5,50,0.0275,NORMAL,None,Low
2236,0,6,60,0.0255,NORMAL,None,Low
2237,0,1,10,0.0189,NORMAL,None,Medium
2237,0,2,20,0.0251,NORMAL,None,Medium
2237,0,3,30,0.0252,NORMAL,None,Medium
2237,0,4,40,0.0261,NORMAL,None,Low
2237,0,5,50,0.0263,NORMAL,None,Low
2237,0,6,60,0.0279,NORMAL,None,Low
2238,0,1,10,0.0209,NORMAL,None,Medium
2238,0,2,20,0.0263,NORMAL,None,Medium
2238,0,3,30,0.0264,NORMAL,None,Medium
2238,0,4,40,0.0248,NORMAL,None,Low
2238,0,5,50,0.0241,NORMAL,None,Low
2238,0,6,60,0.0242,NORMAL,None,Low
2239,0,1,10,0.0205,NORMAL,None,Medium
2239,0,2,20,0.0236,NORMAL,None,Medium
2239,0,3,30,0.027,NORMAL,None,Medium
2239,0,4,40,0.0283,NORMAL,None,Low
2239,0,5,50,0.0262,NORMAL,None,Low
2239,0,6,60,0.0243,NORMAL,None,Low
2240,0,1,10,0.0193,NORMAL,None,Medium
2240,0,2,20,0.0224,NORMAL,None,Medium
2240,0,3,30,0.0262,NORMAL,None,Medium
2240,0,4,40,0.0271,NORMAL,None,Low
2240,0,5,50,0.0291,NORMAL,None,Low
2240,0,6,60,0.0266,NORMAL,None,Low
2241,0,1,10,0.0167,NORMAL,None,Medium
2241,0,2,20,0.021,NORMAL,None,Medium
2241,0,3,30,0.0241,NORMAL,None,Medium
2241,0,4,40,0.0253,NORMAL,None,Low
2241,0,5,50,0.0253,NORMAL,None,Low
2241,0,6,60,0.028,NORMAL,None,Low
2242,0,1,10,0.0164,NORMAL,None,Medium
2242,0,2,20,0.023,NORMAL,None,Medium
2242,0,3,30,0.025,NORMAL,None,Medium
2242,0,4,40,0.0239,NORMAL,None,Low
2242,0,5,50,0.0237,NORMAL,None,Low
2242,0,6,60,0.0261,NORMAL,None,Low
2243,0,1,10,0.0159,NORMAL,None,Medium
2243,0,2,20,0.0255,NORMAL,None,Medium
2243,0,3,30,0.0237,NORMAL,None,Medium
2243,0,4,40,0.0259,NORMAL,None,Low
2243,0,5,50,0.0255,NORMAL,None,Low
2243,0,6,60,0.026,NORMAL,None,Low
2244,0,1,10,0.0158,NORMAL,None,Medium
2244,0,2,20,0.0234,NORMAL,None,Medium
2244,0,3,30,0.0242,NORMAL,None,Medium
2244,0,4,40,0.0283,NORMAL,None,Low
2244,0,5,50,0.0263,NORMAL,None,Low
2244,0,6,60,0.0255,NORMAL,None,Low
2245,0,1,10,0.0153,NORMAL,None,Medium
2245,0,2,20,0.0256,NORMAL,None,Medium
2245,0,3,30,0.0276,NORMAL,None,Medium
2245,0,4,40,0.0257,NORMAL,None,Low
2245,0,5,50,0.0271,NORMAL,None,Low
2245,0,6,60,0.0244,NORMAL,None,Low
2246,0,1,10,0.0144,NORMAL,None,Medium
2246,0,2,20,0.0223,NORMAL,None,Medium
2246,0,3,30,0.024,NORMAL,None,Medium
2246,0,4,40,0.0245,NORMAL,None,Low
2246,0,5,50,0.0241,NORMAL,None,Low
2246,0,6,60,0.0248,NORMAL,None,Low
2247,0,1,10,0.0144,NORMAL,None,Medium
2247,0,2,20,0.0225,NORMAL,None,Medium
2247,0,3,30,0.0246,NORMAL,None,Medium
2247,0,4,40,0.0266,NORMAL,None,Low
2247,0,5,50,0.0304,NORMAL,None,Low
2247,0,6,60,0.0271,NORMAL,None,Low
2248,0,1,10,0.0158,NORMAL,None,Medium
2248,0,2,20,0.021,NORMAL,None,Medium
2248,0,3,30,0.0247,NORMAL,None,Medium
2248,0,4,40,0.027,NORMAL,None,Low
2248,0,5,50,0.0267,NORMAL,None,Low
2248,0,6,60,0.0288,NORMAL,None,Low
2249,0,1,10,0.0168,NORMAL,None,Medium
2249,0,2,20,0.0252,NORMAL,None,Medium
2249,0,3,30,0.0243,NORMAL,None,Medium
2249,0,4,40,0.0278,NORMAL,None,Low
2249,0,5,50,0.026,NORMAL,None,Low
2249,0,6,60,0.0255,NORMAL,None,Low
2370,0,1,10,0.016,NORMAL,None,Medium
2370,0,2,20,0.0197,NORMAL,None,Medium
2370,0,3,30,0.0235,NORMAL,None,Medium
2370,0,4,40,0.0256,NORMAL,None,Low
2370,0,5,50,0.0263,NORMAL,None,Low
2370,0,6,60,0.0262,NORMAL,None,Low
2371,0,1,10,0.0158,NORMAL,None,Medium
2371,0,2,20,0.0199,NORMAL,None,Medium
2371,0,3,30,0.0244,NORMAL,None,Medium
2371,0,4,40,0.0263,NORMAL,None,Low
2371,0,5,50,0.0252,NORMAL,None,Low
2371,0,6,60,0.0231,NORMAL,None,Low
2372,0,1,10,0.0185,NORMAL,None,Medium
2372,0,2,20,0.0238,NORMAL,None,Medium
2372,0,3,30,0.0257,NORMAL,None,Medium
2372,0,4,40,0.0245,NORMAL,None,Low
2372,0,5,50,0.0246,NORMAL,None,Low
2372,0,6,60,0.0241,NORMAL,None,Low
2373,0,1,10,0.0181,NORMAL,None,Medium
2373,0,2,20,0.0217,NORMAL,None,Medium
2373,0,3,30,0.0208,NORMAL,None,Medium
2373,0,4,40,0.0235,NORMAL,None,Low
2373,0,5,50,0.0229,NORMAL,None,Low
2373,0,6,60,0.0244,NORMAL,None,Low
2374,0,1,10,0.0153,NORMAL,None,Medium
2374,0,2,20,0.0224,NORMAL,None,Medium
2374,0,3,30,0.024,NORMAL,None,Medium
2374,0,4,40,0.0237,NORMAL,None,Low
2374,0,5,50,0.0236,NORMAL,None,Low
2374,0,6,60,0.0262,NORMAL,None,Low
2375,0,1,10,0.0146,NORMAL,None,Medium
2375,0,2,20,0.0192,NORMAL,None,Medium
2375,0,3,30,0.0226,NORMAL,None,Medium
2375,0,4,40,0.0222,NORMAL,None,Low
2375,0,5,50,0.0239,NORMAL,None,Low
2375,0,6,60,0.0246,NORMAL,None,Low
2376,0,1,10,0.0183,NORMAL,None,Medium
2376,0,2,20,0.021,NORMAL,None,Medium
2376,0,3,30,0.0256,NORMAL,None,Medium
2376,0,4,40,0.0277,NORMAL,None,Low
2376,0,5,50,0.0255,NORMAL,None,Low
2376,0,6,60,0.0248,NORMAL,None,Low
2377,0,1,10,0.0184,NORMAL,None,Medium
2377,0,2,20,0.0226,NORMAL,None,Medium
2377,0,3,30,0.0237,NORMAL,None,Medium
2377,0,4,40,0.0247,NORMAL,None,Low
2377,0,5,50,0.0256,NORMAL,None,Low
2377,0,6,60,0.0275,NORMAL,None,Low
2378,0,1,10,0.0201,NORMAL,None,Medium
2378,0,2,20,0.0225,NORMAL,None,Medium
2378,0,3,30,0.0207,NORMAL,None,Medium
2378,0,4,40,0.0252,NORMAL,None,Low
2378,0,5,50,0.0283,NORMAL,None,Low
2378,0,6,60,0.0236,NORMAL,None,Low
2379,0,1,10,0.0293,NORMAL,None,Medium
2379,0,2,20,0.0234,NORMAL,None,Medium
2379,0,3,30,0.0261,NORMAL,None,Medium
2379,0,4,40,0.026,NORMAL,None,Low
2379,0,5,50,0.0266,NORMAL,None,Low
2379,0,6,60,0.0243,NORMAL,None,Low
2380,0,1,10,0.0338,NORMAL,None,Medium
2380,0,2,20,0.0277,NORMAL,None,Medium
2380,0,3,30,0.022,NORMAL,None,Medium
2380,0,4,40,0.0247,NORMAL,None,Low
2380,0,5,50,0.025,NORMAL,None,Low
2380,0,6,60,0.0242,NORMAL,None,Low
2381,0,1,10,0.0259,NORMAL,None,Medium
2381,0,2,20,0.0255,NORMAL,None,Medium
2381,0,3,30,0.0239,NORMAL,None,Medium
2381,0,4,40,0.0251,NORMAL,None,Low
2381,0,5,50,0.0264,NORMAL,None,Low
2381,0,6,60,0.0266,NORMAL,None,Low
2382,0,1,10,0.0326,NORMAL,None,Medium
2382,0,2,20,0.0303,NORMAL,None,Medium
2382,0,3,30,0.0309,NORMAL,None,Medium
2382,0,4,40,0.0279,NORMAL,None,Low
2382,0,5,50,0.0268,NORMAL,None,Low
2382,0,6,60,0.0278,NORMAL,None,Low
2383,0,1,10,0.0389,NORMAL,None,Medium
2383,0,2,20,0.0292,NORMAL,None,Medium
2383,0,3,30,0.0309,NORMAL,None,Medium
2383,0,4,40,0.0257,NORMAL,None,Low
2383,0,5,50,0.026,NORMAL,None,Low
2383,0,6,60,0.0273,NORMAL,None,Low
2384,0,1,10,0.0257,NORMAL,None,Medium
2384,0,2,20,0.0252,NORMAL,None,Medium
2384,0,3,30,0.0267,NORMAL,None,Medium
2384,0,4,40,0.0246,NORMAL,None,Low
2384,0,5,50,0.0275,NORMAL,None,Low
2384,0,6,60,0.0273,NORMAL,None,Low
2385,0,1,10,0.0243,NORMAL,None,Medium
2385,0,2,20,0.0267,NORMAL,None,Medium
2385,0,3,30,0.0252,NORMAL,None,Medium
2385,0,4,40,0.0251,NORMAL,None,Low
2385,0,5,50,0.0254,NORMAL,None,Low
2385,0,6,60,0.0226,NORMAL,None,Low
2386,0,1,10,0.0196,NORMAL,None,Medium
2386,0,2,20,0.0235,NORMAL,None,Medium
2386,0,3,30,0.0263,NORMAL,None,Medium
2386,0,4,40,0.0229,NORMAL,None,Low
2386,0,5,50,0.0262,NORMAL,None,Low
2386,0,6,60,0.0262,NORMAL,None,Low
2387,0,1,10,0.0165,NORMAL,None,Medium
2387,0,2,20,0.0215,NORMAL,None,Medium
2387,0,3,30,0.0247,NORMAL,None,Medium
2387,0,4,40,0.023,NORMAL,None,Low
2387,0,5,50,0.024,NORMAL,None,Low
2387,0,6,60,0.0266,NORMAL,None,Low
2388,0,1,10,0.0159,NORMAL,None,Medium
2388,0,2,20,0.0216,NORMAL,None,Medium
2388,0,3,30,0.023,NORMAL,None,Medium
2388,0,4,40,0.026,NORMAL,None,Low
2388,0,5,50,0.0233,NORMAL,None,Low
2388,0,6,60,0.025,NORMAL,None,Low
2389,0,1,10,0.0165,NORMAL,None,Medium
2389,0,2,20,0.0219,NORMAL,None,Medium
2389,0,3,30,0.0234,NORMAL,None,Medium
2389,0,4,40,0.0234,NORMAL,None,Low
2389,0,5,50,0.0238,NORMAL,None,Low
2389,0,6,60,0.0238,NORMAL,None,Low
2390,0,1,10,0.018,NORMAL,None,Medium
2390,0,2,20,0.0196,NORMAL,None,Medium
2390,0,3,30,0.0229,NORMAL,None,Medium
2390,0,4,40,0.0243,NORMAL,None,Low
2390,0,5,50,0.0281,NORMAL,None,Low
2390,0,6,60,0.0259,NORMAL,None,Low
2391,0,1,10,0.0145,NORMAL,None,Medium
2391,0,2,20,0.0181,NORMAL,None,Medium
2391,0,3,30,0.0231,NORMAL,None,Medium
2391,0,4,40,0.025,NORMAL,None,Low
2391,0,5,50,0.0252,NORMAL,None,Low
2391,0,6,60,0.0234,NORMAL,None,Low
2392,0,1,10,0.0155,NORMAL,None,Medium
2392,0,2,20,0.0233,NORMAL,None,Medium
2392,0,3,30,0.0211,NORMAL,None,Medium
2392,0,4,40,0.025,NORMAL,None,Low
2392,0,5,50,0.0271,NORMAL,None,Low
2392,0,6,60,0.0267,NORMAL,None,Low
2393,0,1,10,0.0166,NORMAL,None,Medium
2393,0,2,20,0.0205,NORMAL,None,Medium
2393,0,3,30,0.0254,NORMAL,None,Medium
2393,0,4,40,0.025,NORMAL,None,Low
2393,0,5,50,0.025,NORMAL,None,Low
2393,0,6,60,0.0271,NORMAL,None,Low
2394,0,1,10,0.02,NORMAL,None,Medium
2394,0,2,20,0.0217,NORMAL,None,Medium
2394,0,3,30,0.0257,NORMAL,None,Medium
2394,0,4,40,0.0251,NORMAL,None,Low
2394,0,5,50,0.0222,NORMAL,None,Low
2394,0,6,60,0.0241,NORMAL,None,Low
2395,0,1,10,0.0205,NORMAL,None,Medium
2395,0,2,20,0.0253,NORMAL,None,Medium
2395,0,3,30,0.0261,NORMAL,None,Medium
2395,0,4,40,0.026,NORMAL,None,Low
2395,0,5,50,0.0233,NORMAL,None,Low
2395,0,6,60,0.023,NORMAL,None,Low
2396,0,1,10,0.0216,NORMAL,None,Medium
2396,0,2,20,0.0225,NORMAL,None,Medium
2396,0,3,30,0.0224,NORMAL,None,Medium
2396,0,4,40,0.0268,NORMAL,None,Low
2396,0,5,50,0.0257,NORMAL,None,Low
2396,0,6,60,0.0264,NORMAL,None,Low
2397,0,1,10,0.0169,NORMAL,None,Medium
2397,0,2,20,0.0221,NORMAL,None,Medium
2397,0,3,30,0.023,NORMAL,None,Medium
2397,0,4,40,0.0228,NORMAL,None,Low
2397,0,5,50,0.0269,NORMAL,None,Low
2397,0,6,60,0.0264,NORMAL,None,Low
2398,0,1,10,0.0153,NORMAL,None,Medium
2398,0,2,20,0.0209,NORMAL,None,Medium
2398,0,3,30,0.0228,NORMAL,None,Medium
2398,0,4,40,0.0245,NORMAL,None,Low
2398,0,5,50,0.023,NORMAL,None,Low
2398,0,6,60,0.0226,NORMAL,None,Low
2399,0,1,10,0.0151,NORMAL,None,Medium
2399,0,2,20,0.0232,NORMAL,None,Medium
2399,0,3,30,0.0228,NORMAL,None,Medium
2399,0,4,40,0.0249,NORMAL,None,Low
2399,0,5,50,0.0245,NORMAL,None,Low
2399,0,6,60,0.0239,NORMAL,None,Low
2520,0,1,10,0.0146,NORMAL,None,Medium
2520,0,2,20,0.02,NORMAL,None,Medium
2520,0,3,30,0.0228,NORMAL,None,Medium
2520,0,4,40,0.0249,NORMAL,None,Low
2520,0,5,50,0.0257,NORMAL,None,Low
2520,0,6,60,0.0238,NORMAL,None,Low
2521,0,1,10,0.014,NORMAL,None,Medium
2521,0,2,20,0.021,NORMAL,None,Medium
2521,0,3,30,0.0219,NORMAL,None,Medium
2521,0,4,40,0.0247,NORMAL,None,Low
2521,0,5,50,0.0266,NORMAL,None,Low
2521,0,6,60,0.0239,NORMAL,None,Low
2522,0,1,10,0.0173,NORMAL,None,Medium
2522,0,2,20,0.0237,NORMAL,None,Medium
2522,0,3,30,0.0222,NORMAL,None,Medium
2522,0,4,40,0.0264,NORMAL,None,Low
2522,0,5,50,0.0292,NORMAL,None,Low
2522,0,6,60,0.0281,NORMAL,None,Low
2523,0,1,10,0.0157,NORMAL,None,Medium
2523,0,2,20,0.0249,NORMAL,None,Medium
2523,0,3,30,0.0251,NORMAL,None,Medium
2523,0,4,40,0.0261,NORMAL,None,Low
2523,0,5,50,0.026,NORMAL,None,Low
2523,0,6,60,0.0256,NORMAL,None,Low
2524,0,1,10,0.0155,NORMAL,None,Medium
2524,0,2,20,0.0233,NORMAL,None,Medium
2524,0,3,30,0.0268,NORMAL,None,Medium
2524,0,4,40,0.0275,NORMAL,None,Low
2524,0,5,50,0.0259,NORMAL,None,Low
2524,0,6,60,0.0256,NORMAL,None,Low
2525,0,1,10,0.0145,NORMAL,None,Medium
2525,0,2,20,0.0214,NORMAL,None,Medium
2525,0,3,30,0.0237,NORMAL,None,Medium
2525,0,4,40,0.0254,NORMAL,None,Low
2525,0,5,50,0.0266,NORMAL,None,Low
2525,0,6,60,0.0245,NORMAL,None,Low
2526,0,1,10,0.0157,NORMAL,None,Medium
2526,0,2,20,0.0203,NORMAL,None,Medium
2526,0,3,30,0.0241,NORMAL,None,Medium
2526,0,4,40,0.0245,NORMAL,None,Low
2526,0,5,50,0.0269,NORMAL,None,Low
2526,0,6,60,0.025,NORMAL,None,Low
2527,0,1,10,0.0158,NORMAL,None,Medium
2527,0,2,20,0.023,NORMAL,None,Medium
2527,0,3,30,0.0255,NORMAL,None,Medium
2527,0,4,40,0.0242,NORMAL,None,Low
2527,0,5,50,0.0266,NORMAL,None,Low
2527,0,6,60,0.026,NORMAL,None,Low
2528,0,1,10,0.0161,NORMAL,None,Medium
2528,0,2,20,0.0216,NORMAL,None,Medium
2528,0,3,30,0.0228,NORMAL,None,Medium
2528,0,4,40,0.0261,NORMAL,None,Low
2528,0,5,50,0.0259,NORMAL,None,Low
2528,0,6,60,0.0286,NORMAL,None,Low
2529,0,1,10,0.0144,NORMAL,None,Medium
2529,0,2,20,0.0237,NORMAL,None,Medium
2529,0,3,30,0.0211,NORMAL,None,Medium
2529,0,4,40,0.0238,NORMAL,None,Low
2529,0,5,50,0.028,NORMAL,None,Low
2529,0,6,60,0.0278,NORMAL,None,Low
2530,0,1,10,0.016,NORMAL,None,Medium
2530,0,2,20,0.0204,NORMAL,None,Medium
2530,0,3,30,0.0233,NORMAL,None,Medium
2530,0,4,40,0.0262,NORMAL,None,Low
2530,0,5,50,0.0276,NORMAL,None,Low
2530,0,6,60,0.0268,NORMAL,None,Low
2531,0,1,10,0.0137,NORMAL,None,Medium
2531,0,2,20,0.0201,NORMAL,None,Medium
2531,0,3,30,0.0229,NORMAL,None,Medium
2531,0,4,40,0.0247,NORMAL,None,Low
2531,0,5,50,0.0243,NORMAL,None,Low
2531,0,6,60,0.0248,NORMAL,None,Low
2532,0,1,10,0.0155,NORMAL,None,Medium
2532,0,2,20,0.0214,NORMAL,None,Medium
2532,0,3,30,0.0222,NORMAL,None,Medium
2532,0,4,40,0.0249,NORMAL,None,Low
2532,0,5,50,0.0245,NORMAL,None,Low
2532,0,6,60,0.0248,NORMAL,None,Low
2533,0,1,10,0.0133,NORMAL,None,Medium
2533,0,2,20,0.0206,NORMAL,None,Medium
2533,0,3,30,0.0224,NORMAL,None,Medium
2533,0,4,40,0.0219,NORMAL,None,Low
2533,0,5,50,0.0255,NORMAL,None,Low
2533,0,6,60,0.0242,NORMAL,None,Low
2534,0,1,10,0.0158,NORMAL,None,Medium
2534,0,2,20,0.0233,NORMAL,None,Medium
2534,0,3,30,0.0285,NORMAL,None,Medium
2534,0,4,40,0.0255,NORMAL,None,Low
2534,0,5,50,0.0248,NORMAL,None,Low
2534,0,6,60,0.0252,NORMAL,None,Low
2535,0,1,10,0.0154,NORMAL,None,Medium
2535,0,2,20,0.0231,NORMAL,None,Medium
2535,0,3,30,0.0224,NORMAL,None,Medium
2535,0,4,40,0.0228,NORMAL,None,Low
2535,0,5,50,0.0267,NORMAL,None,Low
2535,0,6,60,0.025,NORMAL,None,Low
2536,0,1,10,0.016,NORMAL,None,Medium
2536,0,2,20,0.0203,NORMAL,None,Medium
2536,0,3,30,0.0227,NORMAL,None,Medium
2536,0,4,40,0.0241,NORMAL,None,Low
2536,0,5,50,0.0244,NORMAL,None,Low
2536,0,6,60,0.025,NORMAL,None,Low
2537,0,1,10,0.0145,NORMAL,None,Medium
2537,0,2,20,0.0211,NORMAL,None,Medium
2537,0,3,30,0.0253,NORMAL,None,Medium
2537,0,4,40,0.0254,NORMAL,None,Low
2537,0,5,50,0.0272,NORMAL,None,Low
2537,0,6,60,0.0277,NORMAL,None,Low
2538,0,1,10,0.0238,NORMAL,None,Medium
2538,0,2,20,0.0305,NORMAL,None,Medium
2538,0,3,30,0.0293,NORMAL,None,Medium
2538,0,4,40,0.0267,NORMAL,None,Low
2538,0,5,50,0.0261,NORMAL,None,Low
2538,0,6,60,0.0283,NORMAL,None,Low
2539,0,1,10,0.0306,NORMAL,None,Medium
2539,0,2,20,0.0311,NORMAL,None,Medium
2539,0,3,30,0.0289,NORMAL,None,Medium
2539,0,4,40,0.0306,NORMAL,None,Low
2539,0,5,50,0.0271,NORMAL,None,Low
2539,0,6,60,0.0325,NORMAL,None,Low
2540,0,1,10,0.0325,NORMAL,None,Medium
2540,0,2,20,0.0316,NORMAL,None,Medium
2540,0,3,30,0.0297,NORMAL,None,Medium
2540,0,4,40,0.0301,NORMAL,None,Low
2540,0,5,50,0.028,NORMAL,None,Low
2540,0,6,60,0.0274,NORMAL,None,Low
2541,0,1,10,0.0527,NORMAL,None,Medium
2541,0,2,20,0.0473,NORMAL,None,Medium
2541,0,3,30,0.0377,NORMAL,None,Medium
2541,0,4,40,0.0332,NORMAL,None,Low
2541,0,5,50,0.0335,NORMAL,None,Low
2541,0,6,60,0.0326,NORMAL,None,Low
2542,0,1,10,0.0499,NORMAL,None,Medium
2542,0,2,20,0.0454,NORMAL,None,Medium
2542,0,3,30,0.0375,NORMAL,None,Medium
2542,0,4,40,0.0341,NORMAL,None,Low
2542,0,5,50,0.0346,NORMAL,None,Low
2542,0,6,60,0.0306,NORMAL,None,Low
2543,0,1,10,0.0252,NORMAL,None,Medium
2543,0,2,20,0.0289,NORMAL,None,Medium
2543,0,3,30,0.0273,NORMAL,None,Medium
2543,0,4,40,0.0273,NORMAL,None,Low
2543,0,5,50,0.0295,NORMAL,None,Low
2543,0,6,60,0.0273,NORMAL,None,Low
2544,0,1,10,0.0253,NORMAL,None,Medium
2544,0,2,20,0.0291,NORMAL,None,Medium
2544,0,3,30,0.0271,NORMAL,None,Medium
2544,0,4,40,0.0261,NORMAL,None,Low
2544,0,5,50,0.0288,NORMAL,None,Low
2544,0,6,60,0.0279,NORMAL,None,Low
2545,0,1,10,0.0273,NORMAL,None,Medium
2545,0,2,20,0.0295,NORMAL,None,Medium
2545,0,3,30,0.0285,NORMAL,None,Medium
2545,0,4,40,0.0267,NORMAL,None,Low
2545,0,5,50,0.0287,NORMAL,None,Low
2545,0,6,60,0.0284,NORMAL,None,Low
2546,0,1,10,0.0169,NORMAL,None,Medium
2546,0,2,20,0.0213,NORMAL,None,Medium
2546,0,3,30,0.0226,NORMAL,None,Medium
2546,0,4,40,0.0205,NORMAL,None,Low
2546,0,5,50,0.0262,NORMAL,None,Low
2546,0,6,60,0.0217,NORMAL,None,Low
2547,0,1,10,0.0152,NORMAL,None,Medium
2547,0,2,20,0.0225,NORMAL,None,Medium
2547,0,3,30,0.0238,NORMAL,None,Medium
2547,0,4,40,0.0261,NORMAL,None,Low
2547,0,5,50,0.0236,NORMAL,None,Low
2547,0,6,60,0.0252,NORMAL,None,Low
2548,0,1,10,0.0152,NORMAL,None,Medium
2548,0,2,20,0.0203,NORMAL,None,Medium
2548,0,3,30,0.0253,NORMAL,None,Medium
2548,0,4,40,0.0261,NORMAL,None,Low
2548,0,5,50,0.0266,NORMAL,None,Low
2548,0,6,60,0.0269,NORMAL,None,Low
2549,0,1,10,0.0134,NORMAL,None,Medium
2549,0,2,20,0.0221,NORMAL,None,Medium
2549,0,3,30,0.0237,NORMAL,None,Medium
2549,0,4,40,0.0262,NORMAL,None,Low
2549,0,5,50,0.0257,NORMAL,None,Low
2549,0,6,60,0.0269,NORMAL,None,Low
2670,0,1,10,0.0151,NORMAL,None,Medium
2670,0,2,20,0.0224,NORMAL,None,Medium
2670,0,3,30,0.0266,NORMAL,None,Medium
2670,0,4,40,0.0269,NORMAL,None,Low
2670,0,5,50,0.023,NORMAL,None,Low
2670,0,6,60,0.025,NORMAL,None,Low
2671,0,1,10,0.0159,NORMAL,None,Medium
2671,0,2,20,0.0225,NORMAL,None,Medium
2671,0,3,30,0.0221,NORMAL,None,Medium
2671,0,4,40,0.0261,NORMAL,None,Low
2671,0,5,50,0.0273,NORMAL,None,Low
2671,0,6,60,0.0243,NORMAL,None,Low
2672,0,1,10,0.0159,NORMAL,None,Medium
2672,0,2,20,0.0198,NORMAL,None,Medium
2672,0,3,30,0.0219,NORMAL,None,Medium
2672,0,4,40,0.0239,NORMAL,None,Low
2672,0,5,50,0.0225,NORMAL,None,Low
2672,0,6,60,0.0243,NORMAL,None,Low
2673,0,1,10,0.0158,NORMAL,None,Medium
2673,0,2,20,0.0256,NORMAL,None,Medium
2673,0,3,30,0.0239,NORMAL,None,Medium
2673,0,4,40,0.0259,NORMAL,None,Low
2673,0,5,50,0.027,NORMAL,None,Low
2673,0,6,60,0.0288,NORMAL,None,Low
2674,0,1,10,0.015,NORMAL,None,Medium
2674,0,2,20,0.0215,NORMAL,None,Medium
2674,0,3,30,0.0225,NORMAL,None,Medium
2674,0,4,40,0.023,NORMAL,None,Low
2674,0,5,50,0.0273,NORMAL,None,Low
2674,0,6,60,0.0273,NORMAL,None,Low
2675,0,1,10,0.0153,NORMAL,None,Medium
2675,0,2,20,0.0217,NORMAL,None,Medium
2675,0,3,30,0.0237,NORMAL,None,Medium
2675,0,4,40,0.0255,NORMAL,None,Low
2675,0,5,50,0.0252,NORMAL,None,Low
2675,0,6,60,0.0271,NORMAL,None,Low
2676,0,1,10,0.0151,NORMAL,None,Medium
2676,0,2,20,0.0227,NORMAL,None,Medium
2676,0,3,30,0.0225,NORMAL,None,Medium
2676,0,4,40,0.0235,NORMAL,None,Low
2676,0,5,50,0.0243,NORMAL,None,Low
2676,0,6,60,0.0249,NORMAL,None,Low
2677,0,1,10,0.0147,NORMAL,None,Medium
2677,0,2,20,0.019,NORMAL,None,Medium
2677,0,3,30,0.0217,NORMAL,None,Medium
2677,0,4,40,0.0243,NORMAL,None,Low
2677,0,5,50,0.0212,NORMAL,None,Low
2677,0,6,60,0.0249,NORMAL,None,Low
2678,0,1,10,0.0147,NORMAL,None,Medium
2678,0,2,20,0.0195,NORMAL,None,Medium
2678,0,3,30,0.026,NORMAL,None,Medium
2678,0,4,40,0.0239,NORMAL,None,Low
2678,0,5,50,0.0262,NORMAL,None,Low
2678,0,6,60,0.026,NORMAL,None,Low
2679,0,1,10,0.0148,NORMAL,None,Medium
2679,0,2,20,0.0224,NORMAL,None,Medium
2679,0,3,30,0.0234,NORMAL,None,Medium
2679,0,4,40,0.0235,NORMAL,None,Low
2679,0,5,50,0.024,NORMAL,None,Low
2679,0,6,60,0.0253,NORMAL,None,Low
2680,0,1,10,0.0144,NORMAL,None,Medium
2680,0,2,20,0.0181,NORMAL,None,Medium
2680,0,3,30,0.0248,NORMAL,None,Medium
2680,0,4,40,0.0261,NORMAL,None,Low
2680,0,5,50,0.024,NORMAL,None,Low
2680,0,6,60,0.0242,NORMAL,None,Low
2681,0,1,10,0.0154,NORMAL,None,Medium
2681,0,2,20,0.02,NORMAL,None,Medium
2681,0,3,30,0.0239,NORMAL,None,Medium
2681,0,4,40,0.0226,NORMAL,None,Low
2681,0,5,50,0.025,NORMAL,None,Low
2681,0,6,60,0.0233,NORMAL,None,Low
2682,0,1,10,0.0152,NORMAL,None,Medium
2682,0,2,20,0.0203,NORMAL,None,Medium
2682,0,3,30,0.023,NORMAL,None,Medium
2682,0,4,40,0.0267,NORMAL,None,Low
2682,0,5,50,0.0264,NORMAL,None,Low
2682,0,6,60,0.0264,NORMAL,None,Low
2683,0,1,10,0.0143,NORMAL,None,Medium
2683,0,2,20,0.0209,NORMAL,None,Medium
2683,0,3,30,0.024,NORMAL,None,Medium
2683,0,4,40,0.0262,NORMAL,None,Low
2683,0,5,50,0.0252,NORMAL,None,Low
2683,0,6,60,0.0241,NORMAL,None,Low
2684,0,1,10,0.0145,NORMAL,None,Medium
2684,0,2,20,0.0209,NORMAL,None,Medium
2684,0,3,30,0.0218,NORMAL,None,Medium
2684,0,4,40,0.0229,NORMAL,None,Low
2684,0,5,50,0.0259,NORMAL,None,Low
2684,0,6,60,0.0274,NORMAL,None,Low
2685,0,1,10,0.0158,NORMAL,None,Medium
2685,0,2,20,0.0219,NORMAL,None,Medium
2685,0,3,30,0.0241,NORMAL,None,Medium
2685,0,4,40,0.0256,NORMAL,None,Low
2685,0,5,50,0.0248,NORMAL,None,Low
2685,0,6,60,0.0278,NORMAL,None,Low
2686,0,1,10,0.0145,NORMAL,None,Medium
2686,0,2,20,0.0195,NORMAL,None,Medium
2686,0,3,30,0.0228,NORMAL,None,Medium
2686,0,4,40,0.0237,NORMAL,None,Low
2686,0,5,50,0.0219,NORMAL,None,Low
2686,0,6,60,0.0233,NORMAL,None,Low
2687,0,1,10,0.0142,NORMAL,None,Medium
2687,0,2,20,0.0207,NORMAL,None,Medium
2687,0,3,30,0.0246,NORMAL,None,Medium
2687,0,4,40,0.0256,NORMAL,None,Low
2687,0,5,50,0.0257,NORMAL,None,Low
2687,0,6,60,0.0274,NORMAL,None,Low
2688,0,1,10,0.0174,NORMAL,None,Medium
2688,0,2,20,0.0215,NORMAL,None,Medium
2688,0,3,30,0.0241,NORMAL,None,Medium
2688,0,4,40,0.0267,NORMAL,None,Low
2688,0,5,50,0.0274,NORMAL,None,Low
2688,0,6,60,0.0316,NORMAL,None,Low
2689,0,1,10,0.0311,NORMAL,None,Medium
2689,0,2,20,0.0304,NORMAL,None,Medium
2689,0,3,30,0.0294,NORMAL,None,Medium
2689,0,4,40,0.0284,NORMAL,None,Low
2689,0,5,50,0.0278,NORMAL,None,Low
2689,0,6,60,0.0274,NORMAL,None,Low
2690,0,1,10,0.0372,NORMAL,None,Medium
2690,0,2,20,0.0338,NORMAL,None,Medium
2690,0,3,30,0.035,NORMAL,None,Medium
2690,0,4,40,0.0314,NORMAL,None,Low
2690,0,5,50,0.0292,NORMAL,None,Low
2690,0,6,60,0.0266,NORMAL,None,Low
2691,0,1,10,0.0718,NORMAL,None,Medium
2691,0,2,20,0.0488,NORMAL,None,Medium
2691,0,3,30,0.0365,NORMAL,None,Medium
2691,0,4,40,0.0325,NORMAL,None,Low
2691,0,5,50,0.0292,NORMAL,None,Low
2691,0,6,60,0.0291,NORMAL,None,Low
2692,0,1,10,0.0298,NORMAL,None,Medium
2692,0,2,20,0.0308,NORMAL,None,Medium
2692,0,3,30,0.0273,NORMAL,None,Medium
2692,0,4,40,0.0283,NORMAL,None,Low
2692,0,5,50,0.0268,NORMAL,None,Low
2692,0,6,60,0.0243,NORMAL,None,Low
2693,0,1,10,0.0222,NORMAL,None,Medium
2693,0,2,20,0.0245,NORMAL,None,Medium
2693,0,3,30,0.0221,NORMAL,None,Medium
2693,0,4,40,0.0223,NORMAL,None,Low
2693,0,5,50,0.0255,NORMAL,None,Low
2693,0,6,60,0.0247,NORMAL,None,Low
2694,0,1,10,0.0194,NORMAL,None,Medium
2694,0,2,20,0.0229,NORMAL,None,Medium
2694,0,3,30,0.0266,NORMAL,None,Medium
2694,0,4,40,0.0276,NORMAL,None,Low
2694,0,5,50,0.0266,NORMAL,None,Low
2694,0,6,60,0.0284,NORMAL,None,Low
2695,0,1,10,0.016,NORMAL,None,Medium
2695,0,2,20,0.0225,NORMAL,None,Medium
2695,0,3,30,0.0237,NORMAL,None,Medium
2695,0,4,40,0.0252,NORMAL,None,Low
2695,0,5,50,0.0268,NORMAL,None,Low
2695,0,6,60,0.0264,NORMAL,None,Low
2696,0,1,10,0.0165,NORMAL,None,Medium
2696,0,2,20,0.0215,NORMAL,None,Medium
2696,0,3,30,0.0234,NORMAL,None,Medium
2696,0,4,40,0.0246,NORMAL,None,Low
2696,0,5,50,0.0287,NORMAL,None,Low
2696,0,6,60,0.0262,NORMAL,None,Low
2697,0,1,10,0.0157,NORMAL,None,Medium
2697,0,2,20,0.0209,NORMAL,None,Medium
2697,0,3,30,0.0237,NORMAL,None,Medium
2697,0,4,40,0.0256,NORMAL,None,Low
2697,0,5,50,0.0295,NORMAL,None,Low
2697,0,6,60,0.0262,NORMAL,None,Low
2698,0,1,10,0.0165,NORMAL,None,Medium
2698,0,2,20,0.0223,NORMAL,None,Medium
2698,0,3,30,0.0238,NORMAL,None,Medium
2698,0,4,40,0.0268,NORMAL,None,Low
2698,0,5,50,0.0237,NORMAL,None,Low
2698,0,6,60,0.025,NORMAL,None,Low
2699,0,1,10,0.0161,NORMAL,None,Medium
2699,0,2,20,0.0217,NORMAL,None,Medium
2699,0,3,30,0.0221,NORMAL,None,Medium
2699,0,4,40,0.0246,NORMAL,None,Low
2699,0,5,50,0.0232,NORMAL,None,Low
2699,0,6,60,0.0237,NORMAL,None,Low
2820,0,1,10,0.0176,NORMAL,None,Medium
2820,0,2,20,0.0225,NORMAL,None,Medium
2820,0,3,30,0.0231,NORMAL,None,Medium
2820,0,4,40,0.0281,NORMAL,None,Low
2820,0,5,50,0.0267,NORMAL,None,Low
2820,0,6,60,0.0257,NORMAL,None,Low
2821,0,1,10,0.0159,NORMAL,None,Medium
2821,0,2,20,0.0223,NORMAL,None,Medium
2821,0,3,30,0.0232,NORMAL,None,Medium
2821,0,4,40,0.0277,NORMAL,None,Low
2821,0,5,50,0.0271,NORMAL,None,Low
2821,0,6,60,0.026,NORMAL,None,Low
2822,0,1,10,0.0149,NORMAL,None,Medium
2822,0,2,20,0.022,NORMAL,None,Medium
2822,0,3,30,0.024,NORMAL,None,Medium
2822,0,4,40,0.0239,NORMAL,None,Low
2822,0,5,50,0.0253,NORMAL,None,Low
2822,0,6,60,0.0265,NORMAL,None,Low
2823,0,1,10,0.0161,NORMAL,None,Medium
2823,0,2,20,0.0209,NORMAL,None,Medium
2823,0,3,30,0.0239,NORMAL,None,Medium
2823,0,4,40,0.024,NORMAL,None,Low
2823,0,5,50,0.0262,NORMAL,None,Low
2823,0,6,60,0.0252,NORMAL,None,Low
2824,0,1,10,0.0148,NORMAL,None,Medium
2824,0,2,20,0.0216,NORMAL,None,Medium
2824,0,3,30,0.023,NORMAL,None,Medium
2824,0,4,40,0.0242,NORMAL,None,Low
2824,0,5,50,0.0267,NORMAL,None,Low
2824,0,6,60,0.025,NORMAL,None,Low
2825,0,1,10,0.0161,NORMAL,None,Medium
2825,0,2,20,0.0218,NORMAL,None,Medium
2825,0,3,30,0.0252,NORMAL,None,Medium
2825,0,4,40,0.0257,NORMAL,None,Low
2825,0,5,50,0.0258,NORMAL,None,Low
2825,0,6,60,0.0265,NORMAL,None,Low
2826,0,1,10,0.0145,NORMAL,None,Medium
2826,0,2,20,0.0213,NORMAL,None,Medium
2826,0,3,30,0.0227,NORMAL,None,Medium
2826,0,4,40,0.0233,NORMAL,None,Low
2826,0,5,50,0.0248,NORMAL,None,Low
2826,0,6,60,0.025,NORMAL,None,Low
2827,0,1,10,0.0138,NORMAL,None,Medium
2827,0,2,20,0.0198,NORMAL,None,Medium
2827,0,3,30,0.0224,NORMAL,None,Medium
2827,0,4,40,0.0253,NORMAL,None,Low
2827,0,5,50,0.0294,NORMAL,None,Low
2827,0,6,60,0.0288,NORMAL,None,Low
2828,0,1,10,0.0132,NORMAL,None,Medium
2828,0,2,20,0.0214,NORMAL,None,Medium
2828,0,3,30,0.0227,NORMAL,None,Medium
2828,0,4,40,0.0243,NORMAL,None,Low
2828,0,5,50,0.0245,NORMAL,None,Low
2828,0,6,60,0.0266,NORMAL,None,Low
2829,0,1,10,0.0153,NORMAL,None,Medium
2829,0,2,20,0.0206,NORMAL,None,Medium
2829,0,3,30,0.0231,NORMAL,None,Medium
2829,0,4,40,0.0245,NORMAL,None,Low
2829,0,5,50,0.0246,NORMAL,None,Low
2829,0,6,60,0.0232,NORMAL,None,Low
2830,0,1,10,0.0131,NORMAL,None,Medium
2830,0,2,20,0.0218,NORMAL,None,Medium
2830,0,3,30,0.021,NORMAL,None,Medium
2830,0,4,40,0.0266,NORMAL,None,Low
2830,0,5,50,0.0268,NORMAL,None,Low
2830,0,6,60,0.0253,NORMAL,None,Low
2831,0,1,10,0.0151,NORMAL,None,Medium
2831,0,2,20,0.0201,NORMAL,None,Medium
2831,0,3,30,0.0217,NORMAL,None,Medium
2831,0,4,40,0.0218,NORMAL,None,Low
2831,0,5,50,0.0273,NORMAL,None,Low
2831,0,6,60,0.0287,NORMAL,None,Low
2832,0,1,10,0.013,NORMAL,None,Medium
2832,0,2,20,0.0213,NORMAL,None,Medium
2832,0,3,30,0.0254,NORMAL,None,Medium
2832,0,4,40,0.0278,NORMAL,None,Low
2832,0,5,50,0.0267,NORMAL,None,Low
2832,0,6,60,0.0307,NORMAL,None,Low
2833,0,1,10,0.014,NORMAL,None,Medium
2833,0,2,20,0.0221,NORMAL,None,Medium
2833,0,3,30,0.0249,NORMAL,None,Medium
2833,0,4,40,0.0244,NORMAL,None,Low
2833,0,5,50,0.0243,NORMAL,None,Low
2833,0,6,60,0.0258,NORMAL,None,Low
2834,0,1,10,0.0133,NORMAL,None,Medium
2834,0,2,20,0.0204,NORMAL,None,Medium
2834,0,3,30,0.0219,NORMAL,None,Medium
2834,0,4,40,0.0218,NORMAL,None,Low
2834,0,5,50,0.0236,NORMAL,None,Low
2834,0,6,60,0.027,NORMAL,None,Low
2835,0,1,10,0.0142,NORMAL,None,Medium
2835,0,2,20,0.0225,NORMAL,None,Medium
2835,0,3,30,0.0241,NORMAL,None,Medium
2835,0,4,40,0.0237,NORMAL,None,Low
2835,0,5,50,0.0263,NORMAL,None,Low
2835,0,6,60,0.0244,NORMAL,None,Low
2836,0,1,10,0.0143,NORMAL,None,Medium
2836,0,2,20,0.0183,NORMAL,None,Medium
2836,0,3,30,0.0208,NORMAL,None,Medium
2836,0,4,40,0.0222,NORMAL,None,Low
2836,0,5,50,0.0234,NORMAL,None,Low
2836,0,6,60,0.0228,NORMAL,None,Low
2837,0,1,10,0.0141,NORMAL,None,Medium
2837,0,2,20,0.0231,NORMAL,None,Medium
2837,0,3,30,0.0238,NORMAL,None,Medium
2837,0,4,40,0.0227,NORMAL,None,Low
2837,0,5,50,0.0206,NORMAL,None,Low
2837,0,6,60,0.0249,NORMAL,None,Low
2838,0,1,10,0.014,NORMAL,None,Medium
2838,0,2,20,0.0207,NORMAL,None,Medium
2838,0,3,30,0.0218,NORMAL,None,Medium
2838,0,4,40,0.0258,NORMAL,None,Low
2838,0,5,50,0.0238,NORMAL,None,Low
2838,0,6,60,0.0261,NORMAL,None,Low
2839,0,1,10,0.0146,NORMAL,None,Medium
2839,0,2,20,0.023,NORMAL,None,Medium
2839,0,3,30,0.0243,NORMAL,None,Medium
2839,0,4,40,0.026,NORMAL,None,Low
2839,0,5,50,0.0245,NORMAL,None,Low
2839,0,6,60,0.0244,NORMAL,None,Low
2840,0,1,10,0.0193,NORMAL,None,Medium
2840,0,2,20,0.0236,NORMAL,None,Medium
2840,0,3,30,0.0244,NORMAL,None,Medium
2840,0,4,40,0.0268,NORMAL,None,Low
2840,0,5,50,0.027,NORMAL,None,Low
2840,0,6,60,0.0248,NORMAL,None,Low
2841,0,1,10,0.0212,NORMAL,None,Medium
2841,0,2,20,0.024,NORMAL,None,Medium
2841,0,3,30,0.0311,NORMAL,None,Medium
2841,0,4,40,0.0286,NORMAL,None,Low
2841,0,5,50,0.0261,NORMAL,None,Low
2841,0,6,60,0.0266,NORMAL,None,Low
2842,0,1,10,0.0183,NORMAL,None,Medium
2842,0,2,20,0.0245,NORMAL,None,Medium
2842,0,3,30,0.026,NORMAL,None,Medium
2842,0,4,40,0.0243,NORMAL,None,Low
2842,0,5,50,0.026,NORMAL,None,Low
2842,0,6,60,0.0275,NORMAL,None,Low
2843,0,1,10,0.0188,NORMAL,None,Medium
2843,0,2,20,0.0257,NORMAL,None,Medium
2843,0,3,30,0.0299,NORMAL,None,Medium
2843,0,4,40,0.027,NORMAL,None,Low
2843,0,5,50,0.0267,NORMAL,None,Low
2843,0,6,60,0.0282,NORMAL,None,Low
2844,0,1,10,0.0184,NORMAL,None,Medium
2844,0,2,20,0.0232,NORMAL,None,Medium
2844,0,3,30,0.0267,NORMAL,None,Medium
2844,0,4,40,0.0287,NORMAL,None,Low
2844,0,5,50,0.0276,NORMAL,None,Low
2844,0,6,60,0.0304,NORMAL,None,Low
2845,0,1,10,0.0197,NORMAL,None,Medium
2845,0,2,20,0.0254,NORMAL,None,Medium
2845,0,3,30,0.025,NORMAL,None,Medium
2845,0,4,40,0.0269,NORMAL,None,Low
2845,0,5,50,0.0257,NORMAL,None,Low
2845,0,6,60,0.0249,NORMAL,None,Low
2846,0,1,10,0.0184,NORMAL,None,Medium
2846,0,2,20,0.0232,NORMAL,None,Medium
2846,0,3,30,0.0246,NORMAL,None,Medium
2846,0,4,40,0.0284,NORMAL,None,Low
2846,0,5,50,0.0269,NORMAL,None,Low
2846,0,6,60,0.025,NORMAL,None,Low
2847,0,1,10,0.0167,NORMAL,None,Medium
2847,0,2,20,0.0242,NORMAL,None,Medium
2847,0,3,30,0.0248,NORMAL,None,Medium
2847,0,4,40,0.0251,NORMAL,None,Low
2847,0,5,50,0.0262,NORMAL,None,Low
2847,0,6,60,0.0247,NORMAL,None,Low
2848,0,1,10,0.0153,NORMAL,None,Medium
2848,0,2,20,0.0246,NORMAL,None,Medium
2848,0,3,30,0.0243,NORMAL,None,Medium
2848,0,4,40,0.0237,NORMAL,None,Low
2848,0,5,50,0.024,NORMAL,None,Low
2848,0,6,60,0.0238,NORMAL,None,Low
2849,0,1,10,0.0183,NORMAL,None,Medium
2849,0,2,20,0.0233,NORMAL,None,Medium
2849,0,3,30,0.0267,NORMAL,None,Medium
2849,0,4,40,0.0263,NORMAL,None,Low
2849,0,5,50,0.0254,NORMAL,None,Low
2849,0,6,60,0.0251,NORMAL,None,Low
2970,0,1,10,0.0151,NORMAL,None,Medium
2970,0,2,20,0.0191,NORMAL,None,Medium
2970,0,3,30,0.0236,NORMAL,None,Medium
2970,0,4,40,0.0213,NORMAL,None,Low
2970,0,5,50,0.0265,NORMAL,None,Low
2970,0,6,60,0.0236,NORMAL,None,Low
2971,0,1,10,0.0143,NORMAL,None,Medium
2971,0,2,20,0.0197,NORMAL,None,Medium
2971,0,3,30,0.0247,NORMAL,None,Medium
2971,0,4,40,0.0256,NORMAL,None,Low
2971,0,5,50,0.0279,NORMAL,None,Low
2971,0,6,60,0.0274,NORMAL,None,Low
2972,0,1,10,0.0144,NORMAL,None,Medium
2972,0,2,20,0.0215,NORMAL,None,Medium
2972,0,3,30,0.0273,NORMAL,None,Medium
2972,0,4,40,0.0267,NORMAL,None,Low
2972,0,5,50,0.0263,NORMAL,None,Low
2972,0,6,60,0.0234,NORMAL,None,Low
2973,0,1,10,0.0142,NORMAL,None,Medium
2973,0,2,20,0.0212,NORMAL,None,Medium
2973,0,3,30,0.0207,NORMAL,None,Medium
2973,0,4,40,0.0247,NORMAL,None,Low
2973,0,5,50,0.0248,NORMAL,None,Low
2973,0,6,60,0.0228,NORMAL,None,Low
2974,0,1,10,0.0148,NORMAL,None,Medium
2974,0,2,20,0.0208,NORMAL,None,Medium
2974,0,3,30,0.0214,NORMAL,None,Medium
2974,0,4,40,0.025,NORMAL,None,Low
2974,0,5,50,0.0228,NORMAL,None,Low
2974,0,6,60,0.0259,NORMAL,None,Low
2975,0,1,10,0.0141,NORMAL,None,Medium
2975,0,2,20,0.0208,NORMAL,None,Medium
2975,0,3,30,0.0228,NORMAL,None,Medium
2975,0,4,40,0.0234,NORMAL,None,Low
2975,0,5,50,0.0257,NORMAL,None,Low
2975,0,6,60,0.0252,NORMAL,None,Low
2976,0,1,10,0.0141,NORMAL,None,Medium
2976,0,2,20,0.0206,NORMAL,None,Medium
2976,0,3,30,0.0237,NORMAL,None,Medium
2976,0,4,40,0.0266,NORMAL,None,Low
2976,0,5,50,0.0244,NORMAL,None,Low
2976,0,6,60,0.0251,NORMAL,None,Low
2977,0,1,10,0.0146,NORMAL,None,Medium
2977,0,2,20,0.0208,NORMAL,None,Medium
2977,0,3,30,0.0223,NORMAL,None,Medium
2977,0,4,40,0.027,NORMAL,None,Low
2977,0,5,50,0.0238,NORMAL,None,Low
2977,0,6,60,0.024,NORMAL,None,Low
2978,0,1,10,0.015,NORMAL,None,Medium
2978,0,2,20,0.0216,NORMAL,None,Medium
2978,0,3,30,0.023,NORMAL,None,Medium
2978,0,4,40,0.0224,NORMAL,None,Low
2978,0,5,50,0.0233,NORMAL,None,Low
2978,0,6,60,0.0232,NORMAL,None,Low
2979,0,1,10,0.0156,NORMAL,None,Medium
2979,0,2,20,0.0218,NORMAL,None,Medium
2979,0,3,30,0.0247,NORMAL,None,Medium
2979,0,4,40,0.0264,NORMAL,None,Low
2979,0,5,50,0.0252,NORMAL,None,Low
2979,0,6,60,0.0249,NORMAL,None,Low
2980,0,1,10,0.0159,NORMAL,None,Medium
2980,0,2,20,0.021,NORMAL,None,Medium
2980,0,3,30,0.0243,NORMAL,None,Medium
2980,0,4,40,0.0241,NORMAL,None,Low
2980,0,5,50,0.0246,NORMAL,None,Low
2980,0,6,60,0.0259,NORMAL,None,Low
2981,0,1,10,0.015,NORMAL,None,Medium
2981,0,2,20,0.0223,NORMAL,None,Medium
2981,0,3,30,0.0261,NORMAL,None,Medium
2981,0,4,40,0.0239,NORMAL,None,Low
2981,0,5,50,0.0254,NORMAL,None,Low
2981,0,6,60,0.0242,NORMAL,None,Low
2982,0,1,10,0.0145,NORMAL,None,Medium
2982,0,2,20,0.0208,NORMAL,None,Medium
2982,0,3,30,0.0222,NORMAL,None,Medium
2982,0,4,40,0.0239,NORMAL,None,Low
2982,0,5,50,0.0289,NORMAL,None,Low
2982,0,6,60,0.026,NORMAL,None,Low
2983,0,1,10,0.0141,NORMAL,None,Medium
2983,0,2,20,0.0215,NORMAL,None,Medium
2983,0,3,30,0.0214,NORMAL,None,Medium
2983,0,4,40,0.0251,NORMAL,None,Low
2983,0,5,50,0.0238,NORMAL,None,Low
2983,0,6,60,0.0257,NORMAL,None,Low
2984,0,1,10,0.0146,NORMAL,None,Medium
2984,0,2,20,0.0185,NORMAL,None,Medium
2984,0,3,30,0.0231,NORMAL,None,Medium
2984,0,4,40,0.0234,NORMAL,None,Low
2984,0,5,50,0.0249,NORMAL,None,Low
2984,0,6,60,0.026,NORMAL,None,Low
2985,0,1,10,0.0141,NORMAL,None,Medium
2985,0,2,20,0.0215,NORMAL,None,Medium
2985,0,3,30,0.0242,NORMAL,None,Medium
2985,0,4,40,0.0266,NORMAL,None,Low
2985,0,5,50,0.029,NORMAL,None,Low
2985,0,6,60,0.0263,NORMAL,None,Low
2986,0,1,10,0.0139,NORMAL,None,Medium
2986,0,2,20,0.0224,NORMAL,None,Medium
2986,0,3,30,0.0235,NORMAL,None,Medium
2986,0,4,40,0.0226,NORMAL,None,Low
2986,0,5,50,0.0262,NORMAL,None,Low
2986,0,6,60,0.0284,NORMAL,None,Low
2987,0,1,10,0.0144,NORMAL,None,Medium
2987,0,2,20,0.0213,NORMAL,None,Medium
2987,0,3,30,0.0242,NORMAL,None,Medium
2987,0,4,40,0.0261,NORMAL,None,Low
2987,0,5,50,0.0259,NORMAL,None,Low
2987,0,6,60,0.0271,NORMAL,None,Low
2988,0,1,10,0.0154,NORMAL,None,Medium
2988,0,2,20,0.0223,NORMAL,None,Medium
2988,0,3,30,0.0255,NORMAL,None,Medium
2988,0,4,40,0.0228,NORMAL,None,Low
2988,0,5,50,0.0251,NORMAL,None,Low
2988,0,6,60,0.0264,NORMAL,None,Low
2989,0,1,10,0.014,NORMAL,None,Medium
2989,0,2,20,0.0212,NORMAL,None,Medium
2989,0,3,30,0.0202,NORMAL,None,Medium
2989,0,4,40,0.0261,NORMAL,None,Low
2989,0,5,50,0.0243,NORMAL,None,Low
2989,0,6,60,0.0253,NORMAL,None,Low
2990,0,1,10,0.0141,NORMAL,None,Medium
2990,0,2,20,0.0213,NORMAL,None,Medium
2990,0,3,30,0.023,NORMAL,None,Medium
2990,0,4,40,0.0241,NORMAL,None,Low
2990,0,5,50,0.0244,NORMAL,None,Low
2990,0,6,60,0.0259,NORMAL,None,Low
2991,0,1,10,0.0154,NORMAL,None,Medium
2991,0,2,20,0.0195,NORMAL,None,Medium
2991,0,3,30,0.0187,NORMAL,None,Medium
2991,0,4,40,0.0238,NORMAL,None,Low
2991,0,5,50,0.0223,NORMAL,None,Low
2991,0,6,60,0.0263,NORMAL,None,Low
2992,0,1,10,0.0157,NORMAL,None,Medium
2992,0,2,20,0.0199,NORMAL,None,Medium
2992,0,3,30,0.0235,NORMAL,None,Medium
2992,0,4,40,0.0285,NORMAL,None,Low
2992,0,5,50,0.0239,NORMAL,None,Low
2992,0,6,60,0.0259,NORMAL,None,Low
2993,0,1,10,0.014,NORMAL,None,Medium
2993,0,2,20,0.0215,NORMAL,None,Medium
2993,0,3,30,0.0248,NORMAL,None,Medium
2993,0,4,40,0.0245,NORMAL,None,Low
2993,0,5,50,0.0248,NORMAL,None,Low
2993,0,6,60,0.0268,NORMAL,None,Low
2994,0,1,10,0.0157,NORMAL,None,Medium
2994,0,2,20,0.0214,NORMAL,None,Medium
2994,0,3,30,0.0221,NORMAL,None,Medium
2994,0,4,40,0.0215,NORMAL,None,Low
2994,0,5,50,0.0253,NORMAL,None,Low
2994,0,6,60,0.0242,NORMAL,None,Low
2995,0,1,10,0.016,NORMAL,None,Medium
2995,0,2,20,0.0208,NORMAL,None,Medium
2995,0,3,30,0.022,NORMAL,None,Medium
2995,0,4,40,0.0244,NORMAL,None,Low
2995,0,5,50,0.0242,NORMAL,None,Low
2995,0,6,60,0.0252,NORMAL,None,Low
2996,0,1,10,0.0178,NORMAL,None,Medium
2996,0,2,20,0.0223,NORMAL,None,Medium
2996,0,3,30,0.0252,NORMAL,None,Medium
2996,0,4,40,0.0232,NORMAL,None,Low
2996,0,5,50,0.024,NORMAL,None,Low
2996,0,6,60,0.0241,NORMAL,None,Low
2997,0,1,10,0.0164,NORMAL,None,Medium
2997,0,2,20,0.0214,NORMAL,None,Medium
2997,0,3,30,0.0222,NORMAL,None,Medium
2997,0,4,40,0.0211,NORMAL,None,Low
2997,0,5,50,0.024,NORMAL,None,Low
2997,0,6,60,0.0247,NORMAL,None,Low
2998,0,1,10,0.0202,NORMAL,None,Medium
2998,0,2,20,0.0221,NORMAL,None,Medium
2998,0,3,30,0.024,NORMAL,None,Medium
2998,0,4,40,0.028,NORMAL,None,Low
2998,0,5,50,0.0263,NORMAL,None,Low
2998,0,6,60,0.0272,NORMAL,None,Low
2999,0,1,10,0.0158,NORMAL,None,Medium
2999,0,2,20,0.0222,NORMAL,None,Medium
2999,0,3,30,0.0239,NORMAL,None,Medium
2999,0,4,40,0.0262,NORMAL,None,Low
2999,0,5,50,0.0253,NORMAL,None,Low
2999,0,6,60,0.0245,NORMAL,None,Low
