window_index,y_now,k,horizon_s,attack_prob,progression_state,attck_phase,confidence
662,1,1,10,0.9959,CONTINUATION,Command & Control,Low
662,1,2,20,0.9953,ACTIVE,Command & Control,Low
662,1,3,30,0.9965,ACTIVE,Command & Control,Low
662,1,4,40,0.9979,ACTIVE,Command & Control,Low
662,1,5,50,0.9983,ACTIVE,Command & Control,Low
662,1,6,60,0.9986,ACTIVE,Command & Control,Low
663,1,1,10,0.9982,ACTIVE,Command & Control,Low
663,1,2,20,0.9974,ACTIVE,Command & Control,Low
663,1,3,30,0.9983,ACTIVE,Command & Control,Low
663,1,4,40,0.9982,ACTIVE,Command & Control,Low
663,1,5,50,0.9987,ACTIVE,Command & Control,Low
663,1,6,60,0.9987,ACTIVE,Command & Control,Low
664,1,1,10,0.9522,CONTINUATION,Command & Control,Low
664,1,2,20,0.9795,CONTINUATION,Command & Control,Low
664,1,3,30,0.9859,ACTIVE,Command & Control,Low
664,1,4,40,0.9922,ACTIVE,Command & Control,Low
664,1,5,50,0.9956,ACTIVE,Command & Control,Low
664,1,6,60,0.9972,ACTIVE,Command & Control,Low
665,1,1,10,0.1279,NORMAL,None,Medium
665,1,2,20,0.0198,NORMAL,None,Medium
665,1,3,30,0.005,NORMAL,None,Medium
665,1,4,40,0.0026,NORMAL,None,Low
665,1,5,50,0.0023,NORMAL,None,Low
665,1,6,60,0.002,NORMAL,None,Low
2331,0,1,10,0.0029,NORMAL,None,Medium
2331,0,2,20,0.0022,NORMAL,None,Medium
2331,0,3,30,0.0023,NORMAL,None,Medium
2331,0,4,40,0.0024,NORMAL,None,Low
2331,0,5,50,0.002,NORMAL,None,Low
2331,0,6,60,0.002,NORMAL,None,Low
2332,0,1,10,0.0062,NORMAL,None,Medium
2332,0,2,20,0.0024,NORMAL,None,Medium
2332,0,3,30,0.0023,NORMAL,None,Medium
2332,0,4,40,0.0021,NORMAL,None,Low
2332,0,5,50,0.002,NORMAL,None,Low
2332,0,6,60,0.0021,NORMAL,None,Low
2333,0,1,10,0.0052,NORMAL,None,Medium
2333,0,2,20,0.0022,NORMAL,None,Medium
2333,0,3,30,0.002,NORMAL,None,Medium
2333,0,4,40,0.0022,NORMAL,None,Low
2333,0,5,50,0.0019,NORMAL,None,Low
2333,0,6,60,0.002,NORMAL,None,Low
2334,0,1,10,0.007,NORMAL,None,Medium
2334,0,2,20,0.0024,NORMAL,None,Medium
2334,0,3,30,0.0026,NORMAL,None,Medium
2334,0,4,40,0.0024,NORMAL,None,Low
2334,0,5,50,0.0022,NORMAL,None,Low
2334,0,6,60,0.0023,NORMAL,None,Low
2335,0,1,10,0.0266,NORMAL,None,Medium
2335,0,2,20,0.0067,NORMAL,None,Medium
2335,0,3,30,0.0044,NORMAL,None,Medium
2335,0,4,40,0.0032,NORMAL,None,Low
2335,0,5,50,0.0032,NORMAL,None,Low
2335,0,6,60,0.0026,NORMAL,None,Low
2336,0,1,10,0.1612,NORMAL,None,Medium
2336,0,2,20,0.0436,NORMAL,None,Medium
2336,0,3,30,0.0147,NORMAL,None,Medium
2336,0,4,40,0.006,NORMAL,None,Low
2336,0,5,50,0.0043,NORMAL,None,Low
2336,0,6,60,0.0029,NORMAL,None,Low
2337,0,1,10,0.6516,NORMAL,None,Medium
2337,0,2,20,0.6137,PRE_ATTACK,Reconnaissance,Low
2337,0,3,30,0.5956,PRE_ATTACK,Reconnaissance,Low
2337,0,4,40,0.5858,PRE_ATTACK,Reconnaissance,Low
2337,0,5,50,0.5886,PRE_ATTACK,Reconnaissance,Low
2337,0,6,60,0.594,PRE_ATTACK,Reconnaissance,Low
2338,0,1,10,0.7549,PRE_ATTACK,Reconnaissance,Low
2338,0,2,20,0.7621,PRE_ATTACK,Reconnaissance,Low
2338,0,3,30,0.7617,PRE_ATTACK,Reconnaissance,Low
2338,0,4,40,0.7574,PRE_ATTACK,Reconnaissance,Low
2338,0,5,50,0.7586,PRE_ATTACK,Reconnaissance,Low
2338,0,6,60,0.7523,PRE_ATTACK,Reconnaissance,Low
2339,0,1,10,0.2232,NORMAL,None,Medium
2339,0,2,20,0.0546,NORMAL,None,Medium
2339,0,3,30,0.0122,NORMAL,None,Medium
2339,0,4,40,0.0057,NORMAL,None,Low
2339,0,5,50,0.0044,NORMAL,None,Low
2339,0,6,60,0.0037,NORMAL,None,Low
2340,0,1,10,0.1543,NORMAL,None,Medium
2340,0,2,20,0.0222,NORMAL,None,Medium
2340,0,3,30,0.0041,NORMAL,None,Medium
2340,0,4,40,0.0024,NORMAL,None,Low
2340,0,5,50,0.0027,NORMAL,None,Low
2340,0,6,60,0.0026,NORMAL,None,Low
2341,0,1,10,0.2426,NORMAL,None,Medium
2341,0,2,20,0.0841,NORMAL,None,Medium
2341,0,3,30,0.0246,NORMAL,None,Medium
2341,0,4,40,0.0108,NORMAL,None,Low
2341,0,5,50,0.0054,NORMAL,None,Low
2341,0,6,60,0.0043,NORMAL,None,Low
2342,0,1,10,0.3847,NORMAL,None,Medium
2342,0,2,20,0.2094,NORMAL,None,Medium
2342,0,3,30,0.1209,NORMAL,None,Medium
2342,0,4,40,0.102,NORMAL,None,Low
2342,0,5,50,0.0985,NORMAL,None,Low
2342,0,6,60,0.0976,NORMAL,None,Low
2343,0,1,10,0.2057,NORMAL,None,Medium
2343,0,2,20,0.0423,NORMAL,None,Medium
2343,0,3,30,0.0149,NORMAL,None,Medium
2343,0,4,40,0.0064,NORMAL,None,Low
2343,0,5,50,0.0042,NORMAL,None,Low
2343,0,6,60,0.0029,NORMAL,None,Low
2344,0,1,10,0.1606,NORMAL,None,Medium
2344,0,2,20,0.0322,NORMAL,None,Medium
2344,0,3,30,0.0083,NORMAL,None,Medium
2344,0,4,40,0.0029,NORMAL,None,Low
2344,0,5,50,0.0023,NORMAL,None,Low
2344,0,6,60,0.0026,NORMAL,None,Low
2345,0,1,10,0.088,NORMAL,None,Medium
2345,0,2,20,0.0111,NORMAL,None,Medium
2345,0,3,30,0.0034,NORMAL,None,Medium
2345,0,4,40,0.0023,NORMAL,None,Low
2345,0,5,50,0.0022,NORMAL,None,Low
2345,0,6,60,0.0023,NORMAL,None,Low
2346,0,1,10,0.0421,NORMAL,None,Medium
2346,0,2,20,0.0076,NORMAL,None,Medium
2346,0,3,30,0.0031,NORMAL,None,Medium
2346,0,4,40,0.0027,NORMAL,None,Low
2346,0,5,50,0.0023,NORMAL,None,Low
2346,0,6,60,0.0026,NORMAL,None,Low
2347,0,1,10,0.0105,NORMAL,None,Medium
2347,0,2,20,0.0036,NORMAL,None,Medium
2347,0,3,30,0.0025,NORMAL,None,Medium
2347,0,4,40,0.0028,NORMAL,None,Low
2347,0,5,50,0.0026,NORMAL,None,Low
2347,0,6,60,0.0024,NORMAL,None,Low
2348,0,1,10,0.0169,NORMAL,None,Medium
2348,0,2,20,0.007,NORMAL,None,Medium
2348,0,3,30,0.0033,NORMAL,None,Medium
2348,0,4,40,0.0027,NORMAL,None,Low
2348,0,5,50,0.0022,NORMAL,None,Low
2348,0,6,60,0.0024,NORMAL,None,Low
2349,0,1,10,0.0409,NORMAL,None,Medium
2349,0,2,20,0.0123,NORMAL,None,Medium
2349,0,3,30,0.0057,NORMAL,None,Medium
2349,0,4,40,0.0031,NORMAL,None,Low
2349,0,5,50,0.0029,NORMAL,None,Low
2349,0,6,60,0.0025,NORMAL,None,Low
2350,0,1,10,0.0831,NORMAL,None,Medium
2350,0,2,20,0.0235,NORMAL,None,Medium
2350,0,3,30,0.0084,NORMAL,None,Medium
2350,0,4,40,0.005,NORMAL,None,Low
2350,0,5,50,0.0031,NORMAL,None,Low
2350,0,6,60,0.0029,NORMAL,None,Low
2351,0,1,10,0.048,NORMAL,None,Medium
2351,0,2,20,0.0127,NORMAL,None,Medium
2351,0,3,30,0.0055,NORMAL,None,Medium
2351,0,4,40,0.0036,NORMAL,None,Low
2351,0,5,50,0.0025,NORMAL,None,Low
2351,0,6,60,0.0023,NORMAL,None,Low
2352,0,1,10,0.0293,NORMAL,None,Medium
2352,0,2,20,0.0101,NORMAL,None,Medium
2352,0,3,30,0.0055,NORMAL,None,Medium
2352,0,4,40,0.0034,NORMAL,None,Low
2352,0,5,50,0.0025,NORMAL,None,Low
2352,0,6,60,0.0024,NORMAL,None,Low
2353,0,1,10,0.0113,NORMAL,None,Medium
2353,0,2,20,0.0042,NORMAL,None,Medium
2353,0,3,30,0.0032,NORMAL,None,Medium
2353,0,4,40,0.0028,NORMAL,None,Low
2353,0,5,50,0.0023,NORMAL,None,Low
2353,0,6,60,0.0023,NORMAL,None,Low
2354,0,1,10,0.0099,NORMAL,None,Medium
2354,0,2,20,0.0052,NORMAL,None,Medium
2354,0,3,30,0.0034,NORMAL,None,Medium
2354,0,4,40,0.0026,NORMAL,None,Low
2354,0,5,50,0.0026,NORMAL,None,Low
2354,0,6,60,0.0025,NORMAL,None,Low
2355,0,1,10,0.0102,NORMAL,None,Medium
2355,0,2,20,0.0052,NORMAL,None,Medium
2355,0,3,30,0.0032,NORMAL,None,Medium
2355,0,4,40,0.0029,NORMAL,None,Low
2355,0,5,50,0.0025,NORMAL,None,Low
2355,0,6,60,0.0022,NORMAL,None,Low
2356,0,1,10,0.0048,NORMAL,None,Medium
2356,0,2,20,0.0036,NORMAL,None,Medium
2356,0,3,30,0.0025,NORMAL,None,Medium
2356,0,4,40,0.0025,NORMAL,None,Low
2356,0,5,50,0.0025,NORMAL,None,Low
2356,0,6,60,0.0024,NORMAL,None,Low
2357,0,1,10,0.0056,NORMAL,None,Medium
2357,0,2,20,0.0034,NORMAL,None,Medium
2357,0,3,30,0.0032,NORMAL,None,Medium
2357,0,4,40,0.0028,NORMAL,None,Low
2357,0,5,50,0.0021,NORMAL,None,Low
2357,0,6,60,0.0026,NORMAL,None,Low
2358,0,1,10,0.0045,NORMAL,None,Medium
2358,0,2,20,0.0035,NORMAL,None,Medium
2358,0,3,30,0.0028,NORMAL,None,Medium
2358,0,4,40,0.0027,NORMAL,None,Low
2358,0,5,50,0.0026,NORMAL,None,Low
2358,0,6,60,0.0021,NORMAL,None,Low
2359,0,1,10,0.0034,NORMAL,None,Medium
2359,0,2,20,0.003,NORMAL,None,Medium
2359,0,3,30,0.0026,NORMAL,None,Medium
2359,0,4,40,0.0021,NORMAL,None,Low
2359,0,5,50,0.0025,NORMAL,None,Low
2359,0,6,60,0.0021,NORMAL,None,Low
2360,0,1,10,0.0031,NORMAL,None,Medium
2360,0,2,20,0.0026,NORMAL,None,Medium
2360,0,3,30,0.0027,NORMAL,None,Medium
2360,0,4,40,0.0025,NORMAL,None,Low
2360,0,5,50,0.0022,NORMAL,None,Low
2360,0,6,60,0.0021,NORMAL,None,Low
2361,0,1,10,0.0027,NORMAL,None,Medium
2361,0,2,20,0.0023,NORMAL,None,Medium
2361,0,3,30,0.0025,NORMAL,None,Medium
2361,0,4,40,0.0022,NORMAL,None,Low
2361,0,5,50,0.0023,NORMAL,None,Low
2361,0,6,60,0.0021,NORMAL,None,Low
2362,0,1,10,0.002,NORMAL,None,Medium
2362,0,2,20,0.002,NORMAL,None,Medium
2362,0,3,30,0.0021,NORMAL,None,Medium
2362,0,4,40,0.0023,NORMAL,None,Low
2362,0,5,50,0.0017,NORMAL,None,Low
2362,0,6,60,0.002,NORMAL,None,Low
2363,0,1,10,0.0026,NORMAL,None,Medium
2363,0,2,20,0.0026,NORMAL,None,Medium
2363,0,3,30,0.0023,NORMAL,None,Medium
2363,0,4,40,0.002,NORMAL,None,Low
2363,0,5,50,0.002,NORMAL,None,Low
2363,0,6,60,0.0021,NORMAL,None,Low
2364,0,1,10,0.0023,NORMAL,None,Medium
2364,0,2,20,0.0022,NORMAL,None,Medium
2364,0,3,30,0.0022,NORMAL,None,Medium
2364,0,4,40,0.0019,NORMAL,None,Low
2364,0,5,50,0.0022,NORMAL,None,Low
2364,0,6,60,0.0026,NORMAL,None,Low
2365,0,1,10,0.0027,NORMAL,None,Medium
2365,0,2,20,0.002,NORMAL,None,Medium
2365,0,3,30,0.0022,NORMAL,None,Medium
2365,0,4,40,0.0019,NORMAL,None,Low
2365,0,5,50,0.0019,NORMAL,None,Low
2365,0,6,60,0.0021,NORMAL,None,Low
2366,0,1,10,0.0022,NORMAL,None,Medium
2366,0,2,20,0.0021,NORMAL,None,Medium
2366,0,3,30,0.0021,NORMAL,None,Medium
2366,0,4,40,0.0021,NORMAL,None,Low
2366,0,5,50,0.0025,NORMAL,None,Low
2366,0,6,60,0.0021,NORMAL,None,Low
2367,0,1,10,0.0022,NORMAL,None,Medium
2367,0,2,20,0.0024,NORMAL,None,Medium
2367,0,3,30,0.0024,NORMAL,None,Medium
2367,0,4,40,0.0019,NORMAL,None,Low
2367,0,5,50,0.0025,NORMAL,None,Low
2367,0,6,60,0.0021,NORMAL,None,Low
2368,0,1,10,0.0019,NORMAL,None,Medium
2368,0,2,20,0.0023,NORMAL,None,Medium
2368,0,3,30,0.0024,NORMAL,None,Medium
2368,0,4,40,0.0023,NORMAL,None,Low
2368,0,5,50,0.002,NORMAL,None,Low
2368,0,6,60,0.002,NORMAL,None,Low
2369,0,1,10,0.0023,NORMAL,None,Medium
2369,0,2,20,0.0026,NORMAL,None,Medium
2369,0,3,30,0.0022,NORMAL,None,Medium
2369,0,4,40,0.0024,NORMAL,None,Low
2369,0,5,50,0.0021,NORMAL,None,Low
2369,0,6,60,0.0021,NORMAL,None,Low
2370,0,1,10,0.003,NORMAL,None,Medium
2370,0,2,20,0.0026,NORMAL,None,Medium
2370,0,3,30,0.0024,NORMAL,None,Medium
2370,0,4,40,0.0024,NORMAL,None,Low
2370,0,5,50,0.0019,NORMAL,None,Low
2370,0,6,60,0.0018,NORMAL,None,Low
2371,0,1,10,0.0027,NORMAL,None,Medium
2371,0,2,20,0.0028,NORMAL,None,Medium
2371,0,3,30,0.0026,NORMAL,None,Medium
2371,0,4,40,0.0023,NORMAL,None,Low
2371,0,5,50,0.002,NORMAL,None,Low
2371,0,6,60,0.0023,NORMAL,None,Low
2372,0,1,10,0.0025,NORMAL,None,Medium
2372,0,2,20,0.0025,NORMAL,None,Medium
2372,0,3,30,0.0023,NORMAL,None,Medium
2372,0,4,40,0.0025,NORMAL,None,Low
2372,0,5,50,0.0022,NORMAL,None,Low
2372,0,6,60,0.0022,NORMAL,None,Low
2373,0,1,10,0.0022,NORMAL,None,Medium
2373,0,2,20,0.0026,NORMAL,None,Medium
2373,0,3,30,0.0023,NORMAL,None,Medium
2373,0,4,40,0.0021,NORMAL,None,Low
2373,0,5,50,0.0023,NORMAL,None,Low
2373,0,6,60,0.0022,NORMAL,None,Low
2374,0,1,10,0.0022,NORMAL,None,Medium
2374,0,2,20,0.0025,NORMAL,None,Medium
2374,0,3,30,0.0023,NORMAL,None,Medium
2374,0,4,40,0.0025,NORMAL,None,Low
2374,0,5,50,0.0022,NORMAL,None,Low
2374,0,6,60,0.0022,NORMAL,None,Low
2375,0,1,10,0.0026,NORMAL,None,Medium
2375,0,2,20,0.0027,NORMAL,None,Medium
2375,0,3,30,0.0022,NORMAL,None,Medium
2375,0,4,40,0.0019,NORMAL,None,Low
2375,0,5,50,0.0021,NORMAL,None,Low
2375,0,6,60,0.002,NORMAL,None,Low
2376,0,1,10,0.0024,NORMAL,None,Medium
2376,0,2,20,0.0024,NORMAL,None,Medium
2376,0,3,30,0.0025,NORMAL,None,Medium
2376,0,4,40,0.0025,NORMAL,None,Low
2376,0,5,50,0.0021,NORMAL,None,Low
2376,0,6,60,0.0022,NORMAL,None,Low
2377,0,1,10,0.0031,NORMAL,None,Medium
2377,0,2,20,0.0027,NORMAL,None,Medium
2377,0,3,30,0.0028,NORMAL,None,Medium
2377,0,4,40,0.0025,NORMAL,None,Low
2377,0,5,50,0.0022,NORMAL,None,Low
2377,0,6,60,0.002,NORMAL,None,Low
2378,0,1,10,0.0026,NORMAL,None,Medium
2378,0,2,20,0.0027,NORMAL,None,Medium
2378,0,3,30,0.0024,NORMAL,None,Medium
2378,0,4,40,0.0026,NORMAL,None,Low
2378,0,5,50,0.0023,NORMAL,None,Low
2378,0,6,60,0.0021,NORMAL,None,Low
2379,0,1,10,0.0018,NORMAL,None,Medium
2379,0,2,20,0.0023,NORMAL,None,Medium
2379,0,3,30,0.0023,NORMAL,None,Medium
2379,0,4,40,0.002,NORMAL,None,Low
2379,0,5,50,0.0021,NORMAL,None,Low
2379,0,6,60,0.002,NORMAL,None,Low
2380,0,1,10,0.0024,NORMAL,None,Medium
2380,0,2,20,0.0027,NORMAL,None,Medium
2380,0,3,30,0.0025,NORMAL,None,Medium
2380,0,4,40,0.0023,NORMAL,None,Low
2380,0,5,50,0.0024,NORMAL,None,Low
2380,0,6,60,0.0022,NORMAL,None,Low
2381,0,1,10,0.0021,NORMAL,None,Medium
2381,0,2,20,0.0021,NORMAL,None,Medium
2381,0,3,30,0.0023,NORMAL,None,Medium
2381,0,4,40,0.0023,NORMAL,None,Low
2381,0,5,50,0.0022,NORMAL,None,Low
2381,0,6,60,0.0022,NORMAL,None,Low
2382,0,1,10,0.0026,NORMAL,None,Medium
2382,0,2,20,0.0023,NORMAL,None,Medium
2382,0,3,30,0.0023,NORMAL,None,Medium
2382,0,4,40,0.0023,NORMAL,None,Low
2382,0,5,50,0.0023,NORMAL,None,Low
2382,0,6,60,0.0023,NORMAL,None,Low
2383,0,1,10,0.0022,NORMAL,None,Medium
2383,0,2,20,0.0023,NORMAL,None,Medium
2383,0,3,30,0.0025,NORMAL,None,Medium
2383,0,4,40,0.0021,NORMAL,None,Low
2383,0,5,50,0.0022,NORMAL,None,Low
2383,0,6,60,0.0021,NORMAL,None,Low
2384,0,1,10,0.0024,NORMAL,None,Medium
2384,0,2,20,0.0022,NORMAL,None,Medium
2384,0,3,30,0.0023,NORMAL,None,Medium
2384,0,4,40,0.0018,NORMAL,None,Low
2384,0,5,50,0.0023,NORMAL,None,Low
2384,0,6,60,0.0024,NORMAL,None,Low
2385,0,1,10,0.0025,NORMAL,None,Medium
2385,0,2,20,0.0025,NORMAL,None,Medium
2385,0,3,30,0.0023,NORMAL,None,Medium
2385,0,4,40,0.0022,NORMAL,None,Low
2385,0,5,50,0.0021,NORMAL,None,Low
2385,0,6,60,0.0021,NORMAL,None,Low
2386,0,1,10,0.0021,NORMAL,None,Medium
2386,0,2,20,0.0022,NORMAL,None,Medium
2386,0,3,30,0.0025,NORMAL,None,Medium
2386,0,4,40,0.0023,NORMAL,None,Low
2386,0,5,50,0.0023,NORMAL,None,Low
2386,0,6,60,0.0021,NORMAL,None,Low
2387,0,1,10,0.0023,NORMAL,None,Medium
2387,0,2,20,0.0021,NORMAL,None,Medium
2387,0,3,30,0.0022,NORMAL,None,Medium
2387,0,4,40,0.0021,NORMAL,None,Low
2387,0,5,50,0.002,NORMAL,None,Low
2387,0,6,60,0.0021,NORMAL,None,Low
2388,0,1,10,0.003,NORMAL,None,Medium
2388,0,2,20,0.0027,NORMAL,None,Medium
2388,0,3,30,0.0021,NORMAL,None,Medium
2388,0,4,40,0.0021,NORMAL,None,Low
2388,0,5,50,0.0022,NORMAL,None,Low
2388,0,6,60,0.0024,NORMAL,None,Low
2389,0,1,10,0.0035,NORMAL,None,Medium
2389,0,2,20,0.0028,NORMAL,None,Medium
2389,0,3,30,0.0024,NORMAL,None,Medium
2389,0,4,40,0.0027,NORMAL,None,Low
2389,0,5,50,0.0022,NORMAL,None,Low
2389,0,6,60,0.0023,NORMAL,None,Low
2390,0,1,10,0.0027,NORMAL,None,Medium
2390,0,2,20,0.003,NORMAL,None,Medium
2390,0,3,30,0.0023,NORMAL,None,Medium
2390,0,4,40,0.0026,NORMAL,None,Low
2390,0,5,50,0.0023,NORMAL,None,Low
2390,0,6,60,0.0022,NORMAL,None,Low
2391,0,1,10,0.0026,NORMAL,None,Medium
2391,0,2,20,0.0022,NORMAL,None,Medium
2391,0,3,30,0.0021,NORMAL,None,Medium
2391,0,4,40,0.0021,NORMAL,None,Low
2391,0,5,50,0.0022,NORMAL,None,Low
2391,0,6,60,0.0023,NORMAL,None,Low
2392,0,1,10,0.0027,NORMAL,None,Medium
2392,0,2,20,0.0022,NORMAL,None,Medium
2392,0,3,30,0.0023,NORMAL,None,Medium
2392,0,4,40,0.0029,NORMAL,None,Low
2392,0,5,50,0.0022,NORMAL,None,Low
2392,0,6,60,0.0024,NORMAL,None,Low
2393,0,1,10,0.0028,NORMAL,None,Medium
2393,0,2,20,0.0026,NORMAL,None,Medium
2393,0,3,30,0.0024,NORMAL,None,Medium
2393,0,4,40,0.0024,NORMAL,None,Low
2393,0,5,50,0.0022,NORMAL,None,Low
2393,0,6,60,0.0024,NORMAL,None,Low
2394,0,1,10,0.0027,NORMAL,None,Medium
2394,0,2,20,0.0026,NORMAL,None,Medium
2394,0,3,30,0.0024,NORMAL,None,Medium
2394,0,4,40,0.0021,NORMAL,None,Low
2394,0,5,50,0.0025,NORMAL,None,Low
2394,0,6,60,0.0021,NORMAL,None,Low
2395,0,1,10,0.0024,NORMAL,None,Medium
2395,0,2,20,0.0025,NORMAL,None,Medium
2395,0,3,30,0.0022,NORMAL,None,Medium
2395,0,4,40,0.0023,NORMAL,None,Low
2395,0,5,50,0.0023,NORMAL,None,Low
2395,0,6,60,0.0023,NORMAL,None,Low
2396,0,1,10,0.002,NORMAL,None,Medium
2396,0,2,20,0.0024,NORMAL,None,Medium
2396,0,3,30,0.0022,NORMAL,None,Medium
2396,0,4,40,0.0021,NORMAL,None,Low
2396,0,5,50,0.0022,NORMAL,None,Low
2396,0,6,60,0.0025,NORMAL,None,Low
2397,0,1,10,0.0018,NORMAL,None,Medium
2397,0,2,20,0.0022,NORMAL,None,Medium
2397,0,3,30,0.0025,NORMAL,None,Medium
2397,0,4,40,0.0025,NORMAL,None,Low
2397,0,5,50,0.0024,NORMAL,None,Low
2397,0,6,60,0.0025,NORMAL,None,Low
2398,0,1,10,0.002,NORMAL,None,Medium
2398,0,2,20,0.0023,NORMAL,None,Medium
2398,0,3,30,0.0025,NORMAL,None,Medium
2398,0,4,40,0.002,NORMAL,None,Low
2398,0,5,50,0.0022,NORMAL,None,Low
2398,0,6,60,0.0022,NORMAL,None,Low
2399,0,1,10,0.0021,NORMAL,None,Medium
2399,0,2,20,0.0027,NORMAL,None,Medium
2399,0,3,30,0.0024,NORMAL,None,Medium
2399,0,4,40,0.0022,NORMAL,None,Low
2399,0,5,50,0.002,NORMAL,None,Low
2399,0,6,60,0.0021,NORMAL,None,Low
2400,0,1,10,0.0024,NORMAL,None,Medium
2400,0,2,20,0.0021,NORMAL,None,Medium
2400,0,3,30,0.0023,NORMAL,None,Medium
2400,0,4,40,0.0026,NORMAL,None,Low
2400,0,5,50,0.0023,NORMAL,None,Low
2400,0,6,60,0.0021,NORMAL,None,Low
2401,0,1,10,0.0025,NORMAL,None,Medium
2401,0,2,20,0.0023,NORMAL,None,Medium
2401,0,3,30,0.002,NORMAL,None,Medium
2401,0,4,40,0.0021,NORMAL,None,Low
2401,0,5,50,0.0019,NORMAL,None,Low
2401,0,6,60,0.0022,NORMAL,None,Low
2402,0,1,10,0.0023,NORMAL,None,Medium
2402,0,2,20,0.0023,NORMAL,None,Medium
2402,0,3,30,0.0024,NORMAL,None,Medium
2402,0,4,40,0.0022,NORMAL,None,Low
2402,0,5,50,0.0022,NORMAL,None,Low
2402,0,6,60,0.0024,NORMAL,None,Low
2403,0,1,10,0.002,NORMAL,None,Medium
2403,0,2,20,0.0021,NORMAL,None,Medium
2403,0,3,30,0.0022,NORMAL,None,Medium
2403,0,4,40,0.002,NORMAL,None,Low
2403,0,5,50,0.0023,NORMAL,None,Low
2403,0,6,60,0.0023,NORMAL,None,Low
2404,0,1,10,0.0024,NORMAL,None,Medium
2404,0,2,20,0.0023,NORMAL,None,Medium
2404,0,3,30,0.0021,NORMAL,None,Medium
2404,0,4,40,0.0019,NORMAL,None,Low
2404,0,5,50,0.002,NORMAL,None,Low
2404,0,6,60,0.0025,NORMAL,None,Low
2405,0,1,10,0.0026,NORMAL,None,Medium
2405,0,2,20,0.0024,NORMAL,None,Medium
2405,0,3,30,0.0028,NORMAL,None,Medium
2405,0,4,40,0.0021,NORMAL,None,Low
2405,0,5,50,0.0023,NORMAL,None,Low
2405,0,6,60,0.0021,NORMAL,None,Low
2406,0,1,10,0.0022,NORMAL,None,Medium
2406,0,2,20,0.0024,NORMAL,None,Medium
2406,0,3,30,0.0023,NORMAL,None,Medium
2406,0,4,40,0.0019,NORMAL,None,Low
2406,0,5,50,0.0019,NORMAL,None,Low
2406,0,6,60,0.0022,NORMAL,None,Low
2407,0,1,10,0.0023,NORMAL,None,Medium
2407,0,2,20,0.0024,NORMAL,None,Medium
2407,0,3,30,0.0022,NORMAL,None,Medium
2407,0,4,40,0.0023,NORMAL,None,Low
2407,0,5,50,0.0021,NORMAL,None,Low
2407,0,6,60,0.0023,NORMAL,None,Low
2408,0,1,10,0.0032,NORMAL,None,Medium
2408,0,2,20,0.0029,NORMAL,None,Medium
2408,0,3,30,0.003,NORMAL,None,Medium
2408,0,4,40,0.0026,NORMAL,None,Low
2408,0,5,50,0.0021,NORMAL,None,Low
2408,0,6,60,0.0024,NORMAL,None,Low
2409,0,1,10,0.0027,NORMAL,None,Medium
2409,0,2,20,0.0029,NORMAL,None,Medium
2409,0,3,30,0.0029,NORMAL,None,Medium
2409,0,4,40,0.0026,NORMAL,None,Low
2409,0,5,50,0.0021,NORMAL,None,Low
2409,0,6,60,0.0018,NORMAL,None,Low
2410,0,1,10,0.0029,NORMAL,None,Medium
2410,0,2,20,0.0026,NORMAL,None,Medium
2410,0,3,30,0.0025,NORMAL,None,Medium
2410,0,4,40,0.0025,NORMAL,None,Low
2410,0,5,50,0.0022,NORMAL,None,Low
2410,0,6,60,0.0022,NORMAL,None,Low
2411,0,1,10,0.0031,NORMAL,None,Medium
2411,0,2,20,0.0027,NORMAL,None,Medium
2411,0,3,30,0.0024,NORMAL,None,Medium
2411,0,4,40,0.002,NORMAL,None,Low
2411,0,5,50,0.0021,NORMAL,None,Low
2411,0,6,60,0.0022,NORMAL,None,Low
2412,0,1,10,0.0025,NORMAL,None,Medium
2412,0,2,20,0.0026,NORMAL,None,Medium
2412,0,3,30,0.0025,NORMAL,None,Medium
2412,0,4,40,0.0028,NORMAL,None,Low
2412,0,5,50,0.0021,NORMAL,None,Low
2412,0,6,60,0.0021,NORMAL,None,Low
2413,0,1,10,0.0021,NORMAL,None,Medium
2413,0,2,20,0.0026,NORMAL,None,Medium
2413,0,3,30,0.0027,NORMAL,None,Medium
2413,0,4,40,0.0022,NORMAL,None,Low
2413,0,5,50,0.002,NORMAL,None,Low
2413,0,6,60,0.0022,NORMAL,None,Low
2414,0,1,10,0.0034,NORMAL,None,Medium
2414,0,2,20,0.0033,NORMAL,None,Medium
2414,0,3,30,0.0026,NORMAL,None,Medium
2414,0,4,40,0.0023,NORMAL,None,Low
2414,0,5,50,0.0025,NORMAL,None,Low
2414,0,6,60,0.0026,NORMAL,None,Low
2415,0,1,10,0.0037,NORMAL,None,Medium
2415,0,2,20,0.003,NORMAL,None,Medium
2415,0,3,30,0.0022,NORMAL,None,Medium
2415,0,4,40,0.0022,NORMAL,None,Low
2415,0,5,50,0.0024,NORMAL,None,Low
2415,0,6,60,0.0023,NORMAL,None,Low
2416,0,1,10,0.0042,NORMAL,None,Medium
2416,0,2,20,0.0039,NORMAL,None,Medium
2416,0,3,30,0.0028,NORMAL,None,Medium
2416,0,4,40,0.0024,NORMAL,None,Low
2416,0,5,50,0.0026,NORMAL,None,Low
2416,0,6,60,0.0024,NORMAL,None,Low
2417,0,1,10,0.0047,NORMAL,None,Medium
2417,0,2,20,0.0041,NORMAL,None,Medium
2417,0,3,30,0.0033,NORMAL,None,Medium
2417,0,4,40,0.0024,NORMAL,None,Low
2417,0,5,50,0.0022,NORMAL,None,Low
2417,0,6,60,0.0022,NORMAL,None,Low
2418,0,1,10,0.0076,NORMAL,None,Medium
2418,0,2,20,0.0045,NORMAL,None,Medium
2418,0,3,30,0.0034,NORMAL,None,Medium
2418,0,4,40,0.0026,NORMAL,None,Low
2418,0,5,50,0.0023,NORMAL,None,Low
2418,0,6,60,0.0024,NORMAL,None,Low
2419,0,1,10,0.0056,NORMAL,None,Medium
2419,0,2,20,0.0046,NORMAL,None,Medium
2419,0,3,30,0.0035,NORMAL,None,Medium
2419,0,4,40,0.0027,NORMAL,None,Low
2419,0,5,50,0.0025,NORMAL,None,Low
2419,0,6,60,0.0025,NORMAL,None,Low
2438,0,1,10,0.0027,NORMAL,None,Medium
2438,0,2,20,0.0033,NORMAL,None,Medium
2438,0,3,30,0.0026,NORMAL,None,Medium
2438,0,4,40,0.0028,NORMAL,None,Low
2438,0,5,50,0.0024,NORMAL,None,Low
2438,0,6,60,0.0024,NORMAL,None,Low
2439,0,1,10,0.0037,NORMAL,None,Medium
2439,0,2,20,0.0035,NORMAL,None,Medium
2439,0,3,30,0.0032,NORMAL,None,Medium
2439,0,4,40,0.0027,NORMAL,None,Low
2439,0,5,50,0.0026,NORMAL,None,Low
2439,0,6,60,0.0026,NORMAL,None,Low
2440,0,1,10,0.0029,NORMAL,None,Medium
2440,0,2,20,0.0025,NORMAL,None,Medium
2440,0,3,30,0.0026,NORMAL,None,Medium
2440,0,4,40,0.0023,NORMAL,None,Low
2440,0,5,50,0.002,NORMAL,None,Low
2440,0,6,60,0.0019,NORMAL,None,Low
2441,0,1,10,0.0026,NORMAL,None,Medium
2441,0,2,20,0.0028,NORMAL,None,Medium
2441,0,3,30,0.0027,NORMAL,None,Medium
2441,0,4,40,0.0026,NORMAL,None,Low
2441,0,5,50,0.0022,NORMAL,None,Low
2441,0,6,60,0.0022,NORMAL,None,Low
2442,0,1,10,0.002,NORMAL,None,Medium
2442,0,2,20,0.0028,NORMAL,None,Medium
2442,0,3,30,0.0026,NORMAL,None,Medium
2442,0,4,40,0.0029,NORMAL,None,Low
2442,0,5,50,0.0024,NORMAL,None,Low
2442,0,6,60,0.0022,NORMAL,None,Low
2443,0,1,10,0.0023,NORMAL,None,Medium
2443,0,2,20,0.0025,NORMAL,None,Medium
2443,0,3,30,0.0023,NORMAL,None,Medium
2443,0,4,40,0.002,NORMAL,None,Low
2443,0,5,50,0.0024,NORMAL,None,Low
2443,0,6,60,0.0022,NORMAL,None,Low
2444,0,1,10,0.0021,NORMAL,None,Medium
2444,0,2,20,0.0027,NORMAL,None,Medium
2444,0,3,30,0.0024,NORMAL,None,Medium
2444,0,4,40,0.002,NORMAL,None,Low
2444,0,5,50,0.0024,NORMAL,None,Low
2444,0,6,60,0.0025,NORMAL,None,Low
2445,0,1,10,0.0023,NORMAL,None,Medium
2445,0,2,20,0.0024,NORMAL,None,Medium
2445,0,3,30,0.0025,NORMAL,None,Medium
2445,0,4,40,0.0023,NORMAL,None,Low
2445,0,5,50,0.0023,NORMAL,None,Low
2445,0,6,60,0.0021,NORMAL,None,Low
2446,0,1,10,0.0023,NORMAL,None,Medium
2446,0,2,20,0.003,NORMAL,None,Medium
2446,0,3,30,0.0024,NORMAL,None,Medium
2446,0,4,40,0.0027,NORMAL,None,Low
2446,0,5,50,0.0022,NORMAL,None,Low
2446,0,6,60,0.0027,NORMAL,None,Low
2447,0,1,10,0.0026,NORMAL,None,Medium
2447,0,2,20,0.0024,NORMAL,None,Medium
2447,0,3,30,0.0025,NORMAL,None,Medium
2447,0,4,40,0.002,NORMAL,None,Low
2447,0,5,50,0.002,NORMAL,None,Low
2447,0,6,60,0.002,NORMAL,None,Low
2448,0,1,10,0.0031,NORMAL,None,Medium
2448,0,2,20,0.0028,NORMAL,None,Medium
2448,0,3,30,0.0025,NORMAL,None,Medium
2448,0,4,40,0.0026,NORMAL,None,Low
2448,0,5,50,0.0024,NORMAL,None,Low
2448,0,6,60,0.0022,NORMAL,None,Low
2449,0,1,10,0.0028,NORMAL,None,Medium
2449,0,2,20,0.0029,NORMAL,None,Medium
2449,0,3,30,0.0026,NORMAL,None,Medium
2449,0,4,40,0.0024,NORMAL,None,Low
2449,0,5,50,0.0023,NORMAL,None,Low
2449,0,6,60,0.0021,NORMAL,None,Low
2450,0,1,10,0.0023,NORMAL,None,Medium
2450,0,2,20,0.0029,NORMAL,None,Medium
2450,0,3,30,0.0024,NORMAL,None,Medium
2450,0,4,40,0.002,NORMAL,None,Low
2450,0,5,50,0.002,NORMAL,None,Low
2450,0,6,60,0.002,NORMAL,None,Low
2451,0,1,10,0.0022,NORMAL,None,Medium
2451,0,2,20,0.0025,NORMAL,None,Medium
2451,0,3,30,0.0027,NORMAL,None,Medium
2451,0,4,40,0.0021,NORMAL,None,Low
2451,0,5,50,0.0022,NORMAL,None,Low
2451,0,6,60,0.0021,NORMAL,None,Low
2452,0,1,10,0.0022,NORMAL,None,Medium
2452,0,2,20,0.0028,NORMAL,None,Medium
2452,0,3,30,0.0028,NORMAL,None,Medium
2452,0,4,40,0.0027,NORMAL,None,Low
2452,0,5,50,0.0018,NORMAL,None,Low
2452,0,6,60,0.0022,NORMAL,None,Low
2453,0,1,10,0.0019,NORMAL,None,Medium
2453,0,2,20,0.0025,NORMAL,None,Medium
2453,0,3,30,0.0026,NORMAL,None,Medium
2453,0,4,40,0.0022,NORMAL,None,Low
2453,0,5,50,0.0027,NORMAL,None,Low
2453,0,6,60,0.0024,NORMAL,None,Low
2454,0,1,10,0.0022,NORMAL,None,Medium
2454,0,2,20,0.0025,NORMAL,None,Medium
2454,0,3,30,0.0025,NORMAL,None,Medium
2454,0,4,40,0.002,NORMAL,None,Low
2454,0,5,50,0.0022,NORMAL,None,Low
2454,0,6,60,0.0021,NORMAL,None,Low
2455,0,1,10,0.0025,NORMAL,None,Medium
2455,0,2,20,0.0029,NORMAL,None,Medium
2455,0,3,30,0.0026,NORMAL,None,Medium
2455,0,4,40,0.0026,NORMAL,None,Low
2455,0,5,50,0.0024,NORMAL,None,Low
2455,0,6,60,0.0022,NORMAL,None,Low
2456,0,1,10,0.0021,NORMAL,None,Medium
2456,0,2,20,0.0026,NORMAL,None,Medium
2456,0,3,30,0.0025,NORMAL,None,Medium
2456,0,4,40,0.0024,NORMAL,None,Low
2456,0,5,50,0.0023,NORMAL,None,Low
2456,0,6,60,0.0019,NORMAL,None,Low
2457,0,1,10,0.0019,NORMAL,None,Medium
2457,0,2,20,0.0019,NORMAL,None,Medium
2457,0,3,30,0.002,NORMAL,None,Medium
2457,0,4,40,0.0023,NORMAL,None,Low
2457,0,5,50,0.0023,NORMAL,None,Low
2457,0,6,60,0.0025,NORMAL,None,Low
2458,0,1,10,0.0016,NORMAL,None,Medium
2458,0,2,20,0.0022,NORMAL,None,Medium
2458,0,3,30,0.0023,NORMAL,None,Medium
2458,0,4,40,0.0024,NORMAL,None,Low
2458,0,5,50,0.002,NORMAL,None,Low
2458,0,6,60,0.0021,NORMAL,None,Low
2459,0,1,10,0.002,NORMAL,None,Medium
2459,0,2,20,0.0022,NORMAL,None,Medium
2459,0,3,30,0.0027,NORMAL,None,Medium
2459,0,4,40,0.0025,NORMAL,None,Low
2459,0,5,50,0.0023,NORMAL,None,Low
2459,0,6,60,0.0023,NORMAL,None,Low
2460,0,1,10,0.0017,NORMAL,None,Medium
2460,0,2,20,0.0021,NORMAL,None,Medium
2460,0,3,30,0.0023,NORMAL,None,Medium
2460,0,4,40,0.0025,NORMAL,None,Low
2460,0,5,50,0.0024,NORMAL,None,Low
2460,0,6,60,0.0019,NORMAL,None,Low
2461,0,1,10,0.0021,NORMAL,None,Medium
2461,0,2,20,0.0022,NORMAL,None,Medium
2461,0,3,30,0.0023,NORMAL,None,Medium
2461,0,4,40,0.0024,NORMAL,None,Low
2461,0,5,50,0.0021,NORMAL,None,Low
2461,0,6,60,0.0021,NORMAL,None,Low
2462,0,1,10,0.002,NORMAL,None,Medium
2462,0,2,20,0.0025,NORMAL,None,Medium
2462,0,3,30,0.0021,NORMAL,None,Medium
2462,0,4,40,0.0022,NORMAL,None,Low
2462,0,5,50,0.0024,NORMAL,None,Low
2462,0,6,60,0.0023,NORMAL,None,Low
2463,0,1,10,0.0021,NORMAL,None,Medium
2463,0,2,20,0.0022,NORMAL,None,Medium
2463,0,3,30,0.0022,NORMAL,None,Medium
2463,0,4,40,0.0021,NORMAL,None,Low
2463,0,5,50,0.0023,NORMAL,None,Low
2463,0,6,60,0.0022,NORMAL,None,Low
2464,0,1,10,0.0021,NORMAL,None,Medium
2464,0,2,20,0.0022,NORMAL,None,Medium
2464,0,3,30,0.0023,NORMAL,None,Medium
2464,0,4,40,0.0021,NORMAL,None,Low
2464,0,5,50,0.0023,NORMAL,None,Low
2464,0,6,60,0.0024,NORMAL,None,Low
2465,0,1,10,0.0023,NORMAL,None,Medium
2465,0,2,20,0.0022,NORMAL,None,Medium
2465,0,3,30,0.0024,NORMAL,None,Medium
2465,0,4,40,0.0021,NORMAL,None,Low
2465,0,5,50,0.0023,NORMAL,None,Low
2465,0,6,60,0.0021,NORMAL,None,Low
2466,0,1,10,0.0022,NORMAL,None,Medium
2466,0,2,20,0.0024,NORMAL,None,Medium
2466,0,3,30,0.0027,NORMAL,None,Medium
2466,0,4,40,0.0024,NORMAL,None,Low
2466,0,5,50,0.0023,NORMAL,None,Low
2466,0,6,60,0.0023,NORMAL,None,Low
2467,0,1,10,0.0019,NORMAL,None,Medium
2467,0,2,20,0.002,NORMAL,None,Medium
2467,0,3,30,0.0023,NORMAL,None,Medium
2467,0,4,40,0.0024,NORMAL,None,Low
2467,0,5,50,0.0018,NORMAL,None,Low
2467,0,6,60,0.0026,NORMAL,None,Low
2468,0,1,10,0.0017,NORMAL,None,Medium
2468,0,2,20,0.0022,NORMAL,None,Medium
2468,0,3,30,0.0022,NORMAL,None,Medium
2468,0,4,40,0.0021,NORMAL,None,Low
2468,0,5,50,0.0022,NORMAL,None,Low
2468,0,6,60,0.0019,NORMAL,None,Low
2469,0,1,10,0.0019,NORMAL,None,Medium
2469,0,2,20,0.0018,NORMAL,None,Medium
2469,0,3,30,0.0019,NORMAL,None,Medium
2469,0,4,40,0.0019,NORMAL,None,Low
2469,0,5,50,0.0021,NORMAL,None,Low
2469,0,6,60,0.0021,NORMAL,None,Low
2470,0,1,10,0.0022,NORMAL,None,Medium
2470,0,2,20,0.002,NORMAL,None,Medium
2470,0,3,30,0.0023,NORMAL,None,Medium
2470,0,4,40,0.0023,NORMAL,None,Low
2470,0,5,50,0.0022,NORMAL,None,Low
2470,0,6,60,0.0022,NORMAL,None,Low
2471,0,1,10,0.0017,NORMAL,None,Medium
2471,0,2,20,0.0023,NORMAL,None,Medium
2471,0,3,30,0.0024,NORMAL,None,Medium
2471,0,4,40,0.0022,NORMAL,None,Low
2471,0,5,50,0.002,NORMAL,None,Low
2471,0,6,60,0.0022,NORMAL,None,Low
2472,0,1,10,0.0023,NORMAL,None,Medium
2472,0,2,20,0.0027,NORMAL,None,Medium
2472,0,3,30,0.0023,NORMAL,None,Medium
2472,0,4,40,0.0024,NORMAL,None,Low
2472,0,5,50,0.0021,NORMAL,None,Low
2472,0,6,60,0.0024,NORMAL,None,Low
2473,0,1,10,0.0019,NORMAL,None,Medium
2473,0,2,20,0.0026,NORMAL,None,Medium
2473,0,3,30,0.003,NORMAL,None,Medium
2473,0,4,40,0.0023,NORMAL,None,Low
2473,0,5,50,0.0022,NORMAL,None,Low
2473,0,6,60,0.0024,NORMAL,None,Low
2474,0,1,10,0.0024,NORMAL,None,Medium
2474,0,2,20,0.0025,NORMAL,None,Medium
2474,0,3,30,0.0024,NORMAL,None,Medium
2474,0,4,40,0.0024,NORMAL,None,Low
2474,0,5,50,0.002,NORMAL,None,Low
2474,0,6,60,0.002,NORMAL,None,Low
2475,0,1,10,0.0026,NORMAL,None,Medium
2475,0,2,20,0.0023,NORMAL,None,Medium
2475,0,3,30,0.0023,NORMAL,None,Medium
2475,0,4,40,0.0024,NORMAL,None,Low
2475,0,5,50,0.0027,NORMAL,None,Low
2475,0,6,60,0.0022,NORMAL,None,Low
2476,0,1,10,0.002,NORMAL,None,Medium
2476,0,2,20,0.0025,NORMAL,None,Medium
2476,0,3,30,0.0027,NORMAL,None,Medium
2476,0,4,40,0.0022,NORMAL,None,Low
2476,0,5,50,0.0022,NORMAL,None,Low
2476,0,6,60,0.0024,NORMAL,None,Low
2477,0,1,10,0.0027,NORMAL,None,Medium
2477,0,2,20,0.0028,NORMAL,None,Medium
2477,0,3,30,0.0024,NORMAL,None,Medium
2477,0,4,40,0.0025,NORMAL,None,Low
2477,0,5,50,0.0024,NORMAL,None,Low
2477,0,6,60,0.0021,NORMAL,None,Low
2478,0,1,10,0.0025,NORMAL,None,Medium
2478,0,2,20,0.0025,NORMAL,None,Medium
2478,0,3,30,0.0026,NORMAL,None,Medium
2478,0,4,40,0.0021,NORMAL,None,Low
2478,0,5,50,0.0021,NORMAL,None,Low
2478,0,6,60,0.0019,NORMAL,None,Low
2479,0,1,10,0.0027,NORMAL,None,Medium
2479,0,2,20,0.0027,NORMAL,None,Medium
2479,0,3,30,0.0026,NORMAL,None,Medium
2479,0,4,40,0.0022,NORMAL,None,Low
2479,0,5,50,0.002,NORMAL,None,Low
2479,0,6,60,0.0022,NORMAL,None,Low
2480,0,1,10,0.002,NORMAL,None,Medium
2480,0,2,20,0.0022,NORMAL,None,Medium
2480,0,3,30,0.0024,NORMAL,None,Medium
2480,0,4,40,0.0026,NORMAL,None,Low
2480,0,5,50,0.0022,NORMAL,None,Low
2480,0,6,60,0.0023,NORMAL,None,Low
2481,0,1,10,0.0024,NORMAL,None,Medium
2481,0,2,20,0.0028,NORMAL,None,Medium
2481,0,3,30,0.0027,NORMAL,None,Medium
2481,0,4,40,0.0027,NORMAL,None,Low
2481,0,5,50,0.0024,NORMAL,None,Low
2481,0,6,60,0.0022,NORMAL,None,Low
2482,0,1,10,0.0025,NORMAL,None,Medium
2482,0,2,20,0.0024,NORMAL,None,Medium
2482,0,3,30,0.0026,NORMAL,None,Medium
2482,0,4,40,0.0026,NORMAL,None,Low
2482,0,5,50,0.0022,NORMAL,None,Low
2482,0,6,60,0.0025,NORMAL,None,Low
2483,0,1,10,0.0022,NORMAL,None,Medium
2483,0,2,20,0.0033,NORMAL,None,Medium
2483,0,3,30,0.0026,NORMAL,None,Medium
2483,0,4,40,0.0023,NORMAL,None,Low
2483,0,5,50,0.0024,NORMAL,None,Low
2483,0,6,60,0.0024,NORMAL,None,Low
2484,0,1,10,0.0021,NORMAL,None,Medium
2484,0,2,20,0.002,NORMAL,None,Medium
2484,0,3,30,0.0023,NORMAL,None,Medium
2484,0,4,40,0.0021,NORMAL,None,Low
2484,0,5,50,0.002,NORMAL,None,Low
2484,0,6,60,0.0019,NORMAL,None,Low
2485,0,1,10,0.0026,NORMAL,None,Medium
2485,0,2,20,0.0027,NORMAL,None,Medium
2485,0,3,30,0.0027,NORMAL,None,Medium
2485,0,4,40,0.0024,NORMAL,None,Low
2485,0,5,50,0.0021,NORMAL,None,Low
2485,0,6,60,0.0023,NORMAL,None,Low
2486,0,1,10,0.0024,NORMAL,None,Medium
2486,0,2,20,0.0031,NORMAL,None,Medium
2486,0,3,30,0.0029,NORMAL,None,Medium
2486,0,4,40,0.0026,NORMAL,None,Low
2486,0,5,50,0.0022,NORMAL,None,Low
2486,0,6,60,0.0024,NORMAL,None,Low
2487,0,1,10,0.0027,NORMAL,None,Medium
2487,0,2,20,0.0027,NORMAL,None,Medium
2487,0,3,30,0.0027,NORMAL,None,Medium
2487,0,4,40,0.0032,NORMAL,None,Low
2487,0,5,50,0.0025,NORMAL,None,Low
2487,0,6,60,0.0022,NORMAL,None,Low
2488,0,1,10,0.0027,NORMAL,None,Medium
2488,0,2,20,0.0033,NORMAL,None,Medium
2488,0,3,30,0.0029,NORMAL,None,Medium
2488,0,4,40,0.0026,NORMAL,None,Low
2488,0,5,50,0.0025,NORMAL,None,Low
2488,0,6,60,0.0028,NORMAL,None,Low
2489,0,1,10,0.0033,NORMAL,None,Medium
2489,0,2,20,0.003,NORMAL,None,Medium
2489,0,3,30,0.0028,NORMAL,None,Medium
2489,0,4,40,0.0023,NORMAL,None,Low
2489,0,5,50,0.0028,NORMAL,None,Low
2489,0,6,60,0.0022,NORMAL,None,Low
2490,0,1,10,0.0032,NORMAL,None,Medium
2490,0,2,20,0.0031,NORMAL,None,Medium
2490,0,3,30,0.0028,NORMAL,None,Medium
2490,0,4,40,0.0025,NORMAL,None,Low
2490,0,5,50,0.0024,NORMAL,None,Low
2490,0,6,60,0.0019,NORMAL,None,Low
2491,0,1,10,0.0028,NORMAL,None,Medium
2491,0,2,20,0.0029,NORMAL,None,Medium
2491,0,3,30,0.0025,NORMAL,None,Medium
2491,0,4,40,0.0022,NORMAL,None,Low
2491,0,5,50,0.0026,NORMAL,None,Low
2491,0,6,60,0.0021,NORMAL,None,Low
2492,0,1,10,0.0027,NORMAL,None,Medium
2492,0,2,20,0.0027,NORMAL,None,Medium
2492,0,3,30,0.0025,NORMAL,None,Medium
2492,0,4,40,0.0026,NORMAL,None,Low
2492,0,5,50,0.0024,NORMAL,None,Low
2492,0,6,60,0.0023,NORMAL,None,Low
2493,0,1,10,0.0025,NORMAL,None,Medium
2493,0,2,20,0.0032,NORMAL,None,Medium
2493,0,3,30,0.0029,NORMAL,None,Medium
2493,0,4,40,0.0027,NORMAL,None,Low
2493,0,5,50,0.0025,NORMAL,None,Low
2493,0,6,60,0.0022,NORMAL,None,Low
2606,1,1,10,0.9984,ACTIVE,Impact,Medium
2606,1,2,20,0.9985,ACTIVE,Impact,Medium
2606,1,3,30,0.9987,ACTIVE,Impact,Medium
2606,1,4,40,0.9985,ACTIVE,Impact,Low
2606,1,5,50,0.9986,ACTIVE,Impact,Low
2606,1,6,60,0.9987,ACTIVE,Impact,Low
2607,1,1,10,0.9983,ACTIVE,Impact,Medium
2607,1,2,20,0.9986,ACTIVE,Impact,Medium
2607,1,3,30,0.9983,ACTIVE,Impact,Medium
2607,1,4,40,0.9986,ACTIVE,Impact,Low
2607,1,5,50,0.9987,ACTIVE,Impact,Low
2607,1,6,60,0.9983,ACTIVE,Impact,Low
2608,1,1,10,0.9983,ACTIVE,Impact,Medium
2608,1,2,20,0.9986,ACTIVE,Impact,Medium
2608,1,3,30,0.9986,ACTIVE,Impact,Medium
2608,1,4,40,0.9986,ACTIVE,Impact,Low
2608,1,5,50,0.9988,ACTIVE,Impact,Low
2608,1,6,60,0.9986,ACTIVE,Impact,Low
2609,1,1,10,0.9981,ACTIVE,Impact,Medium
2609,1,2,20,0.9984,ACTIVE,Impact,Medium
2609,1,3,30,0.9985,ACTIVE,Impact,Medium
2609,1,4,40,0.9986,ACTIVE,Impact,Low
2609,1,5,50,0.9985,ACTIVE,Impact,Low
2609,1,6,60,0.9987,ACTIVE,Impact,Low
2610,1,1,10,0.9979,ACTIVE,Impact,Medium
2610,1,2,20,0.9984,ACTIVE,Impact,Medium
2610,1,3,30,0.9987,ACTIVE,Impact,Medium
2610,1,4,40,0.9983,ACTIVE,Impact,Low
2610,1,5,50,0.9986,ACTIVE,Impact,Low
2610,1,6,60,0.9987,ACTIVE,Impact,Low
2611,1,1,10,0.9973,ACTIVE,Impact,Medium
2611,1,2,20,0.9984,ACTIVE,Impact,Medium
2611,1,3,30,0.9984,ACTIVE,Impact,Medium
2611,1,4,40,0.9985,ACTIVE,Impact,Low
2611,1,5,50,0.9986,ACTIVE,Impact,Low
2611,1,6,60,0.9987,ACTIVE,Impact,Low
2612,1,1,10,0.9972,ACTIVE,Impact,Medium
2612,1,2,20,0.9982,ACTIVE,Impact,Medium
2612,1,3,30,0.9986,ACTIVE,Impact,Medium
2612,1,4,40,0.9984,ACTIVE,Impact,Low
2612,1,5,50,0.9985,ACTIVE,Impact,Low
2612,1,6,60,0.9986,ACTIVE,Impact,Low
2613,1,1,10,0.9966,ACTIVE,Impact,Medium
2613,1,2,20,0.9981,ACTIVE,Impact,Medium
2613,1,3,30,0.9984,ACTIVE,Impact,Medium
2613,1,4,40,0.9984,ACTIVE,Impact,Low
2613,1,5,50,0.9985,ACTIVE,Impact,Low
2613,1,6,60,0.9984,ACTIVE,Impact,Low
2614,1,1,10,0.9953,ACTIVE,Impact,Medium
2614,1,2,20,0.9973,ACTIVE,Impact,Medium
2614,1,3,30,0.998,ACTIVE,Impact,Medium
2614,1,4,40,0.9983,ACTIVE,Impact,Low
2614,1,5,50,0.9983,ACTIVE,Impact,Low
2614,1,6,60,0.9987,ACTIVE,Impact,Low
2615,1,1,10,0.9954,ACTIVE,Impact,Medium
2615,1,2,20,0.9979,ACTIVE,Impact,Medium
2615,1,3,30,0.9982,ACTIVE,Impact,Medium
2615,1,4,40,0.9986,ACTIVE,Impact,Low
2615,1,5,50,0.9986,ACTIVE,Impact,Low
2615,1,6,60,0.9987,ACTIVE,Impact,Low
2616,1,1,10,0.9943,ACTIVE,Impact,Medium
2616,1,2,20,0.9972,ACTIVE,Impact,Medium
2616,1,3,30,0.9982,ACTIVE,Impact,Medium
2616,1,4,40,0.9983,ACTIVE,Impact,Low
2616,1,5,50,0.9984,ACTIVE,Impact,Low
2616,1,6,60,0.9986,ACTIVE,Impact,Low
2617,1,1,10,0.9931,ACTIVE,Impact,Medium
2617,1,2,20,0.9965,ACTIVE,Impact,Medium
2617,1,3,30,0.9973,ACTIVE,Impact,Medium
2617,1,4,40,0.9975,ACTIVE,Impact,Low
2617,1,5,50,0.9978,ACTIVE,Impact,Low
2617,1,6,60,0.9973,ACTIVE,Impact,Low
2618,1,1,10,0.9611,ONSET,Impact,Low
2618,1,2,20,0.9681,ONSET,Impact,Low
2618,1,3,30,0.9709,ONSET,Impact,Low
2618,1,4,40,0.966,ONSET,Impact,Low
2618,1,5,50,0.9656,ACTIVE,Impact,Low
2618,1,6,60,0.9626,ACTIVE,Impact,Low
2619,0,1,10,0.7704,PRE_ATTACK,Reconnaissance,Low
2619,0,2,20,0.829,PRE_ATTACK,Reconnaissance,Low
2619,0,3,30,0.8485,PRE_ATTACK,Reconnaissance,Low
2619,0,4,40,0.8664,PRE_ATTACK,Reconnaissance,Low
2619,0,5,50,0.8544,PRE_ATTACK,Reconnaissance,Low
2619,0,6,60,0.8486,PRE_ATTACK,Reconnaissance,Low
2620,0,1,10,0.0081,NORMAL,None,Medium
2620,0,2,20,0.0034,NORMAL,None,Medium
2620,0,3,30,0.0031,NORMAL,None,Medium
2620,0,4,40,0.0027,NORMAL,None,Low
2620,0,5,50,0.0023,NORMAL,None,Low
2620,0,6,60,0.0023,NORMAL,None,Low
2621,0,1,10,0.0051,NORMAL,None,Medium
2621,0,2,20,0.0036,NORMAL,None,Medium
2621,0,3,30,0.0029,NORMAL,None,Medium
2621,0,4,40,0.0026,NORMAL,None,Low
2621,0,5,50,0.0027,NORMAL,None,Low
2621,0,6,60,0.0022,NORMAL,None,Low
2622,0,1,10,0.0047,NORMAL,None,Medium
2622,0,2,20,0.0039,NORMAL,None,Medium
2622,0,3,30,0.0027,NORMAL,None,Medium
2622,0,4,40,0.0027,NORMAL,None,Low
2622,0,5,50,0.0026,NORMAL,None,Low
2622,0,6,60,0.0023,NORMAL,None,Low
2623,0,1,10,0.0033,NORMAL,None,Medium
2623,0,2,20,0.0031,NORMAL,None,Medium
2623,0,3,30,0.0027,NORMAL,None,Medium
2623,0,4,40,0.0028,NORMAL,None,Low
2623,0,5,50,0.0024,NORMAL,None,Low
2623,0,6,60,0.0022,NORMAL,None,Low
2624,0,1,10,0.0036,NORMAL,None,Medium
2624,0,2,20,0.003,NORMAL,None,Medium
2624,0,3,30,0.0026,NORMAL,None,Medium
2624,0,4,40,0.0026,NORMAL,None,Low
2624,0,5,50,0.0026,NORMAL,None,Low
2624,0,6,60,0.0023,NORMAL,None,Low
2625,0,1,10,0.0024,NORMAL,None,Medium
2625,0,2,20,0.0026,NORMAL,None,Medium
2625,0,3,30,0.0023,NORMAL,None,Medium
2625,0,4,40,0.0024,NORMAL,None,Low
2625,0,5,50,0.0024,NORMAL,None,Low
2625,0,6,60,0.0021,NORMAL,None,Low
2626,0,1,10,0.0032,NORMAL,None,Medium
2626,0,2,20,0.0031,NORMAL,None,Medium
2626,0,3,30,0.0027,NORMAL,None,Medium
2626,0,4,40,0.0023,NORMAL,None,Low
2626,0,5,50,0.0025,NORMAL,None,Low
2626,0,6,60,0.0022,NORMAL,None,Low
2627,0,1,10,0.0032,NORMAL,None,Medium
2627,0,2,20,0.003,NORMAL,None,Medium
2627,0,3,30,0.0024,NORMAL,None,Medium
2627,0,4,40,0.0021,NORMAL,None,Low
2627,0,5,50,0.0024,NORMAL,None,Low
2627,0,6,60,0.0024,NORMAL,None,Low
2628,0,1,10,0.0035,NORMAL,None,Medium
2628,0,2,20,0.0036,NORMAL,None,Medium
2628,0,3,30,0.0028,NORMAL,None,Medium
2628,0,4,40,0.0024,NORMAL,None,Low
2628,0,5,50,0.0021,NORMAL,None,Low
2628,0,6,60,0.0022,NORMAL,None,Low
2629,0,1,10,0.0039,NORMAL,None,Medium
2629,0,2,20,0.0034,NORMAL,None,Medium
2629,0,3,30,0.0028,NORMAL,None,Medium
2629,0,4,40,0.0023,NORMAL,None,Low
2629,0,5,50,0.0022,NORMAL,None,Low
2629,0,6,60,0.0023,NORMAL,None,Low
2630,0,1,10,0.0033,NORMAL,None,Medium
2630,0,2,20,0.0036,NORMAL,None,Medium
2630,0,3,30,0.0039,NORMAL,None,Medium
2630,0,4,40,0.0029,NORMAL,None,Low
2630,0,5,50,0.0026,NORMAL,None,Low
2630,0,6,60,0.0023,NORMAL,None,Low
2631,0,1,10,0.0022,NORMAL,None,Medium
2631,0,2,20,0.0027,NORMAL,None,Medium
2631,0,3,30,0.0024,NORMAL,None,Medium
2631,0,4,40,0.0025,NORMAL,None,Low
2631,0,5,50,0.0024,NORMAL,None,Low
2631,0,6,60,0.0024,NORMAL,None,Low
2632,0,1,10,0.0025,NORMAL,None,Medium
2632,0,2,20,0.0029,NORMAL,None,Medium
2632,0,3,30,0.0026,NORMAL,None,Medium
2632,0,4,40,0.0028,NORMAL,None,Low
2632,0,5,50,0.0023,NORMAL,None,Low
2632,0,6,60,0.0027,NORMAL,None,Low
2633,0,1,10,0.0022,NORMAL,None,Medium
2633,0,2,20,0.0023,NORMAL,None,Medium
2633,0,3,30,0.0024,NORMAL,None,Medium
2633,0,4,40,0.0022,NORMAL,None,Low
2633,0,5,50,0.0023,NORMAL,None,Low
2633,0,6,60,0.0022,NORMAL,None,Low
2634,0,1,10,0.003,NORMAL,None,Medium
2634,0,2,20,0.0027,NORMAL,None,Medium
2634,0,3,30,0.0033,NORMAL,None,Medium
2634,0,4,40,0.0022,NORMAL,None,Low
2634,0,5,50,0.0024,NORMAL,None,Low
2634,0,6,60,0.0024,NORMAL,None,Low
2635,0,1,10,0.0033,NORMAL,None,Medium
2635,0,2,20,0.0031,NORMAL,None,Medium
2635,0,3,30,0.0028,NORMAL,None,Medium
2635,0,4,40,0.0028,NORMAL,None,Low
2635,0,5,50,0.0024,NORMAL,None,Low
2635,0,6,60,0.0022,NORMAL,None,Low
2636,0,1,10,0.0036,NORMAL,None,Medium
2636,0,2,20,0.0031,NORMAL,None,Medium
2636,0,3,30,0.0025,NORMAL,None,Medium
2636,0,4,40,0.0023,NORMAL,None,Low
2636,0,5,50,0.0021,NORMAL,None,Low
2636,0,6,60,0.0025,NORMAL,None,Low
2637,0,1,10,0.0033,NORMAL,None,Medium
2637,0,2,20,0.0031,NORMAL,None,Medium
2637,0,3,30,0.0028,NORMAL,None,Medium
2637,0,4,40,0.0026,NORMAL,None,Low
2637,0,5,50,0.0025,NORMAL,None,Low
2637,0,6,60,0.0021,NORMAL,None,Low
2638,0,1,10,0.003,NORMAL,None,Medium
2638,0,2,20,0.0029,NORMAL,None,Medium
2638,0,3,30,0.0025,NORMAL,None,Medium
2638,0,4,40,0.0025,NORMAL,None,Low
2638,0,5,50,0.0021,NORMAL,None,Low
2638,0,6,60,0.0025,NORMAL,None,Low
2639,0,1,10,0.0025,NORMAL,None,Medium
2639,0,2,20,0.0028,NORMAL,None,Medium
2639,0,3,30,0.0024,NORMAL,None,Medium
2639,0,4,40,0.0023,NORMAL,None,Low
2639,0,5,50,0.0025,NORMAL,None,Low
2639,0,6,60,0.0022,NORMAL,None,Low
2640,0,1,10,0.0031,NORMAL,None,Medium
2640,0,2,20,0.0023,NORMAL,None,Medium
2640,0,3,30,0.0025,NORMAL,None,Medium
2640,0,4,40,0.0022,NORMAL,None,Low
2640,0,5,50,0.0022,NORMAL,None,Low
2640,0,6,60,0.0023,NORMAL,None,Low
2641,0,1,10,0.0033,NORMAL,None,Medium
2641,0,2,20,0.0027,NORMAL,None,Medium
2641,0,3,30,0.0027,NORMAL,None,Medium
2641,0,4,40,0.0026,NORMAL,None,Low
2641,0,5,50,0.0022,NORMAL,None,Low
2641,0,6,60,0.0019,NORMAL,None,Low
2642,0,1,10,0.0026,NORMAL,None,Medium
2642,0,2,20,0.0026,NORMAL,None,Medium
2642,0,3,30,0.0031,NORMAL,None,Medium
2642,0,4,40,0.0024,NORMAL,None,Low
2642,0,5,50,0.0025,NORMAL,None,Low
2642,0,6,60,0.0021,NORMAL,None,Low
2643,0,1,10,0.0031,NORMAL,None,Medium
2643,0,2,20,0.0022,NORMAL,None,Medium
2643,0,3,30,0.0024,NORMAL,None,Medium
2643,0,4,40,0.0022,NORMAL,None,Low
2643,0,5,50,0.002,NORMAL,None,Low
2643,0,6,60,0.0017,NORMAL,None,Low
2644,0,1,10,0.0037,NORMAL,None,Medium
2644,0,2,20,0.0034,NORMAL,None,Medium
2644,0,3,30,0.0024,NORMAL,None,Medium
2644,0,4,40,0.0024,NORMAL,None,Low
2644,0,5,50,0.0019,NORMAL,None,Low
2644,0,6,60,0.0022,NORMAL,None,Low
2645,0,1,10,0.0027,NORMAL,None,Medium
2645,0,2,20,0.0026,NORMAL,None,Medium
2645,0,3,30,0.0025,NORMAL,None,Medium
2645,0,4,40,0.0025,NORMAL,None,Low
2645,0,5,50,0.0023,NORMAL,None,Low
2645,0,6,60,0.0023,NORMAL,None,Low
2646,0,1,10,0.0026,NORMAL,None,Medium
2646,0,2,20,0.003,NORMAL,None,Medium
2646,0,3,30,0.0028,NORMAL,None,Medium
2646,0,4,40,0.0025,NORMAL,None,Low
2646,0,5,50,0.0023,NORMAL,None,Low
2646,0,6,60,0.0024,NORMAL,None,Low
2647,0,1,10,0.0028,NORMAL,None,Medium
2647,0,2,20,0.0026,NORMAL,None,Medium
2647,0,3,30,0.0024,NORMAL,None,Medium
2647,0,4,40,0.0024,NORMAL,None,Low
2647,0,5,50,0.0027,NORMAL,None,Low
2647,0,6,60,0.0021,NORMAL,None,Low
2648,0,1,10,0.0028,NORMAL,None,Medium
2648,0,2,20,0.0027,NORMAL,None,Medium
2648,0,3,30,0.0026,NORMAL,None,Medium
2648,0,4,40,0.0026,NORMAL,None,Low
2648,0,5,50,0.0021,NORMAL,None,Low
2648,0,6,60,0.0023,NORMAL,None,Low
2649,0,1,10,0.0028,NORMAL,None,Medium
2649,0,2,20,0.003,NORMAL,None,Medium
2649,0,3,30,0.0026,NORMAL,None,Medium
2649,0,4,40,0.0026,NORMAL,None,Low
2649,0,5,50,0.002,NORMAL,None,Low
2649,0,6,60,0.0026,NORMAL,None,Low
2650,0,1,10,0.0022,NORMAL,None,Medium
2650,0,2,20,0.0028,NORMAL,None,Medium
2650,0,3,30,0.0029,NORMAL,None,Medium
2650,0,4,40,0.0021,NORMAL,None,Low
2650,0,5,50,0.002,NORMAL,None,Low
2650,0,6,60,0.0021,NORMAL,None,Low
2651,0,1,10,0.0019,NORMAL,None,Medium
2651,0,2,20,0.0024,NORMAL,None,Medium
2651,0,3,30,0.0022,NORMAL,None,Medium
2651,0,4,40,0.0023,NORMAL,None,Low
2651,0,5,50,0.0021,NORMAL,None,Low
2651,0,6,60,0.0025,NORMAL,None,Low
2652,0,1,10,0.0019,NORMAL,None,Medium
2652,0,2,20,0.002,NORMAL,None,Medium
2652,0,3,30,0.002,NORMAL,None,Medium
2652,0,4,40,0.0021,NORMAL,None,Low
2652,0,5,50,0.002,NORMAL,None,Low
2652,0,6,60,0.0019,NORMAL,None,Low
2653,0,1,10,0.0014,NORMAL,None,Medium
2653,0,2,20,0.0016,NORMAL,None,Medium
2653,0,3,30,0.002,NORMAL,None,Medium
2653,0,4,40,0.002,NORMAL,None,Low
2653,0,5,50,0.0021,NORMAL,None,Low
2653,0,6,60,0.002,NORMAL,None,Low
2654,0,1,10,0.0016,NORMAL,None,Medium
2654,0,2,20,0.0019,NORMAL,None,Medium
2654,0,3,30,0.0017,NORMAL,None,Medium
2654,0,4,40,0.002,NORMAL,None,Low
2654,0,5,50,0.002,NORMAL,None,Low
2654,0,6,60,0.0021,NORMAL,None,Low
2655,0,1,10,0.0018,NORMAL,None,Medium
2655,0,2,20,0.0022,NORMAL,None,Medium
2655,0,3,30,0.002,NORMAL,None,Medium
2655,0,4,40,0.0022,NORMAL,None,Low
2655,0,5,50,0.002,NORMAL,None,Low
2655,0,6,60,0.0022,NORMAL,None,Low
2656,0,1,10,0.0023,NORMAL,None,Medium
2656,0,2,20,0.0024,NORMAL,None,Medium
2656,0,3,30,0.0022,NORMAL,None,Medium
2656,0,4,40,0.0022,NORMAL,None,Low
2656,0,5,50,0.002,NORMAL,None,Low
2656,0,6,60,0.0022,NORMAL,None,Low
2657,0,1,10,0.0024,NORMAL,None,Medium
2657,0,2,20,0.0023,NORMAL,None,Medium
2657,0,3,30,0.0023,NORMAL,None,Medium
2657,0,4,40,0.0024,NORMAL,None,Low
2657,0,5,50,0.0022,NORMAL,None,Low
2657,0,6,60,0.0023,NORMAL,None,Low
2658,0,1,10,0.0022,NORMAL,None,Medium
2658,0,2,20,0.002,NORMAL,None,Medium
2658,0,3,30,0.002,NORMAL,None,Medium
2658,0,4,40,0.0022,NORMAL,None,Low
2658,0,5,50,0.0023,NORMAL,None,Low
2658,0,6,60,0.0022,NORMAL,None,Low
2659,0,1,10,0.0022,NORMAL,None,Medium
2659,0,2,20,0.002,NORMAL,None,Medium
2659,0,3,30,0.0022,NORMAL,None,Medium
2659,0,4,40,0.002,NORMAL,None,Low
2659,0,5,50,0.0021,NORMAL,None,Low
2659,0,6,60,0.0021,NORMAL,None,Low
2660,0,1,10,0.0029,NORMAL,None,Medium
2660,0,2,20,0.0027,NORMAL,None,Medium
2660,0,3,30,0.0029,NORMAL,None,Medium
2660,0,4,40,0.0026,NORMAL,None,Low
2660,0,5,50,0.0025,NORMAL,None,Low
2660,0,6,60,0.0023,NORMAL,None,Low
2661,0,1,10,0.0022,NORMAL,None,Medium
2661,0,2,20,0.0024,NORMAL,None,Medium
2661,0,3,30,0.0025,NORMAL,None,Medium
2661,0,4,40,0.0021,NORMAL,None,Low
2661,0,5,50,0.0022,NORMAL,None,Low
2661,0,6,60,0.0024,NORMAL,None,Low
2662,0,1,10,0.0019,NORMAL,None,Medium
2662,0,2,20,0.0026,NORMAL,None,Medium
2662,0,3,30,0.0022,NORMAL,None,Medium
2662,0,4,40,0.0021,NORMAL,None,Low
2662,0,5,50,0.0021,NORMAL,None,Low
2662,0,6,60,0.0022,NORMAL,None,Low
2663,0,1,10,0.002,NORMAL,None,Medium
2663,0,2,20,0.0022,NORMAL,None,Medium
2663,0,3,30,0.0024,NORMAL,None,Medium
2663,0,4,40,0.0022,NORMAL,None,Low
2663,0,5,50,0.0028,NORMAL,None,Low
2663,0,6,60,0.0022,NORMAL,None,Low
2664,0,1,10,0.0027,NORMAL,None,Medium
2664,0,2,20,0.0024,NORMAL,None,Medium
2664,0,3,30,0.0027,NORMAL,None,Medium
2664,0,4,40,0.0023,NORMAL,None,Low
2664,0,5,50,0.0024,NORMAL,None,Low
2664,0,6,60,0.0018,NORMAL,None,Low
2665,0,1,10,0.0027,NORMAL,None,Medium
2665,0,2,20,0.0024,NORMAL,None,Medium
2665,0,3,30,0.0026,NORMAL,None,Medium
2665,0,4,40,0.0025,NORMAL,None,Low
2665,0,5,50,0.0023,NORMAL,None,Low
2665,0,6,60,0.0024,NORMAL,None,Low
2666,0,1,10,0.0031,NORMAL,None,Medium
2666,0,2,20,0.0033,NORMAL,None,Medium
2666,0,3,30,0.0026,NORMAL,None,Medium
2666,0,4,40,0.0027,NORMAL,None,Low
2666,0,5,50,0.0023,NORMAL,None,Low
2666,0,6,60,0.0022,NORMAL,None,Low
2667,0,1,10,0.0025,NORMAL,None,Medium
2667,0,2,20,0.0027,NORMAL,None,Medium
2667,0,3,30,0.0025,NORMAL,None,Medium
2667,0,4,40,0.0024,NORMAL,None,Low
2667,0,5,50,0.0025,NORMAL,None,Low
2667,0,6,60,0.0023,NORMAL,None,Low
2668,0,1,10,0.0024,NORMAL,None,Medium
2668,0,2,20,0.0023,NORMAL,None,Medium
2668,0,3,30,0.0024,NORMAL,None,Medium
2668,0,4,40,0.0029,NORMAL,None,Low
2668,0,5,50,0.0028,NORMAL,None,Low
2668,0,6,60,0.0024,NORMAL,None,Low
2669,0,1,10,0.0027,NORMAL,None,Medium
2669,0,2,20,0.0026,NORMAL,None,Medium
2669,0,3,30,0.0025,NORMAL,None,Medium
2669,0,4,40,0.0028,NORMAL,None,Low
2669,0,5,50,0.0026,NORMAL,None,Low
2669,0,6,60,0.0024,NORMAL,None,Low
2670,0,1,10,0.0026,NORMAL,None,Medium
2670,0,2,20,0.0023,NORMAL,None,Medium
2670,0,3,30,0.0023,NORMAL,None,Medium
2670,0,4,40,0.0022,NORMAL,None,Low
2670,0,5,50,0.0022,NORMAL,None,Low
2670,0,6,60,0.0021,NORMAL,None,Low
2671,0,1,10,0.0027,NORMAL,None,Medium
2671,0,2,20,0.0025,NORMAL,None,Medium
2671,0,3,30,0.0026,NORMAL,None,Medium
2671,0,4,40,0.0022,NORMAL,None,Low
2671,0,5,50,0.0019,NORMAL,None,Low
2671,0,6,60,0.0022,NORMAL,None,Low
2672,0,1,10,0.0024,NORMAL,None,Medium
2672,0,2,20,0.0028,NORMAL,None,Medium
2672,0,3,30,0.0024,NORMAL,None,Medium
2672,0,4,40,0.0024,NORMAL,None,Low
2672,0,5,50,0.0024,NORMAL,None,Low
2672,0,6,60,0.0023,NORMAL,None,Low
2673,0,1,10,0.0022,NORMAL,None,Medium
2673,0,2,20,0.0025,NORMAL,None,Medium
2673,0,3,30,0.0026,NORMAL,None,Medium
2673,0,4,40,0.0023,NORMAL,None,Low
2673,0,5,50,0.0024,NORMAL,None,Low
2673,0,6,60,0.0021,NORMAL,None,Low
2674,0,1,10,0.0023,NORMAL,None,Medium
2674,0,2,20,0.0029,NORMAL,None,Medium
2674,0,3,30,0.0029,NORMAL,None,Medium
2674,0,4,40,0.0025,NORMAL,None,Low
2674,0,5,50,0.0021,NORMAL,None,Low
2674,0,6,60,0.0021,NORMAL,None,Low
2675,0,1,10,0.0024,NORMAL,None,Medium
2675,0,2,20,0.003,NORMAL,None,Medium
2675,0,3,30,0.0024,NORMAL,None,Medium
2675,0,4,40,0.0023,NORMAL,None,Low
2675,0,5,50,0.0024,NORMAL,None,Low
2675,0,6,60,0.0025,NORMAL,None,Low
2676,0,1,10,0.003,NORMAL,None,Medium
2676,0,2,20,0.0034,NORMAL,None,Medium
2676,0,3,30,0.0028,NORMAL,None,Medium
2676,0,4,40,0.0022,NORMAL,None,Low
2676,0,5,50,0.002,NORMAL,None,Low
2676,0,6,60,0.0024,NORMAL,None,Low
2677,0,1,10,0.0025,NORMAL,None,Medium
2677,0,2,20,0.0026,NORMAL,None,Medium
2677,0,3,30,0.0023,NORMAL,None,Medium
2677,0,4,40,0.0023,NORMAL,None,Low
2677,0,5,50,0.0023,NORMAL,None,Low
2677,0,6,60,0.0022,NORMAL,None,Low
2678,0,1,10,0.0024,NORMAL,None,Medium
2678,0,2,20,0.0022,NORMAL,None,Medium
2678,0,3,30,0.0026,NORMAL,None,Medium
2678,0,4,40,0.0025,NORMAL,None,Low
2678,0,5,50,0.0023,NORMAL,None,Low
2678,0,6,60,0.002,NORMAL,None,Low
2679,0,1,10,0.0023,NORMAL,None,Medium
2679,0,2,20,0.003,NORMAL,None,Medium
2679,0,3,30,0.0026,NORMAL,None,Medium
2679,0,4,40,0.0023,NORMAL,None,Low
2679,0,5,50,0.002,NORMAL,None,Low
2679,0,6,60,0.0021,NORMAL,None,Low
2680,0,1,10,0.0025,NORMAL,None,Medium
2680,0,2,20,0.0027,NORMAL,None,Medium
2680,0,3,30,0.0025,NORMAL,None,Medium
2680,0,4,40,0.0023,NORMAL,None,Low
2680,0,5,50,0.0023,NORMAL,None,Low
2680,0,6,60,0.002,NORMAL,None,Low
2681,0,1,10,0.0023,NORMAL,None,Medium
2681,0,2,20,0.0027,NORMAL,None,Medium
2681,0,3,30,0.0028,NORMAL,None,Medium
2681,0,4,40,0.0026,NORMAL,None,Low
2681,0,5,50,0.0023,NORMAL,None,Low
2681,0,6,60,0.0021,NORMAL,None,Low
2682,0,1,10,0.0029,NORMAL,None,Medium
2682,0,2,20,0.0025,NORMAL,None,Medium
2682,0,3,30,0.0026,NORMAL,None,Medium
2682,0,4,40,0.0025,NORMAL,None,Low
2682,0,5,50,0.0021,NORMAL,None,Low
2682,0,6,60,0.0021,NORMAL,None,Low
2683,0,1,10,0.0022,NORMAL,None,Medium
2683,0,2,20,0.0024,NORMAL,None,Medium
2683,0,3,30,0.0026,NORMAL,None,Medium
2683,0,4,40,0.0022,NORMAL,None,Low
2683,0,5,50,0.0021,NORMAL,None,Low
2683,0,6,60,0.0023,NORMAL,None,Low
2684,0,1,10,0.0021,NORMAL,None,Medium
2684,0,2,20,0.0025,NORMAL,None,Medium
2684,0,3,30,0.0023,NORMAL,None,Medium
2684,0,4,40,0.0021,NORMAL,None,Low
2684,0,5,50,0.002,NORMAL,None,Low
2684,0,6,60,0.0024,NORMAL,None,Low
2685,0,1,10,0.0018,NORMAL,None,Medium
2685,0,2,20,0.0026,NORMAL,None,Medium
2685,0,3,30,0.0025,NORMAL,None,Medium
2685,0,4,40,0.0022,NORMAL,None,Low
2685,0,5,50,0.002,NORMAL,None,Low
2685,0,6,60,0.0023,NORMAL,None,Low
2686,0,1,10,0.0024,NORMAL,None,Medium
2686,0,2,20,0.0024,NORMAL,None,Medium
2686,0,3,30,0.0021,NORMAL,None,Medium
2686,0,4,40,0.002,NORMAL,None,Low
2686,0,5,50,0.0021,NORMAL,None,Low
2686,0,6,60,0.0022,NORMAL,None,Low
2687,0,1,10,0.0023,NORMAL,None,Medium
2687,0,2,20,0.0027,NORMAL,None,Medium
2687,0,3,30,0.0027,NORMAL,None,Medium
2687,0,4,40,0.0023,NORMAL,None,Low
2687,0,5,50,0.0024,NORMAL,None,Low
2687,0,6,60,0.0022,NORMAL,None,Low
2688,0,1,10,0.0022,NORMAL,None,Medium
2688,0,2,20,0.002,NORMAL,None,Medium
2688,0,3,30,0.002,NORMAL,None,Medium
2688,0,4,40,0.0021,NORMAL,None,Low
2688,0,5,50,0.0021,NORMAL,None,Low
2688,0,6,60,0.0021,NORMAL,None,Low
2689,0,1,10,0.0022,NORMAL,None,Medium
2689,0,2,20,0.0024,NORMAL,None,Medium
2689,0,3,30,0.0021,NORMAL,None,Medium
2689,0,4,40,0.0024,NORMAL,None,Low
2689,0,5,50,0.0022,NORMAL,None,Low
2689,0,6,60,0.0021,NORMAL,None,Low
2690,0,1,10,0.0025,NORMAL,None,Medium
2690,0,2,20,0.003,NORMAL,None,Medium
2690,0,3,30,0.0022,NORMAL,None,Medium
2690,0,4,40,0.0025,NORMAL,None,Low
2690,0,5,50,0.0021,NORMAL,None,Low
2690,0,6,60,0.002,NORMAL,None,Low
2691,0,1,10,0.0019,NORMAL,None,Medium
2691,0,2,20,0.0029,NORMAL,None,Medium
2691,0,3,30,0.0026,NORMAL,None,Medium
2691,0,4,40,0.0024,NORMAL,None,Low
2691,0,5,50,0.0024,NORMAL,None,Low
2691,0,6,60,0.002,NORMAL,None,Low
2692,0,1,10,0.0023,NORMAL,None,Medium
2692,0,2,20,0.003,NORMAL,None,Medium
2692,0,3,30,0.0028,NORMAL,None,Medium
2692,0,4,40,0.0022,NORMAL,None,Low
2692,0,5,50,0.002,NORMAL,None,Low
2692,0,6,60,0.002,NORMAL,None,Low
2693,0,1,10,0.0024,NORMAL,None,Medium
2693,0,2,20,0.0027,NORMAL,None,Medium
2693,0,3,30,0.0027,NORMAL,None,Medium
2693,0,4,40,0.0027,NORMAL,None,Low
2693,0,5,50,0.0022,NORMAL,None,Low
2693,0,6,60,0.0018,NORMAL,None,Low
2694,0,1,10,0.0026,NORMAL,None,Medium
2694,0,2,20,0.0026,NORMAL,None,Medium
2694,0,3,30,0.0026,NORMAL,None,Medium
2694,0,4,40,0.0023,NORMAL,None,Low
2694,0,5,50,0.0021,NORMAL,None,Low
2694,0,6,60,0.002,NORMAL,None,Low
2695,0,1,10,0.0026,NORMAL,None,Medium
2695,0,2,20,0.0026,NORMAL,None,Medium
2695,0,3,30,0.0025,NORMAL,None,Medium
2695,0,4,40,0.0025,NORMAL,None,Low
2695,0,5,50,0.0021,NORMAL,None,Low
2695,0,6,60,0.0021,NORMAL,None,Low
2696,0,1,10,0.0021,NORMAL,None,Medium
2696,0,2,20,0.0021,NORMAL,None,Medium
2696,0,3,30,0.0022,NORMAL,None,Medium
2696,0,4,40,0.0022,NORMAL,None,Low
2696,0,5,50,0.0021,NORMAL,None,Low
2696,0,6,60,0.0023,NORMAL,None,Low
2697,0,1,10,0.0034,NORMAL,None,Medium
2697,0,2,20,0.0028,NORMAL,None,Medium
2697,0,3,30,0.0024,NORMAL,None,Medium
2697,0,4,40,0.0024,NORMAL,None,Low
2697,0,5,50,0.0022,NORMAL,None,Low
2697,0,6,60,0.0021,NORMAL,None,Low
2698,0,1,10,0.0036,NORMAL,None,Medium
2698,0,2,20,0.0025,NORMAL,None,Medium
2698,0,3,30,0.0025,NORMAL,None,Medium
2698,0,4,40,0.0023,NORMAL,None,Low
2698,0,5,50,0.0021,NORMAL,None,Low
2698,0,6,60,0.0023,NORMAL,None,Low
2699,0,1,10,0.0041,NORMAL,None,Medium
2699,0,2,20,0.0026,NORMAL,None,Medium
2699,0,3,30,0.0024,NORMAL,None,Medium
2699,0,4,40,0.0023,NORMAL,None,Low
2699,0,5,50,0.002,NORMAL,None,Low
2699,0,6,60,0.002,NORMAL,None,Low
2700,0,1,10,0.0039,NORMAL,None,Medium
2700,0,2,20,0.0023,NORMAL,None,Medium
2700,0,3,30,0.0023,NORMAL,None,Medium
2700,0,4,40,0.002,NORMAL,None,Low
2700,0,5,50,0.0021,NORMAL,None,Low
2700,0,6,60,0.002,NORMAL,None,Low
2701,0,1,10,0.0035,NORMAL,None,Medium
2701,0,2,20,0.0032,NORMAL,None,Medium
2701,0,3,30,0.0027,NORMAL,None,Medium
2701,0,4,40,0.0023,NORMAL,None,Low
2701,0,5,50,0.0023,NORMAL,None,Low
2701,0,6,60,0.0023,NORMAL,None,Low
2702,0,1,10,0.0034,NORMAL,None,Medium
2702,0,2,20,0.0026,NORMAL,None,Medium
2702,0,3,30,0.0021,NORMAL,None,Medium
2702,0,4,40,0.0025,NORMAL,None,Low
2702,0,5,50,0.0024,NORMAL,None,Low
2702,0,6,60,0.0022,NORMAL,None,Low
2703,0,1,10,0.0027,NORMAL,None,Medium
2703,0,2,20,0.0023,NORMAL,None,Medium
2703,0,3,30,0.0021,NORMAL,None,Medium
2703,0,4,40,0.0023,NORMAL,None,Low
2703,0,5,50,0.0023,NORMAL,None,Low
2703,0,6,60,0.0028,NORMAL,None,Low
2704,0,1,10,0.002,NORMAL,None,Medium
2704,0,2,20,0.0021,NORMAL,None,Medium
2704,0,3,30,0.0021,NORMAL,None,Medium
2704,0,4,40,0.0024,NORMAL,None,Low
2704,0,5,50,0.002,NORMAL,None,Low
2704,0,6,60,0.002,NORMAL,None,Low
2705,0,1,10,0.0018,NORMAL,None,Medium
2705,0,2,20,0.0022,NORMAL,None,Medium
2705,0,3,30,0.0021,NORMAL,None,Medium
2705,0,4,40,0.0022,NORMAL,None,Low
2705,0,5,50,0.0023,NORMAL,None,Low
2705,0,6,60,0.0025,NORMAL,None,Low
2706,0,1,10,0.0022,NORMAL,None,Medium
2706,0,2,20,0.0028,NORMAL,None,Medium
2706,0,3,30,0.0024,NORMAL,None,Medium
2706,0,4,40,0.0022,NORMAL,None,Low
2706,0,5,50,0.0021,NORMAL,None,Low
2706,0,6,60,0.0021,NORMAL,None,Low
2707,0,1,10,0.0021,NORMAL,None,Medium
2707,0,2,20,0.0021,NORMAL,None,Medium
2707,0,3,30,0.0022,NORMAL,None,Medium
2707,0,4,40,0.0022,NORMAL,None,Low
2707,0,5,50,0.0023,NORMAL,None,Low
2707,0,6,60,0.0022,NORMAL,None,Low
2708,0,1,10,0.0025,NORMAL,None,Medium
2708,0,2,20,0.0022,NORMAL,None,Medium
2708,0,3,30,0.0023,NORMAL,None,Medium
2708,0,4,40,0.0023,NORMAL,None,Low
2708,0,5,50,0.002,NORMAL,None,Low
2708,0,6,60,0.0026,NORMAL,None,Low
2709,0,1,10,0.0019,NORMAL,None,Medium
2709,0,2,20,0.0021,NORMAL,None,Medium
2709,0,3,30,0.0023,NORMAL,None,Medium
2709,0,4,40,0.002,NORMAL,None,Low
2709,0,5,50,0.002,NORMAL,None,Low
2709,0,6,60,0.002,NORMAL,None,Low
2710,0,1,10,0.0018,NORMAL,None,Medium
2710,0,2,20,0.0026,NORMAL,None,Medium
2710,0,3,30,0.0024,NORMAL,None,Medium
2710,0,4,40,0.0023,NORMAL,None,Low
2710,0,5,50,0.0022,NORMAL,None,Low
2710,0,6,60,0.0023,NORMAL,None,Low
2711,0,1,10,0.0022,NORMAL,None,Medium
2711,0,2,20,0.0026,NORMAL,None,Medium
2711,0,3,30,0.0023,NORMAL,None,Medium
2711,0,4,40,0.0022,NORMAL,None,Low
2711,0,5,50,0.0022,NORMAL,None,Low
2711,0,6,60,0.0019,NORMAL,None,Low
2712,0,1,10,0.0021,NORMAL,None,Medium
2712,0,2,20,0.0023,NORMAL,None,Medium
2712,0,3,30,0.0022,NORMAL,None,Medium
2712,0,4,40,0.0021,NORMAL,None,Low
2712,0,5,50,0.0018,NORMAL,None,Low
2712,0,6,60,0.002,NORMAL,None,Low
2713,0,1,10,0.002,NORMAL,None,Medium
2713,0,2,20,0.0027,NORMAL,None,Medium
2713,0,3,30,0.0024,NORMAL,None,Medium
2713,0,4,40,0.0024,NORMAL,None,Low
2713,0,5,50,0.0023,NORMAL,None,Low
2713,0,6,60,0.0026,NORMAL,None,Low
2714,0,1,10,0.0026,NORMAL,None,Medium
2714,0,2,20,0.0027,NORMAL,None,Medium
2714,0,3,30,0.003,NORMAL,None,Medium
2714,0,4,40,0.0021,NORMAL,None,Low
2714,0,5,50,0.002,NORMAL,None,Low
2714,0,6,60,0.0019,NORMAL,None,Low
2715,0,1,10,0.0018,NORMAL,None,Medium
2715,0,2,20,0.0022,NORMAL,None,Medium
2715,0,3,30,0.0026,NORMAL,None,Medium
2715,0,4,40,0.0024,NORMAL,None,Low
2715,0,5,50,0.0022,NORMAL,None,Low
2715,0,6,60,0.0022,NORMAL,None,Low
2716,0,1,10,0.0018,NORMAL,None,Medium
2716,0,2,20,0.0023,NORMAL,None,Medium
2716,0,3,30,0.0019,NORMAL,None,Medium
2716,0,4,40,0.002,NORMAL,None,Low
2716,0,5,50,0.0022,NORMAL,None,Low
2716,0,6,60,0.0021,NORMAL,None,Low
2717,0,1,10,0.0026,NORMAL,None,Medium
2717,0,2,20,0.0027,NORMAL,None,Medium
2717,0,3,30,0.0026,NORMAL,None,Medium
2717,0,4,40,0.0023,NORMAL,None,Low
2717,0,5,50,0.002,NORMAL,None,Low
2717,0,6,60,0.0022,NORMAL,None,Low
2718,0,1,10,0.0025,NORMAL,None,Medium
2718,0,2,20,0.003,NORMAL,None,Medium
2718,0,3,30,0.0026,NORMAL,None,Medium
2718,0,4,40,0.0028,NORMAL,None,Low
2718,0,5,50,0.0026,NORMAL,None,Low
2718,0,6,60,0.0022,NORMAL,None,Low
2719,0,1,10,0.0024,NORMAL,None,Medium
2719,0,2,20,0.0029,NORMAL,None,Medium
2719,0,3,30,0.0025,NORMAL,None,Medium
2719,0,4,40,0.0024,NORMAL,None,Low
2719,0,5,50,0.0027,NORMAL,None,Low
2719,0,6,60,0.002,NORMAL,None,Low
2720,0,1,10,0.0027,NORMAL,None,Medium
2720,0,2,20,0.0029,NORMAL,None,Medium
2720,0,3,30,0.0023,NORMAL,None,Medium
2720,0,4,40,0.0027,NORMAL,None,Low
2720,0,5,50,0.0026,NORMAL,None,Low
2720,0,6,60,0.0025,NORMAL,None,Low
2721,0,1,10,0.0026,NORMAL,None,Medium
2721,0,2,20,0.0027,NORMAL,None,Medium
2721,0,3,30,0.0028,NORMAL,None,Medium
2721,0,4,40,0.0021,NORMAL,None,Low
2721,0,5,50,0.0024,NORMAL,None,Low
2721,0,6,60,0.0025,NORMAL,None,Low
2722,0,1,10,0.0029,NORMAL,None,Medium
2722,0,2,20,0.003,NORMAL,None,Medium
2722,0,3,30,0.0027,NORMAL,None,Medium
2722,0,4,40,0.0025,NORMAL,None,Low
2722,0,5,50,0.0023,NORMAL,None,Low
2722,0,6,60,0.0021,NORMAL,None,Low
2723,0,1,10,0.0033,NORMAL,None,Medium
2723,0,2,20,0.0033,NORMAL,None,Medium
2723,0,3,30,0.0029,NORMAL,None,Medium
2723,0,4,40,0.0027,NORMAL,None,Low
2723,0,5,50,0.0025,NORMAL,None,Low
2723,0,6,60,0.0019,NORMAL,None,Low
2724,0,1,10,0.0039,NORMAL,None,Medium
2724,0,2,20,0.0034,NORMAL,None,Medium
2724,0,3,30,0.0031,NORMAL,None,Medium
2724,0,4,40,0.0029,NORMAL,None,Low
2724,0,5,50,0.0026,NORMAL,None,Low
2724,0,6,60,0.0024,NORMAL,None,Low
2725,0,1,10,0.0043,NORMAL,None,Medium
2725,0,2,20,0.0041,NORMAL,None,Medium
2725,0,3,30,0.003,NORMAL,None,Medium
2725,0,4,40,0.0025,NORMAL,None,Low
2725,0,5,50,0.0025,NORMAL,None,Low
2725,0,6,60,0.0022,NORMAL,None,Low
2726,0,1,10,0.0034,NORMAL,None,Medium
2726,0,2,20,0.0032,NORMAL,None,Medium
2726,0,3,30,0.0029,NORMAL,None,Medium
2726,0,4,40,0.0026,NORMAL,None,Low
2726,0,5,50,0.0022,NORMAL,None,Low
2726,0,6,60,0.0026,NORMAL,None,Low
2727,0,1,10,0.0037,NORMAL,None,Medium
2727,0,2,20,0.0036,NORMAL,None,Medium
2727,0,3,30,0.0033,NORMAL,None,Medium
2727,0,4,40,0.003,NORMAL,None,Low
2727,0,5,50,0.0023,NORMAL,None,Low
2727,0,6,60,0.0022,NORMAL,None,Low
2728,0,1,10,0.0032,NORMAL,None,Medium
2728,0,2,20,0.003,NORMAL,None,Medium
2728,0,3,30,0.0026,NORMAL,None,Medium
2728,0,4,40,0.0025,NORMAL,None,Low
2728,0,5,50,0.003,NORMAL,None,Low
2728,0,6,60,0.0024,NORMAL,None,Low
2729,0,1,10,0.0027,NORMAL,None,Medium
2729,0,2,20,0.0031,NORMAL,None,Medium
2729,0,3,30,0.0031,NORMAL,None,Medium
2729,0,4,40,0.0029,NORMAL,None,Low
2729,0,5,50,0.003,NORMAL,None,Low
2729,0,6,60,0.0027,NORMAL,None,Low
2730,0,1,10,0.0028,NORMAL,None,Medium
2730,0,2,20,0.0031,NORMAL,None,Medium
2730,0,3,30,0.0032,NORMAL,None,Medium
2730,0,4,40,0.003,NORMAL,None,Low
2730,0,5,50,0.0023,NORMAL,None,Low
2730,0,6,60,0.0024,NORMAL,None,Low
2731,0,1,10,0.0024,NORMAL,None,Medium
2731,0,2,20,0.0028,NORMAL,None,Medium
2731,0,3,30,0.0026,NORMAL,None,Medium
2731,0,4,40,0.0024,NORMAL,None,Low
2731,0,5,50,0.002,NORMAL,None,Low
2731,0,6,60,0.0023,NORMAL,None,Low
2732,0,1,10,0.0026,NORMAL,None,Medium
2732,0,2,20,0.0027,NORMAL,None,Medium
2732,0,3,30,0.0026,NORMAL,None,Medium
2732,0,4,40,0.0023,NORMAL,None,Low
2732,0,5,50,0.0023,NORMAL,None,Low
2732,0,6,60,0.0023,NORMAL,None,Low
2733,0,1,10,0.0028,NORMAL,None,Medium
2733,0,2,20,0.0029,NORMAL,None,Medium
2733,0,3,30,0.0028,NORMAL,None,Medium
2733,0,4,40,0.0025,NORMAL,None,Low
2733,0,5,50,0.0024,NORMAL,None,Low
2733,0,6,60,0.0024,NORMAL,None,Low
2734,0,1,10,0.0026,NORMAL,None,Medium
2734,0,2,20,0.0025,NORMAL,None,Medium
2734,0,3,30,0.0029,NORMAL,None,Medium
2734,0,4,40,0.0022,NORMAL,None,Low
2734,0,5,50,0.0024,NORMAL,None,Low
2734,0,6,60,0.002,NORMAL,None,Low
2735,0,1,10,0.0028,NORMAL,None,Medium
2735,0,2,20,0.003,NORMAL,None,Medium
2735,0,3,30,0.0027,NORMAL,None,Medium
2735,0,4,40,0.003,NORMAL,None,Low
2735,0,5,50,0.0026,NORMAL,None,Low
2735,0,6,60,0.002,NORMAL,None,Low
2736,0,1,10,0.0026,NORMAL,None,Medium
2736,0,2,20,0.0026,NORMAL,None,Medium
2736,0,3,30,0.0025,NORMAL,None,Medium
2736,0,4,40,0.0026,NORMAL,None,Low
2736,0,5,50,0.0023,NORMAL,None,Low
2736,0,6,60,0.0021,NORMAL,None,Low
2737,0,1,10,0.0024,NORMAL,None,Medium
2737,0,2,20,0.0028,NORMAL,None,Medium
2737,0,3,30,0.0024,NORMAL,None,Medium
2737,0,4,40,0.0028,NORMAL,None,Low
2737,0,5,50,0.0024,NORMAL,None,Low
2737,0,6,60,0.0022,NORMAL,None,Low
2738,0,1,10,0.0024,NORMAL,None,Medium
2738,0,2,20,0.0029,NORMAL,None,Medium
2738,0,3,30,0.0024,NORMAL,None,Medium
2738,0,4,40,0.0023,NORMAL,None,Low
2738,0,5,50,0.0026,NORMAL,None,Low
2738,0,6,60,0.0022,NORMAL,None,Low
2739,0,1,10,0.0022,NORMAL,None,Medium
2739,0,2,20,0.0025,NORMAL,None,Medium
2739,0,3,30,0.0025,NORMAL,None,Medium
2739,0,4,40,0.0023,NORMAL,None,Low
2739,0,5,50,0.0022,NORMAL,None,Low
2739,0,6,60,0.0023,NORMAL,None,Low
2740,0,1,10,0.0022,NORMAL,None,Medium
2740,0,2,20,0.0022,NORMAL,None,Medium
2740,0,3,30,0.0024,NORMAL,None,Medium
2740,0,4,40,0.0021,NORMAL,None,Low
2740,0,5,50,0.0022,NORMAL,None,Low
2740,0,6,60,0.0021,NORMAL,None,Low
2741,0,1,10,0.0022,NORMAL,None,Medium
2741,0,2,20,0.0024,NORMAL,None,Medium
2741,0,3,30,0.0026,NORMAL,None,Medium
2741,0,4,40,0.0027,NORMAL,None,Low
2741,0,5,50,0.0024,NORMAL,None,Low
2741,0,6,60,0.0023,NORMAL,None,Low
2742,0,1,10,0.0023,NORMAL,None,Medium
2742,0,2,20,0.0027,NORMAL,None,Medium
2742,0,3,30,0.0023,NORMAL,None,Medium
2742,0,4,40,0.0027,NORMAL,None,Low
2742,0,5,50,0.0023,NORMAL,None,Low
2742,0,6,60,0.0024,NORMAL,None,Low
2743,0,1,10,0.0019,NORMAL,None,Medium
2743,0,2,20,0.0023,NORMAL,None,Medium
2743,0,3,30,0.0021,NORMAL,None,Medium
2743,0,4,40,0.0022,NORMAL,None,Low
2743,0,5,50,0.0021,NORMAL,None,Low
2743,0,6,60,0.0023,NORMAL,None,Low
2744,0,1,10,0.0019,NORMAL,None,Medium
2744,0,2,20,0.0024,NORMAL,None,Medium
2744,0,3,30,0.0021,NORMAL,None,Medium
2744,0,4,40,0.0027,NORMAL,None,Low
2744,0,5,50,0.0022,NORMAL,None,Low
2744,0,6,60,0.0022,NORMAL,None,Low
2745,0,1,10,0.0019,NORMAL,None,Medium
2745,0,2,20,0.0026,NORMAL,None,Medium
2745,0,3,30,0.003,NORMAL,None,Medium
2745,0,4,40,0.0028,NORMAL,None,Low
2745,0,5,50,0.0021,NORMAL,None,Low
2745,0,6,60,0.002,NORMAL,None,Low
2746,0,1,10,0.0021,NORMAL,None,Medium
2746,0,2,20,0.0025,NORMAL,None,Medium
2746,0,3,30,0.0025,NORMAL,None,Medium
2746,0,4,40,0.0026,NORMAL,None,Low
2746,0,5,50,0.0022,NORMAL,None,Low
2746,0,6,60,0.0022,NORMAL,None,Low
2747,0,1,10,0.0024,NORMAL,None,Medium
2747,0,2,20,0.0031,NORMAL,None,Medium
2747,0,3,30,0.0023,NORMAL,None,Medium
2747,0,4,40,0.0021,NORMAL,None,Low
2747,0,5,50,0.0023,NORMAL,None,Low
2747,0,6,60,0.0023,NORMAL,None,Low
2748,0,1,10,0.0024,NORMAL,None,Medium
2748,0,2,20,0.0032,NORMAL,None,Medium
2748,0,3,30,0.0025,NORMAL,None,Medium
2748,0,4,40,0.0026,NORMAL,None,Low
2748,0,5,50,0.0021,NORMAL,None,Low
2748,0,6,60,0.0024,NORMAL,None,Low
2749,0,1,10,0.0021,NORMAL,None,Medium
2749,0,2,20,0.0027,NORMAL,None,Medium
2749,0,3,30,0.0025,NORMAL,None,Medium
2749,0,4,40,0.0026,NORMAL,None,Low
2749,0,5,50,0.0022,NORMAL,None,Low
2749,0,6,60,0.0021,NORMAL,None,Low
2750,0,1,10,0.0025,NORMAL,None,Medium
2750,0,2,20,0.0027,NORMAL,None,Medium
2750,0,3,30,0.0024,NORMAL,None,Medium
2750,0,4,40,0.0021,NORMAL,None,Low
2750,0,5,50,0.0023,NORMAL,None,Low
2750,0,6,60,0.0021,NORMAL,None,Low
2751,0,1,10,0.002,NORMAL,None,Medium
2751,0,2,20,0.0022,NORMAL,None,Medium
2751,0,3,30,0.0023,NORMAL,None,Medium
2751,0,4,40,0.0022,NORMAL,None,Low
2751,0,5,50,0.0024,NORMAL,None,Low
2751,0,6,60,0.0018,NORMAL,None,Low
2752,0,1,10,0.0023,NORMAL,None,Medium
2752,0,2,20,0.0028,NORMAL,None,Medium
2752,0,3,30,0.0023,NORMAL,None,Medium
2752,0,4,40,0.0022,NORMAL,None,Low
2752,0,5,50,0.0022,NORMAL,None,Low
2752,0,6,60,0.0025,NORMAL,None,Low
2753,0,1,10,0.0023,NORMAL,None,Medium
2753,0,2,20,0.0025,NORMAL,None,Medium
2753,0,3,30,0.0021,NORMAL,None,Medium
2753,0,4,40,0.0023,NORMAL,None,Low
2753,0,5,50,0.0024,NORMAL,None,Low
2753,0,6,60,0.0023,NORMAL,None,Low
2754,0,1,10,0.0021,NORMAL,None,Medium
2754,0,2,20,0.0025,NORMAL,None,Medium
2754,0,3,30,0.0024,NORMAL,None,Medium
2754,0,4,40,0.0024,NORMAL,None,Low
2754,0,5,50,0.0022,NORMAL,None,Low
2754,0,6,60,0.0021,NORMAL,None,Low
2755,0,1,10,0.0021,NORMAL,None,Medium
2755,0,2,20,0.0031,NORMAL,None,Medium
2755,0,3,30,0.0031,NORMAL,None,Medium
2755,0,4,40,0.0026,NORMAL,None,Low
2755,0,5,50,0.0022,NORMAL,None,Low
2755,0,6,60,0.0025,NORMAL,None,Low
2756,0,1,10,0.0021,NORMAL,None,Medium
2756,0,2,20,0.0025,NORMAL,None,Medium
2756,0,3,30,0.0023,NORMAL,None,Medium
2756,0,4,40,0.0023,NORMAL,None,Low
2756,0,5,50,0.0022,NORMAL,None,Low
2756,0,6,60,0.0021,NORMAL,None,Low
2757,0,1,10,0.0025,NORMAL,None,Medium
2757,0,2,20,0.0027,NORMAL,None,Medium
2757,0,3,30,0.0026,NORMAL,None,Medium
2757,0,4,40,0.0023,NORMAL,None,Low
2757,0,5,50,0.0025,NORMAL,None,Low
2757,0,6,60,0.0022,NORMAL,None,Low
2758,0,1,10,0.0023,NORMAL,None,Medium
2758,0,2,20,0.0024,NORMAL,None,Medium
2758,0,3,30,0.0025,NORMAL,None,Medium
2758,0,4,40,0.0022,NORMAL,None,Low
2758,0,5,50,0.002,NORMAL,None,Low
2758,0,6,60,0.0021,NORMAL,None,Low
2759,0,1,10,0.0025,NORMAL,None,Medium
2759,0,2,20,0.003,NORMAL,None,Medium
2759,0,3,30,0.0024,NORMAL,None,Medium
2759,0,4,40,0.0026,NORMAL,None,Low
2759,0,5,50,0.0024,NORMAL,None,Low
2759,0,6,60,0.0023,NORMAL,None,Low
2760,0,1,10,0.0021,NORMAL,None,Medium
2760,0,2,20,0.0025,NORMAL,None,Medium
2760,0,3,30,0.0022,NORMAL,None,Medium
2760,0,4,40,0.0021,NORMAL,None,Low
2760,0,5,50,0.002,NORMAL,None,Low
2760,0,6,60,0.0023,NORMAL,None,Low
2761,0,1,10,0.0023,NORMAL,None,Medium
2761,0,2,20,0.0025,NORMAL,None,Medium
2761,0,3,30,0.0027,NORMAL,None,Medium
2761,0,4,40,0.002,NORMAL,None,Low
2761,0,5,50,0.0022,NORMAL,None,Low
2761,0,6,60,0.0024,NORMAL,None,Low
2762,0,1,10,0.0023,NORMAL,None,Medium
2762,0,2,20,0.0027,NORMAL,None,Medium
2762,0,3,30,0.0024,NORMAL,None,Medium
2762,0,4,40,0.0023,NORMAL,None,Low
2762,0,5,50,0.0021,NORMAL,None,Low
2762,0,6,60,0.0021,NORMAL,None,Low
2763,0,1,10,0.002,NORMAL,None,Medium
2763,0,2,20,0.0025,NORMAL,None,Medium
2763,0,3,30,0.0026,NORMAL,None,Medium
2763,0,4,40,0.0024,NORMAL,None,Low
2763,0,5,50,0.002,NORMAL,None,Low
2763,0,6,60,0.0022,NORMAL,None,Low
2764,0,1,10,0.0023,NORMAL,None,Medium
2764,0,2,20,0.0026,NORMAL,None,Medium
2764,0,3,30,0.0026,NORMAL,None,Medium
2764,0,4,40,0.0024,NORMAL,None,Low
2764,0,5,50,0.0022,NORMAL,None,Low
2764,0,6,60,0.0022,NORMAL,None,Low
2765,0,1,10,0.0023,NORMAL,None,Medium
2765,0,2,20,0.0024,NORMAL,None,Medium
2765,0,3,30,0.0028,NORMAL,None,Medium
2765,0,4,40,0.0024,NORMAL,None,Low
2765,0,5,50,0.0022,NORMAL,None,Low
2765,0,6,60,0.0022,NORMAL,None,Low
2766,0,1,10,0.0033,NORMAL,None,Medium
2766,0,2,20,0.0028,NORMAL,None,Medium
2766,0,3,30,0.0029,NORMAL,None,Medium
2766,0,4,40,0.0025,NORMAL,None,Low
2766,0,5,50,0.0023,NORMAL,None,Low
2766,0,6,60,0.0024,NORMAL,None,Low
2767,0,1,10,0.0041,NORMAL,None,Medium
2767,0,2,20,0.0027,NORMAL,None,Medium
2767,0,3,30,0.0028,NORMAL,None,Medium
2767,0,4,40,0.0026,NORMAL,None,Low
2767,0,5,50,0.0023,NORMAL,None,Low
2767,0,6,60,0.0027,NORMAL,None,Low
2768,0,1,10,0.0052,NORMAL,None,Medium
2768,0,2,20,0.0032,NORMAL,None,Medium
2768,0,3,30,0.003,NORMAL,None,Medium
2768,0,4,40,0.0026,NORMAL,None,Low
2768,0,5,50,0.0022,NORMAL,None,Low
2768,0,6,60,0.0024,NORMAL,None,Low
2769,0,1,10,0.0045,NORMAL,None,Medium
2769,0,2,20,0.0022,NORMAL,None,Medium
2769,0,3,30,0.0021,NORMAL,None,Medium
2769,0,4,40,0.002,NORMAL,None,Low
2769,0,5,50,0.0026,NORMAL,None,Low
2769,0,6,60,0.0024,NORMAL,None,Low
2770,0,1,10,0.0034,NORMAL,None,Medium
2770,0,2,20,0.0025,NORMAL,None,Medium
2770,0,3,30,0.0022,NORMAL,None,Medium
2770,0,4,40,0.0022,NORMAL,None,Low
2770,0,5,50,0.0022,NORMAL,None,Low
2770,0,6,60,0.0022,NORMAL,None,Low
2771,0,1,10,0.0033,NORMAL,None,Medium
2771,0,2,20,0.0029,NORMAL,None,Medium
2771,0,3,30,0.0025,NORMAL,None,Medium
2771,0,4,40,0.0025,NORMAL,None,Low
2771,0,5,50,0.0021,NORMAL,None,Low
2771,0,6,60,0.0022,NORMAL,None,Low
2772,0,1,10,0.0024,NORMAL,None,Medium
2772,0,2,20,0.0023,NORMAL,None,Medium
2772,0,3,30,0.0022,NORMAL,None,Medium
2772,0,4,40,0.0021,NORMAL,None,Low
2772,0,5,50,0.0026,NORMAL,None,Low
2772,0,6,60,0.0027,NORMAL,None,Low
2773,0,1,10,0.0029,NORMAL,None,Medium
2773,0,2,20,0.0024,NORMAL,None,Medium
2773,0,3,30,0.0025,NORMAL,None,Medium
2773,0,4,40,0.0025,NORMAL,None,Low
2773,0,5,50,0.0021,NORMAL,None,Low
2773,0,6,60,0.0022,NORMAL,None,Low
2774,0,1,10,0.0026,NORMAL,None,Medium
2774,0,2,20,0.002,NORMAL,None,Medium
2774,0,3,30,0.0024,NORMAL,None,Medium
2774,0,4,40,0.0024,NORMAL,None,Low
2774,0,5,50,0.0023,NORMAL,None,Low
2774,0,6,60,0.002,NORMAL,None,Low
2775,0,1,10,0.0018,NORMAL,None,Medium
2775,0,2,20,0.0019,NORMAL,None,Medium
2775,0,3,30,0.002,NORMAL,None,Medium
2775,0,4,40,0.0024,NORMAL,None,Low
2775,0,5,50,0.0022,NORMAL,None,Low
2775,0,6,60,0.0023,NORMAL,None,Low
2776,0,1,10,0.0023,NORMAL,None,Medium
2776,0,2,20,0.0024,NORMAL,None,Medium
2776,0,3,30,0.0023,NORMAL,None,Medium
2776,0,4,40,0.0019,NORMAL,None,Low
2776,0,5,50,0.0024,NORMAL,None,Low
2776,0,6,60,0.0021,NORMAL,None,Low
2777,0,1,10,0.002,NORMAL,None,Medium
2777,0,2,20,0.0021,NORMAL,None,Medium
2777,0,3,30,0.0028,NORMAL,None,Medium
2777,0,4,40,0.0022,NORMAL,None,Low
2777,0,5,50,0.0023,NORMAL,None,Low
2777,0,6,60,0.0019,NORMAL,None,Low
2778,0,1,10,0.0025,NORMAL,None,Medium
2778,0,2,20,0.0028,NORMAL,None,Medium
2778,0,3,30,0.0028,NORMAL,None,Medium
2778,0,4,40,0.0025,NORMAL,None,Low
2778,0,5,50,0.0021,NORMAL,None,Low
2778,0,6,60,0.002,NORMAL,None,Low
2779,0,1,10,0.0029,NORMAL,None,Medium
2779,0,2,20,0.0027,NORMAL,None,Medium
2779,0,3,30,0.0023,NORMAL,None,Medium
2779,0,4,40,0.0025,NORMAL,None,Low
2779,0,5,50,0.0022,NORMAL,None,Low
2779,0,6,60,0.0023,NORMAL,None,Low
2780,0,1,10,0.0025,NORMAL,None,Medium
2780,0,2,20,0.0023,NORMAL,None,Medium
2780,0,3,30,0.0022,NORMAL,None,Medium
2780,0,4,40,0.0023,NORMAL,None,Low
2780,0,5,50,0.002,NORMAL,None,Low
2780,0,6,60,0.0021,NORMAL,None,Low
2781,0,1,10,0.0024,NORMAL,None,Medium
2781,0,2,20,0.0027,NORMAL,None,Medium
2781,0,3,30,0.0025,NORMAL,None,Medium
2781,0,4,40,0.0024,NORMAL,None,Low
2781,0,5,50,0.0021,NORMAL,None,Low
2781,0,6,60,0.0023,NORMAL,None,Low
2782,0,1,10,0.0028,NORMAL,None,Medium
2782,0,2,20,0.0031,NORMAL,None,Medium
2782,0,3,30,0.0024,NORMAL,None,Medium
2782,0,4,40,0.0027,NORMAL,None,Low
2782,0,5,50,0.0022,NORMAL,None,Low
2782,0,6,60,0.0023,NORMAL,None,Low
2783,0,1,10,0.0028,NORMAL,None,Medium
2783,0,2,20,0.0032,NORMAL,None,Medium
2783,0,3,30,0.0028,NORMAL,None,Medium
2783,0,4,40,0.0026,NORMAL,None,Low
2783,0,5,50,0.0022,NORMAL,None,Low
2783,0,6,60,0.0021,NORMAL,None,Low
2784,0,1,10,0.0035,NORMAL,None,Medium
2784,0,2,20,0.0033,NORMAL,None,Medium
2784,0,3,30,0.0028,NORMAL,None,Medium
2784,0,4,40,0.0028,NORMAL,None,Low
2784,0,5,50,0.0022,NORMAL,None,Low
2784,0,6,60,0.0023,NORMAL,None,Low
2785,0,1,10,0.0029,NORMAL,None,Medium
2785,0,2,20,0.003,NORMAL,None,Medium
2785,0,3,30,0.0025,NORMAL,None,Medium
2785,0,4,40,0.0025,NORMAL,None,Low
2785,0,5,50,0.0023,NORMAL,None,Low
2785,0,6,60,0.0022,NORMAL,None,Low
2786,0,1,10,0.0032,NORMAL,None,Medium
2786,0,2,20,0.0033,NORMAL,None,Medium
2786,0,3,30,0.0031,NORMAL,None,Medium
2786,0,4,40,0.0026,NORMAL,None,Low
2786,0,5,50,0.0023,NORMAL,None,Low
2786,0,6,60,0.002,NORMAL,None,Low
2787,0,1,10,0.0032,NORMAL,None,Medium
2787,0,2,20,0.003,NORMAL,None,Medium
2787,0,3,30,0.003,NORMAL,None,Medium
2787,0,4,40,0.0025,NORMAL,None,Low
2787,0,5,50,0.0026,NORMAL,None,Low
2787,0,6,60,0.0023,NORMAL,None,Low
2788,0,1,10,0.0033,NORMAL,None,Medium
2788,0,2,20,0.0029,NORMAL,None,Medium
2788,0,3,30,0.0029,NORMAL,None,Medium
2788,0,4,40,0.0027,NORMAL,None,Low
2788,0,5,50,0.0025,NORMAL,None,Low
2788,0,6,60,0.0026,NORMAL,None,Low
2789,0,1,10,0.0028,NORMAL,None,Medium
2789,0,2,20,0.003,NORMAL,None,Medium
2789,0,3,30,0.0029,NORMAL,None,Medium
2789,0,4,40,0.0023,NORMAL,None,Low
2789,0,5,50,0.0021,NORMAL,None,Low
2789,0,6,60,0.0019,NORMAL,None,Low
2790,0,1,10,0.0026,NORMAL,None,Medium
2790,0,2,20,0.0025,NORMAL,None,Medium
2790,0,3,30,0.0025,NORMAL,None,Medium
2790,0,4,40,0.0023,NORMAL,None,Low
2790,0,5,50,0.0022,NORMAL,None,Low
2790,0,6,60,0.0024,NORMAL,None,Low
2791,0,1,10,0.0019,NORMAL,None,Medium
2791,0,2,20,0.0023,NORMAL,None,Medium
2791,0,3,30,0.0023,NORMAL,None,Medium
2791,0,4,40,0.002,NORMAL,None,Low
2791,0,5,50,0.0023,NORMAL,None,Low
2791,0,6,60,0.002,NORMAL,None,Low
2792,0,1,10,0.0021,NORMAL,None,Medium
2792,0,2,20,0.002,NORMAL,None,Medium
2792,0,3,30,0.0024,NORMAL,None,Medium
2792,0,4,40,0.0022,NORMAL,None,Low
2792,0,5,50,0.0023,NORMAL,None,Low
2792,0,6,60,0.0021,NORMAL,None,Low
2793,0,1,10,0.0021,NORMAL,None,Medium
2793,0,2,20,0.0022,NORMAL,None,Medium
2793,0,3,30,0.002,NORMAL,None,Medium
2793,0,4,40,0.0018,NORMAL,None,Low
2793,0,5,50,0.0023,NORMAL,None,Low
2793,0,6,60,0.0021,NORMAL,None,Low
2794,0,1,10,0.0018,NORMAL,None,Medium
2794,0,2,20,0.0025,NORMAL,None,Medium
2794,0,3,30,0.0022,NORMAL,None,Medium
2794,0,4,40,0.0022,NORMAL,None,Low
2794,0,5,50,0.0022,NORMAL,None,Low
2794,0,6,60,0.0023,NORMAL,None,Low
2795,0,1,10,0.0017,NORMAL,None,Medium
2795,0,2,20,0.0023,NORMAL,None,Medium
2795,0,3,30,0.0022,NORMAL,None,Medium
2795,0,4,40,0.0025,NORMAL,None,Low
2795,0,5,50,0.0025,NORMAL,None,Low
2795,0,6,60,0.0021,NORMAL,None,Low
2796,0,1,10,0.0017,NORMAL,None,Medium
2796,0,2,20,0.0022,NORMAL,None,Medium
2796,0,3,30,0.0022,NORMAL,None,Medium
2796,0,4,40,0.0022,NORMAL,None,Low
2796,0,5,50,0.002,NORMAL,None,Low
2796,0,6,60,0.002,NORMAL,None,Low
2797,0,1,10,0.0017,NORMAL,None,Medium
2797,0,2,20,0.0023,NORMAL,None,Medium
2797,0,3,30,0.0023,NORMAL,None,Medium
2797,0,4,40,0.0021,NORMAL,None,Low
2797,0,5,50,0.0022,NORMAL,None,Low
2797,0,6,60,0.0021,NORMAL,None,Low
2798,0,1,10,0.002,NORMAL,None,Medium
2798,0,2,20,0.0024,NORMAL,None,Medium
2798,0,3,30,0.0023,NORMAL,None,Medium
2798,0,4,40,0.0022,NORMAL,None,Low
2798,0,5,50,0.0021,NORMAL,None,Low
2798,0,6,60,0.0023,NORMAL,None,Low
2799,0,1,10,0.0018,NORMAL,None,Medium
2799,0,2,20,0.0022,NORMAL,None,Medium
2799,0,3,30,0.0022,NORMAL,None,Medium
2799,0,4,40,0.0023,NORMAL,None,Low
2799,0,5,50,0.0022,NORMAL,None,Low
2799,0,6,60,0.0022,NORMAL,None,Low
2800,0,1,10,0.002,NORMAL,None,Medium
2800,0,2,20,0.0027,NORMAL,None,Medium
2800,0,3,30,0.0023,NORMAL,None,Medium
2800,0,4,40,0.0023,NORMAL,None,Low
2800,0,5,50,0.002,NORMAL,None,Low
2800,0,6,60,0.0022,NORMAL,None,Low
2801,0,1,10,0.0021,NORMAL,None,Medium
2801,0,2,20,0.0024,NORMAL,None,Medium
2801,0,3,30,0.0024,NORMAL,None,Medium
2801,0,4,40,0.0027,NORMAL,None,Low
2801,0,5,50,0.0024,NORMAL,None,Low
2801,0,6,60,0.0022,NORMAL,None,Low
2802,0,1,10,0.002,NORMAL,None,Medium
2802,0,2,20,0.0021,NORMAL,None,Medium
2802,0,3,30,0.0023,NORMAL,None,Medium
2802,0,4,40,0.0021,NORMAL,None,Low
2802,0,5,50,0.002,NORMAL,None,Low
2802,0,6,60,0.0018,NORMAL,None,Low
2803,0,1,10,0.0024,NORMAL,None,Medium
2803,0,2,20,0.0024,NORMAL,None,Medium
2803,0,3,30,0.0029,NORMAL,None,Medium
2803,0,4,40,0.0024,NORMAL,None,Low
2803,0,5,50,0.0022,NORMAL,None,Low
2803,0,6,60,0.0021,NORMAL,None,Low
2804,0,1,10,0.0024,NORMAL,None,Medium
2804,0,2,20,0.0025,NORMAL,None,Medium
2804,0,3,30,0.0027,NORMAL,None,Medium
2804,0,4,40,0.0027,NORMAL,None,Low
2804,0,5,50,0.0026,NORMAL,None,Low
2804,0,6,60,0.0023,NORMAL,None,Low
2805,0,1,10,0.0024,NORMAL,None,Medium
2805,0,2,20,0.0023,NORMAL,None,Medium
2805,0,3,30,0.0025,NORMAL,None,Medium
2805,0,4,40,0.0026,NORMAL,None,Low
2805,0,5,50,0.0025,NORMAL,None,Low
2805,0,6,60,0.0024,NORMAL,None,Low
2806,0,1,10,0.0024,NORMAL,None,Medium
2806,0,2,20,0.0023,NORMAL,None,Medium
2806,0,3,30,0.0023,NORMAL,None,Medium
2806,0,4,40,0.0021,NORMAL,None,Low
2806,0,5,50,0.0021,NORMAL,None,Low
2806,0,6,60,0.002,NORMAL,None,Low
2807,0,1,10,0.0023,NORMAL,None,Medium
2807,0,2,20,0.0025,NORMAL,None,Medium
2807,0,3,30,0.0025,NORMAL,None,Medium
2807,0,4,40,0.0024,NORMAL,None,Low
2807,0,5,50,0.0026,NORMAL,None,Low
2807,0,6,60,0.0021,NORMAL,None,Low
2808,0,1,10,0.0042,NORMAL,None,Medium
2808,0,2,20,0.0039,NORMAL,None,Medium
2808,0,3,30,0.0033,NORMAL,None,Medium
2808,0,4,40,0.0031,NORMAL,None,Low
2808,0,5,50,0.0028,NORMAL,None,Low
2808,0,6,60,0.0026,NORMAL,None,Low
2809,0,1,10,0.0027,NORMAL,None,Medium
2809,0,2,20,0.0029,NORMAL,None,Medium
2809,0,3,30,0.0026,NORMAL,None,Medium
2809,0,4,40,0.0025,NORMAL,None,Low
2809,0,5,50,0.0022,NORMAL,None,Low
2809,0,6,60,0.002,NORMAL,None,Low
2810,0,1,10,0.0037,NORMAL,None,Medium
2810,0,2,20,0.0039,NORMAL,None,Medium
2810,0,3,30,0.0032,NORMAL,None,Medium
2810,0,4,40,0.0026,NORMAL,None,Low
2810,0,5,50,0.0024,NORMAL,None,Low
2810,0,6,60,0.0024,NORMAL,None,Low
2811,0,1,10,0.003,NORMAL,None,Medium
2811,0,2,20,0.0034,NORMAL,None,Medium
2811,0,3,30,0.0029,NORMAL,None,Medium
2811,0,4,40,0.0027,NORMAL,None,Low
2811,0,5,50,0.0027,NORMAL,None,Low
2811,0,6,60,0.0022,NORMAL,None,Low
2812,0,1,10,0.0035,NORMAL,None,Medium
2812,0,2,20,0.0031,NORMAL,None,Medium
2812,0,3,30,0.0025,NORMAL,None,Medium
2812,0,4,40,0.0028,NORMAL,None,Low
2812,0,5,50,0.0026,NORMAL,None,Low
2812,0,6,60,0.0023,NORMAL,None,Low
2813,0,1,10,0.0029,NORMAL,None,Medium
2813,0,2,20,0.0033,NORMAL,None,Medium
2813,0,3,30,0.0025,NORMAL,None,Medium
2813,0,4,40,0.0029,NORMAL,None,Low
2813,0,5,50,0.0025,NORMAL,None,Low
2813,0,6,60,0.0022,NORMAL,None,Low
2814,0,1,10,0.0028,NORMAL,None,Medium
2814,0,2,20,0.003,NORMAL,None,Medium
2814,0,3,30,0.0029,NORMAL,None,Medium
2814,0,4,40,0.0025,NORMAL,None,Low
2814,0,5,50,0.0019,NORMAL,None,Low
2814,0,6,60,0.0022,NORMAL,None,Low
2815,0,1,10,0.0027,NORMAL,None,Medium
2815,0,2,20,0.0031,NORMAL,None,Medium
2815,0,3,30,0.0026,NORMAL,None,Medium
2815,0,4,40,0.0026,NORMAL,None,Low
2815,0,5,50,0.0023,NORMAL,None,Low
2815,0,6,60,0.0026,NORMAL,None,Low
2816,0,1,10,0.0025,NORMAL,None,Medium
2816,0,2,20,0.0027,NORMAL,None,Medium
2816,0,3,30,0.0025,NORMAL,None,Medium
2816,0,4,40,0.0022,NORMAL,None,Low
2816,0,5,50,0.002,NORMAL,None,Low
2816,0,6,60,0.0022,NORMAL,None,Low
2817,0,1,10,0.0026,NORMAL,None,Medium
2817,0,2,20,0.0024,NORMAL,None,Medium
2817,0,3,30,0.0025,NORMAL,None,Medium
2817,0,4,40,0.0021,NORMAL,None,Low
2817,0,5,50,0.0025,NORMAL,None,Low
2817,0,6,60,0.0021,NORMAL,None,Low
2818,0,1,10,0.0022,NORMAL,None,Medium
2818,0,2,20,0.0027,NORMAL,None,Medium
2818,0,3,30,0.0028,NORMAL,None,Medium
2818,0,4,40,0.0028,NORMAL,None,Low
2818,0,5,50,0.0023,NORMAL,None,Low
2818,0,6,60,0.0022,NORMAL,None,Low
2819,0,1,10,0.002,NORMAL,None,Medium
2819,0,2,20,0.0025,NORMAL,None,Medium
2819,0,3,30,0.0021,NORMAL,None,Medium
2819,0,4,40,0.002,NORMAL,None,Low
2819,0,5,50,0.002,NORMAL,None,Low
2819,0,6,60,0.002,NORMAL,None,Low
2820,0,1,10,0.002,NORMAL,None,Medium
2820,0,2,20,0.0024,NORMAL,None,Medium
2820,0,3,30,0.0024,NORMAL,None,Medium
2820,0,4,40,0.0019,NORMAL,None,Low
2820,0,5,50,0.0019,NORMAL,None,Low
2820,0,6,60,0.0019,NORMAL,None,Low
2821,0,1,10,0.0022,NORMAL,None,Medium
2821,0,2,20,0.0022,NORMAL,None,Medium
2821,0,3,30,0.0022,NORMAL,None,Medium
2821,0,4,40,0.0024,NORMAL,None,Low
2821,0,5,50,0.0023,NORMAL,None,Low
2821,0,6,60,0.0023,NORMAL,None,Low
2822,0,1,10,0.0025,NORMAL,None,Medium
2822,0,2,20,0.0026,NORMAL,None,Medium
2822,0,3,30,0.0028,NORMAL,None,Medium
2822,0,4,40,0.0026,NORMAL,None,Low
2822,0,5,50,0.0022,NORMAL,None,Low
2822,0,6,60,0.0021,NORMAL,None,Low
2823,0,1,10,0.0024,NORMAL,None,Medium
2823,0,2,20,0.0032,NORMAL,None,Medium
2823,0,3,30,0.0025,NORMAL,None,Medium
2823,0,4,40,0.002,NORMAL,None,Low
2823,0,5,50,0.0024,NORMAL,None,Low
2823,0,6,60,0.0019,NORMAL,None,Low
2824,0,1,10,0.0018,NORMAL,None,Medium
2824,0,2,20,0.0023,NORMAL,None,Medium
2824,0,3,30,0.0022,NORMAL,None,Medium
2824,0,4,40,0.0021,NORMAL,None,Low
2824,0,5,50,0.0019,NORMAL,None,Low
2824,0,6,60,0.0022,NORMAL,None,Low
2825,0,1,10,0.0023,NORMAL,None,Medium
2825,0,2,20,0.0023,NORMAL,None,Medium
2825,0,3,30,0.0021,NORMAL,None,Medium
2825,0,4,40,0.002,NORMAL,None,Low
2825,0,5,50,0.0021,NORMAL,None,Low
2825,0,6,60,0.0021,NORMAL,None,Low
2826,0,1,10,0.0017,NORMAL,None,Medium
2826,0,2,20,0.0025,NORMAL,None,Medium
2826,0,3,30,0.0021,NORMAL,None,Medium
2826,0,4,40,0.002,NORMAL,None,Low
2826,0,5,50,0.0019,NORMAL,None,Low
2826,0,6,60,0.0022,NORMAL,None,Low
2827,0,1,10,0.0019,NORMAL,None,Medium
2827,0,2,20,0.0025,NORMAL,None,Medium
2827,0,3,30,0.002,NORMAL,None,Medium
2827,0,4,40,0.0019,NORMAL,None,Low
2827,0,5,50,0.0022,NORMAL,None,Low
2827,0,6,60,0.0024,NORMAL,None,Low
2828,0,1,10,0.002,NORMAL,None,Medium
2828,0,2,20,0.0025,NORMAL,None,Medium
2828,0,3,30,0.0023,NORMAL,None,Medium
2828,0,4,40,0.0022,NORMAL,None,Low
2828,0,5,50,0.0022,NORMAL,None,Low
2828,0,6,60,0.0022,NORMAL,None,Low
2829,0,1,10,0.0018,NORMAL,None,Medium
2829,0,2,20,0.0021,NORMAL,None,Medium
2829,0,3,30,0.002,NORMAL,None,Medium
2829,0,4,40,0.0021,NORMAL,None,Low
2829,0,5,50,0.002,NORMAL,None,Low
2829,0,6,60,0.0021,NORMAL,None,Low
2830,0,1,10,0.002,NORMAL,None,Medium
2830,0,2,20,0.0025,NORMAL,None,Medium
2830,0,3,30,0.0024,NORMAL,None,Medium
2830,0,4,40,0.0023,NORMAL,None,Low
2830,0,5,50,0.0023,NORMAL,None,Low
2830,0,6,60,0.0018,NORMAL,None,Low
2831,0,1,10,0.002,NORMAL,None,Medium
2831,0,2,20,0.0022,NORMAL,None,Medium
2831,0,3,30,0.0024,NORMAL,None,Medium
2831,0,4,40,0.0021,NORMAL,None,Low
2831,0,5,50,0.0021,NORMAL,None,Low
2831,0,6,60,0.0022,NORMAL,None,Low
2832,0,1,10,0.0023,NORMAL,None,Medium
2832,0,2,20,0.0022,NORMAL,None,Medium
2832,0,3,30,0.002,NORMAL,None,Medium
2832,0,4,40,0.0022,NORMAL,None,Low
2832,0,5,50,0.0023,NORMAL,None,Low
2832,0,6,60,0.0022,NORMAL,None,Low
2833,0,1,10,0.0026,NORMAL,None,Medium
2833,0,2,20,0.0028,NORMAL,None,Medium
2833,0,3,30,0.0026,NORMAL,None,Medium
2833,0,4,40,0.0022,NORMAL,None,Low
2833,0,5,50,0.0024,NORMAL,None,Low
2833,0,6,60,0.0024,NORMAL,None,Low
2834,0,1,10,0.0022,NORMAL,None,Medium
2834,0,2,20,0.0023,NORMAL,None,Medium
2834,0,3,30,0.002,NORMAL,None,Medium
2834,0,4,40,0.0021,NORMAL,None,Low
2834,0,5,50,0.002,NORMAL,None,Low
2834,0,6,60,0.0019,NORMAL,None,Low
2835,0,1,10,0.0019,NORMAL,None,Medium
2835,0,2,20,0.0025,NORMAL,None,Medium
2835,0,3,30,0.0028,NORMAL,None,Medium
2835,0,4,40,0.0022,NORMAL,None,Low
2835,0,5,50,0.0021,NORMAL,None,Low
2835,0,6,60,0.0022,NORMAL,None,Low
2836,0,1,10,0.0016,NORMAL,None,Medium
2836,0,2,20,0.0019,NORMAL,None,Medium
2836,0,3,30,0.002,NORMAL,None,Medium
2836,0,4,40,0.0023,NORMAL,None,Low
2836,0,5,50,0.0019,NORMAL,None,Low
2836,0,6,60,0.0023,NORMAL,None,Low
2837,0,1,10,0.0016,NORMAL,None,Medium
2837,0,2,20,0.002,NORMAL,None,Medium
2837,0,3,30,0.0022,NORMAL,None,Medium
2837,0,4,40,0.0022,NORMAL,None,Low
2837,0,5,50,0.0023,NORMAL,None,Low
2837,0,6,60,0.0025,NORMAL,None,Low
2838,0,1,10,0.0015,NORMAL,None,Medium
2838,0,2,20,0.002,NORMAL,None,Medium
2838,0,3,30,0.0019,NORMAL,None,Medium
2838,0,4,40,0.0023,NORMAL,None,Low
2838,0,5,50,0.0018,NORMAL,None,Low
2838,0,6,60,0.0023,NORMAL,None,Low
2839,0,1,10,0.0019,NORMAL,None,Medium
2839,0,2,20,0.0022,NORMAL,None,Medium
2839,0,3,30,0.0021,NORMAL,None,Medium
2839,0,4,40,0.002,NORMAL,None,Low
2839,0,5,50,0.0021,NORMAL,None,Low
2839,0,6,60,0.0024,NORMAL,None,Low
2840,0,1,10,0.0014,NORMAL,None,Medium
2840,0,2,20,0.0022,NORMAL,None,Medium
2840,0,3,30,0.0022,NORMAL,None,Medium
2840,0,4,40,0.002,NORMAL,None,Low
2840,0,5,50,0.0023,NORMAL,None,Low
2840,0,6,60,0.0018,NORMAL,None,Low
2841,0,1,10,0.0018,NORMAL,None,Medium
2841,0,2,20,0.0022,NORMAL,None,Medium
2841,0,3,30,0.0021,NORMAL,None,Medium
2841,0,4,40,0.0023,NORMAL,None,Low
2841,0,5,50,0.002,NORMAL,None,Low
2841,0,6,60,0.002,NORMAL,None,Low
2842,0,1,10,0.0018,NORMAL,None,Medium
2842,0,2,20,0.0021,NORMAL,None,Medium
2842,0,3,30,0.0021,NORMAL,None,Medium
2842,0,4,40,0.0021,NORMAL,None,Low
2842,0,5,50,0.0021,NORMAL,None,Low
2842,0,6,60,0.0023,NORMAL,None,Low
2843,0,1,10,0.0021,NORMAL,None,Medium
2843,0,2,20,0.0021,NORMAL,None,Medium
2843,0,3,30,0.0022,NORMAL,None,Medium
2843,0,4,40,0.002,NORMAL,None,Low
2843,0,5,50,0.0022,NORMAL,None,Low
2843,0,6,60,0.0023,NORMAL,None,Low
2844,0,1,10,0.0021,NORMAL,None,Medium
2844,0,2,20,0.0026,NORMAL,None,Medium
2844,0,3,30,0.0023,NORMAL,None,Medium
2844,0,4,40,0.0024,NORMAL,None,Low
2844,0,5,50,0.0023,NORMAL,None,Low
2844,0,6,60,0.0022,NORMAL,None,Low
2845,0,1,10,0.0021,NORMAL,None,Medium
2845,0,2,20,0.0023,NORMAL,None,Medium
2845,0,3,30,0.0024,NORMAL,None,Medium
2845,0,4,40,0.0022,NORMAL,None,Low
2845,0,5,50,0.0021,NORMAL,None,Low
2845,0,6,60,0.0024,NORMAL,None,Low
2846,0,1,10,0.0022,NORMAL,None,Medium
2846,0,2,20,0.0021,NORMAL,None,Medium
2846,0,3,30,0.0024,NORMAL,None,Medium
2846,0,4,40,0.0021,NORMAL,None,Low
2846,0,5,50,0.0022,NORMAL,None,Low
2846,0,6,60,0.0021,NORMAL,None,Low
2847,0,1,10,0.0022,NORMAL,None,Medium
2847,0,2,20,0.0023,NORMAL,None,Medium
2847,0,3,30,0.0024,NORMAL,None,Medium
2847,0,4,40,0.0022,NORMAL,None,Low
2847,0,5,50,0.0024,NORMAL,None,Low
2847,0,6,60,0.0022,NORMAL,None,Low
2848,0,1,10,0.0018,NORMAL,None,Medium
2848,0,2,20,0.002,NORMAL,None,Medium
2848,0,3,30,0.0023,NORMAL,None,Medium
2848,0,4,40,0.0026,NORMAL,None,Low
2848,0,5,50,0.0025,NORMAL,None,Low
2848,0,6,60,0.0019,NORMAL,None,Low
2849,0,1,10,0.0015,NORMAL,None,Medium
2849,0,2,20,0.0023,NORMAL,None,Medium
2849,0,3,30,0.0023,NORMAL,None,Medium
2849,0,4,40,0.0021,NORMAL,None,Low
2849,0,5,50,0.002,NORMAL,None,Low
2849,0,6,60,0.002,NORMAL,None,Low
2850,0,1,10,0.0014,NORMAL,None,Medium
2850,0,2,20,0.0019,NORMAL,None,Medium
2850,0,3,30,0.002,NORMAL,None,Medium
2850,0,4,40,0.0021,NORMAL,None,Low
2850,0,5,50,0.002,NORMAL,None,Low
2850,0,6,60,0.0023,NORMAL,None,Low
2851,0,1,10,0.0015,NORMAL,None,Medium
2851,0,2,20,0.0019,NORMAL,None,Medium
2851,0,3,30,0.0019,NORMAL,None,Medium
2851,0,4,40,0.0018,NORMAL,None,Low
2851,0,5,50,0.002,NORMAL,None,Low
2851,0,6,60,0.0021,NORMAL,None,Low
2852,0,1,10,0.0021,NORMAL,None,Medium
2852,0,2,20,0.0024,NORMAL,None,Medium
2852,0,3,30,0.0022,NORMAL,None,Medium
2852,0,4,40,0.0021,NORMAL,None,Low
2852,0,5,50,0.0026,NORMAL,None,Low
2852,0,6,60,0.0024,NORMAL,None,Low
2853,0,1,10,0.0018,NORMAL,None,Medium
2853,0,2,20,0.0022,NORMAL,None,Medium
2853,0,3,30,0.0023,NORMAL,None,Medium
2853,0,4,40,0.0021,NORMAL,None,Low
2853,0,5,50,0.002,NORMAL,None,Low
2853,0,6,60,0.002,NORMAL,None,Low
2854,0,1,10,0.0018,NORMAL,None,Medium
2854,0,2,20,0.0023,NORMAL,None,Medium
2854,0,3,30,0.0024,NORMAL,None,Medium
2854,0,4,40,0.0023,NORMAL,None,Low
2854,0,5,50,0.0022,NORMAL,None,Low
2854,0,6,60,0.0019,NORMAL,None,Low
2855,0,1,10,0.0015,NORMAL,None,Medium
2855,0,2,20,0.0018,NORMAL,None,Medium
2855,0,3,30,0.0021,NORMAL,None,Medium
2855,0,4,40,0.0021,NORMAL,None,Low
2855,0,5,50,0.0022,NORMAL,None,Low
2855,0,6,60,0.0021,NORMAL,None,Low
2856,0,1,10,0.0019,NORMAL,None,Medium
2856,0,2,20,0.0024,NORMAL,None,Medium
2856,0,3,30,0.0025,NORMAL,None,Medium
2856,0,4,40,0.0023,NORMAL,None,Low
2856,0,5,50,0.0023,NORMAL,None,Low
2856,0,6,60,0.0024,NORMAL,None,Low
2857,0,1,10,0.0018,NORMAL,None,Medium
2857,0,2,20,0.0022,NORMAL,None,Medium
2857,0,3,30,0.0021,NORMAL,None,Medium
2857,0,4,40,0.0022,NORMAL,None,Low
2857,0,5,50,0.0022,NORMAL,None,Low
2857,0,6,60,0.0023,NORMAL,None,Low
2858,0,1,10,0.0023,NORMAL,None,Medium
2858,0,2,20,0.0029,NORMAL,None,Medium
2858,0,3,30,0.0029,NORMAL,None,Medium
2858,0,4,40,0.0025,NORMAL,None,Low
2858,0,5,50,0.0023,NORMAL,None,Low
2858,0,6,60,0.0019,NORMAL,None,Low
2859,0,1,10,0.0025,NORMAL,None,Medium
2859,0,2,20,0.0029,NORMAL,None,Medium
2859,0,3,30,0.0024,NORMAL,None,Medium
2859,0,4,40,0.0028,NORMAL,None,Low
2859,0,5,50,0.0022,NORMAL,None,Low
2859,0,6,60,0.0023,NORMAL,None,Low
2860,0,1,10,0.0021,NORMAL,None,Medium
2860,0,2,20,0.0023,NORMAL,None,Medium
2860,0,3,30,0.0023,NORMAL,None,Medium
2860,0,4,40,0.0022,NORMAL,None,Low
2860,0,5,50,0.0021,NORMAL,None,Low
2860,0,6,60,0.0021,NORMAL,None,Low
2861,0,1,10,0.0019,NORMAL,None,Medium
2861,0,2,20,0.0023,NORMAL,None,Medium
2861,0,3,30,0.0022,NORMAL,None,Medium
2861,0,4,40,0.0024,NORMAL,None,Low
2861,0,5,50,0.0022,NORMAL,None,Low
2861,0,6,60,0.0021,NORMAL,None,Low
2862,0,1,10,0.0016,NORMAL,None,Medium
2862,0,2,20,0.0018,NORMAL,None,Medium
2862,0,3,30,0.0021,NORMAL,None,Medium
2862,0,4,40,0.0026,NORMAL,None,Low
2862,0,5,50,0.002,NORMAL,None,Low
2862,0,6,60,0.0019,NORMAL,None,Low
2863,0,1,10,0.0017,NORMAL,None,Medium
2863,0,2,20,0.0022,NORMAL,None,Medium
2863,0,3,30,0.0023,NORMAL,None,Medium
2863,0,4,40,0.0021,NORMAL,None,Low
2863,0,5,50,0.0023,NORMAL,None,Low
2863,0,6,60,0.0021,NORMAL,None,Low
2864,0,1,10,0.0016,NORMAL,None,Medium
2864,0,2,20,0.0021,NORMAL,None,Medium
2864,0,3,30,0.0021,NORMAL,None,Medium
2864,0,4,40,0.0024,NORMAL,None,Low
2864,0,5,50,0.0021,NORMAL,None,Low
2864,0,6,60,0.002,NORMAL,None,Low
2865,0,1,10,0.0017,NORMAL,None,Medium
2865,0,2,20,0.0023,NORMAL,None,Medium
2865,0,3,30,0.002,NORMAL,None,Medium
2865,0,4,40,0.002,NORMAL,None,Low
2865,0,5,50,0.0021,NORMAL,None,Low
2865,0,6,60,0.002,NORMAL,None,Low
2866,0,1,10,0.0015,NORMAL,None,Medium
2866,0,2,20,0.002,NORMAL,None,Medium
2866,0,3,30,0.002,NORMAL,None,Medium
2866,0,4,40,0.0021,NORMAL,None,Low
2866,0,5,50,0.0021,NORMAL,None,Low
2866,0,6,60,0.002,NORMAL,None,Low
2867,0,1,10,0.002,NORMAL,None,Medium
2867,0,2,20,0.0025,NORMAL,None,Medium
2867,0,3,30,0.0023,NORMAL,None,Medium
2867,0,4,40,0.0023,NORMAL,None,Low
2867,0,5,50,0.0022,NORMAL,None,Low
2867,0,6,60,0.0022,NORMAL,None,Low
2868,0,1,10,0.0016,NORMAL,None,Medium
2868,0,2,20,0.002,NORMAL,None,Medium
2868,0,3,30,0.0023,NORMAL,None,Medium
2868,0,4,40,0.0022,NORMAL,None,Low
2868,0,5,50,0.0021,NORMAL,None,Low
2868,0,6,60,0.0019,NORMAL,None,Low
2869,0,1,10,0.0023,NORMAL,None,Medium
2869,0,2,20,0.0028,NORMAL,None,Medium
2869,0,3,30,0.0026,NORMAL,None,Medium
2869,0,4,40,0.0024,NORMAL,None,Low
2869,0,5,50,0.0022,NORMAL,None,Low
2869,0,6,60,0.0022,NORMAL,None,Low
2870,0,1,10,0.002,NORMAL,None,Medium
2870,0,2,20,0.0025,NORMAL,None,Medium
2870,0,3,30,0.0022,NORMAL,None,Medium
2870,0,4,40,0.0023,NORMAL,None,Low
2870,0,5,50,0.0024,NORMAL,None,Low
2870,0,6,60,0.0024,NORMAL,None,Low
2871,0,1,10,0.0018,NORMAL,None,Medium
2871,0,2,20,0.0022,NORMAL,None,Medium
2871,0,3,30,0.0024,NORMAL,None,Medium
2871,0,4,40,0.0023,NORMAL,None,Low
2871,0,5,50,0.0025,NORMAL,None,Low
2871,0,6,60,0.002,NORMAL,None,Low
2872,0,1,10,0.0016,NORMAL,None,Medium
2872,0,2,20,0.002,NORMAL,None,Medium
2872,0,3,30,0.0022,NORMAL,None,Medium
2872,0,4,40,0.0027,NORMAL,None,Low
2872,0,5,50,0.0023,NORMAL,None,Low
2872,0,6,60,0.0025,NORMAL,None,Low
2873,0,1,10,0.0016,NORMAL,None,Medium
2873,0,2,20,0.0019,NORMAL,None,Medium
2873,0,3,30,0.0024,NORMAL,None,Medium
2873,0,4,40,0.002,NORMAL,None,Low
2873,0,5,50,0.0019,NORMAL,None,Low
2873,0,6,60,0.002,NORMAL,None,Low
2874,0,1,10,0.0018,NORMAL,None,Medium
2874,0,2,20,0.002,NORMAL,None,Medium
2874,0,3,30,0.0024,NORMAL,None,Medium
2874,0,4,40,0.0022,NORMAL,None,Low
2874,0,5,50,0.0019,NORMAL,None,Low
2874,0,6,60,0.0022,NORMAL,None,Low
2875,0,1,10,0.0025,NORMAL,None,Medium
2875,0,2,20,0.0022,NORMAL,None,Medium
2875,0,3,30,0.0024,NORMAL,None,Medium
2875,0,4,40,0.0019,NORMAL,None,Low
2875,0,5,50,0.0021,NORMAL,None,Low
2875,0,6,60,0.0022,NORMAL,None,Low
2876,0,1,10,0.002,NORMAL,None,Medium
2876,0,2,20,0.0023,NORMAL,None,Medium
2876,0,3,30,0.0022,NORMAL,None,Medium
2876,0,4,40,0.0021,NORMAL,None,Low
2876,0,5,50,0.002,NORMAL,None,Low
2876,0,6,60,0.0019,NORMAL,None,Low
2877,0,1,10,0.0022,NORMAL,None,Medium
2877,0,2,20,0.0022,NORMAL,None,Medium
2877,0,3,30,0.0023,NORMAL,None,Medium
2877,0,4,40,0.002,NORMAL,None,Low
2877,0,5,50,0.0022,NORMAL,None,Low
2877,0,6,60,0.0023,NORMAL,None,Low
2878,0,1,10,0.0015,NORMAL,None,Medium
2878,0,2,20,0.0022,NORMAL,None,Medium
2878,0,3,30,0.0019,NORMAL,None,Medium
2878,0,4,40,0.0023,NORMAL,None,Low
2878,0,5,50,0.0023,NORMAL,None,Low
2878,0,6,60,0.0022,NORMAL,None,Low
2879,0,1,10,0.0016,NORMAL,None,Medium
2879,0,2,20,0.0025,NORMAL,None,Medium
2879,0,3,30,0.0024,NORMAL,None,Medium
2879,0,4,40,0.0022,NORMAL,None,Low
2879,0,5,50,0.0021,NORMAL,None,Low
2879,0,6,60,0.0019,NORMAL,None,Low
2880,0,1,10,0.0018,NORMAL,None,Medium
2880,0,2,20,0.0025,NORMAL,None,Medium
2880,0,3,30,0.0022,NORMAL,None,Medium
2880,0,4,40,0.0024,NORMAL,None,Low
2880,0,5,50,0.002,NORMAL,None,Low
2880,0,6,60,0.0021,NORMAL,None,Low
2881,0,1,10,0.002,NORMAL,None,Medium
2881,0,2,20,0.0023,NORMAL,None,Medium
2881,0,3,30,0.0022,NORMAL,None,Medium
2881,0,4,40,0.0025,NORMAL,None,Low
2881,0,5,50,0.0023,NORMAL,None,Low
2881,0,6,60,0.0023,NORMAL,None,Low
2882,0,1,10,0.0024,NORMAL,None,Medium
2882,0,2,20,0.0023,NORMAL,None,Medium
2882,0,3,30,0.0022,NORMAL,None,Medium
2882,0,4,40,0.0026,NORMAL,None,Low
2882,0,5,50,0.0022,NORMAL,None,Low
2882,0,6,60,0.0024,NORMAL,None,Low
2883,0,1,10,0.0017,NORMAL,None,Medium
2883,0,2,20,0.0027,NORMAL,None,Medium
2883,0,3,30,0.0023,NORMAL,None,Medium
2883,0,4,40,0.0022,NORMAL,None,Low
2883,0,5,50,0.0022,NORMAL,None,Low
2883,0,6,60,0.0021,NORMAL,None,Low
2884,0,1,10,0.0021,NORMAL,None,Medium
2884,0,2,20,0.0021,NORMAL,None,Medium
2884,0,3,30,0.0022,NORMAL,None,Medium
2884,0,4,40,0.0021,NORMAL,None,Low
2884,0,5,50,0.0021,NORMAL,None,Low
2884,0,6,60,0.0018,NORMAL,None,Low
2885,0,1,10,0.0019,NORMAL,None,Medium
2885,0,2,20,0.0019,NORMAL,None,Medium
2885,0,3,30,0.0022,NORMAL,None,Medium
2885,0,4,40,0.0021,NORMAL,None,Low
2885,0,5,50,0.0025,NORMAL,None,Low
2885,0,6,60,0.0021,NORMAL,None,Low
2886,0,1,10,0.0022,NORMAL,None,Medium
2886,0,2,20,0.0022,NORMAL,None,Medium
2886,0,3,30,0.0024,NORMAL,None,Medium
2886,0,4,40,0.0023,NORMAL,None,Low
2886,0,5,50,0.002,NORMAL,None,Low
2886,0,6,60,0.0022,NORMAL,None,Low
2887,0,1,10,0.0026,NORMAL,None,Medium
2887,0,2,20,0.0022,NORMAL,None,Medium
2887,0,3,30,0.0023,NORMAL,None,Medium
2887,0,4,40,0.0018,NORMAL,None,Low
2887,0,5,50,0.0023,NORMAL,None,Low
2887,0,6,60,0.0021,NORMAL,None,Low
2888,0,1,10,0.0022,NORMAL,None,Medium
2888,0,2,20,0.0024,NORMAL,None,Medium
2888,0,3,30,0.0023,NORMAL,None,Medium
2888,0,4,40,0.0021,NORMAL,None,Low
2888,0,5,50,0.0023,NORMAL,None,Low
2888,0,6,60,0.002,NORMAL,None,Low
2889,0,1,10,0.0023,NORMAL,None,Medium
2889,0,2,20,0.0027,NORMAL,None,Medium
2889,0,3,30,0.0021,NORMAL,None,Medium
2889,0,4,40,0.0022,NORMAL,None,Low
2889,0,5,50,0.0021,NORMAL,None,Low
2889,0,6,60,0.0023,NORMAL,None,Low
2890,0,1,10,0.0029,NORMAL,None,Medium
2890,0,2,20,0.0025,NORMAL,None,Medium
2890,0,3,30,0.0023,NORMAL,None,Medium
2890,0,4,40,0.0025,NORMAL,None,Low
2890,0,5,50,0.0025,NORMAL,None,Low
2890,0,6,60,0.0019,NORMAL,None,Low
2891,0,1,10,0.0027,NORMAL,None,Medium
2891,0,2,20,0.0029,NORMAL,None,Medium
2891,0,3,30,0.0033,NORMAL,None,Medium
2891,0,4,40,0.0024,NORMAL,None,Low
2891,0,5,50,0.0024,NORMAL,None,Low
2891,0,6,60,0.0022,NORMAL,None,Low
2342,0,1,10,0.0027,NORMAL,None,Medium
2342,0,2,20,0.0029,NORMAL,None,Medium
2342,0,3,30,0.0025,NORMAL,None,Medium
2342,0,4,40,0.0022,NORMAL,None,Low
2342,0,5,50,0.0021,NORMAL,None,Low
2342,0,6,60,0.0024,NORMAL,None,Low
2343,0,1,10,0.004,NORMAL,None,Medium
2343,0,2,20,0.0029,NORMAL,None,Medium
2343,0,3,30,0.0024,NORMAL,None,Medium
2343,0,4,40,0.0023,NORMAL,None,Low
2343,0,5,50,0.0023,NORMAL,None,Low
2343,0,6,60,0.0021,NORMAL,None,Low
2344,0,1,10,0.0041,NORMAL,None,Medium
2344,0,2,20,0.0032,NORMAL,None,Medium
2344,0,3,30,0.0027,NORMAL,None,Medium
2344,0,4,40,0.0025,NORMAL,None,Low
2344,0,5,50,0.002,NORMAL,None,Low
2344,0,6,60,0.0022,NORMAL,None,Low
2345,0,1,10,0.006,NORMAL,None,Medium
2345,0,2,20,0.0029,NORMAL,None,Medium
2345,0,3,30,0.0024,NORMAL,None,Medium
2345,0,4,40,0.0023,NORMAL,None,Low
2345,0,5,50,0.0021,NORMAL,None,Low
2345,0,6,60,0.0023,NORMAL,None,Low
2346,0,1,10,0.0034,NORMAL,None,Medium
2346,0,2,20,0.0032,NORMAL,None,Medium
2346,0,3,30,0.0026,NORMAL,None,Medium
2346,0,4,40,0.0025,NORMAL,None,Low
2346,0,5,50,0.0026,NORMAL,None,Low
2346,0,6,60,0.0025,NORMAL,None,Low
2347,0,1,10,0.0031,NORMAL,None,Medium
2347,0,2,20,0.0028,NORMAL,None,Medium
2347,0,3,30,0.0025,NORMAL,None,Medium
2347,0,4,40,0.0025,NORMAL,None,Low
2347,0,5,50,0.0022,NORMAL,None,Low
2347,0,6,60,0.0023,NORMAL,None,Low
2348,0,1,10,0.0029,NORMAL,None,Medium
2348,0,2,20,0.0025,NORMAL,None,Medium
2348,0,3,30,0.0024,NORMAL,None,Medium
2348,0,4,40,0.0023,NORMAL,None,Low
2348,0,5,50,0.0021,NORMAL,None,Low
2348,0,6,60,0.0023,NORMAL,None,Low
2349,0,1,10,0.0022,NORMAL,None,Medium
2349,0,2,20,0.0027,NORMAL,None,Medium
2349,0,3,30,0.0023,NORMAL,None,Medium
2349,0,4,40,0.0025,NORMAL,None,Low
2349,0,5,50,0.0023,NORMAL,None,Low
2349,0,6,60,0.0022,NORMAL,None,Low
2350,0,1,10,0.003,NORMAL,None,Medium
2350,0,2,20,0.003,NORMAL,None,Medium
2350,0,3,30,0.0028,NORMAL,None,Medium
2350,0,4,40,0.0023,NORMAL,None,Low
2350,0,5,50,0.0019,NORMAL,None,Low
2350,0,6,60,0.0019,NORMAL,None,Low
2351,0,1,10,0.0028,NORMAL,None,Medium
2351,0,2,20,0.0027,NORMAL,None,Medium
2351,0,3,30,0.0029,NORMAL,None,Medium
2351,0,4,40,0.0026,NORMAL,None,Low
2351,0,5,50,0.0022,NORMAL,None,Low
2351,0,6,60,0.0021,NORMAL,None,Low
2352,0,1,10,0.0023,NORMAL,None,Medium
2352,0,2,20,0.0024,NORMAL,None,Medium
2352,0,3,30,0.0024,NORMAL,None,Medium
2352,0,4,40,0.0023,NORMAL,None,Low
2352,0,5,50,0.0024,NORMAL,None,Low
2352,0,6,60,0.002,NORMAL,None,Low
2353,0,1,10,0.0031,NORMAL,None,Medium
2353,0,2,20,0.0031,NORMAL,None,Medium
2353,0,3,30,0.0029,NORMAL,None,Medium
2353,0,4,40,0.0026,NORMAL,None,Low
2353,0,5,50,0.0024,NORMAL,None,Low
2353,0,6,60,0.0022,NORMAL,None,Low
2354,0,1,10,0.0031,NORMAL,None,Medium
2354,0,2,20,0.0035,NORMAL,None,Medium
2354,0,3,30,0.0029,NORMAL,None,Medium
2354,0,4,40,0.0025,NORMAL,None,Low
2354,0,5,50,0.0022,NORMAL,None,Low
2354,0,6,60,0.0023,NORMAL,None,Low
2355,0,1,10,0.0028,NORMAL,None,Medium
2355,0,2,20,0.0026,NORMAL,None,Medium
2355,0,3,30,0.0031,NORMAL,None,Medium
2355,0,4,40,0.0022,NORMAL,None,Low
2355,0,5,50,0.0025,NORMAL,None,Low
2355,0,6,60,0.0025,NORMAL,None,Low
2356,0,1,10,0.0029,NORMAL,None,Medium
2356,0,2,20,0.003,NORMAL,None,Medium
2356,0,3,30,0.0026,NORMAL,None,Medium
2356,0,4,40,0.0027,NORMAL,None,Low
2356,0,5,50,0.0021,NORMAL,None,Low
2356,0,6,60,0.0023,NORMAL,None,Low
2357,0,1,10,0.0025,NORMAL,None,Medium
2357,0,2,20,0.0027,NORMAL,None,Medium
2357,0,3,30,0.0028,NORMAL,None,Medium
2357,0,4,40,0.0025,NORMAL,None,Low
2357,0,5,50,0.0021,NORMAL,None,Low
2357,0,6,60,0.0022,NORMAL,None,Low
2358,0,1,10,0.003,NORMAL,None,Medium
2358,0,2,20,0.0029,NORMAL,None,Medium
2358,0,3,30,0.0026,NORMAL,None,Medium
2358,0,4,40,0.0025,NORMAL,None,Low
2358,0,5,50,0.0022,NORMAL,None,Low
2358,0,6,60,0.002,NORMAL,None,Low
2359,0,1,10,0.0037,NORMAL,None,Medium
2359,0,2,20,0.0033,NORMAL,None,Medium
2359,0,3,30,0.0037,NORMAL,None,Medium
2359,0,4,40,0.0027,NORMAL,None,Low
2359,0,5,50,0.0025,NORMAL,None,Low
2359,0,6,60,0.0022,NORMAL,None,Low
2360,0,1,10,0.0028,NORMAL,None,Medium
2360,0,2,20,0.0036,NORMAL,None,Medium
2360,0,3,30,0.003,NORMAL,None,Medium
2360,0,4,40,0.0024,NORMAL,None,Low
2360,0,5,50,0.0025,NORMAL,None,Low
2360,0,6,60,0.0023,NORMAL,None,Low
2361,0,1,10,0.0027,NORMAL,None,Medium
2361,0,2,20,0.0028,NORMAL,None,Medium
2361,0,3,30,0.0027,NORMAL,None,Medium
2361,0,4,40,0.0022,NORMAL,None,Low
2361,0,5,50,0.0021,NORMAL,None,Low
2361,0,6,60,0.0021,NORMAL,None,Low
2362,0,1,10,0.002,NORMAL,None,Medium
2362,0,2,20,0.0026,NORMAL,None,Medium
2362,0,3,30,0.0023,NORMAL,None,Medium
2362,0,4,40,0.0021,NORMAL,None,Low
2362,0,5,50,0.0023,NORMAL,None,Low
2362,0,6,60,0.0023,NORMAL,None,Low
2363,0,1,10,0.0025,NORMAL,None,Medium
2363,0,2,20,0.0021,NORMAL,None,Medium
2363,0,3,30,0.002,NORMAL,None,Medium
2363,0,4,40,0.002,NORMAL,None,Low
2363,0,5,50,0.002,NORMAL,None,Low
2363,0,6,60,0.0023,NORMAL,None,Low
2364,0,1,10,0.0028,NORMAL,None,Medium
2364,0,2,20,0.0027,NORMAL,None,Medium
2364,0,3,30,0.0024,NORMAL,None,Medium
2364,0,4,40,0.0025,NORMAL,None,Low
2364,0,5,50,0.0023,NORMAL,None,Low
2364,0,6,60,0.0024,NORMAL,None,Low
2365,0,1,10,0.0028,NORMAL,None,Medium
2365,0,2,20,0.0027,NORMAL,None,Medium
2365,0,3,30,0.0023,NORMAL,None,Medium
2365,0,4,40,0.0023,NORMAL,None,Low
2365,0,5,50,0.002,NORMAL,None,Low
2365,0,6,60,0.0025,NORMAL,None,Low
2366,0,1,10,0.0033,NORMAL,None,Medium
2366,0,2,20,0.0029,NORMAL,None,Medium
2366,0,3,30,0.0028,NORMAL,None,Medium
2366,0,4,40,0.002,NORMAL,None,Low
2366,0,5,50,0.002,NORMAL,None,Low
2366,0,6,60,0.002,NORMAL,None,Low
2367,0,1,10,0.0036,NORMAL,None,Medium
2367,0,2,20,0.0034,NORMAL,None,Medium
2367,0,3,30,0.0023,NORMAL,None,Medium
2367,0,4,40,0.0022,NORMAL,None,Low
2367,0,5,50,0.0024,NORMAL,None,Low
2367,0,6,60,0.0024,NORMAL,None,Low
2368,0,1,10,0.0036,NORMAL,None,Medium
2368,0,2,20,0.0028,NORMAL,None,Medium
2368,0,3,30,0.0031,NORMAL,None,Medium
2368,0,4,40,0.0021,NORMAL,None,Low
2368,0,5,50,0.0021,NORMAL,None,Low
2368,0,6,60,0.0021,NORMAL,None,Low
2369,0,1,10,0.0026,NORMAL,None,Medium
2369,0,2,20,0.0026,NORMAL,None,Medium
2369,0,3,30,0.0027,NORMAL,None,Medium
2369,0,4,40,0.0024,NORMAL,None,Low
2369,0,5,50,0.0022,NORMAL,None,Low
2369,0,6,60,0.0021,NORMAL,None,Low
2370,0,1,10,0.0034,NORMAL,None,Medium
2370,0,2,20,0.003,NORMAL,None,Medium
2370,0,3,30,0.0028,NORMAL,None,Medium
2370,0,4,40,0.0025,NORMAL,None,Low
2370,0,5,50,0.0024,NORMAL,None,Low
2370,0,6,60,0.0021,NORMAL,None,Low
2371,0,1,10,0.0037,NORMAL,None,Medium
2371,0,2,20,0.0032,NORMAL,None,Medium
2371,0,3,30,0.0027,NORMAL,None,Medium
2371,0,4,40,0.0023,NORMAL,None,Low
2371,0,5,50,0.0025,NORMAL,None,Low
2371,0,6,60,0.0024,NORMAL,None,Low
2372,0,1,10,0.0032,NORMAL,None,Medium
2372,0,2,20,0.0027,NORMAL,None,Medium
2372,0,3,30,0.0026,NORMAL,None,Medium
2372,0,4,40,0.0026,NORMAL,None,Low
2372,0,5,50,0.0021,NORMAL,None,Low
2372,0,6,60,0.0022,NORMAL,None,Low
2373,0,1,10,0.0032,NORMAL,None,Medium
2373,0,2,20,0.0031,NORMAL,None,Medium
2373,0,3,30,0.0027,NORMAL,None,Medium
2373,0,4,40,0.0023,NORMAL,None,Low
2373,0,5,50,0.0022,NORMAL,None,Low
2373,0,6,60,0.0023,NORMAL,None,Low
2374,0,1,10,0.0028,NORMAL,None,Medium
2374,0,2,20,0.0034,NORMAL,None,Medium
2374,0,3,30,0.0029,NORMAL,None,Medium
2374,0,4,40,0.0027,NORMAL,None,Low
2374,0,5,50,0.0025,NORMAL,None,Low
2374,0,6,60,0.0024,NORMAL,None,Low
2375,0,1,10,0.0031,NORMAL,None,Medium
2375,0,2,20,0.0031,NORMAL,None,Medium
2375,0,3,30,0.0027,NORMAL,None,Medium
2375,0,4,40,0.0026,NORMAL,None,Low
2375,0,5,50,0.0021,NORMAL,None,Low
2375,0,6,60,0.0023,NORMAL,None,Low
2376,0,1,10,0.0032,NORMAL,None,Medium
2376,0,2,20,0.0033,NORMAL,None,Medium
2376,0,3,30,0.0034,NORMAL,None,Medium
2376,0,4,40,0.0025,NORMAL,None,Low
2376,0,5,50,0.0024,NORMAL,None,Low
2376,0,6,60,0.0022,NORMAL,None,Low
2377,0,1,10,0.0027,NORMAL,None,Medium
2377,0,2,20,0.0031,NORMAL,None,Medium
2377,0,3,30,0.0028,NORMAL,None,Medium
2377,0,4,40,0.0029,NORMAL,None,Low
2377,0,5,50,0.0024,NORMAL,None,Low
2377,0,6,60,0.0025,NORMAL,None,Low
2378,0,1,10,0.0029,NORMAL,None,Medium
2378,0,2,20,0.0031,NORMAL,None,Medium
2378,0,3,30,0.003,NORMAL,None,Medium
2378,0,4,40,0.0028,NORMAL,None,Low
2378,0,5,50,0.0024,NORMAL,None,Low
2378,0,6,60,0.0024,NORMAL,None,Low
2379,0,1,10,0.0032,NORMAL,None,Medium
2379,0,2,20,0.0038,NORMAL,None,Medium
2379,0,3,30,0.0033,NORMAL,None,Medium
2379,0,4,40,0.0026,NORMAL,None,Low
2379,0,5,50,0.0028,NORMAL,None,Low
2379,0,6,60,0.0023,NORMAL,None,Low
2380,0,1,10,0.0026,NORMAL,None,Medium
2380,0,2,20,0.0031,NORMAL,None,Medium
2380,0,3,30,0.0025,NORMAL,None,Medium
2380,0,4,40,0.0028,NORMAL,None,Low
2380,0,5,50,0.0021,NORMAL,None,Low
2380,0,6,60,0.0025,NORMAL,None,Low
2381,0,1,10,0.0038,NORMAL,None,Medium
2381,0,2,20,0.0032,NORMAL,None,Medium
2381,0,3,30,0.0029,NORMAL,None,Medium
2381,0,4,40,0.0025,NORMAL,None,Low
2381,0,5,50,0.0021,NORMAL,None,Low
2381,0,6,60,0.0023,NORMAL,None,Low
2382,0,1,10,0.003,NORMAL,None,Medium
2382,0,2,20,0.0031,NORMAL,None,Medium
2382,0,3,30,0.0028,NORMAL,None,Medium
2382,0,4,40,0.0026,NORMAL,None,Low
2382,0,5,50,0.0022,NORMAL,None,Low
2382,0,6,60,0.0024,NORMAL,None,Low
2383,0,1,10,0.0029,NORMAL,None,Medium
2383,0,2,20,0.0033,NORMAL,None,Medium
2383,0,3,30,0.003,NORMAL,None,Medium
2383,0,4,40,0.0028,NORMAL,None,Low
2383,0,5,50,0.0027,NORMAL,None,Low
2383,0,6,60,0.0023,NORMAL,None,Low
2384,0,1,10,0.0026,NORMAL,None,Medium
2384,0,2,20,0.0027,NORMAL,None,Medium
2384,0,3,30,0.0031,NORMAL,None,Medium
2384,0,4,40,0.0026,NORMAL,None,Low
2384,0,5,50,0.0025,NORMAL,None,Low
2384,0,6,60,0.0024,NORMAL,None,Low
2385,0,1,10,0.0022,NORMAL,None,Medium
2385,0,2,20,0.0028,NORMAL,None,Medium
2385,0,3,30,0.0024,NORMAL,None,Medium
2385,0,4,40,0.0021,NORMAL,None,Low
2385,0,5,50,0.0021,NORMAL,None,Low
2385,0,6,60,0.0023,NORMAL,None,Low
2386,0,1,10,0.0026,NORMAL,None,Medium
2386,0,2,20,0.0029,NORMAL,None,Medium
2386,0,3,30,0.0024,NORMAL,None,Medium
2386,0,4,40,0.0023,NORMAL,None,Low
2386,0,5,50,0.0024,NORMAL,None,Low
2386,0,6,60,0.0021,NORMAL,None,Low
2387,0,1,10,0.002,NORMAL,None,Medium
2387,0,2,20,0.0024,NORMAL,None,Medium
2387,0,3,30,0.0026,NORMAL,None,Medium
2387,0,4,40,0.0022,NORMAL,None,Low
2387,0,5,50,0.0022,NORMAL,None,Low
2387,0,6,60,0.0021,NORMAL,None,Low
2388,0,1,10,0.0022,NORMAL,None,Medium
2388,0,2,20,0.0024,NORMAL,None,Medium
2388,0,3,30,0.0025,NORMAL,None,Medium
2388,0,4,40,0.0023,NORMAL,None,Low
2388,0,5,50,0.0021,NORMAL,None,Low
2388,0,6,60,0.0024,NORMAL,None,Low
2389,0,1,10,0.0022,NORMAL,None,Medium
2389,0,2,20,0.0028,NORMAL,None,Medium
2389,0,3,30,0.0023,NORMAL,None,Medium
2389,0,4,40,0.0024,NORMAL,None,Low
2389,0,5,50,0.0026,NORMAL,None,Low
2389,0,6,60,0.0022,NORMAL,None,Low
2390,0,1,10,0.0019,NORMAL,None,Medium
2390,0,2,20,0.0022,NORMAL,None,Medium
2390,0,3,30,0.0023,NORMAL,None,Medium
2390,0,4,40,0.0021,NORMAL,None,Low
2390,0,5,50,0.0022,NORMAL,None,Low
2390,0,6,60,0.0023,NORMAL,None,Low
2391,0,1,10,0.0024,NORMAL,None,Medium
2391,0,2,20,0.0028,NORMAL,None,Medium
2391,0,3,30,0.0024,NORMAL,None,Medium
2391,0,4,40,0.0023,NORMAL,None,Low
2391,0,5,50,0.0023,NORMAL,None,Low
2391,0,6,60,0.0024,NORMAL,None,Low
2392,0,1,10,0.0024,NORMAL,None,Medium
2392,0,2,20,0.0026,NORMAL,None,Medium
2392,0,3,30,0.0023,NORMAL,None,Medium
2392,0,4,40,0.0023,NORMAL,None,Low
2392,0,5,50,0.0022,NORMAL,None,Low
2392,0,6,60,0.002,NORMAL,None,Low
2393,0,1,10,0.0024,NORMAL,None,Medium
2393,0,2,20,0.0024,NORMAL,None,Medium
2393,0,3,30,0.0027,NORMAL,None,Medium
2393,0,4,40,0.0028,NORMAL,None,Low
2393,0,5,50,0.0024,NORMAL,None,Low
2393,0,6,60,0.0022,NORMAL,None,Low
2394,0,1,10,0.0022,NORMAL,None,Medium
2394,0,2,20,0.0027,NORMAL,None,Medium
2394,0,3,30,0.0023,NORMAL,None,Medium
2394,0,4,40,0.0023,NORMAL,None,Low
2394,0,5,50,0.0024,NORMAL,None,Low
2394,0,6,60,0.0022,NORMAL,None,Low
2395,0,1,10,0.0026,NORMAL,None,Medium
2395,0,2,20,0.0029,NORMAL,None,Medium
2395,0,3,30,0.0027,NORMAL,None,Medium
2395,0,4,40,0.0023,NORMAL,None,Low
2395,0,5,50,0.0024,NORMAL,None,Low
2395,0,6,60,0.0024,NORMAL,None,Low
2396,0,1,10,0.0024,NORMAL,None,Medium
2396,0,2,20,0.0029,NORMAL,None,Medium
2396,0,3,30,0.0028,NORMAL,None,Medium
2396,0,4,40,0.003,NORMAL,None,Low
2396,0,5,50,0.0027,NORMAL,None,Low
2396,0,6,60,0.0021,NORMAL,None,Low
2397,0,1,10,0.0024,NORMAL,None,Medium
2397,0,2,20,0.002,NORMAL,None,Medium
2397,0,3,30,0.0022,NORMAL,None,Medium
2397,0,4,40,0.0022,NORMAL,None,Low
2397,0,5,50,0.0021,NORMAL,None,Low
2397,0,6,60,0.0021,NORMAL,None,Low
2398,0,1,10,0.0024,NORMAL,None,Medium
2398,0,2,20,0.0025,NORMAL,None,Medium
2398,0,3,30,0.0026,NORMAL,None,Medium
2398,0,4,40,0.0026,NORMAL,None,Low
2398,0,5,50,0.0024,NORMAL,None,Low
2398,0,6,60,0.0025,NORMAL,None,Low
2399,0,1,10,0.002,NORMAL,None,Medium
2399,0,2,20,0.0023,NORMAL,None,Medium
2399,0,3,30,0.0023,NORMAL,None,Medium
2399,0,4,40,0.0023,NORMAL,None,Low
2399,0,5,50,0.0025,NORMAL,None,Low
2399,0,6,60,0.0023,NORMAL,None,Low
2400,0,1,10,0.0022,NORMAL,None,Medium
2400,0,2,20,0.0021,NORMAL,None,Medium
2400,0,3,30,0.0023,NORMAL,None,Medium
2400,0,4,40,0.0025,NORMAL,None,Low
2400,0,5,50,0.002,NORMAL,None,Low
2400,0,6,60,0.0023,NORMAL,None,Low
2401,0,1,10,0.0025,NORMAL,None,Medium
2401,0,2,20,0.0024,NORMAL,None,Medium
2401,0,3,30,0.0022,NORMAL,None,Medium
2401,0,4,40,0.0024,NORMAL,None,Low
2401,0,5,50,0.0022,NORMAL,None,Low
2401,0,6,60,0.0019,NORMAL,None,Low
2402,0,1,10,0.0032,NORMAL,None,Medium
2402,0,2,20,0.0027,NORMAL,None,Medium
2402,0,3,30,0.0024,NORMAL,None,Medium
2402,0,4,40,0.0026,NORMAL,None,Low
2402,0,5,50,0.0023,NORMAL,None,Low
2402,0,6,60,0.0023,NORMAL,None,Low
2403,0,1,10,0.0029,NORMAL,None,Medium
2403,0,2,20,0.0029,NORMAL,None,Medium
2403,0,3,30,0.0024,NORMAL,None,Medium
2403,0,4,40,0.0023,NORMAL,None,Low
2403,0,5,50,0.0023,NORMAL,None,Low
2403,0,6,60,0.002,NORMAL,None,Low
2404,0,1,10,0.0023,NORMAL,None,Medium
2404,0,2,20,0.0025,NORMAL,None,Medium
2404,0,3,30,0.0025,NORMAL,None,Medium
2404,0,4,40,0.0021,NORMAL,None,Low
2404,0,5,50,0.0022,NORMAL,None,Low
2404,0,6,60,0.002,NORMAL,None,Low
2405,0,1,10,0.0024,NORMAL,None,Medium
2405,0,2,20,0.0024,NORMAL,None,Medium
2405,0,3,30,0.0024,NORMAL,None,Medium
2405,0,4,40,0.002,NORMAL,None,Low
2405,0,5,50,0.0023,NORMAL,None,Low
2405,0,6,60,0.0022,NORMAL,None,Low
2406,0,1,10,0.003,NORMAL,None,Medium
2406,0,2,20,0.0026,NORMAL,None,Medium
2406,0,3,30,0.0024,NORMAL,None,Medium
2406,0,4,40,0.0022,NORMAL,None,Low
2406,0,5,50,0.002,NORMAL,None,Low
2406,0,6,60,0.0023,NORMAL,None,Low
2407,0,1,10,0.0031,NORMAL,None,Medium
2407,0,2,20,0.0028,NORMAL,None,Medium
2407,0,3,30,0.0028,NORMAL,None,Medium
2407,0,4,40,0.0022,NORMAL,None,Low
2407,0,5,50,0.0023,NORMAL,None,Low
2407,0,6,60,0.0023,NORMAL,None,Low
2408,0,1,10,0.0041,NORMAL,None,Medium
2408,0,2,20,0.0032,NORMAL,None,Medium
2408,0,3,30,0.0032,NORMAL,None,Medium
2408,0,4,40,0.0027,NORMAL,None,Low
2408,0,5,50,0.0021,NORMAL,None,Low
2408,0,6,60,0.0022,NORMAL,None,Low
2409,0,1,10,0.0038,NORMAL,None,Medium
2409,0,2,20,0.0035,NORMAL,None,Medium
2409,0,3,30,0.0032,NORMAL,None,Medium
2409,0,4,40,0.0032,NORMAL,None,Low
2409,0,5,50,0.0026,NORMAL,None,Low
2409,0,6,60,0.0023,NORMAL,None,Low
2410,0,1,10,0.0034,NORMAL,None,Medium
2410,0,2,20,0.0038,NORMAL,None,Medium
2410,0,3,30,0.0033,NORMAL,None,Medium
2410,0,4,40,0.0024,NORMAL,None,Low
2410,0,5,50,0.0026,NORMAL,None,Low
2410,0,6,60,0.0022,NORMAL,None,Low
2411,0,1,10,0.0037,NORMAL,None,Medium
2411,0,2,20,0.0034,NORMAL,None,Medium
2411,0,3,30,0.0029,NORMAL,None,Medium
2411,0,4,40,0.0021,NORMAL,None,Low
2411,0,5,50,0.0024,NORMAL,None,Low
2411,0,6,60,0.0022,NORMAL,None,Low
2412,0,1,10,0.0025,NORMAL,None,Medium
2412,0,2,20,0.0029,NORMAL,None,Medium
2412,0,3,30,0.0025,NORMAL,None,Medium
2412,0,4,40,0.0019,NORMAL,None,Low
2412,0,5,50,0.0022,NORMAL,None,Low
2412,0,6,60,0.0023,NORMAL,None,Low
2413,0,1,10,0.0017,NORMAL,None,Medium
2413,0,2,20,0.0019,NORMAL,None,Medium
2413,0,3,30,0.0022,NORMAL,None,Medium
2413,0,4,40,0.0021,NORMAL,None,Low
2413,0,5,50,0.0018,NORMAL,None,Low
2413,0,6,60,0.002,NORMAL,None,Low
2414,0,1,10,0.0021,NORMAL,None,Medium
2414,0,2,20,0.0021,NORMAL,None,Medium
2414,0,3,30,0.0021,NORMAL,None,Medium
2414,0,4,40,0.002,NORMAL,None,Low
2414,0,5,50,0.002,NORMAL,None,Low
2414,0,6,60,0.0022,NORMAL,None,Low
2415,0,1,10,0.0017,NORMAL,None,Medium
2415,0,2,20,0.0022,NORMAL,None,Medium
2415,0,3,30,0.0022,NORMAL,None,Medium
2415,0,4,40,0.0022,NORMAL,None,Low
2415,0,5,50,0.0024,NORMAL,None,Low
2415,0,6,60,0.002,NORMAL,None,Low
2416,0,1,10,0.0021,NORMAL,None,Medium
2416,0,2,20,0.0023,NORMAL,None,Medium
2416,0,3,30,0.002,NORMAL,None,Medium
2416,0,4,40,0.0022,NORMAL,None,Low
2416,0,5,50,0.0024,NORMAL,None,Low
2416,0,6,60,0.0024,NORMAL,None,Low
2417,0,1,10,0.0025,NORMAL,None,Medium
2417,0,2,20,0.0021,NORMAL,None,Medium
2417,0,3,30,0.0025,NORMAL,None,Medium
2417,0,4,40,0.0024,NORMAL,None,Low
2417,0,5,50,0.0025,NORMAL,None,Low
2417,0,6,60,0.0023,NORMAL,None,Low
2418,0,1,10,0.0025,NORMAL,None,Medium
2418,0,2,20,0.0026,NORMAL,None,Medium
2418,0,3,30,0.0029,NORMAL,None,Medium
2418,0,4,40,0.0026,NORMAL,None,Low
2418,0,5,50,0.0023,NORMAL,None,Low
2418,0,6,60,0.0022,NORMAL,None,Low
2419,0,1,10,0.0022,NORMAL,None,Medium
2419,0,2,20,0.0022,NORMAL,None,Medium
2419,0,3,30,0.0023,NORMAL,None,Medium
2419,0,4,40,0.0022,NORMAL,None,Low
2419,0,5,50,0.002,NORMAL,None,Low
2419,0,6,60,0.002,NORMAL,None,Low
2420,0,1,10,0.0024,NORMAL,None,Medium
2420,0,2,20,0.0024,NORMAL,None,Medium
2420,0,3,30,0.0025,NORMAL,None,Medium
2420,0,4,40,0.0024,NORMAL,None,Low
2420,0,5,50,0.0024,NORMAL,None,Low
2420,0,6,60,0.0023,NORMAL,None,Low
2421,0,1,10,0.0025,NORMAL,None,Medium
2421,0,2,20,0.0026,NORMAL,None,Medium
2421,0,3,30,0.0023,NORMAL,None,Medium
2421,0,4,40,0.0025,NORMAL,None,Low
2421,0,5,50,0.0026,NORMAL,None,Low
2421,0,6,60,0.002,NORMAL,None,Low
2422,0,1,10,0.0025,NORMAL,None,Medium
2422,0,2,20,0.0022,NORMAL,None,Medium
2422,0,3,30,0.0024,NORMAL,None,Medium
2422,0,4,40,0.0025,NORMAL,None,Low
2422,0,5,50,0.0023,NORMAL,None,Low
2422,0,6,60,0.0021,NORMAL,None,Low
2423,0,1,10,0.0022,NORMAL,None,Medium
2423,0,2,20,0.0025,NORMAL,None,Medium
2423,0,3,30,0.0019,NORMAL,None,Medium
2423,0,4,40,0.0023,NORMAL,None,Low
2423,0,5,50,0.0021,NORMAL,None,Low
2423,0,6,60,0.0021,NORMAL,None,Low
2424,0,1,10,0.0026,NORMAL,None,Medium
2424,0,2,20,0.0025,NORMAL,None,Medium
2424,0,3,30,0.0029,NORMAL,None,Medium
2424,0,4,40,0.0023,NORMAL,None,Low
2424,0,5,50,0.0021,NORMAL,None,Low
2424,0,6,60,0.0022,NORMAL,None,Low
2425,0,1,10,0.0027,NORMAL,None,Medium
2425,0,2,20,0.0033,NORMAL,None,Medium
2425,0,3,30,0.0029,NORMAL,None,Medium
2425,0,4,40,0.0026,NORMAL,None,Low
2425,0,5,50,0.0023,NORMAL,None,Low
2425,0,6,60,0.0021,NORMAL,None,Low
2426,0,1,10,0.0026,NORMAL,None,Medium
2426,0,2,20,0.0028,NORMAL,None,Medium
2426,0,3,30,0.0025,NORMAL,None,Medium
2426,0,4,40,0.0022,NORMAL,None,Low
2426,0,5,50,0.002,NORMAL,None,Low
2426,0,6,60,0.002,NORMAL,None,Low
2427,0,1,10,0.0022,NORMAL,None,Medium
2427,0,2,20,0.0023,NORMAL,None,Medium
2427,0,3,30,0.0021,NORMAL,None,Medium
2427,0,4,40,0.0023,NORMAL,None,Low
2427,0,5,50,0.0021,NORMAL,None,Low
2427,0,6,60,0.0023,NORMAL,None,Low
2428,0,1,10,0.0023,NORMAL,None,Medium
2428,0,2,20,0.0028,NORMAL,None,Medium
2428,0,3,30,0.0024,NORMAL,None,Medium
2428,0,4,40,0.0025,NORMAL,None,Low
2428,0,5,50,0.0024,NORMAL,None,Low
2428,0,6,60,0.0027,NORMAL,None,Low
2429,0,1,10,0.0023,NORMAL,None,Medium
2429,0,2,20,0.0024,NORMAL,None,Medium
2429,0,3,30,0.0023,NORMAL,None,Medium
2429,0,4,40,0.0023,NORMAL,None,Low
2429,0,5,50,0.0022,NORMAL,None,Low
2429,0,6,60,0.0021,NORMAL,None,Low
2430,0,1,10,0.0017,NORMAL,None,Medium
2430,0,2,20,0.002,NORMAL,None,Medium
2430,0,3,30,0.0024,NORMAL,None,Medium
2430,0,4,40,0.0021,NORMAL,None,Low
2430,0,5,50,0.0021,NORMAL,None,Low
2430,0,6,60,0.0025,NORMAL,None,Low
2431,0,1,10,0.0022,NORMAL,None,Medium
2431,0,2,20,0.0024,NORMAL,None,Medium
2431,0,3,30,0.002,NORMAL,None,Medium
2431,0,4,40,0.0022,NORMAL,None,Low
2431,0,5,50,0.0026,NORMAL,None,Low
2431,0,6,60,0.002,NORMAL,None,Low
2432,0,1,10,0.0021,NORMAL,None,Medium
2432,0,2,20,0.0028,NORMAL,None,Medium
2432,0,3,30,0.0022,NORMAL,None,Medium
2432,0,4,40,0.0024,NORMAL,None,Low
2432,0,5,50,0.0023,NORMAL,None,Low
2432,0,6,60,0.002,NORMAL,None,Low
2433,0,1,10,0.0027,NORMAL,None,Medium
2433,0,2,20,0.0028,NORMAL,None,Medium
2433,0,3,30,0.0027,NORMAL,None,Medium
2433,0,4,40,0.0022,NORMAL,None,Low
2433,0,5,50,0.002,NORMAL,None,Low
2433,0,6,60,0.0021,NORMAL,None,Low
2434,0,1,10,0.0027,NORMAL,None,Medium
2434,0,2,20,0.0032,NORMAL,None,Medium
2434,0,3,30,0.0028,NORMAL,None,Medium
2434,0,4,40,0.0024,NORMAL,None,Low
2434,0,5,50,0.0024,NORMAL,None,Low
2434,0,6,60,0.0019,NORMAL,None,Low
2435,0,1,10,0.002,NORMAL,None,Medium
2435,0,2,20,0.0022,NORMAL,None,Medium
2435,0,3,30,0.0022,NORMAL,None,Medium
2435,0,4,40,0.0021,NORMAL,None,Low
2435,0,5,50,0.0023,NORMAL,None,Low
2435,0,6,60,0.0021,NORMAL,None,Low
2436,0,1,10,0.0025,NORMAL,None,Medium
2436,0,2,20,0.0028,NORMAL,None,Medium
2436,0,3,30,0.0027,NORMAL,None,Medium
2436,0,4,40,0.0024,NORMAL,None,Low
2436,0,5,50,0.0025,NORMAL,None,Low
2436,0,6,60,0.0023,NORMAL,None,Low
2437,0,1,10,0.0027,NORMAL,None,Medium
2437,0,2,20,0.0026,NORMAL,None,Medium
2437,0,3,30,0.0027,NORMAL,None,Medium
2437,0,4,40,0.0026,NORMAL,None,Low
2437,0,5,50,0.0022,NORMAL,None,Low
2437,0,6,60,0.002,NORMAL,None,Low
2438,0,1,10,0.0027,NORMAL,None,Medium
2438,0,2,20,0.0026,NORMAL,None,Medium
2438,0,3,30,0.0023,NORMAL,None,Medium
2438,0,4,40,0.0025,NORMAL,None,Low
2438,0,5,50,0.0025,NORMAL,None,Low
2438,0,6,60,0.0021,NORMAL,None,Low
2439,0,1,10,0.002,NORMAL,None,Medium
2439,0,2,20,0.0023,NORMAL,None,Medium
2439,0,3,30,0.0022,NORMAL,None,Medium
2439,0,4,40,0.002,NORMAL,None,Low
2439,0,5,50,0.0023,NORMAL,None,Low
2439,0,6,60,0.0024,NORMAL,None,Low
2440,0,1,10,0.0025,NORMAL,None,Medium
2440,0,2,20,0.0021,NORMAL,None,Medium
2440,0,3,30,0.0019,NORMAL,None,Medium
2440,0,4,40,0.0019,NORMAL,None,Low
2440,0,5,50,0.0019,NORMAL,None,Low
2440,0,6,60,0.0024,NORMAL,None,Low
2441,0,1,10,0.003,NORMAL,None,Medium
2441,0,2,20,0.0025,NORMAL,None,Medium
2441,0,3,30,0.0025,NORMAL,None,Medium
2441,0,4,40,0.0021,NORMAL,None,Low
2441,0,5,50,0.0023,NORMAL,None,Low
2441,0,6,60,0.002,NORMAL,None,Low
2442,0,1,10,0.0041,NORMAL,None,Medium
2442,0,2,20,0.0033,NORMAL,None,Medium
2442,0,3,30,0.0023,NORMAL,None,Medium
2442,0,4,40,0.0024,NORMAL,None,Low
2442,0,5,50,0.0023,NORMAL,None,Low
2442,0,6,60,0.0021,NORMAL,None,Low
2443,0,1,10,0.004,NORMAL,None,Medium
2443,0,2,20,0.0032,NORMAL,None,Medium
2443,0,3,30,0.0025,NORMAL,None,Medium
2443,0,4,40,0.0025,NORMAL,None,Low
2443,0,5,50,0.002,NORMAL,None,Low
2443,0,6,60,0.002,NORMAL,None,Low
2444,0,1,10,0.0036,NORMAL,None,Medium
2444,0,2,20,0.0035,NORMAL,None,Medium
2444,0,3,30,0.0027,NORMAL,None,Medium
2444,0,4,40,0.0025,NORMAL,None,Low
2444,0,5,50,0.0027,NORMAL,None,Low
2444,0,6,60,0.0022,NORMAL,None,Low
2445,0,1,10,0.0031,NORMAL,None,Medium
2445,0,2,20,0.0027,NORMAL,None,Medium
2445,0,3,30,0.0028,NORMAL,None,Medium
2445,0,4,40,0.0027,NORMAL,None,Low
2445,0,5,50,0.0024,NORMAL,None,Low
2445,0,6,60,0.0021,NORMAL,None,Low
2446,0,1,10,0.0047,NORMAL,None,Medium
2446,0,2,20,0.0041,NORMAL,None,Medium
2446,0,3,30,0.0032,NORMAL,None,Medium
2446,0,4,40,0.0027,NORMAL,None,Low
2446,0,5,50,0.0026,NORMAL,None,Low
2446,0,6,60,0.0021,NORMAL,None,Low
2447,0,1,10,0.0037,NORMAL,None,Medium
2447,0,2,20,0.0029,NORMAL,None,Medium
2447,0,3,30,0.0024,NORMAL,None,Medium
2447,0,4,40,0.0026,NORMAL,None,Low
2447,0,5,50,0.0021,NORMAL,None,Low
2447,0,6,60,0.0023,NORMAL,None,Low
2448,0,1,10,0.0038,NORMAL,None,Medium
2448,0,2,20,0.0029,NORMAL,None,Medium
2448,0,3,30,0.0025,NORMAL,None,Medium
2448,0,4,40,0.0025,NORMAL,None,Low
2448,0,5,50,0.0029,NORMAL,None,Low
2448,0,6,60,0.0024,NORMAL,None,Low
2449,0,1,10,0.0033,NORMAL,None,Medium
2449,0,2,20,0.0028,NORMAL,None,Medium
2449,0,3,30,0.0022,NORMAL,None,Medium
2449,0,4,40,0.0025,NORMAL,None,Low
2449,0,5,50,0.0024,NORMAL,None,Low
2449,0,6,60,0.002,NORMAL,None,Low
2450,0,1,10,0.0033,NORMAL,None,Medium
2450,0,2,20,0.0023,NORMAL,None,Medium
2450,0,3,30,0.0024,NORMAL,None,Medium
2450,0,4,40,0.0021,NORMAL,None,Low
2450,0,5,50,0.0022,NORMAL,None,Low
2450,0,6,60,0.0021,NORMAL,None,Low
2451,0,1,10,0.0026,NORMAL,None,Medium
2451,0,2,20,0.0026,NORMAL,None,Medium
2451,0,3,30,0.0027,NORMAL,None,Medium
2451,0,4,40,0.0024,NORMAL,None,Low
2451,0,5,50,0.0021,NORMAL,None,Low
2451,0,6,60,0.002,NORMAL,None,Low
2452,0,1,10,0.0027,NORMAL,None,Medium
2452,0,2,20,0.003,NORMAL,None,Medium
2452,0,3,30,0.0027,NORMAL,None,Medium
2452,0,4,40,0.0025,NORMAL,None,Low
2452,0,5,50,0.0022,NORMAL,None,Low
2452,0,6,60,0.0024,NORMAL,None,Low
2453,0,1,10,0.0024,NORMAL,None,Medium
2453,0,2,20,0.0026,NORMAL,None,Medium
2453,0,3,30,0.0028,NORMAL,None,Medium
2453,0,4,40,0.0026,NORMAL,None,Low
2453,0,5,50,0.0022,NORMAL,None,Low
2453,0,6,60,0.0024,NORMAL,None,Low
2454,0,1,10,0.0022,NORMAL,None,Medium
2454,0,2,20,0.0027,NORMAL,None,Medium
2454,0,3,30,0.0022,NORMAL,None,Medium
2454,0,4,40,0.0022,NORMAL,None,Low
2454,0,5,50,0.0023,NORMAL,None,Low
2454,0,6,60,0.0021,NORMAL,None,Low
2455,0,1,10,0.002,NORMAL,None,Medium
2455,0,2,20,0.0027,NORMAL,None,Medium
2455,0,3,30,0.0027,NORMAL,None,Medium
2455,0,4,40,0.0026,NORMAL,None,Low
2455,0,5,50,0.0025,NORMAL,None,Low
2455,0,6,60,0.0022,NORMAL,None,Low
2456,0,1,10,0.002,NORMAL,None,Medium
2456,0,2,20,0.0024,NORMAL,None,Medium
2456,0,3,30,0.0025,NORMAL,None,Medium
2456,0,4,40,0.0025,NORMAL,None,Low
2456,0,5,50,0.0023,NORMAL,None,Low
2456,0,6,60,0.0022,NORMAL,None,Low
2457,0,1,10,0.0023,NORMAL,None,Medium
2457,0,2,20,0.0025,NORMAL,None,Medium
2457,0,3,30,0.0023,NORMAL,None,Medium
2457,0,4,40,0.0022,NORMAL,None,Low
2457,0,5,50,0.0021,NORMAL,None,Low
2457,0,6,60,0.0022,NORMAL,None,Low
2458,0,1,10,0.0024,NORMAL,None,Medium
2458,0,2,20,0.0024,NORMAL,None,Medium
2458,0,3,30,0.0027,NORMAL,None,Medium
2458,0,4,40,0.0025,NORMAL,None,Low
2458,0,5,50,0.0023,NORMAL,None,Low
2458,0,6,60,0.0021,NORMAL,None,Low
2459,0,1,10,0.0025,NORMAL,None,Medium
2459,0,2,20,0.0025,NORMAL,None,Medium
2459,0,3,30,0.0023,NORMAL,None,Medium
2459,0,4,40,0.0022,NORMAL,None,Low
2459,0,5,50,0.0024,NORMAL,None,Low
2459,0,6,60,0.0026,NORMAL,None,Low
2460,0,1,10,0.0021,NORMAL,None,Medium
2460,0,2,20,0.0032,NORMAL,None,Medium
2460,0,3,30,0.0025,NORMAL,None,Medium
2460,0,4,40,0.0026,NORMAL,None,Low
2460,0,5,50,0.0023,NORMAL,None,Low
2460,0,6,60,0.0021,NORMAL,None,Low
2461,0,1,10,0.0023,NORMAL,None,Medium
2461,0,2,20,0.0025,NORMAL,None,Medium
2461,0,3,30,0.0026,NORMAL,None,Medium
2461,0,4,40,0.0024,NORMAL,None,Low
2461,0,5,50,0.0024,NORMAL,None,Low
2461,0,6,60,0.0023,NORMAL,None,Low
2462,0,1,10,0.0021,NORMAL,None,Medium
2462,0,2,20,0.0026,NORMAL,None,Medium
2462,0,3,30,0.0021,NORMAL,None,Medium
2462,0,4,40,0.002,NORMAL,None,Low
2462,0,5,50,0.0021,NORMAL,None,Low
2462,0,6,60,0.002,NORMAL,None,Low
2463,0,1,10,0.0028,NORMAL,None,Medium
2463,0,2,20,0.0028,NORMAL,None,Medium
2463,0,3,30,0.0023,NORMAL,None,Medium
2463,0,4,40,0.0024,NORMAL,None,Low
2463,0,5,50,0.0023,NORMAL,None,Low
2463,0,6,60,0.0023,NORMAL,None,Low
2464,0,1,10,0.0028,NORMAL,None,Medium
2464,0,2,20,0.0028,NORMAL,None,Medium
2464,0,3,30,0.0028,NORMAL,None,Medium
2464,0,4,40,0.0033,NORMAL,None,Low
2464,0,5,50,0.0023,NORMAL,None,Low
2464,0,6,60,0.0023,NORMAL,None,Low
2465,0,1,10,0.0025,NORMAL,None,Medium
2465,0,2,20,0.0025,NORMAL,None,Medium
2465,0,3,30,0.0024,NORMAL,None,Medium
2465,0,4,40,0.0019,NORMAL,None,Low
2465,0,5,50,0.0025,NORMAL,None,Low
2465,0,6,60,0.0022,NORMAL,None,Low
2466,0,1,10,0.0024,NORMAL,None,Medium
2466,0,2,20,0.0025,NORMAL,None,Medium
2466,0,3,30,0.0025,NORMAL,None,Medium
2466,0,4,40,0.0024,NORMAL,None,Low
2466,0,5,50,0.0021,NORMAL,None,Low
2466,0,6,60,0.0021,NORMAL,None,Low
2467,0,1,10,0.0026,NORMAL,None,Medium
2467,0,2,20,0.0034,NORMAL,None,Medium
2467,0,3,30,0.0027,NORMAL,None,Medium
2467,0,4,40,0.0026,NORMAL,None,Low
2467,0,5,50,0.0022,NORMAL,None,Low
2467,0,6,60,0.0023,NORMAL,None,Low
2468,0,1,10,0.0024,NORMAL,None,Medium
2468,0,2,20,0.0034,NORMAL,None,Medium
2468,0,3,30,0.0026,NORMAL,None,Medium
2468,0,4,40,0.0025,NORMAL,None,Low
2468,0,5,50,0.0022,NORMAL,None,Low
2468,0,6,60,0.002,NORMAL,None,Low
2469,0,1,10,0.0032,NORMAL,None,Medium
2469,0,2,20,0.0031,NORMAL,None,Medium
2469,0,3,30,0.0029,NORMAL,None,Medium
2469,0,4,40,0.0027,NORMAL,None,Low
2469,0,5,50,0.0025,NORMAL,None,Low
2469,0,6,60,0.0026,NORMAL,None,Low
2470,0,1,10,0.0039,NORMAL,None,Medium
2470,0,2,20,0.0033,NORMAL,None,Medium
2470,0,3,30,0.0025,NORMAL,None,Medium
2470,0,4,40,0.0029,NORMAL,None,Low
2470,0,5,50,0.0026,NORMAL,None,Low
2470,0,6,60,0.0024,NORMAL,None,Low
2471,0,1,10,0.0027,NORMAL,None,Medium
2471,0,2,20,0.0023,NORMAL,None,Medium
2471,0,3,30,0.0026,NORMAL,None,Medium
2471,0,4,40,0.0022,NORMAL,None,Low
2471,0,5,50,0.002,NORMAL,None,Low
2471,0,6,60,0.0022,NORMAL,None,Low
2472,0,1,10,0.0026,NORMAL,None,Medium
2472,0,2,20,0.0029,NORMAL,None,Medium
2472,0,3,30,0.0029,NORMAL,None,Medium
2472,0,4,40,0.0024,NORMAL,None,Low
2472,0,5,50,0.0022,NORMAL,None,Low
2472,0,6,60,0.0024,NORMAL,None,Low
2473,0,1,10,0.0028,NORMAL,None,Medium
2473,0,2,20,0.0027,NORMAL,None,Medium
2473,0,3,30,0.0027,NORMAL,None,Medium
2473,0,4,40,0.0025,NORMAL,None,Low
2473,0,5,50,0.0022,NORMAL,None,Low
2473,0,6,60,0.0021,NORMAL,None,Low
2474,0,1,10,0.0022,NORMAL,None,Medium
2474,0,2,20,0.0026,NORMAL,None,Medium
2474,0,3,30,0.0023,NORMAL,None,Medium
2474,0,4,40,0.002,NORMAL,None,Low
2474,0,5,50,0.0024,NORMAL,None,Low
2474,0,6,60,0.0023,NORMAL,None,Low
2475,0,1,10,0.0022,NORMAL,None,Medium
2475,0,2,20,0.0022,NORMAL,None,Medium
2475,0,3,30,0.0022,NORMAL,None,Medium
2475,0,4,40,0.0025,NORMAL,None,Low
2475,0,5,50,0.0023,NORMAL,None,Low
2475,0,6,60,0.002,NORMAL,None,Low
2476,0,1,10,0.002,NORMAL,None,Medium
2476,0,2,20,0.0025,NORMAL,None,Medium
2476,0,3,30,0.0024,NORMAL,None,Medium
2476,0,4,40,0.0024,NORMAL,None,Low
2476,0,5,50,0.0022,NORMAL,None,Low
2476,0,6,60,0.0022,NORMAL,None,Low
2477,0,1,10,0.002,NORMAL,None,Medium
2477,0,2,20,0.0023,NORMAL,None,Medium
2477,0,3,30,0.0021,NORMAL,None,Medium
2477,0,4,40,0.0024,NORMAL,None,Low
2477,0,5,50,0.0021,NORMAL,None,Low
2477,0,6,60,0.0021,NORMAL,None,Low
2478,0,1,10,0.0019,NORMAL,None,Medium
2478,0,2,20,0.0021,NORMAL,None,Medium
2478,0,3,30,0.0023,NORMAL,None,Medium
2478,0,4,40,0.0022,NORMAL,None,Low
2478,0,5,50,0.0021,NORMAL,None,Low
2478,0,6,60,0.0019,NORMAL,None,Low
2479,0,1,10,0.0021,NORMAL,None,Medium
2479,0,2,20,0.0024,NORMAL,None,Medium
2479,0,3,30,0.0022,NORMAL,None,Medium
2479,0,4,40,0.0022,NORMAL,None,Low
2479,0,5,50,0.0021,NORMAL,None,Low
2479,0,6,60,0.0022,NORMAL,None,Low
2480,0,1,10,0.002,NORMAL,None,Medium
2480,0,2,20,0.0022,NORMAL,None,Medium
2480,0,3,30,0.0028,NORMAL,None,Medium
2480,0,4,40,0.0025,NORMAL,None,Low
2480,0,5,50,0.0024,NORMAL,None,Low
2480,0,6,60,0.0022,NORMAL,None,Low
2481,0,1,10,0.0019,NORMAL,None,Medium
2481,0,2,20,0.002,NORMAL,None,Medium
2481,0,3,30,0.002,NORMAL,None,Medium
2481,0,4,40,0.002,NORMAL,None,Low
2481,0,5,50,0.0021,NORMAL,None,Low
2481,0,6,60,0.0025,NORMAL,None,Low
2482,0,1,10,0.0026,NORMAL,None,Medium
2482,0,2,20,0.0026,NORMAL,None,Medium
2482,0,3,30,0.002,NORMAL,None,Medium
2482,0,4,40,0.0022,NORMAL,None,Low
2482,0,5,50,0.0022,NORMAL,None,Low
2482,0,6,60,0.0024,NORMAL,None,Low
2483,0,1,10,0.0025,NORMAL,None,Medium
2483,0,2,20,0.0027,NORMAL,None,Medium
2483,0,3,30,0.0023,NORMAL,None,Medium
2483,0,4,40,0.0024,NORMAL,None,Low
2483,0,5,50,0.0022,NORMAL,None,Low
2483,0,6,60,0.002,NORMAL,None,Low
2484,0,1,10,0.0027,NORMAL,None,Medium
2484,0,2,20,0.0023,NORMAL,None,Medium
2484,0,3,30,0.0024,NORMAL,None,Medium
2484,0,4,40,0.0021,NORMAL,None,Low
2484,0,5,50,0.0021,NORMAL,None,Low
2484,0,6,60,0.0024,NORMAL,None,Low
2485,0,1,10,0.0032,NORMAL,None,Medium
2485,0,2,20,0.0025,NORMAL,None,Medium
2485,0,3,30,0.0024,NORMAL,None,Medium
2485,0,4,40,0.0021,NORMAL,None,Low
2485,0,5,50,0.0022,NORMAL,None,Low
2485,0,6,60,0.0026,NORMAL,None,Low
2486,0,1,10,0.0027,NORMAL,None,Medium
2486,0,2,20,0.0025,NORMAL,None,Medium
2486,0,3,30,0.0027,NORMAL,None,Medium
2486,0,4,40,0.0022,NORMAL,None,Low
2486,0,5,50,0.0023,NORMAL,None,Low
2486,0,6,60,0.0027,NORMAL,None,Low
2487,0,1,10,0.0037,NORMAL,None,Medium
2487,0,2,20,0.0026,NORMAL,None,Medium
2487,0,3,30,0.0028,NORMAL,None,Medium
2487,0,4,40,0.0028,NORMAL,None,Low
2487,0,5,50,0.0031,NORMAL,None,Low
2487,0,6,60,0.0028,NORMAL,None,Low
2488,0,1,10,0.0045,NORMAL,None,Medium
2488,0,2,20,0.0034,NORMAL,None,Medium
2488,0,3,30,0.0027,NORMAL,None,Medium
2488,0,4,40,0.0021,NORMAL,None,Low
2488,0,5,50,0.0025,NORMAL,None,Low
2488,0,6,60,0.0022,NORMAL,None,Low
2489,0,1,10,0.0042,NORMAL,None,Medium
2489,0,2,20,0.0033,NORMAL,None,Medium
2489,0,3,30,0.003,NORMAL,None,Medium
2489,0,4,40,0.0021,NORMAL,None,Low
2489,0,5,50,0.0023,NORMAL,None,Low
2489,0,6,60,0.0022,NORMAL,None,Low
2490,0,1,10,0.003,NORMAL,None,Medium
2490,0,2,20,0.0028,NORMAL,None,Medium
2490,0,3,30,0.0031,NORMAL,None,Medium
2490,0,4,40,0.0021,NORMAL,None,Low
2490,0,5,50,0.0024,NORMAL,None,Low
2490,0,6,60,0.002,NORMAL,None,Low
2491,0,1,10,0.0034,NORMAL,None,Medium
2491,0,2,20,0.0031,NORMAL,None,Medium
2491,0,3,30,0.0026,NORMAL,None,Medium
2491,0,4,40,0.0022,NORMAL,None,Low
2491,0,5,50,0.0024,NORMAL,None,Low
2491,0,6,60,0.0022,NORMAL,None,Low
2492,0,1,10,0.0037,NORMAL,None,Medium
2492,0,2,20,0.0037,NORMAL,None,Medium
2492,0,3,30,0.0031,NORMAL,None,Medium
2492,0,4,40,0.0029,NORMAL,None,Low
2492,0,5,50,0.0026,NORMAL,None,Low
2492,0,6,60,0.0022,NORMAL,None,Low
2493,0,1,10,0.0034,NORMAL,None,Medium
2493,0,2,20,0.0036,NORMAL,None,Medium
2493,0,3,30,0.0028,NORMAL,None,Medium
2493,0,4,40,0.0021,NORMAL,None,Low
2493,0,5,50,0.0022,NORMAL,None,Low
2493,0,6,60,0.002,NORMAL,None,Low
2494,0,1,10,0.0041,NORMAL,None,Medium
2494,0,2,20,0.0035,NORMAL,None,Medium
2494,0,3,30,0.0031,NORMAL,None,Medium
2494,0,4,40,0.0027,NORMAL,None,Low
2494,0,5,50,0.0024,NORMAL,None,Low
2494,0,6,60,0.0022,NORMAL,None,Low
2495,0,1,10,0.0034,NORMAL,None,Medium
2495,0,2,20,0.0037,NORMAL,None,Medium
2495,0,3,30,0.0028,NORMAL,None,Medium
2495,0,4,40,0.0027,NORMAL,None,Low
2495,0,5,50,0.0027,NORMAL,None,Low
2495,0,6,60,0.0025,NORMAL,None,Low
2496,0,1,10,0.0038,NORMAL,None,Medium
2496,0,2,20,0.0028,NORMAL,None,Medium
2496,0,3,30,0.0025,NORMAL,None,Medium
2496,0,4,40,0.0025,NORMAL,None,Low
2496,0,5,50,0.0025,NORMAL,None,Low
2496,0,6,60,0.0019,NORMAL,None,Low
2497,0,1,10,0.0034,NORMAL,None,Medium
2497,0,2,20,0.0029,NORMAL,None,Medium
2497,0,3,30,0.0033,NORMAL,None,Medium
2497,0,4,40,0.0028,NORMAL,None,Low
2497,0,5,50,0.0022,NORMAL,None,Low
2497,0,6,60,0.0023,NORMAL,None,Low
2498,0,1,10,0.0025,NORMAL,None,Medium
2498,0,2,20,0.0026,NORMAL,None,Medium
2498,0,3,30,0.0023,NORMAL,None,Medium
2498,0,4,40,0.0023,NORMAL,None,Low
2498,0,5,50,0.0024,NORMAL,None,Low
2498,0,6,60,0.002,NORMAL,None,Low
2499,0,1,10,0.0033,NORMAL,None,Medium
2499,0,2,20,0.0027,NORMAL,None,Medium
2499,0,3,30,0.0026,NORMAL,None,Medium
2499,0,4,40,0.0023,NORMAL,None,Low
2499,0,5,50,0.0021,NORMAL,None,Low
2499,0,6,60,0.0022,NORMAL,None,Low
2500,0,1,10,0.0033,NORMAL,None,Medium
2500,0,2,20,0.0032,NORMAL,None,Medium
2500,0,3,30,0.0029,NORMAL,None,Medium
2500,0,4,40,0.0027,NORMAL,None,Low
2500,0,5,50,0.0023,NORMAL,None,Low
2500,0,6,60,0.002,NORMAL,None,Low
2501,0,1,10,0.0022,NORMAL,None,Medium
2501,0,2,20,0.0025,NORMAL,None,Medium
2501,0,3,30,0.0025,NORMAL,None,Medium
2501,0,4,40,0.0023,NORMAL,None,Low
2501,0,5,50,0.0024,NORMAL,None,Low
2501,0,6,60,0.0023,NORMAL,None,Low
2502,0,1,10,0.0027,NORMAL,None,Medium
2502,0,2,20,0.003,NORMAL,None,Medium
2502,0,3,30,0.0031,NORMAL,None,Medium
2502,0,4,40,0.0026,NORMAL,None,Low
2502,0,5,50,0.0026,NORMAL,None,Low
2502,0,6,60,0.0022,NORMAL,None,Low
2503,0,1,10,0.0022,NORMAL,None,Medium
2503,0,2,20,0.0025,NORMAL,None,Medium
2503,0,3,30,0.0025,NORMAL,None,Medium
2503,0,4,40,0.0024,NORMAL,None,Low
2503,0,5,50,0.0023,NORMAL,None,Low
2503,0,6,60,0.0023,NORMAL,None,Low
2504,0,1,10,0.002,NORMAL,None,Medium
2504,0,2,20,0.0024,NORMAL,None,Medium
2504,0,3,30,0.0028,NORMAL,None,Medium
2504,0,4,40,0.0024,NORMAL,None,Low
2504,0,5,50,0.0023,NORMAL,None,Low
2504,0,6,60,0.002,NORMAL,None,Low
2505,0,1,10,0.0025,NORMAL,None,Medium
2505,0,2,20,0.0026,NORMAL,None,Medium
2505,0,3,30,0.0028,NORMAL,None,Medium
2505,0,4,40,0.002,NORMAL,None,Low
2505,0,5,50,0.0023,NORMAL,None,Low
2505,0,6,60,0.0026,NORMAL,None,Low
2506,0,1,10,0.0026,NORMAL,None,Medium
2506,0,2,20,0.0027,NORMAL,None,Medium
2506,0,3,30,0.0027,NORMAL,None,Medium
2506,0,4,40,0.0023,NORMAL,None,Low
2506,0,5,50,0.0025,NORMAL,None,Low
2506,0,6,60,0.0023,NORMAL,None,Low
2507,0,1,10,0.003,NORMAL,None,Medium
2507,0,2,20,0.0027,NORMAL,None,Medium
2507,0,3,30,0.0027,NORMAL,None,Medium
2507,0,4,40,0.0026,NORMAL,None,Low
2507,0,5,50,0.0025,NORMAL,None,Low
2507,0,6,60,0.0021,NORMAL,None,Low
2508,0,1,10,0.0021,NORMAL,None,Medium
2508,0,2,20,0.0024,NORMAL,None,Medium
2508,0,3,30,0.0027,NORMAL,None,Medium
2508,0,4,40,0.002,NORMAL,None,Low
2508,0,5,50,0.002,NORMAL,None,Low
2508,0,6,60,0.0022,NORMAL,None,Low
2509,0,1,10,0.0024,NORMAL,None,Medium
2509,0,2,20,0.0032,NORMAL,None,Medium
2509,0,3,30,0.0028,NORMAL,None,Medium
2509,0,4,40,0.0025,NORMAL,None,Low
2509,0,5,50,0.0023,NORMAL,None,Low
2509,0,6,60,0.002,NORMAL,None,Low
2510,0,1,10,0.0026,NORMAL,None,Medium
2510,0,2,20,0.0028,NORMAL,None,Medium
2510,0,3,30,0.0027,NORMAL,None,Medium
2510,0,4,40,0.0026,NORMAL,None,Low
2510,0,5,50,0.0023,NORMAL,None,Low
2510,0,6,60,0.0023,NORMAL,None,Low
2511,0,1,10,0.0028,NORMAL,None,Medium
2511,0,2,20,0.0033,NORMAL,None,Medium
2511,0,3,30,0.0022,NORMAL,None,Medium
2511,0,4,40,0.0023,NORMAL,None,Low
2511,0,5,50,0.002,NORMAL,None,Low
2511,0,6,60,0.0022,NORMAL,None,Low
2512,0,1,10,0.0026,NORMAL,None,Medium
2512,0,2,20,0.0027,NORMAL,None,Medium
2512,0,3,30,0.0023,NORMAL,None,Medium
2512,0,4,40,0.0024,NORMAL,None,Low
2512,0,5,50,0.0023,NORMAL,None,Low
2512,0,6,60,0.0021,NORMAL,None,Low
2513,0,1,10,0.0029,NORMAL,None,Medium
2513,0,2,20,0.0026,NORMAL,None,Medium
2513,0,3,30,0.0026,NORMAL,None,Medium
2513,0,4,40,0.0021,NORMAL,None,Low
2513,0,5,50,0.0022,NORMAL,None,Low
2513,0,6,60,0.002,NORMAL,None,Low
2514,0,1,10,0.0027,NORMAL,None,Medium
2514,0,2,20,0.0025,NORMAL,None,Medium
2514,0,3,30,0.0026,NORMAL,None,Medium
2514,0,4,40,0.0024,NORMAL,None,Low
2514,0,5,50,0.0021,NORMAL,None,Low
2514,0,6,60,0.002,NORMAL,None,Low
2515,0,1,10,0.0019,NORMAL,None,Medium
2515,0,2,20,0.0023,NORMAL,None,Medium
2515,0,3,30,0.0023,NORMAL,None,Medium
2515,0,4,40,0.0024,NORMAL,None,Low
2515,0,5,50,0.0024,NORMAL,None,Low
2515,0,6,60,0.002,NORMAL,None,Low
2516,0,1,10,0.0022,NORMAL,None,Medium
2516,0,2,20,0.0028,NORMAL,None,Medium
2516,0,3,30,0.0024,NORMAL,None,Medium
2516,0,4,40,0.0025,NORMAL,None,Low
2516,0,5,50,0.0021,NORMAL,None,Low
2516,0,6,60,0.0026,NORMAL,None,Low
2517,0,1,10,0.0018,NORMAL,None,Medium
2517,0,2,20,0.0022,NORMAL,None,Medium
2517,0,3,30,0.0023,NORMAL,None,Medium
2517,0,4,40,0.0021,NORMAL,None,Low
2517,0,5,50,0.0023,NORMAL,None,Low
2517,0,6,60,0.0023,NORMAL,None,Low
2518,0,1,10,0.0024,NORMAL,None,Medium
2518,0,2,20,0.003,NORMAL,None,Medium
2518,0,3,30,0.0023,NORMAL,None,Medium
2518,0,4,40,0.0024,NORMAL,None,Low
2518,0,5,50,0.0021,NORMAL,None,Low
2518,0,6,60,0.0022,NORMAL,None,Low
2519,0,1,10,0.0026,NORMAL,None,Medium
2519,0,2,20,0.0025,NORMAL,None,Medium
2519,0,3,30,0.0022,NORMAL,None,Medium
2519,0,4,40,0.0022,NORMAL,None,Low
2519,0,5,50,0.0025,NORMAL,None,Low
2519,0,6,60,0.0024,NORMAL,None,Low
2520,0,1,10,0.0024,NORMAL,None,Medium
2520,0,2,20,0.0024,NORMAL,None,Medium
2520,0,3,30,0.0025,NORMAL,None,Medium
2520,0,4,40,0.0022,NORMAL,None,Low
2520,0,5,50,0.0021,NORMAL,None,Low
2520,0,6,60,0.0022,NORMAL,None,Low
2521,0,1,10,0.0018,NORMAL,None,Medium
2521,0,2,20,0.0022,NORMAL,None,Medium
2521,0,3,30,0.002,NORMAL,None,Medium
2521,0,4,40,0.002,NORMAL,None,Low
2521,0,5,50,0.0021,NORMAL,None,Low
2521,0,6,60,0.0021,NORMAL,None,Low
2522,0,1,10,0.0019,NORMAL,None,Medium
2522,0,2,20,0.0027,NORMAL,None,Medium
2522,0,3,30,0.002,NORMAL,None,Medium
2522,0,4,40,0.0024,NORMAL,None,Low
2522,0,5,50,0.0021,NORMAL,None,Low
2522,0,6,60,0.0024,NORMAL,None,Low
2523,0,1,10,0.0018,NORMAL,None,Medium
2523,0,2,20,0.0021,NORMAL,None,Medium
2523,0,3,30,0.0019,NORMAL,None,Medium
2523,0,4,40,0.0024,NORMAL,None,Low
2523,0,5,50,0.002,NORMAL,None,Low
2523,0,6,60,0.0019,NORMAL,None,Low
2524,0,1,10,0.002,NORMAL,None,Medium
2524,0,2,20,0.0023,NORMAL,None,Medium
2524,0,3,30,0.0022,NORMAL,None,Medium
2524,0,4,40,0.0026,NORMAL,None,Low
2524,0,5,50,0.0021,NORMAL,None,Low
2524,0,6,60,0.0023,NORMAL,None,Low
2525,0,1,10,0.0018,NORMAL,None,Medium
2525,0,2,20,0.002,NORMAL,None,Medium
2525,0,3,30,0.0021,NORMAL,None,Medium
2525,0,4,40,0.0025,NORMAL,None,Low
2525,0,5,50,0.0021,NORMAL,None,Low
2525,0,6,60,0.002,NORMAL,None,Low
2526,0,1,10,0.0018,NORMAL,None,Medium
2526,0,2,20,0.0018,NORMAL,None,Medium
2526,0,3,30,0.0021,NORMAL,None,Medium
2526,0,4,40,0.0021,NORMAL,None,Low
2526,0,5,50,0.0021,NORMAL,None,Low
2526,0,6,60,0.0023,NORMAL,None,Low
2527,0,1,10,0.0016,NORMAL,None,Medium
2527,0,2,20,0.002,NORMAL,None,Medium
2527,0,3,30,0.0022,NORMAL,None,Medium
2527,0,4,40,0.002,NORMAL,None,Low
2527,0,5,50,0.0021,NORMAL,None,Low
2527,0,6,60,0.0022,NORMAL,None,Low
2528,0,1,10,0.0019,NORMAL,None,Medium
2528,0,2,20,0.0021,NORMAL,None,Medium
2528,0,3,30,0.0022,NORMAL,None,Medium
2528,0,4,40,0.0021,NORMAL,None,Low
2528,0,5,50,0.0021,NORMAL,None,Low
2528,0,6,60,0.0018,NORMAL,None,Low
2529,0,1,10,0.0022,NORMAL,None,Medium
2529,0,2,20,0.0025,NORMAL,None,Medium
2529,0,3,30,0.0023,NORMAL,None,Medium
2529,0,4,40,0.0021,NORMAL,None,Low
2529,0,5,50,0.002,NORMAL,None,Low
2529,0,6,60,0.002,NORMAL,None,Low
2530,0,1,10,0.0024,NORMAL,None,Medium
2530,0,2,20,0.0024,NORMAL,None,Medium
2530,0,3,30,0.0025,NORMAL,None,Medium
2530,0,4,40,0.0026,NORMAL,None,Low
2530,0,5,50,0.0022,NORMAL,None,Low
2530,0,6,60,0.0021,NORMAL,None,Low
2531,0,1,10,0.0026,NORMAL,None,Medium
2531,0,2,20,0.0026,NORMAL,None,Medium
2531,0,3,30,0.0027,NORMAL,None,Medium
2531,0,4,40,0.0023,NORMAL,None,Low
2531,0,5,50,0.0023,NORMAL,None,Low
2531,0,6,60,0.0023,NORMAL,None,Low
2532,0,1,10,0.0024,NORMAL,None,Medium
2532,0,2,20,0.0025,NORMAL,None,Medium
2532,0,3,30,0.0021,NORMAL,None,Medium
2532,0,4,40,0.0028,NORMAL,None,Low
2532,0,5,50,0.0025,NORMAL,None,Low
2532,0,6,60,0.0025,NORMAL,None,Low
2533,0,1,10,0.002,NORMAL,None,Medium
2533,0,2,20,0.002,NORMAL,None,Medium
2533,0,3,30,0.0021,NORMAL,None,Medium
2533,0,4,40,0.0022,NORMAL,None,Low
2533,0,5,50,0.0024,NORMAL,None,Low
2533,0,6,60,0.0022,NORMAL,None,Low
2534,0,1,10,0.0022,NORMAL,None,Medium
2534,0,2,20,0.0026,NORMAL,None,Medium
2534,0,3,30,0.0022,NORMAL,None,Medium
2534,0,4,40,0.0021,NORMAL,None,Low
2534,0,5,50,0.0021,NORMAL,None,Low
2534,0,6,60,0.0021,NORMAL,None,Low
2535,0,1,10,0.0022,NORMAL,None,Medium
2535,0,2,20,0.0023,NORMAL,None,Medium
2535,0,3,30,0.0026,NORMAL,None,Medium
2535,0,4,40,0.0022,NORMAL,None,Low
2535,0,5,50,0.0023,NORMAL,None,Low
2535,0,6,60,0.0021,NORMAL,None,Low
2536,0,1,10,0.0025,NORMAL,None,Medium
2536,0,2,20,0.0023,NORMAL,None,Medium
2536,0,3,30,0.0024,NORMAL,None,Medium
2536,0,4,40,0.0022,NORMAL,None,Low
2536,0,5,50,0.0023,NORMAL,None,Low
2536,0,6,60,0.0022,NORMAL,None,Low
2537,0,1,10,0.0029,NORMAL,None,Medium
2537,0,2,20,0.0023,NORMAL,None,Medium
2537,0,3,30,0.0024,NORMAL,None,Medium
2537,0,4,40,0.0024,NORMAL,None,Low
2537,0,5,50,0.0019,NORMAL,None,Low
2537,0,6,60,0.0021,NORMAL,None,Low
2538,0,1,10,0.003,NORMAL,None,Medium
2538,0,2,20,0.0031,NORMAL,None,Medium
2538,0,3,30,0.0027,NORMAL,None,Medium
2538,0,4,40,0.002,NORMAL,None,Low
2538,0,5,50,0.0021,NORMAL,None,Low
2538,0,6,60,0.0018,NORMAL,None,Low
2539,0,1,10,0.0023,NORMAL,None,Medium
2539,0,2,20,0.0023,NORMAL,None,Medium
2539,0,3,30,0.0021,NORMAL,None,Medium
2539,0,4,40,0.002,NORMAL,None,Low
2539,0,5,50,0.0019,NORMAL,None,Low
2539,0,6,60,0.0022,NORMAL,None,Low
2540,0,1,10,0.0026,NORMAL,None,Medium
2540,0,2,20,0.0022,NORMAL,None,Medium
2540,0,3,30,0.0028,NORMAL,None,Medium
2540,0,4,40,0.0024,NORMAL,None,Low
2540,0,5,50,0.0024,NORMAL,None,Low
2540,0,6,60,0.0023,NORMAL,None,Low
2541,0,1,10,0.0022,NORMAL,None,Medium
2541,0,2,20,0.0023,NORMAL,None,Medium
2541,0,3,30,0.0025,NORMAL,None,Medium
2541,0,4,40,0.0028,NORMAL,None,Low
2541,0,5,50,0.0022,NORMAL,None,Low
2541,0,6,60,0.0022,NORMAL,None,Low
2542,0,1,10,0.0018,NORMAL,None,Medium
2542,0,2,20,0.0026,NORMAL,None,Medium
2542,0,3,30,0.0021,NORMAL,None,Medium
2542,0,4,40,0.0024,NORMAL,None,Low
2542,0,5,50,0.0024,NORMAL,None,Low
2542,0,6,60,0.0022,NORMAL,None,Low
2543,0,1,10,0.0018,NORMAL,None,Medium
2543,0,2,20,0.0021,NORMAL,None,Medium
2543,0,3,30,0.002,NORMAL,None,Medium
2543,0,4,40,0.0022,NORMAL,None,Low
2543,0,5,50,0.002,NORMAL,None,Low
2543,0,6,60,0.0026,NORMAL,None,Low
2544,0,1,10,0.0019,NORMAL,None,Medium
2544,0,2,20,0.0019,NORMAL,None,Medium
2544,0,3,30,0.0022,NORMAL,None,Medium
2544,0,4,40,0.0023,NORMAL,None,Low
2544,0,5,50,0.002,NORMAL,None,Low
2544,0,6,60,0.0019,NORMAL,None,Low
2545,0,1,10,0.0016,NORMAL,None,Medium
2545,0,2,20,0.002,NORMAL,None,Medium
2545,0,3,30,0.0019,NORMAL,None,Medium
2545,0,4,40,0.0016,NORMAL,None,Low
2545,0,5,50,0.0018,NORMAL,None,Low
2545,0,6,60,0.002,NORMAL,None,Low
2546,0,1,10,0.0021,NORMAL,None,Medium
2546,0,2,20,0.0023,NORMAL,None,Medium
2546,0,3,30,0.0023,NORMAL,None,Medium
2546,0,4,40,0.0022,NORMAL,None,Low
2546,0,5,50,0.002,NORMAL,None,Low
2546,0,6,60,0.002,NORMAL,None,Low
2547,0,1,10,0.002,NORMAL,None,Medium
2547,0,2,20,0.0022,NORMAL,None,Medium
2547,0,3,30,0.0022,NORMAL,None,Medium
2547,0,4,40,0.0022,NORMAL,None,Low
2547,0,5,50,0.0019,NORMAL,None,Low
2547,0,6,60,0.0019,NORMAL,None,Low
2548,0,1,10,0.002,NORMAL,None,Medium
2548,0,2,20,0.0023,NORMAL,None,Medium
2548,0,3,30,0.0022,NORMAL,None,Medium
2548,0,4,40,0.0023,NORMAL,None,Low
2548,0,5,50,0.0021,NORMAL,None,Low
2548,0,6,60,0.0019,NORMAL,None,Low
2549,0,1,10,0.0019,NORMAL,None,Medium
2549,0,2,20,0.0022,NORMAL,None,Medium
2549,0,3,30,0.0021,NORMAL,None,Medium
2549,0,4,40,0.0022,NORMAL,None,Low
2549,0,5,50,0.0024,NORMAL,None,Low
2549,0,6,60,0.0021,NORMAL,None,Low
2550,0,1,10,0.0023,NORMAL,None,Medium
2550,0,2,20,0.0027,NORMAL,None,Medium
2550,0,3,30,0.0022,NORMAL,None,Medium
2550,0,4,40,0.0023,NORMAL,None,Low
2550,0,5,50,0.0024,NORMAL,None,Low
2550,0,6,60,0.0023,NORMAL,None,Low
2551,0,1,10,0.0017,NORMAL,None,Medium
2551,0,2,20,0.0019,NORMAL,None,Medium
2551,0,3,30,0.0021,NORMAL,None,Medium
2551,0,4,40,0.0021,NORMAL,None,Low
2551,0,5,50,0.0024,NORMAL,None,Low
2551,0,6,60,0.0024,NORMAL,None,Low
2552,0,1,10,0.0017,NORMAL,None,Medium
2552,0,2,20,0.0022,NORMAL,None,Medium
2552,0,3,30,0.0024,NORMAL,None,Medium
2552,0,4,40,0.0021,NORMAL,None,Low
2552,0,5,50,0.0022,NORMAL,None,Low
2552,0,6,60,0.0024,NORMAL,None,Low
2553,0,1,10,0.002,NORMAL,None,Medium
2553,0,2,20,0.0022,NORMAL,None,Medium
2553,0,3,30,0.0022,NORMAL,None,Medium
2553,0,4,40,0.002,NORMAL,None,Low
2553,0,5,50,0.002,NORMAL,None,Low
2553,0,6,60,0.0021,NORMAL,None,Low
2554,0,1,10,0.0022,NORMAL,None,Medium
2554,0,2,20,0.0022,NORMAL,None,Medium
2554,0,3,30,0.0022,NORMAL,None,Medium
2554,0,4,40,0.0023,NORMAL,None,Low
2554,0,5,50,0.002,NORMAL,None,Low
2554,0,6,60,0.002,NORMAL,None,Low
2555,0,1,10,0.0026,NORMAL,None,Medium
2555,0,2,20,0.0028,NORMAL,None,Medium
2555,0,3,30,0.0025,NORMAL,None,Medium
2555,0,4,40,0.0022,NORMAL,None,Low
2555,0,5,50,0.0023,NORMAL,None,Low
2555,0,6,60,0.0022,NORMAL,None,Low
2556,0,1,10,0.0025,NORMAL,None,Medium
2556,0,2,20,0.0027,NORMAL,None,Medium
2556,0,3,30,0.0021,NORMAL,None,Medium
2556,0,4,40,0.0023,NORMAL,None,Low
2556,0,5,50,0.0021,NORMAL,None,Low
2556,0,6,60,0.0023,NORMAL,None,Low
2557,0,1,10,0.0023,NORMAL,None,Medium
2557,0,2,20,0.0029,NORMAL,None,Medium
2557,0,3,30,0.0026,NORMAL,None,Medium
2557,0,4,40,0.0025,NORMAL,None,Low
2557,0,5,50,0.0023,NORMAL,None,Low
2557,0,6,60,0.0024,NORMAL,None,Low
2558,0,1,10,0.0024,NORMAL,None,Medium
2558,0,2,20,0.0021,NORMAL,None,Medium
2558,0,3,30,0.0024,NORMAL,None,Medium
2558,0,4,40,0.0021,NORMAL,None,Low
2558,0,5,50,0.0024,NORMAL,None,Low
2558,0,6,60,0.0019,NORMAL,None,Low
2559,0,1,10,0.0027,NORMAL,None,Medium
2559,0,2,20,0.0027,NORMAL,None,Medium
2559,0,3,30,0.0025,NORMAL,None,Medium
2559,0,4,40,0.0025,NORMAL,None,Low
2559,0,5,50,0.0024,NORMAL,None,Low
2559,0,6,60,0.0025,NORMAL,None,Low
2560,0,1,10,0.003,NORMAL,None,Medium
2560,0,2,20,0.0026,NORMAL,None,Medium
2560,0,3,30,0.0027,NORMAL,None,Medium
2560,0,4,40,0.0026,NORMAL,None,Low
2560,0,5,50,0.0026,NORMAL,None,Low
2560,0,6,60,0.0028,NORMAL,None,Low
2561,0,1,10,0.0028,NORMAL,None,Medium
2561,0,2,20,0.0028,NORMAL,None,Medium
2561,0,3,30,0.002,NORMAL,None,Medium
2561,0,4,40,0.0027,NORMAL,None,Low
2561,0,5,50,0.0022,NORMAL,None,Low
2561,0,6,60,0.0025,NORMAL,None,Low
2562,0,1,10,0.0021,NORMAL,None,Medium
2562,0,2,20,0.0022,NORMAL,None,Medium
2562,0,3,30,0.0023,NORMAL,None,Medium
2562,0,4,40,0.0022,NORMAL,None,Low
2562,0,5,50,0.0022,NORMAL,None,Low
2562,0,6,60,0.0021,NORMAL,None,Low
2563,0,1,10,0.002,NORMAL,None,Medium
2563,0,2,20,0.0022,NORMAL,None,Medium
2563,0,3,30,0.0019,NORMAL,None,Medium
2563,0,4,40,0.0021,NORMAL,None,Low
2563,0,5,50,0.002,NORMAL,None,Low
2563,0,6,60,0.0019,NORMAL,None,Low
2564,0,1,10,0.0023,NORMAL,None,Medium
2564,0,2,20,0.0025,NORMAL,None,Medium
2564,0,3,30,0.0027,NORMAL,None,Medium
2564,0,4,40,0.0024,NORMAL,None,Low
2564,0,5,50,0.0026,NORMAL,None,Low
2564,0,6,60,0.0023,NORMAL,None,Low
2565,0,1,10,0.0038,NORMAL,None,Medium
2565,0,2,20,0.0036,NORMAL,None,Medium
2565,0,3,30,0.0027,NORMAL,None,Medium
2565,0,4,40,0.0027,NORMAL,None,Low
2565,0,5,50,0.0024,NORMAL,None,Low
2565,0,6,60,0.002,NORMAL,None,Low
2566,0,1,10,0.0035,NORMAL,None,Medium
2566,0,2,20,0.0033,NORMAL,None,Medium
2566,0,3,30,0.0031,NORMAL,None,Medium
2566,0,4,40,0.0027,NORMAL,None,Low
2566,0,5,50,0.0027,NORMAL,None,Low
2566,0,6,60,0.0025,NORMAL,None,Low
2567,0,1,10,0.003,NORMAL,None,Medium
2567,0,2,20,0.0031,NORMAL,None,Medium
2567,0,3,30,0.0029,NORMAL,None,Medium
2567,0,4,40,0.0028,NORMAL,None,Low
2567,0,5,50,0.0024,NORMAL,None,Low
2567,0,6,60,0.0029,NORMAL,None,Low
2568,0,1,10,0.0036,NORMAL,None,Medium
2568,0,2,20,0.0032,NORMAL,None,Medium
2568,0,3,30,0.0028,NORMAL,None,Medium
2568,0,4,40,0.0026,NORMAL,None,Low
2568,0,5,50,0.0022,NORMAL,None,Low
2568,0,6,60,0.0025,NORMAL,None,Low
2569,0,1,10,0.0031,NORMAL,None,Medium
2569,0,2,20,0.0033,NORMAL,None,Medium
2569,0,3,30,0.0029,NORMAL,None,Medium
2569,0,4,40,0.0025,NORMAL,None,Low
2569,0,5,50,0.0024,NORMAL,None,Low
2569,0,6,60,0.0023,NORMAL,None,Low
2570,0,1,10,0.0029,NORMAL,None,Medium
2570,0,2,20,0.0035,NORMAL,None,Medium
2570,0,3,30,0.0033,NORMAL,None,Medium
2570,0,4,40,0.0024,NORMAL,None,Low
2570,0,5,50,0.0023,NORMAL,None,Low
2570,0,6,60,0.0025,NORMAL,None,Low
2571,0,1,10,0.0031,NORMAL,None,Medium
2571,0,2,20,0.0029,NORMAL,None,Medium
2571,0,3,30,0.0026,NORMAL,None,Medium
2571,0,4,40,0.0023,NORMAL,None,Low
2571,0,5,50,0.0023,NORMAL,None,Low
2571,0,6,60,0.0022,NORMAL,None,Low
2572,0,1,10,0.0022,NORMAL,None,Medium
2572,0,2,20,0.0022,NORMAL,None,Medium
2572,0,3,30,0.0021,NORMAL,None,Medium
2572,0,4,40,0.002,NORMAL,None,Low
2572,0,5,50,0.0024,NORMAL,None,Low
2572,0,6,60,0.0019,NORMAL,None,Low
2573,0,1,10,0.003,NORMAL,None,Medium
2573,0,2,20,0.0027,NORMAL,None,Medium
2573,0,3,30,0.0024,NORMAL,None,Medium
2573,0,4,40,0.0025,NORMAL,None,Low
2573,0,5,50,0.0021,NORMAL,None,Low
2573,0,6,60,0.0022,NORMAL,None,Low
2574,0,1,10,0.0031,NORMAL,None,Medium
2574,0,2,20,0.003,NORMAL,None,Medium
2574,0,3,30,0.0026,NORMAL,None,Medium
2574,0,4,40,0.0024,NORMAL,None,Low
2574,0,5,50,0.0022,NORMAL,None,Low
2574,0,6,60,0.0025,NORMAL,None,Low
2575,0,1,10,0.003,NORMAL,None,Medium
2575,0,2,20,0.0028,NORMAL,None,Medium
2575,0,3,30,0.003,NORMAL,None,Medium
2575,0,4,40,0.0025,NORMAL,None,Low
2575,0,5,50,0.0022,NORMAL,None,Low
2575,0,6,60,0.0022,NORMAL,None,Low
2576,0,1,10,0.0025,NORMAL,None,Medium
2576,0,2,20,0.0025,NORMAL,None,Medium
2576,0,3,30,0.0024,NORMAL,None,Medium
2576,0,4,40,0.0024,NORMAL,None,Low
2576,0,5,50,0.0022,NORMAL,None,Low
2576,0,6,60,0.0021,NORMAL,None,Low
2577,0,1,10,0.0022,NORMAL,None,Medium
2577,0,2,20,0.0023,NORMAL,None,Medium
2577,0,3,30,0.0025,NORMAL,None,Medium
2577,0,4,40,0.0022,NORMAL,None,Low
2577,0,5,50,0.0022,NORMAL,None,Low
2577,0,6,60,0.0022,NORMAL,None,Low
2578,0,1,10,0.0024,NORMAL,None,Medium
2578,0,2,20,0.003,NORMAL,None,Medium
2578,0,3,30,0.0028,NORMAL,None,Medium
2578,0,4,40,0.0027,NORMAL,None,Low
2578,0,5,50,0.0022,NORMAL,None,Low
2578,0,6,60,0.0019,NORMAL,None,Low
2579,0,1,10,0.002,NORMAL,None,Medium
2579,0,2,20,0.002,NORMAL,None,Medium
2579,0,3,30,0.0024,NORMAL,None,Medium
2579,0,4,40,0.0021,NORMAL,None,Low
2579,0,5,50,0.002,NORMAL,None,Low
2579,0,6,60,0.0021,NORMAL,None,Low
2580,0,1,10,0.0027,NORMAL,None,Medium
2580,0,2,20,0.0026,NORMAL,None,Medium
2580,0,3,30,0.0022,NORMAL,None,Medium
2580,0,4,40,0.0023,NORMAL,None,Low
2580,0,5,50,0.0023,NORMAL,None,Low
2580,0,6,60,0.0026,NORMAL,None,Low
2581,0,1,10,0.0029,NORMAL,None,Medium
2581,0,2,20,0.0027,NORMAL,None,Medium
2581,0,3,30,0.0023,NORMAL,None,Medium
2581,0,4,40,0.0021,NORMAL,None,Low
2581,0,5,50,0.0022,NORMAL,None,Low
2581,0,6,60,0.0019,NORMAL,None,Low
2582,0,1,10,0.0023,NORMAL,None,Medium
2582,0,2,20,0.0028,NORMAL,None,Medium
2582,0,3,30,0.0028,NORMAL,None,Medium
2582,0,4,40,0.0024,NORMAL,None,Low
2582,0,5,50,0.0023,NORMAL,None,Low
2582,0,6,60,0.0022,NORMAL,None,Low
2583,0,1,10,0.0023,NORMAL,None,Medium
2583,0,2,20,0.0027,NORMAL,None,Medium
2583,0,3,30,0.0024,NORMAL,None,Medium
2583,0,4,40,0.0027,NORMAL,None,Low
2583,0,5,50,0.0021,NORMAL,None,Low
2583,0,6,60,0.0021,NORMAL,None,Low
2584,0,1,10,0.0028,NORMAL,None,Medium
2584,0,2,20,0.0034,NORMAL,None,Medium
2584,0,3,30,0.0025,NORMAL,None,Medium
2584,0,4,40,0.0022,NORMAL,None,Low
2584,0,5,50,0.0021,NORMAL,None,Low
2584,0,6,60,0.0022,NORMAL,None,Low
2585,0,1,10,0.0029,NORMAL,None,Medium
2585,0,2,20,0.003,NORMAL,None,Medium
2585,0,3,30,0.0036,NORMAL,None,Medium
2585,0,4,40,0.0027,NORMAL,None,Low
2585,0,5,50,0.0025,NORMAL,None,Low
2585,0,6,60,0.0022,NORMAL,None,Low
2586,0,1,10,0.0026,NORMAL,None,Medium
2586,0,2,20,0.0031,NORMAL,None,Medium
2586,0,3,30,0.0026,NORMAL,None,Medium
2586,0,4,40,0.0024,NORMAL,None,Low
2586,0,5,50,0.0025,NORMAL,None,Low
2586,0,6,60,0.0022,NORMAL,None,Low
2587,0,1,10,0.0032,NORMAL,None,Medium
2587,0,2,20,0.0037,NORMAL,None,Medium
2587,0,3,30,0.0033,NORMAL,None,Medium
2587,0,4,40,0.0027,NORMAL,None,Low
2587,0,5,50,0.0024,NORMAL,None,Low
2587,0,6,60,0.0021,NORMAL,None,Low
2588,0,1,10,0.0027,NORMAL,None,Medium
2588,0,2,20,0.0031,NORMAL,None,Medium
2588,0,3,30,0.003,NORMAL,None,Medium
2588,0,4,40,0.003,NORMAL,None,Low
2588,0,5,50,0.002,NORMAL,None,Low
2588,0,6,60,0.0022,NORMAL,None,Low
2589,0,1,10,0.0029,NORMAL,None,Medium
2589,0,2,20,0.0034,NORMAL,None,Medium
2589,0,3,30,0.0029,NORMAL,None,Medium
2589,0,4,40,0.0022,NORMAL,None,Low
2589,0,5,50,0.0026,NORMAL,None,Low
2589,0,6,60,0.0023,NORMAL,None,Low
2590,0,1,10,0.0028,NORMAL,None,Medium
2590,0,2,20,0.003,NORMAL,None,Medium
2590,0,3,30,0.0025,NORMAL,None,Medium
2590,0,4,40,0.0026,NORMAL,None,Low
2590,0,5,50,0.0021,NORMAL,None,Low
2590,0,6,60,0.0021,NORMAL,None,Low
2591,0,1,10,0.0027,NORMAL,None,Medium
2591,0,2,20,0.0029,NORMAL,None,Medium
2591,0,3,30,0.0025,NORMAL,None,Medium
2591,0,4,40,0.0022,NORMAL,None,Low
2591,0,5,50,0.0021,NORMAL,None,Low
2591,0,6,60,0.002,NORMAL,None,Low
2592,0,1,10,0.003,NORMAL,None,Medium
2592,0,2,20,0.0029,NORMAL,None,Medium
2592,0,3,30,0.0025,NORMAL,None,Medium
2592,0,4,40,0.0023,NORMAL,None,Low
2592,0,5,50,0.0019,NORMAL,None,Low
2592,0,6,60,0.0021,NORMAL,None,Low
2593,0,1,10,0.0024,NORMAL,None,Medium
2593,0,2,20,0.0029,NORMAL,None,Medium
2593,0,3,30,0.0024,NORMAL,None,Medium
2593,0,4,40,0.0025,NORMAL,None,Low
2593,0,5,50,0.0023,NORMAL,None,Low
2593,0,6,60,0.0022,NORMAL,None,Low
2594,0,1,10,0.002,NORMAL,None,Medium
2594,0,2,20,0.0023,NORMAL,None,Medium
2594,0,3,30,0.0023,NORMAL,None,Medium
2594,0,4,40,0.0022,NORMAL,None,Low
2594,0,5,50,0.0023,NORMAL,None,Low
2594,0,6,60,0.002,NORMAL,None,Low
2595,0,1,10,0.0018,NORMAL,None,Medium
2595,0,2,20,0.0021,NORMAL,None,Medium
2595,0,3,30,0.0023,NORMAL,None,Medium
2595,0,4,40,0.0021,NORMAL,None,Low
2595,0,5,50,0.0021,NORMAL,None,Low
2595,0,6,60,0.0019,NORMAL,None,Low
2596,0,1,10,0.0022,NORMAL,None,Medium
2596,0,2,20,0.0023,NORMAL,None,Medium
2596,0,3,30,0.0021,NORMAL,None,Medium
2596,0,4,40,0.0025,NORMAL,None,Low
2596,0,5,50,0.0021,NORMAL,None,Low
2596,0,6,60,0.0019,NORMAL,None,Low
2597,0,1,10,0.0025,NORMAL,None,Medium
2597,0,2,20,0.0029,NORMAL,None,Medium
2597,0,3,30,0.0025,NORMAL,None,Medium
2597,0,4,40,0.0023,NORMAL,None,Low
2597,0,5,50,0.0024,NORMAL,None,Low
2597,0,6,60,0.0023,NORMAL,None,Low
2598,0,1,10,0.0026,NORMAL,None,Medium
2598,0,2,20,0.0025,NORMAL,None,Medium
2598,0,3,30,0.0026,NORMAL,None,Medium
2598,0,4,40,0.0027,NORMAL,None,Low
2598,0,5,50,0.0025,NORMAL,None,Low
2598,0,6,60,0.0022,NORMAL,None,Low
2599,0,1,10,0.0026,NORMAL,None,Medium
2599,0,2,20,0.003,NORMAL,None,Medium
2599,0,3,30,0.0029,NORMAL,None,Medium
2599,0,4,40,0.0023,NORMAL,None,Low
2599,0,5,50,0.002,NORMAL,None,Low
2599,0,6,60,0.0018,NORMAL,None,Low
2600,0,1,10,0.0021,NORMAL,None,Medium
2600,0,2,20,0.0023,NORMAL,None,Medium
2600,0,3,30,0.0024,NORMAL,None,Medium
2600,0,4,40,0.0021,NORMAL,None,Low
2600,0,5,50,0.002,NORMAL,None,Low
2600,0,6,60,0.0022,NORMAL,None,Low
2601,0,1,10,0.002,NORMAL,None,Medium
2601,0,2,20,0.0024,NORMAL,None,Medium
2601,0,3,30,0.0025,NORMAL,None,Medium
2601,0,4,40,0.0022,NORMAL,None,Low
2601,0,5,50,0.0022,NORMAL,None,Low
2601,0,6,60,0.0021,NORMAL,None,Low
2602,0,1,10,0.002,NORMAL,None,Medium
2602,0,2,20,0.0022,NORMAL,None,Medium
2602,0,3,30,0.0025,NORMAL,None,Medium
2602,0,4,40,0.0021,NORMAL,None,Low
2602,0,5,50,0.0022,NORMAL,None,Low
2602,0,6,60,0.0023,NORMAL,None,Low
2603,0,1,10,0.0027,NORMAL,None,Medium
2603,0,2,20,0.0027,NORMAL,None,Medium
2603,0,3,30,0.0021,NORMAL,None,Medium
2603,0,4,40,0.0026,NORMAL,None,Low
2603,0,5,50,0.0022,NORMAL,None,Low
2603,0,6,60,0.0022,NORMAL,None,Low
2604,0,1,10,0.0028,NORMAL,None,Medium
2604,0,2,20,0.0029,NORMAL,None,Medium
2604,0,3,30,0.0024,NORMAL,None,Medium
2604,0,4,40,0.0022,NORMAL,None,Low
2604,0,5,50,0.0019,NORMAL,None,Low
2604,0,6,60,0.0022,NORMAL,None,Low
2605,0,1,10,0.0025,NORMAL,None,Medium
2605,0,2,20,0.0027,NORMAL,None,Medium
2605,0,3,30,0.0027,NORMAL,None,Medium
2605,0,4,40,0.0024,NORMAL,None,Low
2605,0,5,50,0.0021,NORMAL,None,Low
2605,0,6,60,0.0025,NORMAL,None,Low
2606,0,1,10,0.0024,NORMAL,None,Medium
2606,0,2,20,0.0026,NORMAL,None,Medium
2606,0,3,30,0.0026,NORMAL,None,Medium
2606,0,4,40,0.0021,NORMAL,None,Low
2606,0,5,50,0.002,NORMAL,None,Low
2606,0,6,60,0.0022,NORMAL,None,Low
2607,0,1,10,0.0026,NORMAL,None,Medium
2607,0,2,20,0.0026,NORMAL,None,Medium
2607,0,3,30,0.0024,NORMAL,None,Medium
2607,0,4,40,0.0024,NORMAL,None,Low
2607,0,5,50,0.0024,NORMAL,None,Low
2607,0,6,60,0.002,NORMAL,None,Low
2608,0,1,10,0.0035,NORMAL,None,Medium
2608,0,2,20,0.0029,NORMAL,None,Medium
2608,0,3,30,0.0026,NORMAL,None,Medium
2608,0,4,40,0.0025,NORMAL,None,Low
2608,0,5,50,0.0023,NORMAL,None,Low
2608,0,6,60,0.0023,NORMAL,None,Low
2609,0,1,10,0.0039,NORMAL,None,Medium
2609,0,2,20,0.0034,NORMAL,None,Medium
2609,0,3,30,0.0027,NORMAL,None,Medium
2609,0,4,40,0.0021,NORMAL,None,Low
2609,0,5,50,0.0023,NORMAL,None,Low
2609,0,6,60,0.0023,NORMAL,None,Low
2610,0,1,10,0.0029,NORMAL,None,Medium
2610,0,2,20,0.0032,NORMAL,None,Medium
2610,0,3,30,0.0028,NORMAL,None,Medium
2610,0,4,40,0.0028,NORMAL,None,Low
2610,0,5,50,0.0022,NORMAL,None,Low
2610,0,6,60,0.0022,NORMAL,None,Low
2611,0,1,10,0.0041,NORMAL,None,Medium
2611,0,2,20,0.003,NORMAL,None,Medium
2611,0,3,30,0.0025,NORMAL,None,Medium
2611,0,4,40,0.0026,NORMAL,None,Low
2611,0,5,50,0.0021,NORMAL,None,Low
2611,0,6,60,0.0027,NORMAL,None,Low
2612,0,1,10,0.0033,NORMAL,None,Medium
2612,0,2,20,0.0026,NORMAL,None,Medium
2612,0,3,30,0.0028,NORMAL,None,Medium
2612,0,4,40,0.0025,NORMAL,None,Low
2612,0,5,50,0.0024,NORMAL,None,Low
2612,0,6,60,0.002,NORMAL,None,Low
2613,0,1,10,0.0034,NORMAL,None,Medium
2613,0,2,20,0.0037,NORMAL,None,Medium
2613,0,3,30,0.0036,NORMAL,None,Medium
2613,0,4,40,0.0026,NORMAL,None,Low
2613,0,5,50,0.0024,NORMAL,None,Low
2613,0,6,60,0.002,NORMAL,None,Low
2614,0,1,10,0.0036,NORMAL,None,Medium
2614,0,2,20,0.003,NORMAL,None,Medium
2614,0,3,30,0.0024,NORMAL,None,Medium
2614,0,4,40,0.0025,NORMAL,None,Low
2614,0,5,50,0.0022,NORMAL,None,Low
2614,0,6,60,0.0025,NORMAL,None,Low
2615,0,1,10,0.0046,NORMAL,None,Medium
2615,0,2,20,0.0041,NORMAL,None,Medium
2615,0,3,30,0.0031,NORMAL,None,Medium
2615,0,4,40,0.0026,NORMAL,None,Low
2615,0,5,50,0.0025,NORMAL,None,Low
2615,0,6,60,0.002,NORMAL,None,Low
2616,0,1,10,0.0041,NORMAL,None,Medium
2616,0,2,20,0.0034,NORMAL,None,Medium
2616,0,3,30,0.0026,NORMAL,None,Medium
2616,0,4,40,0.0027,NORMAL,None,Low
2616,0,5,50,0.0023,NORMAL,None,Low
2616,0,6,60,0.0026,NORMAL,None,Low
2617,0,1,10,0.0043,NORMAL,None,Medium
2617,0,2,20,0.0039,NORMAL,None,Medium
2617,0,3,30,0.0028,NORMAL,None,Medium
2617,0,4,40,0.0026,NORMAL,None,Low
2617,0,5,50,0.002,NORMAL,None,Low
2617,0,6,60,0.002,NORMAL,None,Low
2618,0,1,10,0.0031,NORMAL,None,Medium
2618,0,2,20,0.0032,NORMAL,None,Medium
2618,0,3,30,0.0027,NORMAL,None,Medium
2618,0,4,40,0.0023,NORMAL,None,Low
2618,0,5,50,0.0026,NORMAL,None,Low
2618,0,6,60,0.0024,NORMAL,None,Low
2619,0,1,10,0.0066,NORMAL,None,Medium
2619,0,2,20,0.0045,NORMAL,None,Medium
2619,0,3,30,0.0032,NORMAL,None,Medium
2619,0,4,40,0.0028,NORMAL,None,Low
2619,0,5,50,0.0023,NORMAL,None,Low
2619,0,6,60,0.0021,NORMAL,None,Low
2620,0,1,10,0.0049,NORMAL,None,Medium
2620,0,2,20,0.0043,NORMAL,None,Medium
2620,0,3,30,0.0035,NORMAL,None,Medium
2620,0,4,40,0.0028,NORMAL,None,Low
2620,0,5,50,0.0025,NORMAL,None,Low
2620,0,6,60,0.0026,NORMAL,None,Low
2621,0,1,10,0.0049,NORMAL,None,Medium
2621,0,2,20,0.0042,NORMAL,None,Medium
2621,0,3,30,0.0033,NORMAL,None,Medium
2621,0,4,40,0.003,NORMAL,None,Low
2621,0,5,50,0.0027,NORMAL,None,Low
2621,0,6,60,0.0023,NORMAL,None,Low
2622,0,1,10,0.0054,NORMAL,None,Medium
2622,0,2,20,0.0037,NORMAL,None,Medium
2622,0,3,30,0.0036,NORMAL,None,Medium
2622,0,4,40,0.0023,NORMAL,None,Low
2622,0,5,50,0.0023,NORMAL,None,Low
2622,0,6,60,0.0023,NORMAL,None,Low
2623,0,1,10,0.0041,NORMAL,None,Medium
2623,0,2,20,0.0036,NORMAL,None,Medium
2623,0,3,30,0.0025,NORMAL,None,Medium
2623,0,4,40,0.0026,NORMAL,None,Low
2623,0,5,50,0.0022,NORMAL,None,Low
2623,0,6,60,0.0024,NORMAL,None,Low
2624,0,1,10,0.0046,NORMAL,None,Medium
2624,0,2,20,0.0045,NORMAL,None,Medium
2624,0,3,30,0.003,NORMAL,None,Medium
2624,0,4,40,0.0027,NORMAL,None,Low
2624,0,5,50,0.0025,NORMAL,None,Low
2624,0,6,60,0.0025,NORMAL,None,Low
2625,0,1,10,0.0038,NORMAL,None,Medium
2625,0,2,20,0.003,NORMAL,None,Medium
2625,0,3,30,0.0029,NORMAL,None,Medium
2625,0,4,40,0.0023,NORMAL,None,Low
2625,0,5,50,0.0025,NORMAL,None,Low
2625,0,6,60,0.0021,NORMAL,None,Low
2626,0,1,10,0.0034,NORMAL,None,Medium
2626,0,2,20,0.0032,NORMAL,None,Medium
2626,0,3,30,0.0032,NORMAL,None,Medium
2626,0,4,40,0.0028,NORMAL,None,Low
2626,0,5,50,0.0025,NORMAL,None,Low
2626,0,6,60,0.0023,NORMAL,None,Low
2627,0,1,10,0.0031,NORMAL,None,Medium
2627,0,2,20,0.0031,NORMAL,None,Medium
2627,0,3,30,0.0023,NORMAL,None,Medium
2627,0,4,40,0.0022,NORMAL,None,Low
2627,0,5,50,0.0024,NORMAL,None,Low
2627,0,6,60,0.0024,NORMAL,None,Low
2628,0,1,10,0.0036,NORMAL,None,Medium
2628,0,2,20,0.0033,NORMAL,None,Medium
2628,0,3,30,0.003,NORMAL,None,Medium
2628,0,4,40,0.0028,NORMAL,None,Low
2628,0,5,50,0.0022,NORMAL,None,Low
2628,0,6,60,0.0021,NORMAL,None,Low
2629,0,1,10,0.0033,NORMAL,None,Medium
2629,0,2,20,0.0031,NORMAL,None,Medium
2629,0,3,30,0.0026,NORMAL,None,Medium
2629,0,4,40,0.0022,NORMAL,None,Low
2629,0,5,50,0.002,NORMAL,None,Low
2629,0,6,60,0.0021,NORMAL,None,Low
2630,0,1,10,0.0032,NORMAL,None,Medium
2630,0,2,20,0.0028,NORMAL,None,Medium
2630,0,3,30,0.0027,NORMAL,None,Medium
2630,0,4,40,0.0024,NORMAL,None,Low
2630,0,5,50,0.0023,NORMAL,None,Low
2630,0,6,60,0.0021,NORMAL,None,Low
2631,0,1,10,0.0027,NORMAL,None,Medium
2631,0,2,20,0.0028,NORMAL,None,Medium
2631,0,3,30,0.0028,NORMAL,None,Medium
2631,0,4,40,0.0025,NORMAL,None,Low
2631,0,5,50,0.0022,NORMAL,None,Low
2631,0,6,60,0.0022,NORMAL,None,Low
2632,0,1,10,0.0028,NORMAL,None,Medium
2632,0,2,20,0.0026,NORMAL,None,Medium
2632,0,3,30,0.0027,NORMAL,None,Medium
2632,0,4,40,0.0021,NORMAL,None,Low
2632,0,5,50,0.0025,NORMAL,None,Low
2632,0,6,60,0.0022,NORMAL,None,Low
2633,0,1,10,0.0019,NORMAL,None,Medium
2633,0,2,20,0.0024,NORMAL,None,Medium
2633,0,3,30,0.0026,NORMAL,None,Medium
2633,0,4,40,0.0022,NORMAL,None,Low
2633,0,5,50,0.0022,NORMAL,None,Low
2633,0,6,60,0.0021,NORMAL,None,Low
2634,0,1,10,0.0018,NORMAL,None,Medium
2634,0,2,20,0.002,NORMAL,None,Medium
2634,0,3,30,0.0022,NORMAL,None,Medium
2634,0,4,40,0.0023,NORMAL,None,Low
2634,0,5,50,0.0021,NORMAL,None,Low
2634,0,6,60,0.0021,NORMAL,None,Low
2635,0,1,10,0.0026,NORMAL,None,Medium
2635,0,2,20,0.0034,NORMAL,None,Medium
2635,0,3,30,0.0024,NORMAL,None,Medium
2635,0,4,40,0.0023,NORMAL,None,Low
2635,0,5,50,0.0023,NORMAL,None,Low
2635,0,6,60,0.0021,NORMAL,None,Low
2636,0,1,10,0.0023,NORMAL,None,Medium
2636,0,2,20,0.0025,NORMAL,None,Medium
2636,0,3,30,0.0027,NORMAL,None,Medium
2636,0,4,40,0.002,NORMAL,None,Low
2636,0,5,50,0.0023,NORMAL,None,Low
2636,0,6,60,0.0023,NORMAL,None,Low
2637,0,1,10,0.002,NORMAL,None,Medium
2637,0,2,20,0.0023,NORMAL,None,Medium
2637,0,3,30,0.0019,NORMAL,None,Medium
2637,0,4,40,0.0023,NORMAL,None,Low
2637,0,5,50,0.0022,NORMAL,None,Low
2637,0,6,60,0.0024,NORMAL,None,Low
2638,0,1,10,0.0019,NORMAL,None,Medium
2638,0,2,20,0.0022,NORMAL,None,Medium
2638,0,3,30,0.0022,NORMAL,None,Medium
2638,0,4,40,0.0022,NORMAL,None,Low
2638,0,5,50,0.002,NORMAL,None,Low
2638,0,6,60,0.0019,NORMAL,None,Low
2639,0,1,10,0.0021,NORMAL,None,Medium
2639,0,2,20,0.0023,NORMAL,None,Medium
2639,0,3,30,0.0026,NORMAL,None,Medium
2639,0,4,40,0.0026,NORMAL,None,Low
2639,0,5,50,0.0021,NORMAL,None,Low
2639,0,6,60,0.0021,NORMAL,None,Low
2640,0,1,10,0.0024,NORMAL,None,Medium
2640,0,2,20,0.0023,NORMAL,None,Medium
2640,0,3,30,0.0023,NORMAL,None,Medium
2640,0,4,40,0.0021,NORMAL,None,Low
2640,0,5,50,0.0024,NORMAL,None,Low
2640,0,6,60,0.0023,NORMAL,None,Low
2641,0,1,10,0.0029,NORMAL,None,Medium
2641,0,2,20,0.0032,NORMAL,None,Medium
2641,0,3,30,0.0028,NORMAL,None,Medium
2641,0,4,40,0.0029,NORMAL,None,Low
2641,0,5,50,0.0023,NORMAL,None,Low
2641,0,6,60,0.0023,NORMAL,None,Low
2642,0,1,10,0.0027,NORMAL,None,Medium
2642,0,2,20,0.0025,NORMAL,None,Medium
2642,0,3,30,0.0022,NORMAL,None,Medium
2642,0,4,40,0.0023,NORMAL,None,Low
2642,0,5,50,0.002,NORMAL,None,Low
2642,0,6,60,0.0021,NORMAL,None,Low
2643,0,1,10,0.0023,NORMAL,None,Medium
2643,0,2,20,0.0026,NORMAL,None,Medium
2643,0,3,30,0.002,NORMAL,None,Medium
2643,0,4,40,0.0022,NORMAL,None,Low
2643,0,5,50,0.0022,NORMAL,None,Low
2643,0,6,60,0.0024,NORMAL,None,Low
2644,0,1,10,0.0031,NORMAL,None,Medium
2644,0,2,20,0.0028,NORMAL,None,Medium
2644,0,3,30,0.003,NORMAL,None,Medium
2644,0,4,40,0.0027,NORMAL,None,Low
2644,0,5,50,0.0024,NORMAL,None,Low
2644,0,6,60,0.0024,NORMAL,None,Low
2645,0,1,10,0.0024,NORMAL,None,Medium
2645,0,2,20,0.0024,NORMAL,None,Medium
2645,0,3,30,0.0021,NORMAL,None,Medium
2645,0,4,40,0.0025,NORMAL,None,Low
2645,0,5,50,0.0023,NORMAL,None,Low
2645,0,6,60,0.0022,NORMAL,None,Low
2646,0,1,10,0.0023,NORMAL,None,Medium
2646,0,2,20,0.0025,NORMAL,None,Medium
2646,0,3,30,0.0024,NORMAL,None,Medium
2646,0,4,40,0.0022,NORMAL,None,Low
2646,0,5,50,0.0023,NORMAL,None,Low
2646,0,6,60,0.0023,NORMAL,None,Low
2647,0,1,10,0.0024,NORMAL,None,Medium
2647,0,2,20,0.0028,NORMAL,None,Medium
2647,0,3,30,0.0025,NORMAL,None,Medium
2647,0,4,40,0.0024,NORMAL,None,Low
2647,0,5,50,0.0025,NORMAL,None,Low
2647,0,6,60,0.0024,NORMAL,None,Low
2648,0,1,10,0.002,NORMAL,None,Medium
2648,0,2,20,0.0023,NORMAL,None,Medium
2648,0,3,30,0.0026,NORMAL,None,Medium
2648,0,4,40,0.0022,NORMAL,None,Low
2648,0,5,50,0.0024,NORMAL,None,Low
2648,0,6,60,0.0023,NORMAL,None,Low
2649,0,1,10,0.0027,NORMAL,None,Medium
2649,0,2,20,0.0026,NORMAL,None,Medium
2649,0,3,30,0.0024,NORMAL,None,Medium
2649,0,4,40,0.002,NORMAL,None,Low
2649,0,5,50,0.0021,NORMAL,None,Low
2649,0,6,60,0.0022,NORMAL,None,Low
2650,0,1,10,0.0024,NORMAL,None,Medium
2650,0,2,20,0.0026,NORMAL,None,Medium
2650,0,3,30,0.0025,NORMAL,None,Medium
2650,0,4,40,0.002,NORMAL,None,Low
2650,0,5,50,0.0021,NORMAL,None,Low
2650,0,6,60,0.0022,NORMAL,None,Low
2651,0,1,10,0.0026,NORMAL,None,Medium
2651,0,2,20,0.0025,NORMAL,None,Medium
2651,0,3,30,0.0025,NORMAL,None,Medium
2651,0,4,40,0.0024,NORMAL,None,Low
2651,0,5,50,0.0022,NORMAL,None,Low
2651,0,6,60,0.0022,NORMAL,None,Low
2652,0,1,10,0.0025,NORMAL,None,Medium
2652,0,2,20,0.0025,NORMAL,None,Medium
2652,0,3,30,0.0026,NORMAL,None,Medium
2652,0,4,40,0.0021,NORMAL,None,Low
2652,0,5,50,0.0022,NORMAL,None,Low
2652,0,6,60,0.0021,NORMAL,None,Low
2653,0,1,10,0.0029,NORMAL,None,Medium
2653,0,2,20,0.0025,NORMAL,None,Medium
2653,0,3,30,0.0028,NORMAL,None,Medium
2653,0,4,40,0.0026,NORMAL,None,Low
2653,0,5,50,0.0023,NORMAL,None,Low
2653,0,6,60,0.0027,NORMAL,None,Low
2654,0,1,10,0.003,NORMAL,None,Medium
2654,0,2,20,0.0027,NORMAL,None,Medium
2654,0,3,30,0.0024,NORMAL,None,Medium
2654,0,4,40,0.0024,NORMAL,None,Low
2654,0,5,50,0.0026,NORMAL,None,Low
2654,0,6,60,0.0025,NORMAL,None,Low
2655,0,1,10,0.0022,NORMAL,None,Medium
2655,0,2,20,0.0028,NORMAL,None,Medium
2655,0,3,30,0.0024,NORMAL,None,Medium
2655,0,4,40,0.0023,NORMAL,None,Low
2655,0,5,50,0.0022,NORMAL,None,Low
2655,0,6,60,0.0023,NORMAL,None,Low
2656,0,1,10,0.0025,NORMAL,None,Medium
2656,0,2,20,0.0029,NORMAL,None,Medium
2656,0,3,30,0.0026,NORMAL,None,Medium
2656,0,4,40,0.0025,NORMAL,None,Low
2656,0,5,50,0.0022,NORMAL,None,Low
2656,0,6,60,0.0028,NORMAL,None,Low
2657,0,1,10,0.0026,NORMAL,None,Medium
2657,0,2,20,0.0026,NORMAL,None,Medium
2657,0,3,30,0.0027,NORMAL,None,Medium
2657,0,4,40,0.0025,NORMAL,None,Low
2657,0,5,50,0.0024,NORMAL,None,Low
2657,0,6,60,0.0026,NORMAL,None,Low
2658,0,1,10,0.0023,NORMAL,None,Medium
2658,0,2,20,0.0025,NORMAL,None,Medium
2658,0,3,30,0.0026,NORMAL,None,Medium
2658,0,4,40,0.0023,NORMAL,None,Low
2658,0,5,50,0.0021,NORMAL,None,Low
2658,0,6,60,0.0024,NORMAL,None,Low
2659,0,1,10,0.002,NORMAL,None,Medium
2659,0,2,20,0.0027,NORMAL,None,Medium
2659,0,3,30,0.0025,NORMAL,None,Medium
2659,0,4,40,0.0023,NORMAL,None,Low
2659,0,5,50,0.0025,NORMAL,None,Low
2659,0,6,60,0.0024,NORMAL,None,Low
2660,0,1,10,0.0017,NORMAL,None,Medium
2660,0,2,20,0.0025,NORMAL,None,Medium
2660,0,3,30,0.0025,NORMAL,None,Medium
2660,0,4,40,0.0022,NORMAL,None,Low
2660,0,5,50,0.0022,NORMAL,None,Low
2660,0,6,60,0.0024,NORMAL,None,Low
2661,0,1,10,0.0021,NORMAL,None,Medium
2661,0,2,20,0.0022,NORMAL,None,Medium
2661,0,3,30,0.0023,NORMAL,None,Medium
2661,0,4,40,0.0024,NORMAL,None,Low
2661,0,5,50,0.0021,NORMAL,None,Low
2661,0,6,60,0.002,NORMAL,None,Low
2662,0,1,10,0.002,NORMAL,None,Medium
2662,0,2,20,0.0022,NORMAL,None,Medium
2662,0,3,30,0.0022,NORMAL,None,Medium
2662,0,4,40,0.0021,NORMAL,None,Low
2662,0,5,50,0.0021,NORMAL,None,Low
2662,0,6,60,0.0019,NORMAL,None,Low
2663,0,1,10,0.002,NORMAL,None,Medium
2663,0,2,20,0.0022,NORMAL,None,Medium
2663,0,3,30,0.0022,NORMAL,None,Medium
2663,0,4,40,0.0022,NORMAL,None,Low
2663,0,5,50,0.0025,NORMAL,None,Low
2663,0,6,60,0.002,NORMAL,None,Low
2664,0,1,10,0.0019,NORMAL,None,Medium
2664,0,2,20,0.0023,NORMAL,None,Medium
2664,0,3,30,0.0023,NORMAL,None,Medium
2664,0,4,40,0.0023,NORMAL,None,Low
2664,0,5,50,0.0026,NORMAL,None,Low
2664,0,6,60,0.0021,NORMAL,None,Low
2665,0,1,10,0.0023,NORMAL,None,Medium
2665,0,2,20,0.0025,NORMAL,None,Medium
2665,0,3,30,0.0023,NORMAL,None,Medium
2665,0,4,40,0.0022,NORMAL,None,Low
2665,0,5,50,0.002,NORMAL,None,Low
2665,0,6,60,0.0021,NORMAL,None,Low
2666,0,1,10,0.0021,NORMAL,None,Medium
2666,0,2,20,0.0023,NORMAL,None,Medium
2666,0,3,30,0.002,NORMAL,None,Medium
2666,0,4,40,0.0021,NORMAL,None,Low
2666,0,5,50,0.0024,NORMAL,None,Low
2666,0,6,60,0.0022,NORMAL,None,Low
2667,0,1,10,0.0028,NORMAL,None,Medium
2667,0,2,20,0.003,NORMAL,None,Medium
2667,0,3,30,0.0027,NORMAL,None,Medium
2667,0,4,40,0.0023,NORMAL,None,Low
2667,0,5,50,0.0024,NORMAL,None,Low
2667,0,6,60,0.0019,NORMAL,None,Low
2668,0,1,10,0.0037,NORMAL,None,Medium
2668,0,2,20,0.003,NORMAL,None,Medium
2668,0,3,30,0.0028,NORMAL,None,Medium
2668,0,4,40,0.0025,NORMAL,None,Low
2668,0,5,50,0.0026,NORMAL,None,Low
2668,0,6,60,0.002,NORMAL,None,Low
2669,0,1,10,0.0041,NORMAL,None,Medium
2669,0,2,20,0.003,NORMAL,None,Medium
2669,0,3,30,0.0034,NORMAL,None,Medium
2669,0,4,40,0.0026,NORMAL,None,Low
2669,0,5,50,0.0023,NORMAL,None,Low
2669,0,6,60,0.0021,NORMAL,None,Low
2670,0,1,10,0.0035,NORMAL,None,Medium
2670,0,2,20,0.0034,NORMAL,None,Medium
2670,0,3,30,0.0034,NORMAL,None,Medium
2670,0,4,40,0.0027,NORMAL,None,Low
2670,0,5,50,0.0026,NORMAL,None,Low
2670,0,6,60,0.0021,NORMAL,None,Low
2671,0,1,10,0.0045,NORMAL,None,Medium
2671,0,2,20,0.0031,NORMAL,None,Medium
2671,0,3,30,0.0031,NORMAL,None,Medium
2671,0,4,40,0.0027,NORMAL,None,Low
2671,0,5,50,0.0026,NORMAL,None,Low
2671,0,6,60,0.0024,NORMAL,None,Low
2672,0,1,10,0.0036,NORMAL,None,Medium
2672,0,2,20,0.003,NORMAL,None,Medium
2672,0,3,30,0.0029,NORMAL,None,Medium
2672,0,4,40,0.0029,NORMAL,None,Low
2672,0,5,50,0.0022,NORMAL,None,Low
2672,0,6,60,0.0021,NORMAL,None,Low
2673,0,1,10,0.0038,NORMAL,None,Medium
2673,0,2,20,0.0035,NORMAL,None,Medium
2673,0,3,30,0.0027,NORMAL,None,Medium
2673,0,4,40,0.0029,NORMAL,None,Low
2673,0,5,50,0.0027,NORMAL,None,Low
2673,0,6,60,0.0022,NORMAL,None,Low
2674,0,1,10,0.0035,NORMAL,None,Medium
2674,0,2,20,0.0031,NORMAL,None,Medium
2674,0,3,30,0.003,NORMAL,None,Medium
2674,0,4,40,0.0023,NORMAL,None,Low
2674,0,5,50,0.0022,NORMAL,None,Low
2674,0,6,60,0.0024,NORMAL,None,Low
2675,0,1,10,0.0035,NORMAL,None,Medium
2675,0,2,20,0.0032,NORMAL,None,Medium
2675,0,3,30,0.0028,NORMAL,None,Medium
2675,0,4,40,0.0025,NORMAL,None,Low
2675,0,5,50,0.0022,NORMAL,None,Low
2675,0,6,60,0.0023,NORMAL,None,Low
2676,0,1,10,0.0036,NORMAL,None,Medium
2676,0,2,20,0.0031,NORMAL,None,Medium
2676,0,3,30,0.0022,NORMAL,None,Medium
2676,0,4,40,0.0026,NORMAL,None,Low
2676,0,5,50,0.0022,NORMAL,None,Low
2676,0,6,60,0.0022,NORMAL,None,Low
2677,0,1,10,0.0039,NORMAL,None,Medium
2677,0,2,20,0.0038,NORMAL,None,Medium
2677,0,3,30,0.0033,NORMAL,None,Medium
2677,0,4,40,0.0027,NORMAL,None,Low
2677,0,5,50,0.0023,NORMAL,None,Low
2677,0,6,60,0.0022,NORMAL,None,Low
2678,0,1,10,0.0037,NORMAL,None,Medium
2678,0,2,20,0.0035,NORMAL,None,Medium
2678,0,3,30,0.0027,NORMAL,None,Medium
2678,0,4,40,0.0026,NORMAL,None,Low
2678,0,5,50,0.0026,NORMAL,None,Low
2678,0,6,60,0.0025,NORMAL,None,Low
2679,0,1,10,0.0035,NORMAL,None,Medium
2679,0,2,20,0.0032,NORMAL,None,Medium
2679,0,3,30,0.0026,NORMAL,None,Medium
2679,0,4,40,0.0024,NORMAL,None,Low
2679,0,5,50,0.0021,NORMAL,None,Low
2679,0,6,60,0.0022,NORMAL,None,Low
2680,0,1,10,0.0041,NORMAL,None,Medium
2680,0,2,20,0.0033,NORMAL,None,Medium
2680,0,3,30,0.0027,NORMAL,None,Medium
2680,0,4,40,0.0028,NORMAL,None,Low
2680,0,5,50,0.0022,NORMAL,None,Low
2680,0,6,60,0.0021,NORMAL,None,Low
2681,0,1,10,0.004,NORMAL,None,Medium
2681,0,2,20,0.0032,NORMAL,None,Medium
2681,0,3,30,0.003,NORMAL,None,Medium
2681,0,4,40,0.0026,NORMAL,None,Low
2681,0,5,50,0.0025,NORMAL,None,Low
2681,0,6,60,0.0026,NORMAL,None,Low
2682,0,1,10,0.0029,NORMAL,None,Medium
2682,0,2,20,0.0028,NORMAL,None,Medium
2682,0,3,30,0.003,NORMAL,None,Medium
2682,0,4,40,0.0021,NORMAL,None,Low
2682,0,5,50,0.0023,NORMAL,None,Low
2682,0,6,60,0.0022,NORMAL,None,Low
2683,0,1,10,0.0022,NORMAL,None,Medium
2683,0,2,20,0.0021,NORMAL,None,Medium
2683,0,3,30,0.0027,NORMAL,None,Medium
2683,0,4,40,0.0025,NORMAL,None,Low
2683,0,5,50,0.0024,NORMAL,None,Low
2683,0,6,60,0.0022,NORMAL,None,Low
2684,0,1,10,0.0027,NORMAL,None,Medium
2684,0,2,20,0.0025,NORMAL,None,Medium
2684,0,3,30,0.0023,NORMAL,None,Medium
2684,0,4,40,0.0025,NORMAL,None,Low
2684,0,5,50,0.0024,NORMAL,None,Low
2684,0,6,60,0.0023,NORMAL,None,Low
2685,0,1,10,0.0034,NORMAL,None,Medium
2685,0,2,20,0.0024,NORMAL,None,Medium
2685,0,3,30,0.0022,NORMAL,None,Medium
2685,0,4,40,0.0021,NORMAL,None,Low
2685,0,5,50,0.0021,NORMAL,None,Low
2685,0,6,60,0.0022,NORMAL,None,Low
2686,0,1,10,0.0139,NORMAL,None,Medium
2686,0,2,20,0.0027,NORMAL,None,Medium
2686,0,3,30,0.0021,NORMAL,None,Medium
2686,0,4,40,0.002,NORMAL,None,Low
2686,0,5,50,0.0021,NORMAL,None,Low
2686,0,6,60,0.0023,NORMAL,None,Low
2687,0,1,10,0.0188,NORMAL,None,Medium
2687,0,2,20,0.0051,NORMAL,None,Medium
2687,0,3,30,0.003,NORMAL,None,Medium
2687,0,4,40,0.0026,NORMAL,None,Low
2687,0,5,50,0.0023,NORMAL,None,Low
2687,0,6,60,0.0022,NORMAL,None,Low
2688,0,1,10,0.0078,NORMAL,None,Medium
2688,0,2,20,0.0026,NORMAL,None,Medium
2688,0,3,30,0.0023,NORMAL,None,Medium
2688,0,4,40,0.0025,NORMAL,None,Low
2688,0,5,50,0.0024,NORMAL,None,Low
2688,0,6,60,0.0022,NORMAL,None,Low
2689,0,1,10,0.0029,NORMAL,None,Medium
2689,0,2,20,0.0021,NORMAL,None,Medium
2689,0,3,30,0.0022,NORMAL,None,Medium
2689,0,4,40,0.0021,NORMAL,None,Low
2689,0,5,50,0.002,NORMAL,None,Low
2689,0,6,60,0.0021,NORMAL,None,Low
2690,0,1,10,0.0027,NORMAL,None,Medium
2690,0,2,20,0.0023,NORMAL,None,Medium
2690,0,3,30,0.0026,NORMAL,None,Medium
2690,0,4,40,0.0022,NORMAL,None,Low
2690,0,5,50,0.0019,NORMAL,None,Low
2690,0,6,60,0.0024,NORMAL,None,Low
2691,0,1,10,0.0041,NORMAL,None,Medium
2691,0,2,20,0.0024,NORMAL,None,Medium
2691,0,3,30,0.0022,NORMAL,None,Medium
2691,0,4,40,0.0021,NORMAL,None,Low
2691,0,5,50,0.0022,NORMAL,None,Low
2691,0,6,60,0.0025,NORMAL,None,Low
2692,0,1,10,0.005,NORMAL,None,Medium
2692,0,2,20,0.003,NORMAL,None,Medium
2692,0,3,30,0.0025,NORMAL,None,Medium
2692,0,4,40,0.0021,NORMAL,None,Low
2692,0,5,50,0.0023,NORMAL,None,Low
2692,0,6,60,0.0025,NORMAL,None,Low
2693,0,1,10,0.0051,NORMAL,None,Medium
2693,0,2,20,0.0031,NORMAL,None,Medium
2693,0,3,30,0.0026,NORMAL,None,Medium
2693,0,4,40,0.0027,NORMAL,None,Low
2693,0,5,50,0.0024,NORMAL,None,Low
2693,0,6,60,0.0019,NORMAL,None,Low
2694,0,1,10,0.0054,NORMAL,None,Medium
2694,0,2,20,0.0032,NORMAL,None,Medium
2694,0,3,30,0.0034,NORMAL,None,Medium
2694,0,4,40,0.0027,NORMAL,None,Low
2694,0,5,50,0.0024,NORMAL,None,Low
2694,0,6,60,0.0021,NORMAL,None,Low
2695,0,1,10,0.0091,NORMAL,None,Medium
2695,0,2,20,0.0041,NORMAL,None,Medium
2695,0,3,30,0.0032,NORMAL,None,Medium
2695,0,4,40,0.0026,NORMAL,None,Low
2695,0,5,50,0.0021,NORMAL,None,Low
2695,0,6,60,0.0026,NORMAL,None,Low
2696,0,1,10,0.0089,NORMAL,None,Medium
2696,0,2,20,0.0032,NORMAL,None,Medium
2696,0,3,30,0.0027,NORMAL,None,Medium
2696,0,4,40,0.0022,NORMAL,None,Low
2696,0,5,50,0.0023,NORMAL,None,Low
2696,0,6,60,0.0021,NORMAL,None,Low
2697,0,1,10,0.0038,NORMAL,None,Medium
2697,0,2,20,0.003,NORMAL,None,Medium
2697,0,3,30,0.0023,NORMAL,None,Medium
2697,0,4,40,0.0025,NORMAL,None,Low
2697,0,5,50,0.0021,NORMAL,None,Low
2697,0,6,60,0.002,NORMAL,None,Low
2698,0,1,10,0.0063,NORMAL,None,Medium
2698,0,2,20,0.0044,NORMAL,None,Medium
2698,0,3,30,0.0035,NORMAL,None,Medium
2698,0,4,40,0.0024,NORMAL,None,Low
2698,0,5,50,0.0024,NORMAL,None,Low
2698,0,6,60,0.0023,NORMAL,None,Low
2699,0,1,10,0.0154,NORMAL,None,Medium
2699,0,2,20,0.005,NORMAL,None,Medium
2699,0,3,30,0.0031,NORMAL,None,Medium
2699,0,4,40,0.0027,NORMAL,None,Low
2699,0,5,50,0.0024,NORMAL,None,Low
2699,0,6,60,0.0022,NORMAL,None,Low
2700,0,1,10,0.0123,NORMAL,None,Medium
2700,0,2,20,0.006,NORMAL,None,Medium
2700,0,3,30,0.0039,NORMAL,None,Medium
2700,0,4,40,0.0029,NORMAL,None,Low
2700,0,5,50,0.0023,NORMAL,None,Low
2700,0,6,60,0.0022,NORMAL,None,Low
2701,0,1,10,0.0205,NORMAL,None,Medium
2701,0,2,20,0.0045,NORMAL,None,Medium
2701,0,3,30,0.0028,NORMAL,None,Medium
2701,0,4,40,0.0028,NORMAL,None,Low
2701,0,5,50,0.0023,NORMAL,None,Low
2701,0,6,60,0.0026,NORMAL,None,Low
2702,0,1,10,0.0297,NORMAL,None,Medium
2702,0,2,20,0.0061,NORMAL,None,Medium
2702,0,3,30,0.0038,NORMAL,None,Medium
2702,0,4,40,0.0032,NORMAL,None,Low
2702,0,5,50,0.0028,NORMAL,None,Low
2702,0,6,60,0.0024,NORMAL,None,Low
2703,0,1,10,0.0123,NORMAL,None,Medium
2703,0,2,20,0.0038,NORMAL,None,Medium
2703,0,3,30,0.0036,NORMAL,None,Medium
2703,0,4,40,0.0028,NORMAL,None,Low
2703,0,5,50,0.0027,NORMAL,None,Low
2703,0,6,60,0.0023,NORMAL,None,Low
2704,0,1,10,0.0057,NORMAL,None,Medium
2704,0,2,20,0.0036,NORMAL,None,Medium
2704,0,3,30,0.0026,NORMAL,None,Medium
2704,0,4,40,0.0024,NORMAL,None,Low
2704,0,5,50,0.0022,NORMAL,None,Low
2704,0,6,60,0.0024,NORMAL,None,Low
2705,0,1,10,0.009,NORMAL,None,Medium
2705,0,2,20,0.0045,NORMAL,None,Medium
2705,0,3,30,0.0031,NORMAL,None,Medium
2705,0,4,40,0.0027,NORMAL,None,Low
2705,0,5,50,0.0023,NORMAL,None,Low
2705,0,6,60,0.0025,NORMAL,None,Low
2706,0,1,10,0.0049,NORMAL,None,Medium
2706,0,2,20,0.0033,NORMAL,None,Medium
2706,0,3,30,0.0027,NORMAL,None,Medium
2706,0,4,40,0.0024,NORMAL,None,Low
2706,0,5,50,0.0021,NORMAL,None,Low
2706,0,6,60,0.0021,NORMAL,None,Low
2707,0,1,10,0.0074,NORMAL,None,Medium
2707,0,2,20,0.0033,NORMAL,None,Medium
2707,0,3,30,0.0028,NORMAL,None,Medium
2707,0,4,40,0.003,NORMAL,None,Low
2707,0,5,50,0.0022,NORMAL,None,Low
2707,0,6,60,0.0021,NORMAL,None,Low
2708,0,1,10,0.0071,NORMAL,None,Medium
2708,0,2,20,0.0037,NORMAL,None,Medium
2708,0,3,30,0.0027,NORMAL,None,Medium
2708,0,4,40,0.0023,NORMAL,None,Low
2708,0,5,50,0.0024,NORMAL,None,Low
2708,0,6,60,0.0023,NORMAL,None,Low
2709,0,1,10,0.0035,NORMAL,None,Medium
2709,0,2,20,0.0026,NORMAL,None,Medium
2709,0,3,30,0.0026,NORMAL,None,Medium
2709,0,4,40,0.002,NORMAL,None,Low
2709,0,5,50,0.0023,NORMAL,None,Low
2709,0,6,60,0.0022,NORMAL,None,Low
2710,0,1,10,0.025,NORMAL,None,Medium
2710,0,2,20,0.0043,NORMAL,None,Medium
2710,0,3,30,0.0031,NORMAL,None,Medium
2710,0,4,40,0.0024,NORMAL,None,Low
2710,0,5,50,0.0023,NORMAL,None,Low
2710,0,6,60,0.0025,NORMAL,None,Low
2711,0,1,10,0.0176,NORMAL,None,Medium
2711,0,2,20,0.0044,NORMAL,None,Medium
2711,0,3,30,0.003,NORMAL,None,Medium
2711,0,4,40,0.0024,NORMAL,None,Low
2711,0,5,50,0.0022,NORMAL,None,Low
2711,0,6,60,0.002,NORMAL,None,Low
2712,0,1,10,0.0167,NORMAL,None,Medium
2712,0,2,20,0.0037,NORMAL,None,Medium
2712,0,3,30,0.0025,NORMAL,None,Medium
2712,0,4,40,0.0025,NORMAL,None,Low
2712,0,5,50,0.0022,NORMAL,None,Low
2712,0,6,60,0.0025,NORMAL,None,Low
2713,0,1,10,0.0193,NORMAL,None,Medium
2713,0,2,20,0.0045,NORMAL,None,Medium
2713,0,3,30,0.0028,NORMAL,None,Medium
2713,0,4,40,0.0022,NORMAL,None,Low
2713,0,5,50,0.0022,NORMAL,None,Low
2713,0,6,60,0.0023,NORMAL,None,Low
2714,0,1,10,0.076,NORMAL,None,Medium
2714,0,2,20,0.009,NORMAL,None,Medium
2714,0,3,30,0.0027,NORMAL,None,Medium
2714,0,4,40,0.0026,NORMAL,None,Low
2714,0,5,50,0.0023,NORMAL,None,Low
2714,0,6,60,0.0022,NORMAL,None,Low
2715,0,1,10,0.0676,NORMAL,None,Medium
2715,0,2,20,0.0086,NORMAL,None,Medium
2715,0,3,30,0.003,NORMAL,None,Medium
2715,0,4,40,0.0022,NORMAL,None,Low
2715,0,5,50,0.0024,NORMAL,None,Low
2715,0,6,60,0.0022,NORMAL,None,Low
2716,0,1,10,0.0804,NORMAL,None,Medium
2716,0,2,20,0.0111,NORMAL,None,Medium
2716,0,3,30,0.003,NORMAL,None,Medium
2716,0,4,40,0.0021,NORMAL,None,Low
2716,0,5,50,0.0025,NORMAL,None,Low
2716,0,6,60,0.0028,NORMAL,None,Low
2717,0,1,10,0.0199,NORMAL,None,Medium
2717,0,2,20,0.0038,NORMAL,None,Medium
2717,0,3,30,0.0021,NORMAL,None,Medium
2717,0,4,40,0.0022,NORMAL,None,Low
2717,0,5,50,0.0019,NORMAL,None,Low
2717,0,6,60,0.0022,NORMAL,None,Low
2718,0,1,10,0.3486,NORMAL,None,Medium
2718,0,2,20,0.1832,NORMAL,None,Medium
2718,0,3,30,0.114,NORMAL,None,Medium
2718,0,4,40,0.0747,NORMAL,None,Low
2718,0,5,50,0.0647,NORMAL,None,Low
2718,0,6,60,0.0636,NORMAL,None,Low
2719,0,1,10,0.9224,ACTIVE,Attack (unspecified),Low
2719,0,2,20,0.988,ACTIVE,Attack (unspecified),Low
2719,0,3,30,0.9955,ACTIVE,Attack (unspecified),Low
2719,0,4,40,0.9978,ACTIVE,Attack (unspecified),Low
2719,0,5,50,0.9982,ACTIVE,Attack (unspecified),Low
2719,0,6,60,0.9983,ACTIVE,Attack (unspecified),Low
2720,0,1,10,0.977,ACTIVE,Attack (unspecified),Low
2720,0,2,20,0.9956,ACTIVE,Attack (unspecified),Low
2720,0,3,30,0.9982,ACTIVE,Attack (unspecified),Low
2720,0,4,40,0.9982,ACTIVE,Attack (unspecified),Low
2720,0,5,50,0.9987,ACTIVE,Attack (unspecified),Low
2720,0,6,60,0.9986,ACTIVE,Attack (unspecified),Low
2721,0,1,10,0.9565,ACTIVE,Attack (unspecified),Low
2721,0,2,20,0.9941,ACTIVE,Attack (unspecified),Low
2721,0,3,30,0.9974,ACTIVE,Attack (unspecified),Low
2721,0,4,40,0.9981,ACTIVE,Attack (unspecified),Low
2721,0,5,50,0.9984,ACTIVE,Attack (unspecified),Low
2721,0,6,60,0.9985,ACTIVE,Attack (unspecified),Low
2722,0,1,10,0.9932,ACTIVE,Attack (unspecified),Low
2722,0,2,20,0.9978,ACTIVE,Attack (unspecified),Low
2722,0,3,30,0.9984,ACTIVE,Attack (unspecified),Low
2722,0,4,40,0.9986,ACTIVE,Attack (unspecified),Low
2722,0,5,50,0.9985,ACTIVE,Attack (unspecified),Low
2722,0,6,60,0.9982,ACTIVE,Attack (unspecified),Low
2723,0,1,10,0.975,ACTIVE,Attack (unspecified),Low
2723,0,2,20,0.9955,ACTIVE,Attack (unspecified),Low
2723,0,3,30,0.9977,ACTIVE,Attack (unspecified),Low
2723,0,4,40,0.9983,ACTIVE,Attack (unspecified),Low
2723,0,5,50,0.9988,ACTIVE,Attack (unspecified),Low
2723,0,6,60,0.9985,ACTIVE,Attack (unspecified),Low
2724,0,1,10,0.9904,ACTIVE,Attack (unspecified),Low
2724,0,2,20,0.9971,ACTIVE,Attack (unspecified),Low
2724,0,3,30,0.9982,ACTIVE,Attack (unspecified),Low
2724,0,4,40,0.9984,ACTIVE,Attack (unspecified),Low
2724,0,5,50,0.9987,ACTIVE,Attack (unspecified),Low
2724,0,6,60,0.9988,ACTIVE,Attack (unspecified),Low
2725,0,1,10,0.9781,ACTIVE,Attack (unspecified),Low
2725,0,2,20,0.9943,ACTIVE,Attack (unspecified),Low
2725,0,3,30,0.9956,ACTIVE,Attack (unspecified),Low
2725,0,4,40,0.9965,ACTIVE,Attack (unspecified),Low
2725,0,5,50,0.9961,ACTIVE,Attack (unspecified),Low
2725,0,6,60,0.9958,ACTIVE,Attack (unspecified),Low
2726,0,1,10,0.9036,ACTIVE,Attack (unspecified),Low
2726,0,2,20,0.9728,ACTIVE,Attack (unspecified),Low
2726,0,3,30,0.9792,ACTIVE,Attack (unspecified),Low
2726,0,4,40,0.9819,ACTIVE,Attack (unspecified),Low
2726,0,5,50,0.9849,ACTIVE,Attack (unspecified),Low
2726,0,6,60,0.9836,ACTIVE,Attack (unspecified),Low
2727,0,1,10,0.9684,ACTIVE,Attack (unspecified),Low
2727,0,2,20,0.9941,ACTIVE,Attack (unspecified),Low
2727,0,3,30,0.9962,ACTIVE,Attack (unspecified),Low
2727,0,4,40,0.9958,ACTIVE,Attack (unspecified),Low
2727,0,5,50,0.9968,ACTIVE,Attack (unspecified),Low
2727,0,6,60,0.9971,ACTIVE,Attack (unspecified),Low
2728,0,1,10,0.9849,ACTIVE,Attack (unspecified),Low
2728,0,2,20,0.9975,ACTIVE,Attack (unspecified),Low
2728,0,3,30,0.9983,ACTIVE,Attack (unspecified),Low
2728,0,4,40,0.9984,ACTIVE,Attack (unspecified),Low
2728,0,5,50,0.9985,ACTIVE,Attack (unspecified),Low
2728,0,6,60,0.9988,ACTIVE,Attack (unspecified),Low
2729,0,1,10,0.9747,ACTIVE,Attack (unspecified),Low
2729,0,2,20,0.9931,ACTIVE,Attack (unspecified),Low
2729,0,3,30,0.9954,ACTIVE,Attack (unspecified),Low
2729,0,4,40,0.996,ACTIVE,Attack (unspecified),Low
2729,0,5,50,0.9954,ACTIVE,Attack (unspecified),Low
2729,0,6,60,0.9968,ACTIVE,Attack (unspecified),Low
2730,0,1,10,0.1704,NORMAL,None,Medium
2730,0,2,20,0.0459,NORMAL,None,Medium
2730,0,3,30,0.012,NORMAL,None,Medium
2730,0,4,40,0.0041,NORMAL,None,Low
2730,0,5,50,0.0026,NORMAL,None,Low
2730,0,6,60,0.0024,NORMAL,None,Low
2731,0,1,10,0.0208,NORMAL,None,Medium
2731,0,2,20,0.006,NORMAL,None,Medium
2731,0,3,30,0.0037,NORMAL,None,Medium
2731,0,4,40,0.003,NORMAL,None,Low
2731,0,5,50,0.0024,NORMAL,None,Low
2731,0,6,60,0.0024,NORMAL,None,Low
2732,0,1,10,0.0312,NORMAL,None,Medium
2732,0,2,20,0.0077,NORMAL,None,Medium
2732,0,3,30,0.0045,NORMAL,None,Medium
2732,0,4,40,0.0033,NORMAL,None,Low
2732,0,5,50,0.0028,NORMAL,None,Low
2732,0,6,60,0.0028,NORMAL,None,Low
2733,0,1,10,0.0698,NORMAL,None,Medium
2733,0,2,20,0.0166,NORMAL,None,Medium
2733,0,3,30,0.0063,NORMAL,None,Medium
2733,0,4,40,0.0037,NORMAL,None,Low
2733,0,5,50,0.0025,NORMAL,None,Low
2733,0,6,60,0.0024,NORMAL,None,Low
2734,0,1,10,0.0039,NORMAL,None,Medium
2734,0,2,20,0.0027,NORMAL,None,Medium
2734,0,3,30,0.0023,NORMAL,None,Medium
2734,0,4,40,0.0019,NORMAL,None,Low
2734,0,5,50,0.002,NORMAL,None,Low
2734,0,6,60,0.0019,NORMAL,None,Low
2735,0,1,10,0.0024,NORMAL,None,Medium
2735,0,2,20,0.0023,NORMAL,None,Medium
2735,0,3,30,0.0022,NORMAL,None,Medium
2735,0,4,40,0.0024,NORMAL,None,Low
2735,0,5,50,0.002,NORMAL,None,Low
2735,0,6,60,0.0021,NORMAL,None,Low
2736,0,1,10,0.005,NORMAL,None,Medium
2736,0,2,20,0.0024,NORMAL,None,Medium
2736,0,3,30,0.0019,NORMAL,None,Medium
2736,0,4,40,0.0021,NORMAL,None,Low
2736,0,5,50,0.002,NORMAL,None,Low
2736,0,6,60,0.0021,NORMAL,None,Low
2737,0,1,10,0.0044,NORMAL,None,Medium
2737,0,2,20,0.0029,NORMAL,None,Medium
2737,0,3,30,0.0024,NORMAL,None,Medium
2737,0,4,40,0.0022,NORMAL,None,Low
2737,0,5,50,0.0022,NORMAL,None,Low
2737,0,6,60,0.0023,NORMAL,None,Low
2738,0,1,10,0.002,NORMAL,None,Medium
2738,0,2,20,0.0022,NORMAL,None,Medium
2738,0,3,30,0.0022,NORMAL,None,Medium
2738,0,4,40,0.0021,NORMAL,None,Low
2738,0,5,50,0.002,NORMAL,None,Low
2738,0,6,60,0.0019,NORMAL,None,Low
2739,0,1,10,0.0023,NORMAL,None,Medium
2739,0,2,20,0.002,NORMAL,None,Medium
2739,0,3,30,0.0021,NORMAL,None,Medium
2739,0,4,40,0.0023,NORMAL,None,Low
2739,0,5,50,0.0019,NORMAL,None,Low
2739,0,6,60,0.0022,NORMAL,None,Low
2740,0,1,10,0.0017,NORMAL,None,Medium
2740,0,2,20,0.0018,NORMAL,None,Medium
2740,0,3,30,0.0021,NORMAL,None,Medium
2740,0,4,40,0.0021,NORMAL,None,Low
2740,0,5,50,0.002,NORMAL,None,Low
2740,0,6,60,0.0022,NORMAL,None,Low
2741,0,1,10,0.0022,NORMAL,None,Medium
2741,0,2,20,0.0021,NORMAL,None,Medium
2741,0,3,30,0.002,NORMAL,None,Medium
2741,0,4,40,0.0021,NORMAL,None,Low
2741,0,5,50,0.0022,NORMAL,None,Low
2741,0,6,60,0.002,NORMAL,None,Low
2742,0,1,10,0.0044,NORMAL,None,Medium
2742,0,2,20,0.003,NORMAL,None,Medium
2742,0,3,30,0.0027,NORMAL,None,Medium
2742,0,4,40,0.0026,NORMAL,None,Low
2742,0,5,50,0.0023,NORMAL,None,Low
2742,0,6,60,0.002,NORMAL,None,Low
2743,0,1,10,0.0031,NORMAL,None,Medium
2743,0,2,20,0.0029,NORMAL,None,Medium
2743,0,3,30,0.0027,NORMAL,None,Medium
2743,0,4,40,0.0027,NORMAL,None,Low
2743,0,5,50,0.0026,NORMAL,None,Low
2743,0,6,60,0.0022,NORMAL,None,Low
2744,0,1,10,0.0027,NORMAL,None,Medium
2744,0,2,20,0.0028,NORMAL,None,Medium
2744,0,3,30,0.0022,NORMAL,None,Medium
2744,0,4,40,0.0022,NORMAL,None,Low
2744,0,5,50,0.0023,NORMAL,None,Low
2744,0,6,60,0.0021,NORMAL,None,Low
2745,0,1,10,0.0028,NORMAL,None,Medium
2745,0,2,20,0.0026,NORMAL,None,Medium
2745,0,3,30,0.0021,NORMAL,None,Medium
2745,0,4,40,0.0021,NORMAL,None,Low
2745,0,5,50,0.0021,NORMAL,None,Low
2745,0,6,60,0.0022,NORMAL,None,Low
2746,0,1,10,0.0027,NORMAL,None,Medium
2746,0,2,20,0.0024,NORMAL,None,Medium
2746,0,3,30,0.0021,NORMAL,None,Medium
2746,0,4,40,0.0022,NORMAL,None,Low
2746,0,5,50,0.002,NORMAL,None,Low
2746,0,6,60,0.002,NORMAL,None,Low
2747,0,1,10,0.004,NORMAL,None,Medium
2747,0,2,20,0.0023,NORMAL,None,Medium
2747,0,3,30,0.0024,NORMAL,None,Medium
2747,0,4,40,0.0024,NORMAL,None,Low
2747,0,5,50,0.0021,NORMAL,None,Low
2747,0,6,60,0.0019,NORMAL,None,Low
2748,0,1,10,0.0168,NORMAL,None,Medium
2748,0,2,20,0.0058,NORMAL,None,Medium
2748,0,3,30,0.0027,NORMAL,None,Medium
2748,0,4,40,0.0023,NORMAL,None,Low
2748,0,5,50,0.0022,NORMAL,None,Low
2748,0,6,60,0.002,NORMAL,None,Low
2749,0,1,10,0.0149,NORMAL,None,Medium
2749,0,2,20,0.0046,NORMAL,None,Medium
2749,0,3,30,0.0032,NORMAL,None,Medium
2749,0,4,40,0.0027,NORMAL,None,Low
2749,0,5,50,0.0029,NORMAL,None,Low
2749,0,6,60,0.0023,NORMAL,None,Low
2750,0,1,10,0.0167,NORMAL,None,Medium
2750,0,2,20,0.005,NORMAL,None,Medium
2750,0,3,30,0.0027,NORMAL,None,Medium
2750,0,4,40,0.0025,NORMAL,None,Low
2750,0,5,50,0.0021,NORMAL,None,Low
2750,0,6,60,0.0024,NORMAL,None,Low
2751,0,1,10,0.2494,NORMAL,None,Medium
2751,0,2,20,0.2455,NORMAL,None,Medium
2751,0,3,30,0.2366,NORMAL,None,Medium
2751,0,4,40,0.1974,NORMAL,None,Low
2751,0,5,50,0.165,NORMAL,None,Low
2751,0,6,60,0.1486,NORMAL,None,Low
2752,0,1,10,0.02,NORMAL,None,Medium
2752,0,2,20,0.0071,NORMAL,None,Medium
2752,0,3,30,0.0035,NORMAL,None,Medium
2752,0,4,40,0.0028,NORMAL,None,Low
2752,0,5,50,0.0028,NORMAL,None,Low
2752,0,6,60,0.0024,NORMAL,None,Low
2753,0,1,10,0.1649,NORMAL,None,Medium
2753,0,2,20,0.1088,NORMAL,None,Medium
2753,0,3,30,0.0731,NORMAL,None,Medium
2753,0,4,40,0.0508,NORMAL,None,Low
2753,0,5,50,0.0443,NORMAL,None,Low
2753,0,6,60,0.0406,NORMAL,None,Low
2754,0,1,10,0.8659,ACTIVE,Attack (unspecified),Low
2754,0,2,20,0.9799,ACTIVE,Attack (unspecified),Low
2754,0,3,30,0.9951,ACTIVE,Attack (unspecified),Low
2754,0,4,40,0.9977,ACTIVE,Attack (unspecified),Low
2754,0,5,50,0.9982,ACTIVE,Attack (unspecified),Low
2754,0,6,60,0.9984,ACTIVE,Attack (unspecified),Low
2755,0,1,10,0.0353,NORMAL,None,Medium
2755,0,2,20,0.0051,NORMAL,None,Medium
2755,0,3,30,0.0019,NORMAL,None,Medium
2755,0,4,40,0.0023,NORMAL,None,Low
2755,0,5,50,0.0019,NORMAL,None,Low
2755,0,6,60,0.0021,NORMAL,None,Low
2756,0,1,10,0.0448,NORMAL,None,Medium
2756,0,2,20,0.0079,NORMAL,None,Medium
2756,0,3,30,0.0028,NORMAL,None,Medium
2756,0,4,40,0.0022,NORMAL,None,Low
2756,0,5,50,0.002,NORMAL,None,Low
2756,0,6,60,0.0021,NORMAL,None,Low
2757,0,1,10,0.0393,NORMAL,None,Medium
2757,0,2,20,0.0068,NORMAL,None,Medium
2757,0,3,30,0.0024,NORMAL,None,Medium
2757,0,4,40,0.0025,NORMAL,None,Low
2757,0,5,50,0.0021,NORMAL,None,Low
2757,0,6,60,0.0023,NORMAL,None,Low
2758,0,1,10,0.0089,NORMAL,None,Medium
2758,0,2,20,0.0025,NORMAL,None,Medium
2758,0,3,30,0.0024,NORMAL,None,Medium
2758,0,4,40,0.0024,NORMAL,None,Low
2758,0,5,50,0.0022,NORMAL,None,Low
2758,0,6,60,0.0023,NORMAL,None,Low
2759,0,1,10,0.0042,NORMAL,None,Medium
2759,0,2,20,0.0027,NORMAL,None,Medium
2759,0,3,30,0.0022,NORMAL,None,Medium
2759,0,4,40,0.002,NORMAL,None,Low
2759,0,5,50,0.002,NORMAL,None,Low
2759,0,6,60,0.0021,NORMAL,None,Low
2760,0,1,10,0.0019,NORMAL,None,Medium
2760,0,2,20,0.0021,NORMAL,None,Medium
2760,0,3,30,0.002,NORMAL,None,Medium
2760,0,4,40,0.0021,NORMAL,None,Low
2760,0,5,50,0.002,NORMAL,None,Low
2760,0,6,60,0.0021,NORMAL,None,Low
2761,0,1,10,0.0024,NORMAL,None,Medium
2761,0,2,20,0.0019,NORMAL,None,Medium
2761,0,3,30,0.0019,NORMAL,None,Medium
2761,0,4,40,0.002,NORMAL,None,Low
2761,0,5,50,0.0021,NORMAL,None,Low
2761,0,6,60,0.002,NORMAL,None,Low
2762,0,1,10,0.0026,NORMAL,None,Medium
2762,0,2,20,0.0018,NORMAL,None,Medium
2762,0,3,30,0.002,NORMAL,None,Medium
2762,0,4,40,0.0018,NORMAL,None,Low
2762,0,5,50,0.0021,NORMAL,None,Low
2762,0,6,60,0.0023,NORMAL,None,Low
2763,0,1,10,0.0119,NORMAL,None,Medium
2763,0,2,20,0.0028,NORMAL,None,Medium
2763,0,3,30,0.002,NORMAL,None,Medium
2763,0,4,40,0.0021,NORMAL,None,Low
2763,0,5,50,0.0021,NORMAL,None,Low
2763,0,6,60,0.0022,NORMAL,None,Low
2764,0,1,10,0.0138,NORMAL,None,Medium
2764,0,2,20,0.0032,NORMAL,None,Medium
2764,0,3,30,0.002,NORMAL,None,Medium
2764,0,4,40,0.0016,NORMAL,None,Low
2764,0,5,50,0.002,NORMAL,None,Low
2764,0,6,60,0.0023,NORMAL,None,Low
2765,0,1,10,0.0233,NORMAL,None,Medium
2765,0,2,20,0.0051,NORMAL,None,Medium
2765,0,3,30,0.002,NORMAL,None,Medium
2765,0,4,40,0.002,NORMAL,None,Low
2765,0,5,50,0.002,NORMAL,None,Low
2765,0,6,60,0.0021,NORMAL,None,Low
2766,0,1,10,0.0389,NORMAL,None,Medium
2766,0,2,20,0.0061,NORMAL,None,Medium
2766,0,3,30,0.002,NORMAL,None,Medium
2766,0,4,40,0.002,NORMAL,None,Low
2766,0,5,50,0.0019,NORMAL,None,Low
2766,0,6,60,0.0021,NORMAL,None,Low
2767,0,1,10,0.9447,ACTIVE,Attack (unspecified),Low
2767,0,2,20,0.9855,ACTIVE,Attack (unspecified),Low
2767,0,3,30,0.9948,ACTIVE,Attack (unspecified),Low
2767,0,4,40,0.9974,ACTIVE,Attack (unspecified),Low
2767,0,5,50,0.9984,ACTIVE,Attack (unspecified),Low
2767,0,6,60,0.9984,ACTIVE,Attack (unspecified),Low
2768,0,1,10,0.9753,ACTIVE,Attack (unspecified),Low
2768,0,2,20,0.9959,ACTIVE,Attack (unspecified),Low
2768,0,3,30,0.9981,ACTIVE,Attack (unspecified),Low
2768,0,4,40,0.9986,ACTIVE,Attack (unspecified),Low
2768,0,5,50,0.9985,ACTIVE,Attack (unspecified),Low
2768,0,6,60,0.9987,ACTIVE,Attack (unspecified),Low
2769,0,1,10,0.9597,ACTIVE,Attack (unspecified),Low
2769,0,2,20,0.9935,ACTIVE,Attack (unspecified),Low
2769,0,3,30,0.9974,ACTIVE,Attack (unspecified),Low
2769,0,4,40,0.9984,ACTIVE,Attack (unspecified),Low
2769,0,5,50,0.9985,ACTIVE,Attack (unspecified),Low
2769,0,6,60,0.9988,ACTIVE,Attack (unspecified),Low
2770,0,1,10,0.1219,NORMAL,None,Medium
2770,0,2,20,0.019,NORMAL,None,Medium
2770,0,3,30,0.0035,NORMAL,None,Medium
2770,0,4,40,0.0022,NORMAL,None,Low
2770,0,5,50,0.0019,NORMAL,None,Low
2770,0,6,60,0.0021,NORMAL,None,Low
2771,0,1,10,0.9935,ACTIVE,Attack (unspecified),Low
2771,0,2,20,0.9982,ACTIVE,Attack (unspecified),Low
2771,0,3,30,0.9985,ACTIVE,Attack (unspecified),Low
2771,0,4,40,0.9988,ACTIVE,Attack (unspecified),Low
2771,0,5,50,0.9985,ACTIVE,Attack (unspecified),Low
2771,0,6,60,0.9987,ACTIVE,Attack (unspecified),Low
2772,0,1,10,0.998,ACTIVE,Attack (unspecified),Low
2772,0,2,20,0.9987,ACTIVE,Attack (unspecified),Low
2772,0,3,30,0.9987,ACTIVE,Attack (unspecified),Low
2772,0,4,40,0.9986,ACTIVE,Attack (unspecified),Low
2772,0,5,50,0.9985,ACTIVE,Attack (unspecified),Low
2772,0,6,60,0.9986,ACTIVE,Attack (unspecified),Low
2773,0,1,10,0.9936,ACTIVE,Attack (unspecified),Low
2773,0,2,20,0.9978,ACTIVE,Attack (unspecified),Low
2773,0,3,30,0.9984,ACTIVE,Attack (unspecified),Low
2773,0,4,40,0.9985,ACTIVE,Attack (unspecified),Low
2773,0,5,50,0.9985,ACTIVE,Attack (unspecified),Low
2773,0,6,60,0.9986,ACTIVE,Attack (unspecified),Low
2774,0,1,10,0.7451,CONTINUATION,Attack (unspecified),Low
2774,0,2,20,0.8598,CONTINUATION,Attack (unspecified),Low
2774,0,3,30,0.8783,CONTINUATION,Attack (unspecified),Low
2774,0,4,40,0.8857,ACTIVE,Attack (unspecified),Low
2774,0,5,50,0.901,ACTIVE,Attack (unspecified),Low
2774,0,6,60,0.894,ACTIVE,Attack (unspecified),Low
2775,0,1,10,0.7328,CONTINUATION,Attack (unspecified),Low
2775,0,2,20,0.869,CONTINUATION,Attack (unspecified),Low
2775,0,3,30,0.8919,ACTIVE,Attack (unspecified),Low
2775,0,4,40,0.8748,ACTIVE,Attack (unspecified),Low
2775,0,5,50,0.8733,ACTIVE,Attack (unspecified),Low
2775,0,6,60,0.8521,ACTIVE,Attack (unspecified),Low
2776,0,1,10,0.0458,NORMAL,None,Medium
2776,0,2,20,0.0066,NORMAL,None,Medium
2776,0,3,30,0.0024,NORMAL,None,Medium
2776,0,4,40,0.0019,NORMAL,None,Low
2776,0,5,50,0.0019,NORMAL,None,Low
2776,0,6,60,0.0019,NORMAL,None,Low
2777,0,1,10,0.0048,NORMAL,None,Medium
2777,0,2,20,0.0022,NORMAL,None,Medium
2777,0,3,30,0.0019,NORMAL,None,Medium
2777,0,4,40,0.0019,NORMAL,None,Low
2777,0,5,50,0.002,NORMAL,None,Low
2777,0,6,60,0.0022,NORMAL,None,Low
2778,0,1,10,0.0025,NORMAL,None,Medium
2778,0,2,20,0.0019,NORMAL,None,Medium
2778,0,3,30,0.002,NORMAL,None,Medium
2778,0,4,40,0.002,NORMAL,None,Low
2778,0,5,50,0.0021,NORMAL,None,Low
2778,0,6,60,0.0022,NORMAL,None,Low
2779,0,1,10,0.0031,NORMAL,None,Medium
2779,0,2,20,0.0018,NORMAL,None,Medium
2779,0,3,30,0.002,NORMAL,None,Medium
2779,0,4,40,0.0021,NORMAL,None,Low
2779,0,5,50,0.002,NORMAL,None,Low
2779,0,6,60,0.0021,NORMAL,None,Low
2780,0,1,10,0.0021,NORMAL,None,Medium
2780,0,2,20,0.0019,NORMAL,None,Medium
2780,0,3,30,0.0019,NORMAL,None,Medium
2780,0,4,40,0.002,NORMAL,None,Low
2780,0,5,50,0.0021,NORMAL,None,Low
2780,0,6,60,0.0021,NORMAL,None,Low
2781,0,1,10,0.0023,NORMAL,None,Medium
2781,0,2,20,0.0018,NORMAL,None,Medium
2781,0,3,30,0.0021,NORMAL,None,Medium
2781,0,4,40,0.002,NORMAL,None,Low
2781,0,5,50,0.0019,NORMAL,None,Low
2781,0,6,60,0.0021,NORMAL,None,Low
2782,0,1,10,0.0025,NORMAL,None,Medium
2782,0,2,20,0.0019,NORMAL,None,Medium
2782,0,3,30,0.0022,NORMAL,None,Medium
2782,0,4,40,0.0022,NORMAL,None,Low
2782,0,5,50,0.0024,NORMAL,None,Low
2782,0,6,60,0.0025,NORMAL,None,Low
2783,0,1,10,0.0017,NORMAL,None,Medium
2783,0,2,20,0.0019,NORMAL,None,Medium
2783,0,3,30,0.0021,NORMAL,None,Medium
2783,0,4,40,0.0021,NORMAL,None,Low
2783,0,5,50,0.002,NORMAL,None,Low
2783,0,6,60,0.0025,NORMAL,None,Low
2784,0,1,10,0.0016,NORMAL,None,Medium
2784,0,2,20,0.0018,NORMAL,None,Medium
2784,0,3,30,0.0016,NORMAL,None,Medium
2784,0,4,40,0.002,NORMAL,None,Low
2784,0,5,50,0.0019,NORMAL,None,Low
2784,0,6,60,0.002,NORMAL,None,Low
2785,0,1,10,0.0015,NORMAL,None,Medium
2785,0,2,20,0.0017,NORMAL,None,Medium
2785,0,3,30,0.0024,NORMAL,None,Medium
2785,0,4,40,0.0021,NORMAL,None,Low
2785,0,5,50,0.0023,NORMAL,None,Low
2785,0,6,60,0.0022,NORMAL,None,Low
2786,0,1,10,0.0014,NORMAL,None,Medium
2786,0,2,20,0.0017,NORMAL,None,Medium
2786,0,3,30,0.0018,NORMAL,None,Medium
2786,0,4,40,0.002,NORMAL,None,Low
2786,0,5,50,0.0022,NORMAL,None,Low
2786,0,6,60,0.0022,NORMAL,None,Low
2787,0,1,10,0.002,NORMAL,None,Medium
2787,0,2,20,0.0018,NORMAL,None,Medium
2787,0,3,30,0.0019,NORMAL,None,Medium
2787,0,4,40,0.002,NORMAL,None,Low
2787,0,5,50,0.002,NORMAL,None,Low
2787,0,6,60,0.0022,NORMAL,None,Low
2788,0,1,10,0.0015,NORMAL,None,Medium
2788,0,2,20,0.0018,NORMAL,None,Medium
2788,0,3,30,0.0018,NORMAL,None,Medium
2788,0,4,40,0.0018,NORMAL,None,Low
2788,0,5,50,0.0022,NORMAL,None,Low
2788,0,6,60,0.0021,NORMAL,None,Low
2789,0,1,10,0.002,NORMAL,None,Medium
2789,0,2,20,0.0019,NORMAL,None,Medium
2789,0,3,30,0.0019,NORMAL,None,Medium
2789,0,4,40,0.0023,NORMAL,None,Low
2789,0,5,50,0.0022,NORMAL,None,Low
2789,0,6,60,0.0021,NORMAL,None,Low
2790,0,1,10,0.0023,NORMAL,None,Medium
2790,0,2,20,0.0022,NORMAL,None,Medium
2790,0,3,30,0.0022,NORMAL,None,Medium
2790,0,4,40,0.0021,NORMAL,None,Low
2790,0,5,50,0.0019,NORMAL,None,Low
2790,0,6,60,0.002,NORMAL,None,Low
2791,0,1,10,0.002,NORMAL,None,Medium
2791,0,2,20,0.0018,NORMAL,None,Medium
2791,0,3,30,0.0021,NORMAL,None,Medium
2791,0,4,40,0.0022,NORMAL,None,Low
2791,0,5,50,0.0025,NORMAL,None,Low
2791,0,6,60,0.002,NORMAL,None,Low
2792,0,1,10,0.0023,NORMAL,None,Medium
2792,0,2,20,0.002,NORMAL,None,Medium
2792,0,3,30,0.0022,NORMAL,None,Medium
2792,0,4,40,0.0023,NORMAL,None,Low
2792,0,5,50,0.0018,NORMAL,None,Low
2792,0,6,60,0.0024,NORMAL,None,Low
2793,0,1,10,0.0021,NORMAL,None,Medium
2793,0,2,20,0.002,NORMAL,None,Medium
2793,0,3,30,0.002,NORMAL,None,Medium
2793,0,4,40,0.0018,NORMAL,None,Low
2793,0,5,50,0.0022,NORMAL,None,Low
2793,0,6,60,0.0023,NORMAL,None,Low
2794,0,1,10,0.0023,NORMAL,None,Medium
2794,0,2,20,0.002,NORMAL,None,Medium
2794,0,3,30,0.0019,NORMAL,None,Medium
2794,0,4,40,0.0019,NORMAL,None,Low
2794,0,5,50,0.002,NORMAL,None,Low
2794,0,6,60,0.0018,NORMAL,None,Low
2795,0,1,10,0.0033,NORMAL,None,Medium
2795,0,2,20,0.0021,NORMAL,None,Medium
2795,0,3,30,0.0019,NORMAL,None,Medium
2795,0,4,40,0.0019,NORMAL,None,Low
2795,0,5,50,0.002,NORMAL,None,Low
2795,0,6,60,0.002,NORMAL,None,Low
2796,0,1,10,0.0025,NORMAL,None,Medium
2796,0,2,20,0.0018,NORMAL,None,Medium
2796,0,3,30,0.0019,NORMAL,None,Medium
2796,0,4,40,0.0017,NORMAL,None,Low
2796,0,5,50,0.0021,NORMAL,None,Low
2796,0,6,60,0.002,NORMAL,None,Low
2797,0,1,10,0.0025,NORMAL,None,Medium
2797,0,2,20,0.0018,NORMAL,None,Medium
2797,0,3,30,0.002,NORMAL,None,Medium
2797,0,4,40,0.002,NORMAL,None,Low
2797,0,5,50,0.0025,NORMAL,None,Low
2797,0,6,60,0.0021,NORMAL,None,Low
2798,0,1,10,0.0024,NORMAL,None,Medium
2798,0,2,20,0.002,NORMAL,None,Medium
2798,0,3,30,0.002,NORMAL,None,Medium
2798,0,4,40,0.002,NORMAL,None,Low
2798,0,5,50,0.002,NORMAL,None,Low
2798,0,6,60,0.0021,NORMAL,None,Low
2799,0,1,10,0.0024,NORMAL,None,Medium
2799,0,2,20,0.0019,NORMAL,None,Medium
2799,0,3,30,0.0021,NORMAL,None,Medium
2799,0,4,40,0.002,NORMAL,None,Low
2799,0,5,50,0.002,NORMAL,None,Low
2799,0,6,60,0.0021,NORMAL,None,Low
2800,0,1,10,0.0019,NORMAL,None,Medium
2800,0,2,20,0.0018,NORMAL,None,Medium
2800,0,3,30,0.0019,NORMAL,None,Medium
2800,0,4,40,0.0021,NORMAL,None,Low
2800,0,5,50,0.002,NORMAL,None,Low
2800,0,6,60,0.0022,NORMAL,None,Low
2801,0,1,10,0.0019,NORMAL,None,Medium
2801,0,2,20,0.0019,NORMAL,None,Medium
2801,0,3,30,0.0022,NORMAL,None,Medium
2801,0,4,40,0.0023,NORMAL,None,Low
2801,0,5,50,0.0022,NORMAL,None,Low
2801,0,6,60,0.002,NORMAL,None,Low
2802,0,1,10,0.002,NORMAL,None,Medium
2802,0,2,20,0.002,NORMAL,None,Medium
2802,0,3,30,0.0019,NORMAL,None,Medium
2802,0,4,40,0.002,NORMAL,None,Low
2802,0,5,50,0.0022,NORMAL,None,Low
2802,0,6,60,0.0022,NORMAL,None,Low
2803,0,1,10,0.0014,NORMAL,None,Medium
2803,0,2,20,0.0018,NORMAL,None,Medium
2803,0,3,30,0.0022,NORMAL,None,Medium
2803,0,4,40,0.0023,NORMAL,None,Low
2803,0,5,50,0.0021,NORMAL,None,Low
2803,0,6,60,0.0021,NORMAL,None,Low
2804,0,1,10,0.0015,NORMAL,None,Medium
2804,0,2,20,0.0021,NORMAL,None,Medium
2804,0,3,30,0.0023,NORMAL,None,Medium
2804,0,4,40,0.002,NORMAL,None,Low
2804,0,5,50,0.0021,NORMAL,None,Low
2804,0,6,60,0.0023,NORMAL,None,Low
2805,0,1,10,0.003,NORMAL,None,Medium
2805,0,2,20,0.002,NORMAL,None,Medium
2805,0,3,30,0.0022,NORMAL,None,Medium
2805,0,4,40,0.0024,NORMAL,None,Low
2805,0,5,50,0.0022,NORMAL,None,Low
2805,0,6,60,0.0019,NORMAL,None,Low
2806,0,1,10,0.0035,NORMAL,None,Medium
2806,0,2,20,0.0028,NORMAL,None,Medium
2806,0,3,30,0.0026,NORMAL,None,Medium
2806,0,4,40,0.0023,NORMAL,None,Low
2806,0,5,50,0.0024,NORMAL,None,Low
2806,0,6,60,0.0023,NORMAL,None,Low
2807,0,1,10,0.0034,NORMAL,None,Medium
2807,0,2,20,0.0024,NORMAL,None,Medium
2807,0,3,30,0.0021,NORMAL,None,Medium
2807,0,4,40,0.0022,NORMAL,None,Low
2807,0,5,50,0.002,NORMAL,None,Low
2807,0,6,60,0.0022,NORMAL,None,Low
2808,0,1,10,0.0023,NORMAL,None,Medium
2808,0,2,20,0.0021,NORMAL,None,Medium
2808,0,3,30,0.0021,NORMAL,None,Medium
2808,0,4,40,0.0021,NORMAL,None,Low
2808,0,5,50,0.002,NORMAL,None,Low
2808,0,6,60,0.0021,NORMAL,None,Low
2809,0,1,10,0.0039,NORMAL,None,Medium
2809,0,2,20,0.0019,NORMAL,None,Medium
2809,0,3,30,0.0024,NORMAL,None,Medium
2809,0,4,40,0.002,NORMAL,None,Low
2809,0,5,50,0.0021,NORMAL,None,Low
2809,0,6,60,0.002,NORMAL,None,Low
2810,0,1,10,0.0049,NORMAL,None,Medium
2810,0,2,20,0.0022,NORMAL,None,Medium
2810,0,3,30,0.0024,NORMAL,None,Medium
2810,0,4,40,0.0019,NORMAL,None,Low
2810,0,5,50,0.002,NORMAL,None,Low
2810,0,6,60,0.002,NORMAL,None,Low
2811,0,1,10,0.0048,NORMAL,None,Medium
2811,0,2,20,0.0019,NORMAL,None,Medium
2811,0,3,30,0.0019,NORMAL,None,Medium
2811,0,4,40,0.0021,NORMAL,None,Low
2811,0,5,50,0.0022,NORMAL,None,Low
2811,0,6,60,0.002,NORMAL,None,Low
2812,0,1,10,0.0039,NORMAL,None,Medium
2812,0,2,20,0.0022,NORMAL,None,Medium
2812,0,3,30,0.0018,NORMAL,None,Medium
2812,0,4,40,0.002,NORMAL,None,Low
2812,0,5,50,0.0019,NORMAL,None,Low
2812,0,6,60,0.0021,NORMAL,None,Low
2813,0,1,10,0.0025,NORMAL,None,Medium
2813,0,2,20,0.0018,NORMAL,None,Medium
2813,0,3,30,0.0022,NORMAL,None,Medium
2813,0,4,40,0.0023,NORMAL,None,Low
2813,0,5,50,0.0021,NORMAL,None,Low
2813,0,6,60,0.0024,NORMAL,None,Low
2814,0,1,10,0.0034,NORMAL,None,Medium
2814,0,2,20,0.0021,NORMAL,None,Medium
2814,0,3,30,0.0019,NORMAL,None,Medium
2814,0,4,40,0.002,NORMAL,None,Low
2814,0,5,50,0.002,NORMAL,None,Low
2814,0,6,60,0.002,NORMAL,None,Low
2815,0,1,10,0.0017,NORMAL,None,Medium
2815,0,2,20,0.0019,NORMAL,None,Medium
2815,0,3,30,0.0019,NORMAL,None,Medium
2815,0,4,40,0.002,NORMAL,None,Low
2815,0,5,50,0.0022,NORMAL,None,Low
2815,0,6,60,0.0021,NORMAL,None,Low
2816,0,1,10,0.0026,NORMAL,None,Medium
2816,0,2,20,0.0025,NORMAL,None,Medium
2816,0,3,30,0.0024,NORMAL,None,Medium
2816,0,4,40,0.0024,NORMAL,None,Low
2816,0,5,50,0.0027,NORMAL,None,Low
2816,0,6,60,0.0024,NORMAL,None,Low
2817,0,1,10,0.003,NORMAL,None,Medium
2817,0,2,20,0.0027,NORMAL,None,Medium
2817,0,3,30,0.0026,NORMAL,None,Medium
2817,0,4,40,0.0026,NORMAL,None,Low
2817,0,5,50,0.0024,NORMAL,None,Low
2817,0,6,60,0.0022,NORMAL,None,Low
2818,0,1,10,0.0027,NORMAL,None,Medium
2818,0,2,20,0.0021,NORMAL,None,Medium
2818,0,3,30,0.0021,NORMAL,None,Medium
2818,0,4,40,0.002,NORMAL,None,Low
2818,0,5,50,0.0022,NORMAL,None,Low
2818,0,6,60,0.0022,NORMAL,None,Low
2819,0,1,10,0.0025,NORMAL,None,Medium
2819,0,2,20,0.0022,NORMAL,None,Medium
2819,0,3,30,0.002,NORMAL,None,Medium
2819,0,4,40,0.0023,NORMAL,None,Low
2819,0,5,50,0.0021,NORMAL,None,Low
2819,0,6,60,0.002,NORMAL,None,Low
2820,0,1,10,0.0027,NORMAL,None,Medium
2820,0,2,20,0.0021,NORMAL,None,Medium
2820,0,3,30,0.002,NORMAL,None,Medium
2820,0,4,40,0.0021,NORMAL,None,Low
2820,0,5,50,0.002,NORMAL,None,Low
2820,0,6,60,0.0019,NORMAL,None,Low
2821,0,1,10,0.0038,NORMAL,None,Medium
2821,0,2,20,0.002,NORMAL,None,Medium
2821,0,3,30,0.0022,NORMAL,None,Medium
2821,0,4,40,0.0021,NORMAL,None,Low
2821,0,5,50,0.0021,NORMAL,None,Low
2821,0,6,60,0.0022,NORMAL,None,Low
2822,0,1,10,0.0073,NORMAL,None,Medium
2822,0,2,20,0.0029,NORMAL,None,Medium
2822,0,3,30,0.0023,NORMAL,None,Medium
2822,0,4,40,0.0027,NORMAL,None,Low
2822,0,5,50,0.0023,NORMAL,None,Low
2822,0,6,60,0.0026,NORMAL,None,Low
2823,0,1,10,0.0124,NORMAL,None,Medium
2823,0,2,20,0.0035,NORMAL,None,Medium
2823,0,3,30,0.003,NORMAL,None,Medium
2823,0,4,40,0.0025,NORMAL,None,Low
2823,0,5,50,0.0024,NORMAL,None,Low
2823,0,6,60,0.0024,NORMAL,None,Low
2824,0,1,10,0.0568,NORMAL,None,Medium
2824,0,2,20,0.0094,NORMAL,None,Medium
2824,0,3,30,0.0037,NORMAL,None,Medium
2824,0,4,40,0.0029,NORMAL,None,Low
2824,0,5,50,0.0028,NORMAL,None,Low
2824,0,6,60,0.0023,NORMAL,None,Low
2825,0,1,10,0.0181,NORMAL,None,Medium
2825,0,2,20,0.0049,NORMAL,None,Medium
2825,0,3,30,0.0028,NORMAL,None,Medium
2825,0,4,40,0.0026,NORMAL,None,Low
2825,0,5,50,0.0025,NORMAL,None,Low
2825,0,6,60,0.0021,NORMAL,None,Low
2826,0,1,10,0.4032,NORMAL,None,Medium
2826,0,2,20,0.4063,NORMAL,None,Medium
2826,0,3,30,0.3422,NORMAL,None,Medium
2826,0,4,40,0.3166,NORMAL,None,Low
2826,0,5,50,0.2931,NORMAL,None,Low
2826,0,6,60,0.2863,NORMAL,None,Low
2827,0,1,10,0.1648,NORMAL,None,Medium
2827,0,2,20,0.0708,NORMAL,None,Medium
2827,0,3,30,0.0304,NORMAL,None,Medium
2827,0,4,40,0.0221,NORMAL,None,Low
2827,0,5,50,0.021,NORMAL,None,Low
2827,0,6,60,0.0205,NORMAL,None,Low
2828,0,1,10,0.0072,NORMAL,None,Medium
2828,0,2,20,0.0026,NORMAL,None,Medium
2828,0,3,30,0.0022,NORMAL,None,Medium
2828,0,4,40,0.0021,NORMAL,None,Low
2828,0,5,50,0.0018,NORMAL,None,Low
2828,0,6,60,0.0021,NORMAL,None,Low
2829,0,1,10,0.0047,NORMAL,None,Medium
2829,0,2,20,0.0024,NORMAL,None,Medium
2829,0,3,30,0.0019,NORMAL,None,Medium
2829,0,4,40,0.002,NORMAL,None,Low
2829,0,5,50,0.0022,NORMAL,None,Low
2829,0,6,60,0.0025,NORMAL,None,Low
2830,0,1,10,0.0039,NORMAL,None,Medium
2830,0,2,20,0.0024,NORMAL,None,Medium
2830,0,3,30,0.0017,NORMAL,None,Medium
2830,0,4,40,0.0018,NORMAL,None,Low
2830,0,5,50,0.0021,NORMAL,None,Low
2830,0,6,60,0.0019,NORMAL,None,Low
2831,0,1,10,0.0024,NORMAL,None,Medium
2831,0,2,20,0.0019,NORMAL,None,Medium
2831,0,3,30,0.0022,NORMAL,None,Medium
2831,0,4,40,0.0022,NORMAL,None,Low
2831,0,5,50,0.002,NORMAL,None,Low
2831,0,6,60,0.0023,NORMAL,None,Low
2832,0,1,10,0.0015,NORMAL,None,Medium
2832,0,2,20,0.0019,NORMAL,None,Medium
2832,0,3,30,0.002,NORMAL,None,Medium
2832,0,4,40,0.0019,NORMAL,None,Low
2832,0,5,50,0.0026,NORMAL,None,Low
2832,0,6,60,0.0019,NORMAL,None,Low
2833,0,1,10,0.0017,NORMAL,None,Medium
2833,0,2,20,0.0021,NORMAL,None,Medium
2833,0,3,30,0.0019,NORMAL,None,Medium
2833,0,4,40,0.0018,NORMAL,None,Low
2833,0,5,50,0.0019,NORMAL,None,Low
2833,0,6,60,0.0019,NORMAL,None,Low
2834,0,1,10,0.0019,NORMAL,None,Medium
2834,0,2,20,0.0021,NORMAL,None,Medium
2834,0,3,30,0.0021,NORMAL,None,Medium
2834,0,4,40,0.002,NORMAL,None,Low
2834,0,5,50,0.0021,NORMAL,None,Low
2834,0,6,60,0.0022,NORMAL,None,Low
2835,0,1,10,0.0019,NORMAL,None,Medium
2835,0,2,20,0.0024,NORMAL,None,Medium
2835,0,3,30,0.0027,NORMAL,None,Medium
2835,0,4,40,0.0024,NORMAL,None,Low
2835,0,5,50,0.0019,NORMAL,None,Low
2835,0,6,60,0.0019,NORMAL,None,Low
2836,0,1,10,0.0017,NORMAL,None,Medium
2836,0,2,20,0.002,NORMAL,None,Medium
2836,0,3,30,0.0022,NORMAL,None,Medium
2836,0,4,40,0.0021,NORMAL,None,Low
2836,0,5,50,0.002,NORMAL,None,Low
2836,0,6,60,0.0021,NORMAL,None,Low
2837,0,1,10,0.0018,NORMAL,None,Medium
2837,0,2,20,0.0018,NORMAL,None,Medium
2837,0,3,30,0.0019,NORMAL,None,Medium
2837,0,4,40,0.0022,NORMAL,None,Low
2837,0,5,50,0.0024,NORMAL,None,Low
2837,0,6,60,0.0021,NORMAL,None,Low
2838,0,1,10,0.0021,NORMAL,None,Medium
2838,0,2,20,0.0024,NORMAL,None,Medium
2838,0,3,30,0.0023,NORMAL,None,Medium
2838,0,4,40,0.0021,NORMAL,None,Low
2838,0,5,50,0.0021,NORMAL,None,Low
2838,0,6,60,0.0019,NORMAL,None,Low
2839,0,1,10,0.0022,NORMAL,None,Medium
2839,0,2,20,0.0024,NORMAL,None,Medium
2839,0,3,30,0.0025,NORMAL,None,Medium
2839,0,4,40,0.0021,NORMAL,None,Low
2839,0,5,50,0.0019,NORMAL,None,Low
2839,0,6,60,0.0021,NORMAL,None,Low
2840,0,1,10,0.0025,NORMAL,None,Medium
2840,0,2,20,0.0024,NORMAL,None,Medium
2840,0,3,30,0.0028,NORMAL,None,Medium
2840,0,4,40,0.0023,NORMAL,None,Low
2840,0,5,50,0.0021,NORMAL,None,Low
2840,0,6,60,0.0025,NORMAL,None,Low
2841,0,1,10,0.0027,NORMAL,None,Medium
2841,0,2,20,0.0021,NORMAL,None,Medium
2841,0,3,30,0.0025,NORMAL,None,Medium
2841,0,4,40,0.0022,NORMAL,None,Low
2841,0,5,50,0.0021,NORMAL,None,Low
2841,0,6,60,0.0021,NORMAL,None,Low
2842,0,1,10,0.0035,NORMAL,None,Medium
2842,0,2,20,0.0026,NORMAL,None,Medium
2842,0,3,30,0.002,NORMAL,None,Medium
2842,0,4,40,0.002,NORMAL,None,Low
2842,0,5,50,0.0021,NORMAL,None,Low
2842,0,6,60,0.0019,NORMAL,None,Low
2843,0,1,10,0.0042,NORMAL,None,Medium
2843,0,2,20,0.0022,NORMAL,None,Medium
2843,0,3,30,0.0023,NORMAL,None,Medium
2843,0,4,40,0.0022,NORMAL,None,Low
2843,0,5,50,0.002,NORMAL,None,Low
2843,0,6,60,0.002,NORMAL,None,Low
2844,0,1,10,0.0053,NORMAL,None,Medium
2844,0,2,20,0.0024,NORMAL,None,Medium
2844,0,3,30,0.0027,NORMAL,None,Medium
2844,0,4,40,0.0021,NORMAL,None,Low
2844,0,5,50,0.0019,NORMAL,None,Low
2844,0,6,60,0.0019,NORMAL,None,Low
2845,0,1,10,0.0176,NORMAL,None,Medium
2845,0,2,20,0.0032,NORMAL,None,Medium
2845,0,3,30,0.0023,NORMAL,None,Medium
2845,0,4,40,0.0022,NORMAL,None,Low
2845,0,5,50,0.002,NORMAL,None,Low
2845,0,6,60,0.0024,NORMAL,None,Low
2846,0,1,10,0.038,NORMAL,None,Medium
2846,0,2,20,0.0103,NORMAL,None,Medium
2846,0,3,30,0.0029,NORMAL,None,Medium
2846,0,4,40,0.0022,NORMAL,None,Low
2846,0,5,50,0.0019,NORMAL,None,Low
2846,0,6,60,0.0021,NORMAL,None,Low
2847,0,1,10,0.2536,NORMAL,None,Medium
2847,0,2,20,0.0542,NORMAL,None,Medium
2847,0,3,30,0.0157,NORMAL,None,Medium
2847,0,4,40,0.0056,NORMAL,None,Low
2847,0,5,50,0.0032,NORMAL,None,Low
2847,0,6,60,0.0025,NORMAL,None,Low
2848,0,1,10,0.0115,NORMAL,None,Medium
2848,0,2,20,0.0024,NORMAL,None,Medium
2848,0,3,30,0.0024,NORMAL,None,Medium
2848,0,4,40,0.0021,NORMAL,None,Low
2848,0,5,50,0.0021,NORMAL,None,Low
2848,0,6,60,0.0021,NORMAL,None,Low
2849,0,1,10,0.0021,NORMAL,None,Medium
2849,0,2,20,0.0022,NORMAL,None,Medium
2849,0,3,30,0.0019,NORMAL,None,Medium
2849,0,4,40,0.0023,NORMAL,None,Low
2849,0,5,50,0.0022,NORMAL,None,Low
2849,0,6,60,0.002,NORMAL,None,Low
2850,0,1,10,0.0028,NORMAL,None,Medium
2850,0,2,20,0.0021,NORMAL,None,Medium
2850,0,3,30,0.0021,NORMAL,None,Medium
2850,0,4,40,0.0022,NORMAL,None,Low
2850,0,5,50,0.0025,NORMAL,None,Low
2850,0,6,60,0.0018,NORMAL,None,Low
2851,0,1,10,0.0026,NORMAL,None,Medium
2851,0,2,20,0.0023,NORMAL,None,Medium
2851,0,3,30,0.0023,NORMAL,None,Medium
2851,0,4,40,0.0021,NORMAL,None,Low
2851,0,5,50,0.0023,NORMAL,None,Low
2851,0,6,60,0.0023,NORMAL,None,Low
2852,0,1,10,0.0033,NORMAL,None,Medium
2852,0,2,20,0.0023,NORMAL,None,Medium
2852,0,3,30,0.002,NORMAL,None,Medium
2852,0,4,40,0.0022,NORMAL,None,Low
2852,0,5,50,0.0025,NORMAL,None,Low
2852,0,6,60,0.0022,NORMAL,None,Low
2853,0,1,10,0.0022,NORMAL,None,Medium
2853,0,2,20,0.0024,NORMAL,None,Medium
2853,0,3,30,0.0021,NORMAL,None,Medium
2853,0,4,40,0.0022,NORMAL,None,Low
2853,0,5,50,0.0024,NORMAL,None,Low
2853,0,6,60,0.0022,NORMAL,None,Low
2854,0,1,10,0.0017,NORMAL,None,Medium
2854,0,2,20,0.002,NORMAL,None,Medium
2854,0,3,30,0.002,NORMAL,None,Medium
2854,0,4,40,0.0019,NORMAL,None,Low
2854,0,5,50,0.0022,NORMAL,None,Low
2854,0,6,60,0.0019,NORMAL,None,Low
2855,0,1,10,0.0017,NORMAL,None,Medium
2855,0,2,20,0.0021,NORMAL,None,Medium
2855,0,3,30,0.0022,NORMAL,None,Medium
2855,0,4,40,0.0022,NORMAL,None,Low
2855,0,5,50,0.0021,NORMAL,None,Low
2855,0,6,60,0.0023,NORMAL,None,Low
2856,0,1,10,0.0017,NORMAL,None,Medium
2856,0,2,20,0.0019,NORMAL,None,Medium
2856,0,3,30,0.0019,NORMAL,None,Medium
2856,0,4,40,0.0022,NORMAL,None,Low
2856,0,5,50,0.0023,NORMAL,None,Low
2856,0,6,60,0.0023,NORMAL,None,Low
2857,0,1,10,0.0014,NORMAL,None,Medium
2857,0,2,20,0.002,NORMAL,None,Medium
2857,0,3,30,0.0021,NORMAL,None,Medium
2857,0,4,40,0.0021,NORMAL,None,Low
2857,0,5,50,0.0022,NORMAL,None,Low
2857,0,6,60,0.0023,NORMAL,None,Low
2858,0,1,10,0.002,NORMAL,None,Medium
2858,0,2,20,0.0019,NORMAL,None,Medium
2858,0,3,30,0.0021,NORMAL,None,Medium
2858,0,4,40,0.0022,NORMAL,None,Low
2858,0,5,50,0.0022,NORMAL,None,Low
2858,0,6,60,0.0024,NORMAL,None,Low
2859,0,1,10,0.0019,NORMAL,None,Medium
2859,0,2,20,0.0022,NORMAL,None,Medium
2859,0,3,30,0.0025,NORMAL,None,Medium
2859,0,4,40,0.0025,NORMAL,None,Low
2859,0,5,50,0.0021,NORMAL,None,Low
2859,0,6,60,0.0021,NORMAL,None,Low
2860,0,1,10,0.0022,NORMAL,None,Medium
2860,0,2,20,0.0022,NORMAL,None,Medium
2860,0,3,30,0.0022,NORMAL,None,Medium
2860,0,4,40,0.0019,NORMAL,None,Low
2860,0,5,50,0.0022,NORMAL,None,Low
2860,0,6,60,0.0022,NORMAL,None,Low
2861,0,1,10,0.002,NORMAL,None,Medium
2861,0,2,20,0.0023,NORMAL,None,Medium
2861,0,3,30,0.0022,NORMAL,None,Medium
2861,0,4,40,0.0024,NORMAL,None,Low
2861,0,5,50,0.0023,NORMAL,None,Low
2861,0,6,60,0.0025,NORMAL,None,Low
2862,0,1,10,0.0022,NORMAL,None,Medium
2862,0,2,20,0.0022,NORMAL,None,Medium
2862,0,3,30,0.0024,NORMAL,None,Medium
2862,0,4,40,0.0024,NORMAL,None,Low
2862,0,5,50,0.0023,NORMAL,None,Low
2862,0,6,60,0.0022,NORMAL,None,Low
2863,0,1,10,0.0025,NORMAL,None,Medium
2863,0,2,20,0.0021,NORMAL,None,Medium
2863,0,3,30,0.0022,NORMAL,None,Medium
2863,0,4,40,0.0024,NORMAL,None,Low
2863,0,5,50,0.0022,NORMAL,None,Low
2863,0,6,60,0.0024,NORMAL,None,Low
2864,0,1,10,0.0029,NORMAL,None,Medium
2864,0,2,20,0.0026,NORMAL,None,Medium
2864,0,3,30,0.0024,NORMAL,None,Medium
2864,0,4,40,0.0022,NORMAL,None,Low
2864,0,5,50,0.0025,NORMAL,None,Low
2864,0,6,60,0.0022,NORMAL,None,Low
2865,0,1,10,0.002,NORMAL,None,Medium
2865,0,2,20,0.0021,NORMAL,None,Medium
2865,0,3,30,0.0028,NORMAL,None,Medium
2865,0,4,40,0.0024,NORMAL,None,Low
2865,0,5,50,0.0024,NORMAL,None,Low
2865,0,6,60,0.0024,NORMAL,None,Low
2866,0,1,10,0.0023,NORMAL,None,Medium
2866,0,2,20,0.002,NORMAL,None,Medium
2866,0,3,30,0.0026,NORMAL,None,Medium
2866,0,4,40,0.0021,NORMAL,None,Low
2866,0,5,50,0.0022,NORMAL,None,Low
2866,0,6,60,0.002,NORMAL,None,Low
2867,0,1,10,0.0028,NORMAL,None,Medium
2867,0,2,20,0.0021,NORMAL,None,Medium
2867,0,3,30,0.0024,NORMAL,None,Medium
2867,0,4,40,0.0024,NORMAL,None,Low
2867,0,5,50,0.0022,NORMAL,None,Low
2867,0,6,60,0.002,NORMAL,None,Low
2868,0,1,10,0.0029,NORMAL,None,Medium
2868,0,2,20,0.0031,NORMAL,None,Medium
2868,0,3,30,0.0027,NORMAL,None,Medium
2868,0,4,40,0.0028,NORMAL,None,Low
2868,0,5,50,0.0026,NORMAL,None,Low
2868,0,6,60,0.0019,NORMAL,None,Low
2869,0,1,10,0.0025,NORMAL,None,Medium
2869,0,2,20,0.0023,NORMAL,None,Medium
2869,0,3,30,0.0024,NORMAL,None,Medium
2869,0,4,40,0.0023,NORMAL,None,Low
2869,0,5,50,0.002,NORMAL,None,Low
2869,0,6,60,0.0024,NORMAL,None,Low
2870,0,1,10,0.0019,NORMAL,None,Medium
2870,0,2,20,0.0023,NORMAL,None,Medium
2870,0,3,30,0.0021,NORMAL,None,Medium
2870,0,4,40,0.0022,NORMAL,None,Low
2870,0,5,50,0.0021,NORMAL,None,Low
2870,0,6,60,0.0021,NORMAL,None,Low
2871,0,1,10,0.0029,NORMAL,None,Medium
2871,0,2,20,0.0027,NORMAL,None,Medium
2871,0,3,30,0.0024,NORMAL,None,Medium
2871,0,4,40,0.0024,NORMAL,None,Low
2871,0,5,50,0.0021,NORMAL,None,Low
2871,0,6,60,0.0021,NORMAL,None,Low
2872,0,1,10,0.0032,NORMAL,None,Medium
2872,0,2,20,0.0028,NORMAL,None,Medium
2872,0,3,30,0.0026,NORMAL,None,Medium
2872,0,4,40,0.0028,NORMAL,None,Low
2872,0,5,50,0.0024,NORMAL,None,Low
2872,0,6,60,0.0019,NORMAL,None,Low
2873,0,1,10,0.0021,NORMAL,None,Medium
2873,0,2,20,0.0025,NORMAL,None,Medium
2873,0,3,30,0.0022,NORMAL,None,Medium
2873,0,4,40,0.0024,NORMAL,None,Low
2873,0,5,50,0.0025,NORMAL,None,Low
2873,0,6,60,0.0024,NORMAL,None,Low
2874,0,1,10,0.0025,NORMAL,None,Medium
2874,0,2,20,0.0027,NORMAL,None,Medium
2874,0,3,30,0.0025,NORMAL,None,Medium
2874,0,4,40,0.0025,NORMAL,None,Low
2874,0,5,50,0.0024,NORMAL,None,Low
2874,0,6,60,0.0023,NORMAL,None,Low
2875,0,1,10,0.0023,NORMAL,None,Medium
2875,0,2,20,0.0024,NORMAL,None,Medium
2875,0,3,30,0.0023,NORMAL,None,Medium
2875,0,4,40,0.0021,NORMAL,None,Low
2875,0,5,50,0.002,NORMAL,None,Low
2875,0,6,60,0.0023,NORMAL,None,Low
2876,0,1,10,0.0028,NORMAL,None,Medium
2876,0,2,20,0.0026,NORMAL,None,Medium
2876,0,3,30,0.0025,NORMAL,None,Medium
2876,0,4,40,0.0024,NORMAL,None,Low
2876,0,5,50,0.0022,NORMAL,None,Low
2876,0,6,60,0.0021,NORMAL,None,Low
2877,0,1,10,0.0032,NORMAL,None,Medium
2877,0,2,20,0.0029,NORMAL,None,Medium
2877,0,3,30,0.0026,NORMAL,None,Medium
2877,0,4,40,0.0021,NORMAL,None,Low
2877,0,5,50,0.0026,NORMAL,None,Low
2877,0,6,60,0.0022,NORMAL,None,Low
2878,0,1,10,0.0026,NORMAL,None,Medium
2878,0,2,20,0.0025,NORMAL,None,Medium
2878,0,3,30,0.0023,NORMAL,None,Medium
2878,0,4,40,0.0023,NORMAL,None,Low
2878,0,5,50,0.0022,NORMAL,None,Low
2878,0,6,60,0.0022,NORMAL,None,Low
2879,0,1,10,0.0027,NORMAL,None,Medium
2879,0,2,20,0.0029,NORMAL,None,Medium
2879,0,3,30,0.0027,NORMAL,None,Medium
2879,0,4,40,0.0026,NORMAL,None,Low
2879,0,5,50,0.0024,NORMAL,None,Low
2879,0,6,60,0.0023,NORMAL,None,Low
2880,0,1,10,0.0034,NORMAL,None,Medium
2880,0,2,20,0.0032,NORMAL,None,Medium
2880,0,3,30,0.0028,NORMAL,None,Medium
2880,0,4,40,0.0025,NORMAL,None,Low
2880,0,5,50,0.0024,NORMAL,None,Low
2880,0,6,60,0.0021,NORMAL,None,Low
2881,0,1,10,0.0041,NORMAL,None,Medium
2881,0,2,20,0.0031,NORMAL,None,Medium
2881,0,3,30,0.0029,NORMAL,None,Medium
2881,0,4,40,0.0026,NORMAL,None,Low
2881,0,5,50,0.0025,NORMAL,None,Low
2881,0,6,60,0.0025,NORMAL,None,Low
2882,0,1,10,0.0035,NORMAL,None,Medium
2882,0,2,20,0.0032,NORMAL,None,Medium
2882,0,3,30,0.0033,NORMAL,None,Medium
2882,0,4,40,0.0022,NORMAL,None,Low
2882,0,5,50,0.0024,NORMAL,None,Low
2882,0,6,60,0.0021,NORMAL,None,Low
2883,0,1,10,0.0043,NORMAL,None,Medium
2883,0,2,20,0.0034,NORMAL,None,Medium
2883,0,3,30,0.003,NORMAL,None,Medium
2883,0,4,40,0.0027,NORMAL,None,Low
2883,0,5,50,0.0025,NORMAL,None,Low
2883,0,6,60,0.0021,NORMAL,None,Low
2884,0,1,10,0.0051,NORMAL,None,Medium
2884,0,2,20,0.0045,NORMAL,None,Medium
2884,0,3,30,0.0033,NORMAL,None,Medium
2884,0,4,40,0.0024,NORMAL,None,Low
2884,0,5,50,0.0026,NORMAL,None,Low
2884,0,6,60,0.0024,NORMAL,None,Low
2885,0,1,10,0.0035,NORMAL,None,Medium
2885,0,2,20,0.0035,NORMAL,None,Medium
2885,0,3,30,0.0033,NORMAL,None,Medium
2885,0,4,40,0.0026,NORMAL,None,Low
2885,0,5,50,0.0027,NORMAL,None,Low
2885,0,6,60,0.0024,NORMAL,None,Low
2886,0,1,10,0.0053,NORMAL,None,Medium
2886,0,2,20,0.0038,NORMAL,None,Medium
2886,0,3,30,0.0031,NORMAL,None,Medium
2886,0,4,40,0.0031,NORMAL,None,Low
2886,0,5,50,0.0022,NORMAL,None,Low
2886,0,6,60,0.002,NORMAL,None,Low
2887,0,1,10,0.0054,NORMAL,None,Medium
2887,0,2,20,0.0039,NORMAL,None,Medium
2887,0,3,30,0.0035,NORMAL,None,Medium
2887,0,4,40,0.0026,NORMAL,None,Low
2887,0,5,50,0.0023,NORMAL,None,Low
2887,0,6,60,0.0023,NORMAL,None,Low
2888,0,1,10,0.0051,NORMAL,None,Medium
2888,0,2,20,0.0036,NORMAL,None,Medium
2888,0,3,30,0.0027,NORMAL,None,Medium
2888,0,4,40,0.0027,NORMAL,None,Low
2888,0,5,50,0.0023,NORMAL,None,Low
2888,0,6,60,0.0021,NORMAL,None,Low
2889,0,1,10,0.0033,NORMAL,None,Medium
2889,0,2,20,0.0025,NORMAL,None,Medium
2889,0,3,30,0.0028,NORMAL,None,Medium
2889,0,4,40,0.0024,NORMAL,None,Low
2889,0,5,50,0.0022,NORMAL,None,Low
2889,0,6,60,0.0024,NORMAL,None,Low
2890,0,1,10,0.0027,NORMAL,None,Medium
2890,0,2,20,0.0023,NORMAL,None,Medium
2890,0,3,30,0.0024,NORMAL,None,Medium
2890,0,4,40,0.0023,NORMAL,None,Low
2890,0,5,50,0.0023,NORMAL,None,Low
2890,0,6,60,0.0022,NORMAL,None,Low
2891,0,1,10,0.0024,NORMAL,None,Medium
2891,0,2,20,0.0025,NORMAL,None,Medium
2891,0,3,30,0.0024,NORMAL,None,Medium
2891,0,4,40,0.0025,NORMAL,None,Low
2891,0,5,50,0.0021,NORMAL,None,Low
2891,0,6,60,0.0025,NORMAL,None,Low
2892,0,1,10,0.003,NORMAL,None,Medium
2892,0,2,20,0.0028,NORMAL,None,Medium
2892,0,3,30,0.0026,NORMAL,None,Medium
2892,0,4,40,0.0021,NORMAL,None,Low
2892,0,5,50,0.002,NORMAL,None,Low
2892,0,6,60,0.002,NORMAL,None,Low
2893,0,1,10,0.002,NORMAL,None,Medium
2893,0,2,20,0.0026,NORMAL,None,Medium
2893,0,3,30,0.0026,NORMAL,None,Medium
2893,0,4,40,0.0021,NORMAL,None,Low
2893,0,5,50,0.0023,NORMAL,None,Low
2893,0,6,60,0.0019,NORMAL,None,Low
2345,0,1,10,0.004,NORMAL,None,Medium
2345,0,2,20,0.0032,NORMAL,None,Medium
2345,0,3,30,0.0024,NORMAL,None,Medium
2345,0,4,40,0.0024,NORMAL,None,Low
2345,0,5,50,0.0024,NORMAL,None,Low
2345,0,6,60,0.0021,NORMAL,None,Low
2346,0,1,10,0.0024,NORMAL,None,Medium
2346,0,2,20,0.0023,NORMAL,None,Medium
2346,0,3,30,0.0024,NORMAL,None,Medium
2346,0,4,40,0.0027,NORMAL,None,Low
2346,0,5,50,0.0021,NORMAL,None,Low
2346,0,6,60,0.0023,NORMAL,None,Low
2347,0,1,10,0.0024,NORMAL,None,Medium
2347,0,2,20,0.0026,NORMAL,None,Medium
2347,0,3,30,0.0024,NORMAL,None,Medium
2347,0,4,40,0.0026,NORMAL,None,Low
2347,0,5,50,0.0022,NORMAL,None,Low
2347,0,6,60,0.0027,NORMAL,None,Low
2348,0,1,10,0.0038,NORMAL,None,Medium
2348,0,2,20,0.0022,NORMAL,None,Medium
2348,0,3,30,0.0023,NORMAL,None,Medium
2348,0,4,40,0.0022,NORMAL,None,Low
2348,0,5,50,0.0024,NORMAL,None,Low
2348,0,6,60,0.0022,NORMAL,None,Low
2349,0,1,10,0.003,NORMAL,None,Medium
2349,0,2,20,0.0027,NORMAL,None,Medium
2349,0,3,30,0.0024,NORMAL,None,Medium
2349,0,4,40,0.0022,NORMAL,None,Low
2349,0,5,50,0.0024,NORMAL,None,Low
2349,0,6,60,0.0023,NORMAL,None,Low
2350,0,1,10,0.0028,NORMAL,None,Medium
2350,0,2,20,0.003,NORMAL,None,Medium
2350,0,3,30,0.0028,NORMAL,None,Medium
2350,0,4,40,0.0028,NORMAL,None,Low
2350,0,5,50,0.0022,NORMAL,None,Low
2350,0,6,60,0.0024,NORMAL,None,Low
2351,0,1,10,0.0025,NORMAL,None,Medium
2351,0,2,20,0.0024,NORMAL,None,Medium
2351,0,3,30,0.0028,NORMAL,None,Medium
2351,0,4,40,0.0023,NORMAL,None,Low
2351,0,5,50,0.0022,NORMAL,None,Low
2351,0,6,60,0.0023,NORMAL,None,Low
2352,0,1,10,0.0036,NORMAL,None,Medium
2352,0,2,20,0.0038,NORMAL,None,Medium
2352,0,3,30,0.0029,NORMAL,None,Medium
2352,0,4,40,0.0029,NORMAL,None,Low
2352,0,5,50,0.0023,NORMAL,None,Low
2352,0,6,60,0.0023,NORMAL,None,Low
2353,0,1,10,0.0049,NORMAL,None,Medium
2353,0,2,20,0.0034,NORMAL,None,Medium
2353,0,3,30,0.0028,NORMAL,None,Medium
2353,0,4,40,0.0029,NORMAL,None,Low
2353,0,5,50,0.0022,NORMAL,None,Low
2353,0,6,60,0.0023,NORMAL,None,Low
2354,0,1,10,0.0052,NORMAL,None,Medium
2354,0,2,20,0.0038,NORMAL,None,Medium
2354,0,3,30,0.0029,NORMAL,None,Medium
2354,0,4,40,0.0027,NORMAL,None,Low
2354,0,5,50,0.0021,NORMAL,None,Low
2354,0,6,60,0.0022,NORMAL,None,Low
2355,0,1,10,0.0048,NORMAL,None,Medium
2355,0,2,20,0.0038,NORMAL,None,Medium
2355,0,3,30,0.003,NORMAL,None,Medium
2355,0,4,40,0.0024,NORMAL,None,Low
2355,0,5,50,0.0022,NORMAL,None,Low
2355,0,6,60,0.0021,NORMAL,None,Low
2356,0,1,10,0.006,NORMAL,None,Medium
2356,0,2,20,0.0048,NORMAL,None,Medium
2356,0,3,30,0.0031,NORMAL,None,Medium
2356,0,4,40,0.0032,NORMAL,None,Low
2356,0,5,50,0.0028,NORMAL,None,Low
2356,0,6,60,0.003,NORMAL,None,Low
2357,0,1,10,0.0055,NORMAL,None,Medium
2357,0,2,20,0.0042,NORMAL,None,Medium
2357,0,3,30,0.003,NORMAL,None,Medium
2357,0,4,40,0.0023,NORMAL,None,Low
2357,0,5,50,0.0024,NORMAL,None,Low
2357,0,6,60,0.0023,NORMAL,None,Low
2358,0,1,10,0.0039,NORMAL,None,Medium
2358,0,2,20,0.0035,NORMAL,None,Medium
2358,0,3,30,0.0028,NORMAL,None,Medium
2358,0,4,40,0.0023,NORMAL,None,Low
2358,0,5,50,0.0021,NORMAL,None,Low
2358,0,6,60,0.002,NORMAL,None,Low
2359,0,1,10,0.0029,NORMAL,None,Medium
2359,0,2,20,0.0027,NORMAL,None,Medium
2359,0,3,30,0.0023,NORMAL,None,Medium
2359,0,4,40,0.0019,NORMAL,None,Low
2359,0,5,50,0.0021,NORMAL,None,Low
2359,0,6,60,0.0021,NORMAL,None,Low
2360,0,1,10,0.0062,NORMAL,None,Medium
2360,0,2,20,0.0035,NORMAL,None,Medium
2360,0,3,30,0.0028,NORMAL,None,Medium
2360,0,4,40,0.0024,NORMAL,None,Low
2360,0,5,50,0.002,NORMAL,None,Low
2360,0,6,60,0.0022,NORMAL,None,Low
2361,0,1,10,0.0048,NORMAL,None,Medium
2361,0,2,20,0.0045,NORMAL,None,Medium
2361,0,3,30,0.0031,NORMAL,None,Medium
2361,0,4,40,0.0031,NORMAL,None,Low
2361,0,5,50,0.0023,NORMAL,None,Low
2361,0,6,60,0.0019,NORMAL,None,Low
2362,0,1,10,0.0029,NORMAL,None,Medium
2362,0,2,20,0.0026,NORMAL,None,Medium
2362,0,3,30,0.0024,NORMAL,None,Medium
2362,0,4,40,0.0024,NORMAL,None,Low
2362,0,5,50,0.0023,NORMAL,None,Low
2362,0,6,60,0.0023,NORMAL,None,Low
2363,0,1,10,0.0034,NORMAL,None,Medium
2363,0,2,20,0.0026,NORMAL,None,Medium
2363,0,3,30,0.0026,NORMAL,None,Medium
2363,0,4,40,0.0025,NORMAL,None,Low
2363,0,5,50,0.0024,NORMAL,None,Low
2363,0,6,60,0.0023,NORMAL,None,Low
2364,0,1,10,0.0043,NORMAL,None,Medium
2364,0,2,20,0.0035,NORMAL,None,Medium
2364,0,3,30,0.0037,NORMAL,None,Medium
2364,0,4,40,0.0029,NORMAL,None,Low
2364,0,5,50,0.0021,NORMAL,None,Low
2364,0,6,60,0.0022,NORMAL,None,Low
2365,0,1,10,0.004,NORMAL,None,Medium
2365,0,2,20,0.0029,NORMAL,None,Medium
2365,0,3,30,0.0023,NORMAL,None,Medium
2365,0,4,40,0.0021,NORMAL,None,Low
2365,0,5,50,0.0025,NORMAL,None,Low
2365,0,6,60,0.0023,NORMAL,None,Low
2366,0,1,10,0.0041,NORMAL,None,Medium
2366,0,2,20,0.0035,NORMAL,None,Medium
2366,0,3,30,0.0029,NORMAL,None,Medium
2366,0,4,40,0.0028,NORMAL,None,Low
2366,0,5,50,0.0024,NORMAL,None,Low
2366,0,6,60,0.0023,NORMAL,None,Low
2367,0,1,10,0.0065,NORMAL,None,Medium
2367,0,2,20,0.0039,NORMAL,None,Medium
2367,0,3,30,0.0028,NORMAL,None,Medium
2367,0,4,40,0.0023,NORMAL,None,Low
2367,0,5,50,0.0022,NORMAL,None,Low
2367,0,6,60,0.0022,NORMAL,None,Low
2368,0,1,10,0.0043,NORMAL,None,Medium
2368,0,2,20,0.0036,NORMAL,None,Medium
2368,0,3,30,0.003,NORMAL,None,Medium
2368,0,4,40,0.0022,NORMAL,None,Low
2368,0,5,50,0.0021,NORMAL,None,Low
2368,0,6,60,0.0022,NORMAL,None,Low
2369,0,1,10,0.0065,NORMAL,None,Medium
2369,0,2,20,0.0044,NORMAL,None,Medium
2369,0,3,30,0.0034,NORMAL,None,Medium
2369,0,4,40,0.0026,NORMAL,None,Low
2369,0,5,50,0.0024,NORMAL,None,Low
2369,0,6,60,0.0022,NORMAL,None,Low
2370,0,1,10,0.006,NORMAL,None,Medium
2370,0,2,20,0.0038,NORMAL,None,Medium
2370,0,3,30,0.0032,NORMAL,None,Medium
2370,0,4,40,0.0022,NORMAL,None,Low
2370,0,5,50,0.0026,NORMAL,None,Low
2370,0,6,60,0.0024,NORMAL,None,Low
2371,0,1,10,0.0045,NORMAL,None,Medium
2371,0,2,20,0.0041,NORMAL,None,Medium
2371,0,3,30,0.003,NORMAL,None,Medium
2371,0,4,40,0.0027,NORMAL,None,Low
2371,0,5,50,0.0029,NORMAL,None,Low
2371,0,6,60,0.0022,NORMAL,None,Low
2372,0,1,10,0.0041,NORMAL,None,Medium
2372,0,2,20,0.0036,NORMAL,None,Medium
2372,0,3,30,0.0029,NORMAL,None,Medium
2372,0,4,40,0.0022,NORMAL,None,Low
2372,0,5,50,0.0026,NORMAL,None,Low
2372,0,6,60,0.0022,NORMAL,None,Low
2373,0,1,10,0.0033,NORMAL,None,Medium
2373,0,2,20,0.0035,NORMAL,None,Medium
2373,0,3,30,0.0027,NORMAL,None,Medium
2373,0,4,40,0.0024,NORMAL,None,Low
2373,0,5,50,0.0023,NORMAL,None,Low
2373,0,6,60,0.0021,NORMAL,None,Low
2374,0,1,10,0.0031,NORMAL,None,Medium
2374,0,2,20,0.0023,NORMAL,None,Medium
2374,0,3,30,0.0023,NORMAL,None,Medium
2374,0,4,40,0.0022,NORMAL,None,Low
2374,0,5,50,0.0021,NORMAL,None,Low
2374,0,6,60,0.0019,NORMAL,None,Low
2375,0,1,10,0.0032,NORMAL,None,Medium
2375,0,2,20,0.0027,NORMAL,None,Medium
2375,0,3,30,0.0028,NORMAL,None,Medium
2375,0,4,40,0.0024,NORMAL,None,Low
2375,0,5,50,0.0029,NORMAL,None,Low
2375,0,6,60,0.0028,NORMAL,None,Low
2376,0,1,10,0.0028,NORMAL,None,Medium
2376,0,2,20,0.0027,NORMAL,None,Medium
2376,0,3,30,0.0022,NORMAL,None,Medium
2376,0,4,40,0.0022,NORMAL,None,Low
2376,0,5,50,0.0026,NORMAL,None,Low
2376,0,6,60,0.0024,NORMAL,None,Low
2377,0,1,10,0.0033,NORMAL,None,Medium
2377,0,2,20,0.0027,NORMAL,None,Medium
2377,0,3,30,0.0028,NORMAL,None,Medium
2377,0,4,40,0.0025,NORMAL,None,Low
2377,0,5,50,0.002,NORMAL,None,Low
2377,0,6,60,0.0026,NORMAL,None,Low
2378,0,1,10,0.0048,NORMAL,None,Medium
2378,0,2,20,0.0033,NORMAL,None,Medium
2378,0,3,30,0.0029,NORMAL,None,Medium
2378,0,4,40,0.0026,NORMAL,None,Low
2378,0,5,50,0.0024,NORMAL,None,Low
2378,0,6,60,0.0019,NORMAL,None,Low
2379,0,1,10,0.0034,NORMAL,None,Medium
2379,0,2,20,0.0025,NORMAL,None,Medium
2379,0,3,30,0.0024,NORMAL,None,Medium
2379,0,4,40,0.0021,NORMAL,None,Low
2379,0,5,50,0.0023,NORMAL,None,Low
2379,0,6,60,0.0019,NORMAL,None,Low
2380,0,1,10,0.002,NORMAL,None,Medium
2380,0,2,20,0.0023,NORMAL,None,Medium
2380,0,3,30,0.0024,NORMAL,None,Medium
2380,0,4,40,0.0021,NORMAL,None,Low
2380,0,5,50,0.0025,NORMAL,None,Low
2380,0,6,60,0.0021,NORMAL,None,Low
2381,0,1,10,0.0018,NORMAL,None,Medium
2381,0,2,20,0.0017,NORMAL,None,Medium
2381,0,3,30,0.0019,NORMAL,None,Medium
2381,0,4,40,0.0022,NORMAL,None,Low
2381,0,5,50,0.002,NORMAL,None,Low
2381,0,6,60,0.0021,NORMAL,None,Low
2382,0,1,10,0.0018,NORMAL,None,Medium
2382,0,2,20,0.0023,NORMAL,None,Medium
2382,0,3,30,0.0023,NORMAL,None,Medium
2382,0,4,40,0.0022,NORMAL,None,Low
2382,0,5,50,0.0021,NORMAL,None,Low
2382,0,6,60,0.0019,NORMAL,None,Low
2383,0,1,10,0.0024,NORMAL,None,Medium
2383,0,2,20,0.0024,NORMAL,None,Medium
2383,0,3,30,0.0023,NORMAL,None,Medium
2383,0,4,40,0.0022,NORMAL,None,Low
2383,0,5,50,0.002,NORMAL,None,Low
2383,0,6,60,0.002,NORMAL,None,Low
2384,0,1,10,0.0019,NORMAL,None,Medium
2384,0,2,20,0.002,NORMAL,None,Medium
2384,0,3,30,0.0021,NORMAL,None,Medium
2384,0,4,40,0.002,NORMAL,None,Low
2384,0,5,50,0.0019,NORMAL,None,Low
2384,0,6,60,0.0021,NORMAL,None,Low
2385,0,1,10,0.0022,NORMAL,None,Medium
2385,0,2,20,0.0023,NORMAL,None,Medium
2385,0,3,30,0.0023,NORMAL,None,Medium
2385,0,4,40,0.0022,NORMAL,None,Low
2385,0,5,50,0.0021,NORMAL,None,Low
2385,0,6,60,0.0021,NORMAL,None,Low
2386,0,1,10,0.003,NORMAL,None,Medium
2386,0,2,20,0.0025,NORMAL,None,Medium
2386,0,3,30,0.0029,NORMAL,None,Medium
2386,0,4,40,0.0026,NORMAL,None,Low
2386,0,5,50,0.0024,NORMAL,None,Low
2386,0,6,60,0.0024,NORMAL,None,Low
2387,0,1,10,0.0027,NORMAL,None,Medium
2387,0,2,20,0.0028,NORMAL,None,Medium
2387,0,3,30,0.0025,NORMAL,None,Medium
2387,0,4,40,0.0026,NORMAL,None,Low
2387,0,5,50,0.0023,NORMAL,None,Low
2387,0,6,60,0.0021,NORMAL,None,Low
2388,0,1,10,0.0028,NORMAL,None,Medium
2388,0,2,20,0.0031,NORMAL,None,Medium
2388,0,3,30,0.0026,NORMAL,None,Medium
2388,0,4,40,0.0028,NORMAL,None,Low
2388,0,5,50,0.0025,NORMAL,None,Low
2388,0,6,60,0.002,NORMAL,None,Low
2389,0,1,10,0.0024,NORMAL,None,Medium
2389,0,2,20,0.0028,NORMAL,None,Medium
2389,0,3,30,0.0025,NORMAL,None,Medium
2389,0,4,40,0.0025,NORMAL,None,Low
2389,0,5,50,0.0022,NORMAL,None,Low
2389,0,6,60,0.0023,NORMAL,None,Low
2390,0,1,10,0.0025,NORMAL,None,Medium
2390,0,2,20,0.0024,NORMAL,None,Medium
2390,0,3,30,0.0024,NORMAL,None,Medium
2390,0,4,40,0.0024,NORMAL,None,Low
2390,0,5,50,0.0023,NORMAL,None,Low
2390,0,6,60,0.0021,NORMAL,None,Low
2391,0,1,10,0.0043,NORMAL,None,Medium
2391,0,2,20,0.0031,NORMAL,None,Medium
2391,0,3,30,0.0027,NORMAL,None,Medium
2391,0,4,40,0.0024,NORMAL,None,Low
2391,0,5,50,0.002,NORMAL,None,Low
2391,0,6,60,0.0021,NORMAL,None,Low
2392,0,1,10,0.0036,NORMAL,None,Medium
2392,0,2,20,0.003,NORMAL,None,Medium
2392,0,3,30,0.0027,NORMAL,None,Medium
2392,0,4,40,0.0021,NORMAL,None,Low
2392,0,5,50,0.0018,NORMAL,None,Low
2392,0,6,60,0.0019,NORMAL,None,Low
2393,0,1,10,0.0036,NORMAL,None,Medium
2393,0,2,20,0.0025,NORMAL,None,Medium
2393,0,3,30,0.0024,NORMAL,None,Medium
2393,0,4,40,0.0026,NORMAL,None,Low
2393,0,5,50,0.0022,NORMAL,None,Low
2393,0,6,60,0.0021,NORMAL,None,Low
2394,0,1,10,0.0088,NORMAL,None,Medium
2394,0,2,20,0.0046,NORMAL,None,Medium
2394,0,3,30,0.0032,NORMAL,None,Medium
2394,0,4,40,0.0028,NORMAL,None,Low
2394,0,5,50,0.0022,NORMAL,None,Low
2394,0,6,60,0.0021,NORMAL,None,Low
2395,0,1,10,0.0539,NORMAL,None,Medium
2395,0,2,20,0.0097,NORMAL,None,Medium
2395,0,3,30,0.0049,NORMAL,None,Medium
2395,0,4,40,0.0032,NORMAL,None,Low
2395,0,5,50,0.0027,NORMAL,None,Low
2395,0,6,60,0.0024,NORMAL,None,Low
2396,0,1,10,0.9018,ACTIVE,Attack (unspecified),Low
2396,0,2,20,0.9182,ONSET,Attack (unspecified),Low
2396,0,3,30,0.9451,ACTIVE,Attack (unspecified),Low
2396,0,4,40,0.9403,ACTIVE,Attack (unspecified),Low
2396,0,5,50,0.9388,ACTIVE,Attack (unspecified),Low
2396,0,6,60,0.936,ACTIVE,Attack (unspecified),Low
2397,0,1,10,0.8614,PRE_ATTACK,Reconnaissance,Low
2397,0,2,20,0.8706,PRE_ATTACK,Reconnaissance,Low
2397,0,3,30,0.8848,PRE_ATTACK,Reconnaissance,Low
2397,0,4,40,0.8802,PRE_ATTACK,Reconnaissance,Low
2397,0,5,50,0.877,PRE_ATTACK,Reconnaissance,Low
2397,0,6,60,0.8681,PRE_ATTACK,Reconnaissance,Low
2398,0,1,10,0.1557,NORMAL,None,Medium
2398,0,2,20,0.0647,NORMAL,None,Medium
2398,0,3,30,0.0322,NORMAL,None,Medium
2398,0,4,40,0.0079,NORMAL,None,Low
2398,0,5,50,0.0038,NORMAL,None,Low
2398,0,6,60,0.0029,NORMAL,None,Low
2399,0,1,10,0.3096,NORMAL,None,Medium
2399,0,2,20,0.1364,NORMAL,None,Medium
2399,0,3,30,0.0616,NORMAL,None,Medium
2399,0,4,40,0.042,NORMAL,None,Low
2399,0,5,50,0.0375,NORMAL,None,Low
2399,0,6,60,0.037,NORMAL,None,Low
2400,0,1,10,0.0812,NORMAL,None,Medium
2400,0,2,20,0.0153,NORMAL,None,Medium
2400,0,3,30,0.0052,NORMAL,None,Medium
2400,0,4,40,0.0032,NORMAL,None,Low
2400,0,5,50,0.0025,NORMAL,None,Low
2400,0,6,60,0.0024,NORMAL,None,Low
2401,0,1,10,0.0403,NORMAL,None,Medium
2401,0,2,20,0.0061,NORMAL,None,Medium
2401,0,3,30,0.0036,NORMAL,None,Medium
2401,0,4,40,0.0024,NORMAL,None,Low
2401,0,5,50,0.0021,NORMAL,None,Low
2401,0,6,60,0.0022,NORMAL,None,Low
2402,0,1,10,0.0176,NORMAL,None,Medium
2402,0,2,20,0.0049,NORMAL,None,Medium
2402,0,3,30,0.0032,NORMAL,None,Medium
2402,0,4,40,0.0023,NORMAL,None,Low
2402,0,5,50,0.0024,NORMAL,None,Low
2402,0,6,60,0.0024,NORMAL,None,Low
2403,0,1,10,0.1412,NORMAL,None,Medium
2403,0,2,20,0.0257,NORMAL,None,Medium
2403,0,3,30,0.0092,NORMAL,None,Medium
2403,0,4,40,0.0042,NORMAL,None,Low
2403,0,5,50,0.0029,NORMAL,None,Low
2403,0,6,60,0.002,NORMAL,None,Low
2404,0,1,10,0.0117,NORMAL,None,Medium
2404,0,2,20,0.0059,NORMAL,None,Medium
2404,0,3,30,0.0033,NORMAL,None,Medium
2404,0,4,40,0.0028,NORMAL,None,Low
2404,0,5,50,0.0024,NORMAL,None,Low
2404,0,6,60,0.0022,NORMAL,None,Low
2405,0,1,10,0.0042,NORMAL,None,Medium
2405,0,2,20,0.003,NORMAL,None,Medium
2405,0,3,30,0.0026,NORMAL,None,Medium
2405,0,4,40,0.0026,NORMAL,None,Low
2405,0,5,50,0.0022,NORMAL,None,Low
2405,0,6,60,0.0025,NORMAL,None,Low
2406,0,1,10,0.0039,NORMAL,None,Medium
2406,0,2,20,0.0027,NORMAL,None,Medium
2406,0,3,30,0.0021,NORMAL,None,Medium
2406,0,4,40,0.0021,NORMAL,None,Low
2406,0,5,50,0.0027,NORMAL,None,Low
2406,0,6,60,0.002,NORMAL,None,Low
2407,0,1,10,0.0023,NORMAL,None,Medium
2407,0,2,20,0.0022,NORMAL,None,Medium
2407,0,3,30,0.0021,NORMAL,None,Medium
2407,0,4,40,0.0023,NORMAL,None,Low
2407,0,5,50,0.0024,NORMAL,None,Low
2407,0,6,60,0.0023,NORMAL,None,Low
2408,0,1,10,0.0017,NORMAL,None,Medium
2408,0,2,20,0.0024,NORMAL,None,Medium
2408,0,3,30,0.0023,NORMAL,None,Medium
2408,0,4,40,0.0022,NORMAL,None,Low
2408,0,5,50,0.002,NORMAL,None,Low
2408,0,6,60,0.002,NORMAL,None,Low
2409,0,1,10,0.0023,NORMAL,None,Medium
2409,0,2,20,0.0019,NORMAL,None,Medium
2409,0,3,30,0.0025,NORMAL,None,Medium
2409,0,4,40,0.0022,NORMAL,None,Low
2409,0,5,50,0.0021,NORMAL,None,Low
2409,0,6,60,0.0024,NORMAL,None,Low
2410,0,1,10,0.0026,NORMAL,None,Medium
2410,0,2,20,0.0028,NORMAL,None,Medium
2410,0,3,30,0.0023,NORMAL,None,Medium
2410,0,4,40,0.002,NORMAL,None,Low
2410,0,5,50,0.0019,NORMAL,None,Low
2410,0,6,60,0.002,NORMAL,None,Low
2411,0,1,10,0.0019,NORMAL,None,Medium
2411,0,2,20,0.0024,NORMAL,None,Medium
2411,0,3,30,0.0022,NORMAL,None,Medium
2411,0,4,40,0.0022,NORMAL,None,Low
2411,0,5,50,0.0024,NORMAL,None,Low
2411,0,6,60,0.0022,NORMAL,None,Low
2412,0,1,10,0.0017,NORMAL,None,Medium
2412,0,2,20,0.0025,NORMAL,None,Medium
2412,0,3,30,0.0023,NORMAL,None,Medium
2412,0,4,40,0.0022,NORMAL,None,Low
2412,0,5,50,0.002,NORMAL,None,Low
2412,0,6,60,0.0025,NORMAL,None,Low
2413,0,1,10,0.0018,NORMAL,None,Medium
2413,0,2,20,0.0025,NORMAL,None,Medium
2413,0,3,30,0.0023,NORMAL,None,Medium
2413,0,4,40,0.0022,NORMAL,None,Low
2413,0,5,50,0.0022,NORMAL,None,Low
2413,0,6,60,0.0022,NORMAL,None,Low
2414,0,1,10,0.002,NORMAL,None,Medium
2414,0,2,20,0.0023,NORMAL,None,Medium
2414,0,3,30,0.0022,NORMAL,None,Medium
2414,0,4,40,0.0024,NORMAL,None,Low
2414,0,5,50,0.0024,NORMAL,None,Low
2414,0,6,60,0.0021,NORMAL,None,Low
2415,0,1,10,0.0028,NORMAL,None,Medium
2415,0,2,20,0.0021,NORMAL,None,Medium
2415,0,3,30,0.0022,NORMAL,None,Medium
2415,0,4,40,0.0025,NORMAL,None,Low
2415,0,5,50,0.0019,NORMAL,None,Low
2415,0,6,60,0.0023,NORMAL,None,Low
2416,0,1,10,0.0031,NORMAL,None,Medium
2416,0,2,20,0.0026,NORMAL,None,Medium
2416,0,3,30,0.0026,NORMAL,None,Medium
2416,0,4,40,0.0022,NORMAL,None,Low
2416,0,5,50,0.0019,NORMAL,None,Low
2416,0,6,60,0.0024,NORMAL,None,Low
2417,0,1,10,0.0033,NORMAL,None,Medium
2417,0,2,20,0.0032,NORMAL,None,Medium
2417,0,3,30,0.0023,NORMAL,None,Medium
2417,0,4,40,0.0023,NORMAL,None,Low
2417,0,5,50,0.0021,NORMAL,None,Low
2417,0,6,60,0.0021,NORMAL,None,Low
2418,0,1,10,0.0022,NORMAL,None,Medium
2418,0,2,20,0.0026,NORMAL,None,Medium
2418,0,3,30,0.0025,NORMAL,None,Medium
2418,0,4,40,0.0024,NORMAL,None,Low
2418,0,5,50,0.0024,NORMAL,None,Low
2418,0,6,60,0.002,NORMAL,None,Low
2419,0,1,10,0.0026,NORMAL,None,Medium
2419,0,2,20,0.0026,NORMAL,None,Medium
2419,0,3,30,0.0022,NORMAL,None,Medium
2419,0,4,40,0.0023,NORMAL,None,Low
2419,0,5,50,0.0021,NORMAL,None,Low
2419,0,6,60,0.0019,NORMAL,None,Low
2420,0,1,10,0.0022,NORMAL,None,Medium
2420,0,2,20,0.0021,NORMAL,None,Medium
2420,0,3,30,0.0023,NORMAL,None,Medium
2420,0,4,40,0.002,NORMAL,None,Low
2420,0,5,50,0.0022,NORMAL,None,Low
2420,0,6,60,0.0022,NORMAL,None,Low
2421,0,1,10,0.0039,NORMAL,None,Medium
2421,0,2,20,0.0018,NORMAL,None,Medium
2421,0,3,30,0.0023,NORMAL,None,Medium
2421,0,4,40,0.0021,NORMAL,None,Low
2421,0,5,50,0.0019,NORMAL,None,Low
2421,0,6,60,0.0022,NORMAL,None,Low
2422,0,1,10,0.0044,NORMAL,None,Medium
2422,0,2,20,0.0024,NORMAL,None,Medium
2422,0,3,30,0.0019,NORMAL,None,Medium
2422,0,4,40,0.0021,NORMAL,None,Low
2422,0,5,50,0.0021,NORMAL,None,Low
2422,0,6,60,0.0025,NORMAL,None,Low
2423,0,1,10,0.0055,NORMAL,None,Medium
2423,0,2,20,0.0036,NORMAL,None,Medium
2423,0,3,30,0.0029,NORMAL,None,Medium
2423,0,4,40,0.0027,NORMAL,None,Low
2423,0,5,50,0.0022,NORMAL,None,Low
2423,0,6,60,0.0023,NORMAL,None,Low
2424,0,1,10,0.0031,NORMAL,None,Medium
2424,0,2,20,0.0029,NORMAL,None,Medium
2424,0,3,30,0.0028,NORMAL,None,Medium
2424,0,4,40,0.0025,NORMAL,None,Low
2424,0,5,50,0.0024,NORMAL,None,Low
2424,0,6,60,0.0021,NORMAL,None,Low
2425,0,1,10,0.0035,NORMAL,None,Medium
2425,0,2,20,0.0027,NORMAL,None,Medium
2425,0,3,30,0.0026,NORMAL,None,Medium
2425,0,4,40,0.0025,NORMAL,None,Low
2425,0,5,50,0.0023,NORMAL,None,Low
2425,0,6,60,0.002,NORMAL,None,Low
2426,0,1,10,0.003,NORMAL,None,Medium
2426,0,2,20,0.0029,NORMAL,None,Medium
2426,0,3,30,0.0027,NORMAL,None,Medium
2426,0,4,40,0.0024,NORMAL,None,Low
2426,0,5,50,0.0021,NORMAL,None,Low
2426,0,6,60,0.0023,NORMAL,None,Low
2427,0,1,10,0.0036,NORMAL,None,Medium
2427,0,2,20,0.003,NORMAL,None,Medium
2427,0,3,30,0.0027,NORMAL,None,Medium
2427,0,4,40,0.0025,NORMAL,None,Low
2427,0,5,50,0.0024,NORMAL,None,Low
2427,0,6,60,0.0021,NORMAL,None,Low
2428,0,1,10,0.002,NORMAL,None,Medium
2428,0,2,20,0.0023,NORMAL,None,Medium
2428,0,3,30,0.0024,NORMAL,None,Medium
2428,0,4,40,0.0024,NORMAL,None,Low
2428,0,5,50,0.0022,NORMAL,None,Low
2428,0,6,60,0.0019,NORMAL,None,Low
2429,0,1,10,0.002,NORMAL,None,Medium
2429,0,2,20,0.0022,NORMAL,None,Medium
2429,0,3,30,0.0025,NORMAL,None,Medium
2429,0,4,40,0.002,NORMAL,None,Low
2429,0,5,50,0.0021,NORMAL,None,Low
2429,0,6,60,0.0022,NORMAL,None,Low
2430,0,1,10,0.0023,NORMAL,None,Medium
2430,0,2,20,0.0027,NORMAL,None,Medium
2430,0,3,30,0.0025,NORMAL,None,Medium
2430,0,4,40,0.0025,NORMAL,None,Low
2430,0,5,50,0.002,NORMAL,None,Low
2430,0,6,60,0.0022,NORMAL,None,Low
2431,0,1,10,0.0022,NORMAL,None,Medium
2431,0,2,20,0.0022,NORMAL,None,Medium
2431,0,3,30,0.0021,NORMAL,None,Medium
2431,0,4,40,0.0022,NORMAL,None,Low
2431,0,5,50,0.0026,NORMAL,None,Low
2431,0,6,60,0.0023,NORMAL,None,Low
2432,0,1,10,0.0023,NORMAL,None,Medium
2432,0,2,20,0.0023,NORMAL,None,Medium
2432,0,3,30,0.0023,NORMAL,None,Medium
2432,0,4,40,0.0021,NORMAL,None,Low
2432,0,5,50,0.0026,NORMAL,None,Low
2432,0,6,60,0.0025,NORMAL,None,Low
2433,0,1,10,0.0024,NORMAL,None,Medium
2433,0,2,20,0.0023,NORMAL,None,Medium
2433,0,3,30,0.002,NORMAL,None,Medium
2433,0,4,40,0.0021,NORMAL,None,Low
2433,0,5,50,0.0025,NORMAL,None,Low
2433,0,6,60,0.0028,NORMAL,None,Low
2434,0,1,10,0.0029,NORMAL,None,Medium
2434,0,2,20,0.0024,NORMAL,None,Medium
2434,0,3,30,0.0026,NORMAL,None,Medium
2434,0,4,40,0.0022,NORMAL,None,Low
2434,0,5,50,0.0022,NORMAL,None,Low
2434,0,6,60,0.0022,NORMAL,None,Low
2435,0,1,10,0.0028,NORMAL,None,Medium
2435,0,2,20,0.0028,NORMAL,None,Medium
2435,0,3,30,0.0023,NORMAL,None,Medium
2435,0,4,40,0.0026,NORMAL,None,Low
2435,0,5,50,0.0022,NORMAL,None,Low
2435,0,6,60,0.0019,NORMAL,None,Low
2436,0,1,10,0.0025,NORMAL,None,Medium
2436,0,2,20,0.0026,NORMAL,None,Medium
2436,0,3,30,0.0027,NORMAL,None,Medium
2436,0,4,40,0.0022,NORMAL,None,Low
2436,0,5,50,0.002,NORMAL,None,Low
2436,0,6,60,0.0021,NORMAL,None,Low
2437,0,1,10,0.003,NORMAL,None,Medium
2437,0,2,20,0.0028,NORMAL,None,Medium
2437,0,3,30,0.0023,NORMAL,None,Medium
2437,0,4,40,0.0024,NORMAL,None,Low
2437,0,5,50,0.0019,NORMAL,None,Low
2437,0,6,60,0.0021,NORMAL,None,Low
2438,0,1,10,0.0035,NORMAL,None,Medium
2438,0,2,20,0.0025,NORMAL,None,Medium
2438,0,3,30,0.0021,NORMAL,None,Medium
2438,0,4,40,0.0016,NORMAL,None,Low
2438,0,5,50,0.0018,NORMAL,None,Low
2438,0,6,60,0.002,NORMAL,None,Low
2439,0,1,10,0.0042,NORMAL,None,Medium
2439,0,2,20,0.0025,NORMAL,None,Medium
2439,0,3,30,0.0022,NORMAL,None,Medium
2439,0,4,40,0.0021,NORMAL,None,Low
2439,0,5,50,0.002,NORMAL,None,Low
2439,0,6,60,0.0021,NORMAL,None,Low
2440,0,1,10,0.003,NORMAL,None,Medium
2440,0,2,20,0.0024,NORMAL,None,Medium
2440,0,3,30,0.0024,NORMAL,None,Medium
2440,0,4,40,0.0024,NORMAL,None,Low
2440,0,5,50,0.0022,NORMAL,None,Low
2440,0,6,60,0.0022,NORMAL,None,Low
2441,0,1,10,0.0039,NORMAL,None,Medium
2441,0,2,20,0.0033,NORMAL,None,Medium
2441,0,3,30,0.0027,NORMAL,None,Medium
2441,0,4,40,0.0024,NORMAL,None,Low
2441,0,5,50,0.002,NORMAL,None,Low
2441,0,6,60,0.0022,NORMAL,None,Low
2442,0,1,10,0.0046,NORMAL,None,Medium
2442,0,2,20,0.0039,NORMAL,None,Medium
2442,0,3,30,0.0031,NORMAL,None,Medium
2442,0,4,40,0.0027,NORMAL,None,Low
2442,0,5,50,0.0025,NORMAL,None,Low
2442,0,6,60,0.0023,NORMAL,None,Low
2443,0,1,10,0.0055,NORMAL,None,Medium
2443,0,2,20,0.0036,NORMAL,None,Medium
2443,0,3,30,0.0031,NORMAL,None,Medium
2443,0,4,40,0.003,NORMAL,None,Low
2443,0,5,50,0.0022,NORMAL,None,Low
2443,0,6,60,0.0025,NORMAL,None,Low
2444,0,1,10,0.0018,NORMAL,None,Medium
2444,0,2,20,0.0021,NORMAL,None,Medium
2444,0,3,30,0.0023,NORMAL,None,Medium
2444,0,4,40,0.0024,NORMAL,None,Low
2444,0,5,50,0.0028,NORMAL,None,Low
2444,0,6,60,0.0022,NORMAL,None,Low
2445,0,1,10,0.0067,NORMAL,None,Medium
2445,0,2,20,0.002,NORMAL,None,Medium
2445,0,3,30,0.0017,NORMAL,None,Medium
2445,0,4,40,0.0018,NORMAL,None,Low
2445,0,5,50,0.0021,NORMAL,None,Low
2445,0,6,60,0.002,NORMAL,None,Low
2446,0,1,10,0.0039,NORMAL,None,Medium
2446,0,2,20,0.0021,NORMAL,None,Medium
2446,0,3,30,0.0019,NORMAL,None,Medium
2446,0,4,40,0.0021,NORMAL,None,Low
2446,0,5,50,0.0021,NORMAL,None,Low
2446,0,6,60,0.0021,NORMAL,None,Low
2447,0,1,10,0.0032,NORMAL,None,Medium
2447,0,2,20,0.0022,NORMAL,None,Medium
2447,0,3,30,0.0021,NORMAL,None,Medium
2447,0,4,40,0.0022,NORMAL,None,Low
2447,0,5,50,0.0024,NORMAL,None,Low
2447,0,6,60,0.0023,NORMAL,None,Low
2448,0,1,10,0.0024,NORMAL,None,Medium
2448,0,2,20,0.0021,NORMAL,None,Medium
2448,0,3,30,0.0022,NORMAL,None,Medium
2448,0,4,40,0.002,NORMAL,None,Low
2448,0,5,50,0.0021,NORMAL,None,Low
2448,0,6,60,0.0023,NORMAL,None,Low
2449,0,1,10,0.0023,NORMAL,None,Medium
2449,0,2,20,0.0019,NORMAL,None,Medium
2449,0,3,30,0.0021,NORMAL,None,Medium
2449,0,4,40,0.002,NORMAL,None,Low
2449,0,5,50,0.0022,NORMAL,None,Low
2449,0,6,60,0.0023,NORMAL,None,Low
2450,0,1,10,0.0026,NORMAL,None,Medium
2450,0,2,20,0.0022,NORMAL,None,Medium
2450,0,3,30,0.002,NORMAL,None,Medium
2450,0,4,40,0.0022,NORMAL,None,Low
2450,0,5,50,0.002,NORMAL,None,Low
2450,0,6,60,0.0018,NORMAL,None,Low
2451,0,1,10,0.0019,NORMAL,None,Medium
2451,0,2,20,0.0019,NORMAL,None,Medium
2451,0,3,30,0.0019,NORMAL,None,Medium
2451,0,4,40,0.0022,NORMAL,None,Low
2451,0,5,50,0.0022,NORMAL,None,Low
2451,0,6,60,0.0019,NORMAL,None,Low
2452,0,1,10,0.0021,NORMAL,None,Medium
2452,0,2,20,0.0022,NORMAL,None,Medium
2452,0,3,30,0.0019,NORMAL,None,Medium
2452,0,4,40,0.0023,NORMAL,None,Low
2452,0,5,50,0.0023,NORMAL,None,Low
2452,0,6,60,0.0021,NORMAL,None,Low
2453,0,1,10,0.0023,NORMAL,None,Medium
2453,0,2,20,0.0021,NORMAL,None,Medium
2453,0,3,30,0.0022,NORMAL,None,Medium
2453,0,4,40,0.0025,NORMAL,None,Low
2453,0,5,50,0.0022,NORMAL,None,Low
2453,0,6,60,0.002,NORMAL,None,Low
2454,0,1,10,0.0017,NORMAL,None,Medium
2454,0,2,20,0.0022,NORMAL,None,Medium
2454,0,3,30,0.0022,NORMAL,None,Medium
2454,0,4,40,0.0022,NORMAL,None,Low
2454,0,5,50,0.0023,NORMAL,None,Low
2454,0,6,60,0.0019,NORMAL,None,Low
2455,0,1,10,0.0028,NORMAL,None,Medium
2455,0,2,20,0.0021,NORMAL,None,Medium
2455,0,3,30,0.0023,NORMAL,None,Medium
2455,0,4,40,0.0021,NORMAL,None,Low
2455,0,5,50,0.0023,NORMAL,None,Low
2455,0,6,60,0.0018,NORMAL,None,Low
2456,0,1,10,0.0025,NORMAL,None,Medium
2456,0,2,20,0.0025,NORMAL,None,Medium
2456,0,3,30,0.0023,NORMAL,None,Medium
2456,0,4,40,0.0022,NORMAL,None,Low
2456,0,5,50,0.002,NORMAL,None,Low
2456,0,6,60,0.0021,NORMAL,None,Low
2457,0,1,10,0.0022,NORMAL,None,Medium
2457,0,2,20,0.0024,NORMAL,None,Medium
2457,0,3,30,0.0022,NORMAL,None,Medium
2457,0,4,40,0.0027,NORMAL,None,Low
2457,0,5,50,0.0022,NORMAL,None,Low
2457,0,6,60,0.0026,NORMAL,None,Low
2458,0,1,10,0.0025,NORMAL,None,Medium
2458,0,2,20,0.0025,NORMAL,None,Medium
2458,0,3,30,0.0023,NORMAL,None,Medium
2458,0,4,40,0.0019,NORMAL,None,Low
2458,0,5,50,0.0021,NORMAL,None,Low
2458,0,6,60,0.0019,NORMAL,None,Low
2459,0,1,10,0.0022,NORMAL,None,Medium
2459,0,2,20,0.0023,NORMAL,None,Medium
2459,0,3,30,0.0025,NORMAL,None,Medium
2459,0,4,40,0.0021,NORMAL,None,Low
2459,0,5,50,0.0024,NORMAL,None,Low
2459,0,6,60,0.0022,NORMAL,None,Low
2460,0,1,10,0.0018,NORMAL,None,Medium
2460,0,2,20,0.0022,NORMAL,None,Medium
2460,0,3,30,0.0021,NORMAL,None,Medium
2460,0,4,40,0.0025,NORMAL,None,Low
2460,0,5,50,0.0021,NORMAL,None,Low
2460,0,6,60,0.0024,NORMAL,None,Low
2461,0,1,10,0.0024,NORMAL,None,Medium
2461,0,2,20,0.0022,NORMAL,None,Medium
2461,0,3,30,0.0023,NORMAL,None,Medium
2461,0,4,40,0.0021,NORMAL,None,Low
2461,0,5,50,0.0023,NORMAL,None,Low
2461,0,6,60,0.0028,NORMAL,None,Low
2462,0,1,10,0.002,NORMAL,None,Medium
2462,0,2,20,0.0024,NORMAL,None,Medium
2462,0,3,30,0.0021,NORMAL,None,Medium
2462,0,4,40,0.0022,NORMAL,None,Low
2462,0,5,50,0.0025,NORMAL,None,Low
2462,0,6,60,0.0021,NORMAL,None,Low
2463,0,1,10,0.0024,NORMAL,None,Medium
2463,0,2,20,0.0027,NORMAL,None,Medium
2463,0,3,30,0.0025,NORMAL,None,Medium
2463,0,4,40,0.0025,NORMAL,None,Low
2463,0,5,50,0.0018,NORMAL,None,Low
2463,0,6,60,0.0023,NORMAL,None,Low
2464,0,1,10,0.0024,NORMAL,None,Medium
2464,0,2,20,0.0026,NORMAL,None,Medium
2464,0,3,30,0.0024,NORMAL,None,Medium
2464,0,4,40,0.0021,NORMAL,None,Low
2464,0,5,50,0.002,NORMAL,None,Low
2464,0,6,60,0.0023,NORMAL,None,Low
2465,0,1,10,0.0016,NORMAL,None,Medium
2465,0,2,20,0.0019,NORMAL,None,Medium
2465,0,3,30,0.002,NORMAL,None,Medium
2465,0,4,40,0.002,NORMAL,None,Low
2465,0,5,50,0.0018,NORMAL,None,Low
2465,0,6,60,0.0023,NORMAL,None,Low
2466,0,1,10,0.0023,NORMAL,None,Medium
2466,0,2,20,0.0025,NORMAL,None,Medium
2466,0,3,30,0.0027,NORMAL,None,Medium
2466,0,4,40,0.0023,NORMAL,None,Low
2466,0,5,50,0.0022,NORMAL,None,Low
2466,0,6,60,0.0019,NORMAL,None,Low
2467,0,1,10,0.0024,NORMAL,None,Medium
2467,0,2,20,0.0025,NORMAL,None,Medium
2467,0,3,30,0.0024,NORMAL,None,Medium
2467,0,4,40,0.0023,NORMAL,None,Low
2467,0,5,50,0.0021,NORMAL,None,Low
2467,0,6,60,0.0023,NORMAL,None,Low
2468,0,1,10,0.0023,NORMAL,None,Medium
2468,0,2,20,0.0027,NORMAL,None,Medium
2468,0,3,30,0.0027,NORMAL,None,Medium
2468,0,4,40,0.0024,NORMAL,None,Low
2468,0,5,50,0.0023,NORMAL,None,Low
2468,0,6,60,0.0024,NORMAL,None,Low
2469,0,1,10,0.0018,NORMAL,None,Medium
2469,0,2,20,0.0021,NORMAL,None,Medium
2469,0,3,30,0.0022,NORMAL,None,Medium
2469,0,4,40,0.0023,NORMAL,None,Low
2469,0,5,50,0.0022,NORMAL,None,Low
2469,0,6,60,0.0021,NORMAL,None,Low
2470,0,1,10,0.0021,NORMAL,None,Medium
2470,0,2,20,0.0024,NORMAL,None,Medium
2470,0,3,30,0.0022,NORMAL,None,Medium
2470,0,4,40,0.0025,NORMAL,None,Low
2470,0,5,50,0.0021,NORMAL,None,Low
2470,0,6,60,0.0022,NORMAL,None,Low
2471,0,1,10,0.0017,NORMAL,None,Medium
2471,0,2,20,0.0022,NORMAL,None,Medium
2471,0,3,30,0.0022,NORMAL,None,Medium
2471,0,4,40,0.0018,NORMAL,None,Low
2471,0,5,50,0.002,NORMAL,None,Low
2471,0,6,60,0.0021,NORMAL,None,Low
2472,0,1,10,0.0022,NORMAL,None,Medium
2472,0,2,20,0.0023,NORMAL,None,Medium
2472,0,3,30,0.0022,NORMAL,None,Medium
2472,0,4,40,0.0022,NORMAL,None,Low
2472,0,5,50,0.0021,NORMAL,None,Low
2472,0,6,60,0.0024,NORMAL,None,Low
2473,0,1,10,0.0019,NORMAL,None,Medium
2473,0,2,20,0.0023,NORMAL,None,Medium
2473,0,3,30,0.0022,NORMAL,None,Medium
2473,0,4,40,0.0023,NORMAL,None,Low
2473,0,5,50,0.0024,NORMAL,None,Low
2473,0,6,60,0.0022,NORMAL,None,Low
2474,0,1,10,0.0019,NORMAL,None,Medium
2474,0,2,20,0.0023,NORMAL,None,Medium
2474,0,3,30,0.0022,NORMAL,None,Medium
2474,0,4,40,0.0022,NORMAL,None,Low
2474,0,5,50,0.0022,NORMAL,None,Low
2474,0,6,60,0.0022,NORMAL,None,Low
2475,0,1,10,0.0019,NORMAL,None,Medium
2475,0,2,20,0.0026,NORMAL,None,Medium
2475,0,3,30,0.0023,NORMAL,None,Medium
2475,0,4,40,0.0023,NORMAL,None,Low
2475,0,5,50,0.002,NORMAL,None,Low
2475,0,6,60,0.002,NORMAL,None,Low
2476,0,1,10,0.0023,NORMAL,None,Medium
2476,0,2,20,0.0026,NORMAL,None,Medium
2476,0,3,30,0.0025,NORMAL,None,Medium
2476,0,4,40,0.0022,NORMAL,None,Low
2476,0,5,50,0.0023,NORMAL,None,Low
2476,0,6,60,0.0026,NORMAL,None,Low
2477,0,1,10,0.0025,NORMAL,None,Medium
2477,0,2,20,0.0024,NORMAL,None,Medium
2477,0,3,30,0.0025,NORMAL,None,Medium
2477,0,4,40,0.0022,NORMAL,None,Low
2477,0,5,50,0.0019,NORMAL,None,Low
2477,0,6,60,0.0022,NORMAL,None,Low
2478,0,1,10,0.0044,NORMAL,None,Medium
2478,0,2,20,0.0032,NORMAL,None,Medium
2478,0,3,30,0.0024,NORMAL,None,Medium
2478,0,4,40,0.002,NORMAL,None,Low
2478,0,5,50,0.0023,NORMAL,None,Low
2478,0,6,60,0.0022,NORMAL,None,Low
2479,0,1,10,0.003,NORMAL,None,Medium
2479,0,2,20,0.0034,NORMAL,None,Medium
2479,0,3,30,0.0028,NORMAL,None,Medium
2479,0,4,40,0.0023,NORMAL,None,Low
2479,0,5,50,0.0022,NORMAL,None,Low
2479,0,6,60,0.0023,NORMAL,None,Low
2480,0,1,10,0.0029,NORMAL,None,Medium
2480,0,2,20,0.0029,NORMAL,None,Medium
2480,0,3,30,0.0023,NORMAL,None,Medium
2480,0,4,40,0.0021,NORMAL,None,Low
2480,0,5,50,0.0024,NORMAL,None,Low
2480,0,6,60,0.0022,NORMAL,None,Low
2481,0,1,10,0.0026,NORMAL,None,Medium
2481,0,2,20,0.0029,NORMAL,None,Medium
2481,0,3,30,0.0025,NORMAL,None,Medium
2481,0,4,40,0.0024,NORMAL,None,Low
2481,0,5,50,0.0027,NORMAL,None,Low
2481,0,6,60,0.0021,NORMAL,None,Low
2482,0,1,10,0.0024,NORMAL,None,Medium
2482,0,2,20,0.0026,NORMAL,None,Medium
2482,0,3,30,0.0025,NORMAL,None,Medium
2482,0,4,40,0.0024,NORMAL,None,Low
2482,0,5,50,0.0024,NORMAL,None,Low
2482,0,6,60,0.0023,NORMAL,None,Low
2483,0,1,10,0.0028,NORMAL,None,Medium
2483,0,2,20,0.0027,NORMAL,None,Medium
2483,0,3,30,0.0027,NORMAL,None,Medium
2483,0,4,40,0.0025,NORMAL,None,Low
2483,0,5,50,0.0025,NORMAL,None,Low
2483,0,6,60,0.002,NORMAL,None,Low
2484,0,1,10,0.0025,NORMAL,None,Medium
2484,0,2,20,0.0029,NORMAL,None,Medium
2484,0,3,30,0.0022,NORMAL,None,Medium
2484,0,4,40,0.0021,NORMAL,None,Low
2484,0,5,50,0.0025,NORMAL,None,Low
2484,0,6,60,0.002,NORMAL,None,Low
2485,0,1,10,0.0026,NORMAL,None,Medium
2485,0,2,20,0.0022,NORMAL,None,Medium
2485,0,3,30,0.0021,NORMAL,None,Medium
2485,0,4,40,0.0021,NORMAL,None,Low
2485,0,5,50,0.0021,NORMAL,None,Low
2485,0,6,60,0.0022,NORMAL,None,Low
2486,0,1,10,0.0031,NORMAL,None,Medium
2486,0,2,20,0.0026,NORMAL,None,Medium
2486,0,3,30,0.0024,NORMAL,None,Medium
2486,0,4,40,0.0024,NORMAL,None,Low
2486,0,5,50,0.0025,NORMAL,None,Low
2486,0,6,60,0.0023,NORMAL,None,Low
2487,0,1,10,0.0029,NORMAL,None,Medium
2487,0,2,20,0.0029,NORMAL,None,Medium
2487,0,3,30,0.0027,NORMAL,None,Medium
2487,0,4,40,0.0032,NORMAL,None,Low
2487,0,5,50,0.0024,NORMAL,None,Low
2487,0,6,60,0.0025,NORMAL,None,Low
2488,0,1,10,0.0033,NORMAL,None,Medium
2488,0,2,20,0.003,NORMAL,None,Medium
2488,0,3,30,0.0023,NORMAL,None,Medium
2488,0,4,40,0.0025,NORMAL,None,Low
2488,0,5,50,0.0023,NORMAL,None,Low
2488,0,6,60,0.0019,NORMAL,None,Low
2489,0,1,10,0.0037,NORMAL,None,Medium
2489,0,2,20,0.003,NORMAL,None,Medium
2489,0,3,30,0.0024,NORMAL,None,Medium
2489,0,4,40,0.0026,NORMAL,None,Low
2489,0,5,50,0.0023,NORMAL,None,Low
2489,0,6,60,0.0022,NORMAL,None,Low
2490,0,1,10,0.0032,NORMAL,None,Medium
2490,0,2,20,0.0039,NORMAL,None,Medium
2490,0,3,30,0.0033,NORMAL,None,Medium
2490,0,4,40,0.0026,NORMAL,None,Low
2490,0,5,50,0.0022,NORMAL,None,Low
2490,0,6,60,0.0024,NORMAL,None,Low
2491,0,1,10,0.0026,NORMAL,None,Medium
2491,0,2,20,0.0029,NORMAL,None,Medium
2491,0,3,30,0.0028,NORMAL,None,Medium
2491,0,4,40,0.0025,NORMAL,None,Low
2491,0,5,50,0.0023,NORMAL,None,Low
2491,0,6,60,0.0021,NORMAL,None,Low
2492,0,1,10,0.0026,NORMAL,None,Medium
2492,0,2,20,0.0026,NORMAL,None,Medium
2492,0,3,30,0.0029,NORMAL,None,Medium
2492,0,4,40,0.0021,NORMAL,None,Low
2492,0,5,50,0.0022,NORMAL,None,Low
2492,0,6,60,0.0018,NORMAL,None,Low
2493,0,1,10,0.0029,NORMAL,None,Medium
2493,0,2,20,0.0032,NORMAL,None,Medium
2493,0,3,30,0.0032,NORMAL,None,Medium
2493,0,4,40,0.0025,NORMAL,None,Low
2493,0,5,50,0.0024,NORMAL,None,Low
2493,0,6,60,0.0027,NORMAL,None,Low
2494,0,1,10,0.0034,NORMAL,None,Medium
2494,0,2,20,0.0034,NORMAL,None,Medium
2494,0,3,30,0.0029,NORMAL,None,Medium
2494,0,4,40,0.0023,NORMAL,None,Low
2494,0,5,50,0.0024,NORMAL,None,Low
2494,0,6,60,0.0024,NORMAL,None,Low
2495,0,1,10,0.003,NORMAL,None,Medium
2495,0,2,20,0.0026,NORMAL,None,Medium
2495,0,3,30,0.0026,NORMAL,None,Medium
2495,0,4,40,0.0024,NORMAL,None,Low
2495,0,5,50,0.0022,NORMAL,None,Low
2495,0,6,60,0.002,NORMAL,None,Low
2496,0,1,10,0.0023,NORMAL,None,Medium
2496,0,2,20,0.0027,NORMAL,None,Medium
2496,0,3,30,0.0021,NORMAL,None,Medium
2496,0,4,40,0.0023,NORMAL,None,Low
2496,0,5,50,0.0023,NORMAL,None,Low
2496,0,6,60,0.0022,NORMAL,None,Low
2497,0,1,10,0.0018,NORMAL,None,Medium
2497,0,2,20,0.0023,NORMAL,None,Medium
2497,0,3,30,0.0024,NORMAL,None,Medium
2497,0,4,40,0.0021,NORMAL,None,Low
2497,0,5,50,0.0023,NORMAL,None,Low
2497,0,6,60,0.0021,NORMAL,None,Low
2498,0,1,10,0.0023,NORMAL,None,Medium
2498,0,2,20,0.0023,NORMAL,None,Medium
2498,0,3,30,0.0023,NORMAL,None,Medium
2498,0,4,40,0.0024,NORMAL,None,Low
2498,0,5,50,0.0023,NORMAL,None,Low
2498,0,6,60,0.0021,NORMAL,None,Low
2499,0,1,10,0.0019,NORMAL,None,Medium
2499,0,2,20,0.0025,NORMAL,None,Medium
2499,0,3,30,0.0026,NORMAL,None,Medium
2499,0,4,40,0.0022,NORMAL,None,Low
2499,0,5,50,0.0023,NORMAL,None,Low
2499,0,6,60,0.0022,NORMAL,None,Low
2500,0,1,10,0.0025,NORMAL,None,Medium
2500,0,2,20,0.0023,NORMAL,None,Medium
2500,0,3,30,0.0027,NORMAL,None,Medium
2500,0,4,40,0.0025,NORMAL,None,Low
2500,0,5,50,0.0021,NORMAL,None,Low
2500,0,6,60,0.0021,NORMAL,None,Low
2501,0,1,10,0.0023,NORMAL,None,Medium
2501,0,2,20,0.0026,NORMAL,None,Medium
2501,0,3,30,0.003,NORMAL,None,Medium
2501,0,4,40,0.0024,NORMAL,None,Low
2501,0,5,50,0.0023,NORMAL,None,Low
2501,0,6,60,0.0021,NORMAL,None,Low
2502,0,1,10,0.0022,NORMAL,None,Medium
2502,0,2,20,0.0027,NORMAL,None,Medium
2502,0,3,30,0.0024,NORMAL,None,Medium
2502,0,4,40,0.0021,NORMAL,None,Low
2502,0,5,50,0.0022,NORMAL,None,Low
2502,0,6,60,0.0024,NORMAL,None,Low
2503,0,1,10,0.0017,NORMAL,None,Medium
2503,0,2,20,0.0027,NORMAL,None,Medium
2503,0,3,30,0.0022,NORMAL,None,Medium
2503,0,4,40,0.0024,NORMAL,None,Low
2503,0,5,50,0.0021,NORMAL,None,Low
2503,0,6,60,0.0021,NORMAL,None,Low
2504,0,1,10,0.0023,NORMAL,None,Medium
2504,0,2,20,0.0026,NORMAL,None,Medium
2504,0,3,30,0.0025,NORMAL,None,Medium
2504,0,4,40,0.0027,NORMAL,None,Low
2504,0,5,50,0.0024,NORMAL,None,Low
2504,0,6,60,0.0022,NORMAL,None,Low
2505,0,1,10,0.0025,NORMAL,None,Medium
2505,0,2,20,0.0026,NORMAL,None,Medium
2505,0,3,30,0.0024,NORMAL,None,Medium
2505,0,4,40,0.0021,NORMAL,None,Low
2505,0,5,50,0.0023,NORMAL,None,Low
2505,0,6,60,0.0024,NORMAL,None,Low
2506,0,1,10,0.0019,NORMAL,None,Medium
2506,0,2,20,0.0022,NORMAL,None,Medium
2506,0,3,30,0.0021,NORMAL,None,Medium
2506,0,4,40,0.0023,NORMAL,None,Low
2506,0,5,50,0.002,NORMAL,None,Low
2506,0,6,60,0.0027,NORMAL,None,Low
2507,0,1,10,0.0019,NORMAL,None,Medium
2507,0,2,20,0.0025,NORMAL,None,Medium
2507,0,3,30,0.0024,NORMAL,None,Medium
2507,0,4,40,0.0025,NORMAL,None,Low
2507,0,5,50,0.0021,NORMAL,None,Low
2507,0,6,60,0.0019,NORMAL,None,Low
2508,0,1,10,0.0021,NORMAL,None,Medium
2508,0,2,20,0.0021,NORMAL,None,Medium
2508,0,3,30,0.0021,NORMAL,None,Medium
2508,0,4,40,0.0024,NORMAL,None,Low
2508,0,5,50,0.0024,NORMAL,None,Low
2508,0,6,60,0.0022,NORMAL,None,Low
2509,0,1,10,0.0024,NORMAL,None,Medium
2509,0,2,20,0.0021,NORMAL,None,Medium
2509,0,3,30,0.0022,NORMAL,None,Medium
2509,0,4,40,0.0024,NORMAL,None,Low
2509,0,5,50,0.0023,NORMAL,None,Low
2509,0,6,60,0.002,NORMAL,None,Low
2510,0,1,10,0.0026,NORMAL,None,Medium
2510,0,2,20,0.0024,NORMAL,None,Medium
2510,0,3,30,0.0024,NORMAL,None,Medium
2510,0,4,40,0.0022,NORMAL,None,Low
2510,0,5,50,0.0024,NORMAL,None,Low
2510,0,6,60,0.0024,NORMAL,None,Low
2511,0,1,10,0.0025,NORMAL,None,Medium
2511,0,2,20,0.0032,NORMAL,None,Medium
2511,0,3,30,0.0024,NORMAL,None,Medium
2511,0,4,40,0.0021,NORMAL,None,Low
2511,0,5,50,0.0023,NORMAL,None,Low
2511,0,6,60,0.0021,NORMAL,None,Low
2512,0,1,10,0.0018,NORMAL,None,Medium
2512,0,2,20,0.0018,NORMAL,None,Medium
2512,0,3,30,0.0023,NORMAL,None,Medium
2512,0,4,40,0.0025,NORMAL,None,Low
2512,0,5,50,0.0023,NORMAL,None,Low
2512,0,6,60,0.0023,NORMAL,None,Low
2513,0,1,10,0.0027,NORMAL,None,Medium
2513,0,2,20,0.0029,NORMAL,None,Medium
2513,0,3,30,0.0026,NORMAL,None,Medium
2513,0,4,40,0.0022,NORMAL,None,Low
2513,0,5,50,0.0023,NORMAL,None,Low
2513,0,6,60,0.0022,NORMAL,None,Low
2514,0,1,10,0.0031,NORMAL,None,Medium
2514,0,2,20,0.0026,NORMAL,None,Medium
2514,0,3,30,0.0024,NORMAL,None,Medium
2514,0,4,40,0.0024,NORMAL,None,Low
2514,0,5,50,0.0024,NORMAL,None,Low
2514,0,6,60,0.0019,NORMAL,None,Low
2515,0,1,10,0.0027,NORMAL,None,Medium
2515,0,2,20,0.0027,NORMAL,None,Medium
2515,0,3,30,0.0024,NORMAL,None,Medium
2515,0,4,40,0.0024,NORMAL,None,Low
2515,0,5,50,0.0023,NORMAL,None,Low
2515,0,6,60,0.002,NORMAL,None,Low
2516,0,1,10,0.0027,NORMAL,None,Medium
2516,0,2,20,0.0024,NORMAL,None,Medium
2516,0,3,30,0.0022,NORMAL,None,Medium
2516,0,4,40,0.0022,NORMAL,None,Low
2516,0,5,50,0.002,NORMAL,None,Low
2516,0,6,60,0.002,NORMAL,None,Low
2517,0,1,10,0.0029,NORMAL,None,Medium
2517,0,2,20,0.0026,NORMAL,None,Medium
2517,0,3,30,0.0026,NORMAL,None,Medium
2517,0,4,40,0.0027,NORMAL,None,Low
2517,0,5,50,0.0025,NORMAL,None,Low
2517,0,6,60,0.0024,NORMAL,None,Low
2518,0,1,10,0.003,NORMAL,None,Medium
2518,0,2,20,0.0027,NORMAL,None,Medium
2518,0,3,30,0.0028,NORMAL,None,Medium
2518,0,4,40,0.0028,NORMAL,None,Low
2518,0,5,50,0.0023,NORMAL,None,Low
2518,0,6,60,0.002,NORMAL,None,Low
2519,0,1,10,0.0021,NORMAL,None,Medium
2519,0,2,20,0.0023,NORMAL,None,Medium
2519,0,3,30,0.0027,NORMAL,None,Medium
2519,0,4,40,0.0024,NORMAL,None,Low
2519,0,5,50,0.0023,NORMAL,None,Low
2519,0,6,60,0.0023,NORMAL,None,Low
2520,0,1,10,0.0023,NORMAL,None,Medium
2520,0,2,20,0.0029,NORMAL,None,Medium
2520,0,3,30,0.0029,NORMAL,None,Medium
2520,0,4,40,0.002,NORMAL,None,Low
2520,0,5,50,0.0025,NORMAL,None,Low
2520,0,6,60,0.0023,NORMAL,None,Low
2521,0,1,10,0.0025,NORMAL,None,Medium
2521,0,2,20,0.0025,NORMAL,None,Medium
2521,0,3,30,0.0025,NORMAL,None,Medium
2521,0,4,40,0.0024,NORMAL,None,Low
2521,0,5,50,0.0023,NORMAL,None,Low
2521,0,6,60,0.002,NORMAL,None,Low
2522,0,1,10,0.0031,NORMAL,None,Medium
2522,0,2,20,0.0031,NORMAL,None,Medium
2522,0,3,30,0.0028,NORMAL,None,Medium
2522,0,4,40,0.0024,NORMAL,None,Low
2522,0,5,50,0.0023,NORMAL,None,Low
2522,0,6,60,0.0021,NORMAL,None,Low
2523,0,1,10,0.0027,NORMAL,None,Medium
2523,0,2,20,0.0029,NORMAL,None,Medium
2523,0,3,30,0.0028,NORMAL,None,Medium
2523,0,4,40,0.0024,NORMAL,None,Low
2523,0,5,50,0.0022,NORMAL,None,Low
2523,0,6,60,0.002,NORMAL,None,Low
2524,0,1,10,0.0027,NORMAL,None,Medium
2524,0,2,20,0.003,NORMAL,None,Medium
2524,0,3,30,0.0024,NORMAL,None,Medium
2524,0,4,40,0.002,NORMAL,None,Low
2524,0,5,50,0.002,NORMAL,None,Low
2524,0,6,60,0.0022,NORMAL,None,Low
2525,0,1,10,0.0029,NORMAL,None,Medium
2525,0,2,20,0.0025,NORMAL,None,Medium
2525,0,3,30,0.0025,NORMAL,None,Medium
2525,0,4,40,0.0022,NORMAL,None,Low
2525,0,5,50,0.0023,NORMAL,None,Low
2525,0,6,60,0.0024,NORMAL,None,Low
2526,0,1,10,0.0038,NORMAL,None,Medium
2526,0,2,20,0.0033,NORMAL,None,Medium
2526,0,3,30,0.003,NORMAL,None,Medium
2526,0,4,40,0.0031,NORMAL,None,Low
2526,0,5,50,0.0022,NORMAL,None,Low
2526,0,6,60,0.0019,NORMAL,None,Low
2527,0,1,10,0.004,NORMAL,None,Medium
2527,0,2,20,0.0032,NORMAL,None,Medium
2527,0,3,30,0.003,NORMAL,None,Medium
2527,0,4,40,0.0025,NORMAL,None,Low
2527,0,5,50,0.002,NORMAL,None,Low
2527,0,6,60,0.0024,NORMAL,None,Low
2528,0,1,10,0.0039,NORMAL,None,Medium
2528,0,2,20,0.0038,NORMAL,None,Medium
2528,0,3,30,0.0033,NORMAL,None,Medium
2528,0,4,40,0.0029,NORMAL,None,Low
2528,0,5,50,0.0025,NORMAL,None,Low
2528,0,6,60,0.0023,NORMAL,None,Low
2529,0,1,10,0.0024,NORMAL,None,Medium
2529,0,2,20,0.0027,NORMAL,None,Medium
2529,0,3,30,0.003,NORMAL,None,Medium
2529,0,4,40,0.0022,NORMAL,None,Low
2529,0,5,50,0.002,NORMAL,None,Low
2529,0,6,60,0.002,NORMAL,None,Low
2530,0,1,10,0.0024,NORMAL,None,Medium
2530,0,2,20,0.0027,NORMAL,None,Medium
2530,0,3,30,0.0022,NORMAL,None,Medium
2530,0,4,40,0.0022,NORMAL,None,Low
2530,0,5,50,0.002,NORMAL,None,Low
2530,0,6,60,0.0019,NORMAL,None,Low
2531,0,1,10,0.0024,NORMAL,None,Medium
2531,0,2,20,0.0021,NORMAL,None,Medium
2531,0,3,30,0.0022,NORMAL,None,Medium
2531,0,4,40,0.0019,NORMAL,None,Low
2531,0,5,50,0.0023,NORMAL,None,Low
2531,0,6,60,0.002,NORMAL,None,Low
2532,0,1,10,0.003,NORMAL,None,Medium
2532,0,2,20,0.0032,NORMAL,None,Medium
2532,0,3,30,0.0031,NORMAL,None,Medium
2532,0,4,40,0.0024,NORMAL,None,Low
2532,0,5,50,0.002,NORMAL,None,Low
2532,0,6,60,0.002,NORMAL,None,Low
2533,0,1,10,0.0028,NORMAL,None,Medium
2533,0,2,20,0.0027,NORMAL,None,Medium
2533,0,3,30,0.0024,NORMAL,None,Medium
2533,0,4,40,0.0024,NORMAL,None,Low
2533,0,5,50,0.0022,NORMAL,None,Low
2533,0,6,60,0.0021,NORMAL,None,Low
2534,0,1,10,0.0023,NORMAL,None,Medium
2534,0,2,20,0.0027,NORMAL,None,Medium
2534,0,3,30,0.0025,NORMAL,None,Medium
2534,0,4,40,0.0023,NORMAL,None,Low
2534,0,5,50,0.0025,NORMAL,None,Low
2534,0,6,60,0.002,NORMAL,None,Low
2535,0,1,10,0.002,NORMAL,None,Medium
2535,0,2,20,0.0026,NORMAL,None,Medium
2535,0,3,30,0.0026,NORMAL,None,Medium
2535,0,4,40,0.0023,NORMAL,None,Low
2535,0,5,50,0.0027,NORMAL,None,Low
2535,0,6,60,0.0023,NORMAL,None,Low
2536,0,1,10,0.0019,NORMAL,None,Medium
2536,0,2,20,0.0021,NORMAL,None,Medium
2536,0,3,30,0.0028,NORMAL,None,Medium
2536,0,4,40,0.0021,NORMAL,None,Low
2536,0,5,50,0.0022,NORMAL,None,Low
2536,0,6,60,0.0024,NORMAL,None,Low
2537,0,1,10,0.002,NORMAL,None,Medium
2537,0,2,20,0.0022,NORMAL,None,Medium
2537,0,3,30,0.0022,NORMAL,None,Medium
2537,0,4,40,0.0028,NORMAL,None,Low
2537,0,5,50,0.0021,NORMAL,None,Low
2537,0,6,60,0.0024,NORMAL,None,Low
2538,0,1,10,0.0023,NORMAL,None,Medium
2538,0,2,20,0.0027,NORMAL,None,Medium
2538,0,3,30,0.0028,NORMAL,None,Medium
2538,0,4,40,0.0028,NORMAL,None,Low
2538,0,5,50,0.0024,NORMAL,None,Low
2538,0,6,60,0.0022,NORMAL,None,Low
2539,0,1,10,0.0022,NORMAL,None,Medium
2539,0,2,20,0.0022,NORMAL,None,Medium
2539,0,3,30,0.0027,NORMAL,None,Medium
2539,0,4,40,0.0022,NORMAL,None,Low
2539,0,5,50,0.002,NORMAL,None,Low
2539,0,6,60,0.0023,NORMAL,None,Low
2540,0,1,10,0.0023,NORMAL,None,Medium
2540,0,2,20,0.0023,NORMAL,None,Medium
2540,0,3,30,0.0024,NORMAL,None,Medium
2540,0,4,40,0.0025,NORMAL,None,Low
2540,0,5,50,0.0022,NORMAL,None,Low
2540,0,6,60,0.0023,NORMAL,None,Low
2541,0,1,10,0.0019,NORMAL,None,Medium
2541,0,2,20,0.0023,NORMAL,None,Medium
2541,0,3,30,0.0026,NORMAL,None,Medium
2541,0,4,40,0.0026,NORMAL,None,Low
2541,0,5,50,0.0023,NORMAL,None,Low
2541,0,6,60,0.0019,NORMAL,None,Low
2542,0,1,10,0.0021,NORMAL,None,Medium
2542,0,2,20,0.0022,NORMAL,None,Medium
2542,0,3,30,0.0022,NORMAL,None,Medium
2542,0,4,40,0.002,NORMAL,None,Low
2542,0,5,50,0.0019,NORMAL,None,Low
2542,0,6,60,0.0022,NORMAL,None,Low
2543,0,1,10,0.0028,NORMAL,None,Medium
2543,0,2,20,0.0024,NORMAL,None,Medium
2543,0,3,30,0.0026,NORMAL,None,Medium
2543,0,4,40,0.0022,NORMAL,None,Low
2543,0,5,50,0.002,NORMAL,None,Low
2543,0,6,60,0.0024,NORMAL,None,Low
2544,0,1,10,0.0025,NORMAL,None,Medium
2544,0,2,20,0.0023,NORMAL,None,Medium
2544,0,3,30,0.0022,NORMAL,None,Medium
2544,0,4,40,0.0022,NORMAL,None,Low
2544,0,5,50,0.0024,NORMAL,None,Low
2544,0,6,60,0.0024,NORMAL,None,Low
2545,0,1,10,0.0024,NORMAL,None,Medium
2545,0,2,20,0.0031,NORMAL,None,Medium
2545,0,3,30,0.003,NORMAL,None,Medium
2545,0,4,40,0.0028,NORMAL,None,Low
2545,0,5,50,0.0024,NORMAL,None,Low
2545,0,6,60,0.0022,NORMAL,None,Low
2546,0,1,10,0.0023,NORMAL,None,Medium
2546,0,2,20,0.0026,NORMAL,None,Medium
2546,0,3,30,0.0026,NORMAL,None,Medium
2546,0,4,40,0.0024,NORMAL,None,Low
2546,0,5,50,0.002,NORMAL,None,Low
2546,0,6,60,0.002,NORMAL,None,Low
2547,0,1,10,0.0026,NORMAL,None,Medium
2547,0,2,20,0.0028,NORMAL,None,Medium
2547,0,3,30,0.0021,NORMAL,None,Medium
2547,0,4,40,0.0023,NORMAL,None,Low
2547,0,5,50,0.0022,NORMAL,None,Low
2547,0,6,60,0.0019,NORMAL,None,Low
2548,0,1,10,0.0029,NORMAL,None,Medium
2548,0,2,20,0.0032,NORMAL,None,Medium
2548,0,3,30,0.0028,NORMAL,None,Medium
2548,0,4,40,0.0022,NORMAL,None,Low
2548,0,5,50,0.0024,NORMAL,None,Low
2548,0,6,60,0.0022,NORMAL,None,Low
2549,0,1,10,0.0039,NORMAL,None,Medium
2549,0,2,20,0.0034,NORMAL,None,Medium
2549,0,3,30,0.0034,NORMAL,None,Medium
2549,0,4,40,0.0025,NORMAL,None,Low
2549,0,5,50,0.0023,NORMAL,None,Low
2549,0,6,60,0.0023,NORMAL,None,Low
2550,0,1,10,0.0033,NORMAL,None,Medium
2550,0,2,20,0.0035,NORMAL,None,Medium
2550,0,3,30,0.0029,NORMAL,None,Medium
2550,0,4,40,0.0022,NORMAL,None,Low
2550,0,5,50,0.0022,NORMAL,None,Low
2550,0,6,60,0.002,NORMAL,None,Low
2551,0,1,10,0.0029,NORMAL,None,Medium
2551,0,2,20,0.0032,NORMAL,None,Medium
2551,0,3,30,0.0026,NORMAL,None,Medium
2551,0,4,40,0.0023,NORMAL,None,Low
2551,0,5,50,0.0023,NORMAL,None,Low
2551,0,6,60,0.0023,NORMAL,None,Low
2552,0,1,10,0.0038,NORMAL,None,Medium
2552,0,2,20,0.0031,NORMAL,None,Medium
2552,0,3,30,0.003,NORMAL,None,Medium
2552,0,4,40,0.0023,NORMAL,None,Low
2552,0,5,50,0.0026,NORMAL,None,Low
2552,0,6,60,0.0023,NORMAL,None,Low
2553,0,1,10,0.003,NORMAL,None,Medium
2553,0,2,20,0.0029,NORMAL,None,Medium
2553,0,3,30,0.0024,NORMAL,None,Medium
2553,0,4,40,0.0023,NORMAL,None,Low
2553,0,5,50,0.0024,NORMAL,None,Low
2553,0,6,60,0.0023,NORMAL,None,Low
2554,0,1,10,0.0037,NORMAL,None,Medium
2554,0,2,20,0.0038,NORMAL,None,Medium
2554,0,3,30,0.003,NORMAL,None,Medium
2554,0,4,40,0.0026,NORMAL,None,Low
2554,0,5,50,0.0028,NORMAL,None,Low
2554,0,6,60,0.0026,NORMAL,None,Low
2555,0,1,10,0.0036,NORMAL,None,Medium
2555,0,2,20,0.0028,NORMAL,None,Medium
2555,0,3,30,0.0025,NORMAL,None,Medium
2555,0,4,40,0.0023,NORMAL,None,Low
2555,0,5,50,0.0022,NORMAL,None,Low
2555,0,6,60,0.0022,NORMAL,None,Low
2556,0,1,10,0.0023,NORMAL,None,Medium
2556,0,2,20,0.0029,NORMAL,None,Medium
2556,0,3,30,0.0027,NORMAL,None,Medium
2556,0,4,40,0.0021,NORMAL,None,Low
2556,0,5,50,0.0023,NORMAL,None,Low
2556,0,6,60,0.0021,NORMAL,None,Low
2557,0,1,10,0.0022,NORMAL,None,Medium
2557,0,2,20,0.0026,NORMAL,None,Medium
2557,0,3,30,0.0025,NORMAL,None,Medium
2557,0,4,40,0.0027,NORMAL,None,Low
2557,0,5,50,0.0023,NORMAL,None,Low
2557,0,6,60,0.0023,NORMAL,None,Low
2558,0,1,10,0.0027,NORMAL,None,Medium
2558,0,2,20,0.0032,NORMAL,None,Medium
2558,0,3,30,0.0031,NORMAL,None,Medium
2558,0,4,40,0.0026,NORMAL,None,Low
2558,0,5,50,0.0022,NORMAL,None,Low
2558,0,6,60,0.0022,NORMAL,None,Low
2559,0,1,10,0.0024,NORMAL,None,Medium
2559,0,2,20,0.0025,NORMAL,None,Medium
2559,0,3,30,0.0026,NORMAL,None,Medium
2559,0,4,40,0.0022,NORMAL,None,Low
2559,0,5,50,0.0024,NORMAL,None,Low
2559,0,6,60,0.0021,NORMAL,None,Low
2560,0,1,10,0.002,NORMAL,None,Medium
2560,0,2,20,0.0025,NORMAL,None,Medium
2560,0,3,30,0.0024,NORMAL,None,Medium
2560,0,4,40,0.0023,NORMAL,None,Low
2560,0,5,50,0.0023,NORMAL,None,Low
2560,0,6,60,0.0023,NORMAL,None,Low
2561,0,1,10,0.0032,NORMAL,None,Medium
2561,0,2,20,0.0032,NORMAL,None,Medium
2561,0,3,30,0.0029,NORMAL,None,Medium
2561,0,4,40,0.0023,NORMAL,None,Low
2561,0,5,50,0.0028,NORMAL,None,Low
2561,0,6,60,0.0024,NORMAL,None,Low
2562,0,1,10,0.0025,NORMAL,None,Medium
2562,0,2,20,0.003,NORMAL,None,Medium
2562,0,3,30,0.0025,NORMAL,None,Medium
2562,0,4,40,0.0022,NORMAL,None,Low
2562,0,5,50,0.0025,NORMAL,None,Low
2562,0,6,60,0.0022,NORMAL,None,Low
2563,0,1,10,0.0019,NORMAL,None,Medium
2563,0,2,20,0.0022,NORMAL,None,Medium
2563,0,3,30,0.0022,NORMAL,None,Medium
2563,0,4,40,0.0022,NORMAL,None,Low
2563,0,5,50,0.002,NORMAL,None,Low
2563,0,6,60,0.0021,NORMAL,None,Low
2564,0,1,10,0.0024,NORMAL,None,Medium
2564,0,2,20,0.0025,NORMAL,None,Medium
2564,0,3,30,0.0022,NORMAL,None,Medium
2564,0,4,40,0.0023,NORMAL,None,Low
2564,0,5,50,0.0025,NORMAL,None,Low
2564,0,6,60,0.0022,NORMAL,None,Low
2565,0,1,10,0.0029,NORMAL,None,Medium
2565,0,2,20,0.0026,NORMAL,None,Medium
2565,0,3,30,0.0029,NORMAL,None,Medium
2565,0,4,40,0.0024,NORMAL,None,Low
2565,0,5,50,0.0021,NORMAL,None,Low
2565,0,6,60,0.0023,NORMAL,None,Low
2566,0,1,10,0.0026,NORMAL,None,Medium
2566,0,2,20,0.003,NORMAL,None,Medium
2566,0,3,30,0.0028,NORMAL,None,Medium
2566,0,4,40,0.0025,NORMAL,None,Low
2566,0,5,50,0.0026,NORMAL,None,Low
2566,0,6,60,0.0023,NORMAL,None,Low
2567,0,1,10,0.0022,NORMAL,None,Medium
2567,0,2,20,0.0028,NORMAL,None,Medium
2567,0,3,30,0.0024,NORMAL,None,Medium
2567,0,4,40,0.0024,NORMAL,None,Low
2567,0,5,50,0.0024,NORMAL,None,Low
2567,0,6,60,0.002,NORMAL,None,Low
2568,0,1,10,0.0019,NORMAL,None,Medium
2568,0,2,20,0.0024,NORMAL,None,Medium
2568,0,3,30,0.0024,NORMAL,None,Medium
2568,0,4,40,0.0027,NORMAL,None,Low
2568,0,5,50,0.0023,NORMAL,None,Low
2568,0,6,60,0.0023,NORMAL,None,Low
2569,0,1,10,0.0023,NORMAL,None,Medium
2569,0,2,20,0.0025,NORMAL,None,Medium
2569,0,3,30,0.0026,NORMAL,None,Medium
2569,0,4,40,0.0025,NORMAL,None,Low
2569,0,5,50,0.002,NORMAL,None,Low
2569,0,6,60,0.0022,NORMAL,None,Low
2570,0,1,10,0.0019,NORMAL,None,Medium
2570,0,2,20,0.0023,NORMAL,None,Medium
2570,0,3,30,0.002,NORMAL,None,Medium
2570,0,4,40,0.0023,NORMAL,None,Low
2570,0,5,50,0.0019,NORMAL,None,Low
2570,0,6,60,0.0019,NORMAL,None,Low
2571,0,1,10,0.0024,NORMAL,None,Medium
2571,0,2,20,0.0029,NORMAL,None,Medium
2571,0,3,30,0.0027,NORMAL,None,Medium
2571,0,4,40,0.0026,NORMAL,None,Low
2571,0,5,50,0.0024,NORMAL,None,Low
2571,0,6,60,0.002,NORMAL,None,Low
2572,0,1,10,0.0024,NORMAL,None,Medium
2572,0,2,20,0.0029,NORMAL,None,Medium
2572,0,3,30,0.0025,NORMAL,None,Medium
2572,0,4,40,0.0024,NORMAL,None,Low
2572,0,5,50,0.0021,NORMAL,None,Low
2572,0,6,60,0.0023,NORMAL,None,Low
2573,0,1,10,0.002,NORMAL,None,Medium
2573,0,2,20,0.0024,NORMAL,None,Medium
2573,0,3,30,0.0023,NORMAL,None,Medium
2573,0,4,40,0.0021,NORMAL,None,Low
2573,0,5,50,0.0022,NORMAL,None,Low
2573,0,6,60,0.0026,NORMAL,None,Low
2574,0,1,10,0.0018,NORMAL,None,Medium
2574,0,2,20,0.0024,NORMAL,None,Medium
2574,0,3,30,0.0021,NORMAL,None,Medium
2574,0,4,40,0.0021,NORMAL,None,Low
2574,0,5,50,0.0022,NORMAL,None,Low
2574,0,6,60,0.0022,NORMAL,None,Low
2575,0,1,10,0.0027,NORMAL,None,Medium
2575,0,2,20,0.0027,NORMAL,None,Medium
2575,0,3,30,0.0025,NORMAL,None,Medium
2575,0,4,40,0.0022,NORMAL,None,Low
2575,0,5,50,0.0021,NORMAL,None,Low
2575,0,6,60,0.0021,NORMAL,None,Low
2576,0,1,10,0.0017,NORMAL,None,Medium
2576,0,2,20,0.002,NORMAL,None,Medium
2576,0,3,30,0.0017,NORMAL,None,Medium
2576,0,4,40,0.0019,NORMAL,None,Low
2576,0,5,50,0.002,NORMAL,None,Low
2576,0,6,60,0.0019,NORMAL,None,Low
2577,0,1,10,0.0022,NORMAL,None,Medium
2577,0,2,20,0.002,NORMAL,None,Medium
2577,0,3,30,0.0022,NORMAL,None,Medium
2577,0,4,40,0.0021,NORMAL,None,Low
2577,0,5,50,0.0022,NORMAL,None,Low
2577,0,6,60,0.0021,NORMAL,None,Low
2578,0,1,10,0.0023,NORMAL,None,Medium
2578,0,2,20,0.0026,NORMAL,None,Medium
2578,0,3,30,0.0022,NORMAL,None,Medium
2578,0,4,40,0.0023,NORMAL,None,Low
2578,0,5,50,0.0021,NORMAL,None,Low
2578,0,6,60,0.0023,NORMAL,None,Low
2579,0,1,10,0.0016,NORMAL,None,Medium
2579,0,2,20,0.0021,NORMAL,None,Medium
2579,0,3,30,0.0024,NORMAL,None,Medium
2579,0,4,40,0.0022,NORMAL,None,Low
2579,0,5,50,0.0022,NORMAL,None,Low
2579,0,6,60,0.0021,NORMAL,None,Low
2580,0,1,10,0.0018,NORMAL,None,Medium
2580,0,2,20,0.0021,NORMAL,None,Medium
2580,0,3,30,0.0022,NORMAL,None,Medium
2580,0,4,40,0.0022,NORMAL,None,Low
2580,0,5,50,0.0021,NORMAL,None,Low
2580,0,6,60,0.0022,NORMAL,None,Low
2581,0,1,10,0.0019,NORMAL,None,Medium
2581,0,2,20,0.0023,NORMAL,None,Medium
2581,0,3,30,0.0022,NORMAL,None,Medium
2581,0,4,40,0.002,NORMAL,None,Low
2581,0,5,50,0.0024,NORMAL,None,Low
2581,0,6,60,0.0021,NORMAL,None,Low
2582,0,1,10,0.0019,NORMAL,None,Medium
2582,0,2,20,0.0022,NORMAL,None,Medium
2582,0,3,30,0.0021,NORMAL,None,Medium
2582,0,4,40,0.0023,NORMAL,None,Low
2582,0,5,50,0.0025,NORMAL,None,Low
2582,0,6,60,0.0023,NORMAL,None,Low
2583,0,1,10,0.002,NORMAL,None,Medium
2583,0,2,20,0.0022,NORMAL,None,Medium
2583,0,3,30,0.0019,NORMAL,None,Medium
2583,0,4,40,0.002,NORMAL,None,Low
2583,0,5,50,0.0021,NORMAL,None,Low
2583,0,6,60,0.0021,NORMAL,None,Low
2584,0,1,10,0.0025,NORMAL,None,Medium
2584,0,2,20,0.0024,NORMAL,None,Medium
2584,0,3,30,0.0023,NORMAL,None,Medium
2584,0,4,40,0.0021,NORMAL,None,Low
2584,0,5,50,0.002,NORMAL,None,Low
2584,0,6,60,0.002,NORMAL,None,Low
2585,0,1,10,0.0025,NORMAL,None,Medium
2585,0,2,20,0.0026,NORMAL,None,Medium
2585,0,3,30,0.0023,NORMAL,None,Medium
2585,0,4,40,0.0021,NORMAL,None,Low
2585,0,5,50,0.0021,NORMAL,None,Low
2585,0,6,60,0.0018,NORMAL,None,Low
2586,0,1,10,0.002,NORMAL,None,Medium
2586,0,2,20,0.0025,NORMAL,None,Medium
2586,0,3,30,0.0029,NORMAL,None,Medium
2586,0,4,40,0.0024,NORMAL,None,Low
2586,0,5,50,0.002,NORMAL,None,Low
2586,0,6,60,0.0021,NORMAL,None,Low
2587,0,1,10,0.0029,NORMAL,None,Medium
2587,0,2,20,0.0025,NORMAL,None,Medium
2587,0,3,30,0.0022,NORMAL,None,Medium
2587,0,4,40,0.0021,NORMAL,None,Low
2587,0,5,50,0.0022,NORMAL,None,Low
2587,0,6,60,0.0021,NORMAL,None,Low
2588,0,1,10,0.0029,NORMAL,None,Medium
2588,0,2,20,0.0026,NORMAL,None,Medium
2588,0,3,30,0.0025,NORMAL,None,Medium
2588,0,4,40,0.0022,NORMAL,None,Low
2588,0,5,50,0.0022,NORMAL,None,Low
2588,0,6,60,0.0021,NORMAL,None,Low
2589,0,1,10,0.002,NORMAL,None,Medium
2589,0,2,20,0.0028,NORMAL,None,Medium
2589,0,3,30,0.0025,NORMAL,None,Medium
2589,0,4,40,0.0021,NORMAL,None,Low
2589,0,5,50,0.0022,NORMAL,None,Low
2589,0,6,60,0.0021,NORMAL,None,Low
2590,0,1,10,0.0017,NORMAL,None,Medium
2590,0,2,20,0.0023,NORMAL,None,Medium
2590,0,3,30,0.0023,NORMAL,None,Medium
2590,0,4,40,0.0023,NORMAL,None,Low
2590,0,5,50,0.0021,NORMAL,None,Low
2590,0,6,60,0.0022,NORMAL,None,Low
2591,0,1,10,0.0016,NORMAL,None,Medium
2591,0,2,20,0.0017,NORMAL,None,Medium
2591,0,3,30,0.0021,NORMAL,None,Medium
2591,0,4,40,0.0022,NORMAL,None,Low
2591,0,5,50,0.0021,NORMAL,None,Low
2591,0,6,60,0.0022,NORMAL,None,Low
2592,0,1,10,0.0021,NORMAL,None,Medium
2592,0,2,20,0.0018,NORMAL,None,Medium
2592,0,3,30,0.0021,NORMAL,None,Medium
2592,0,4,40,0.0024,NORMAL,None,Low
2592,0,5,50,0.0022,NORMAL,None,Low
2592,0,6,60,0.002,NORMAL,None,Low
2593,0,1,10,0.002,NORMAL,None,Medium
2593,0,2,20,0.0022,NORMAL,None,Medium
2593,0,3,30,0.0024,NORMAL,None,Medium
2593,0,4,40,0.0022,NORMAL,None,Low
2593,0,5,50,0.002,NORMAL,None,Low
2593,0,6,60,0.0021,NORMAL,None,Low
2594,0,1,10,0.0017,NORMAL,None,Medium
2594,0,2,20,0.0021,NORMAL,None,Medium
2594,0,3,30,0.002,NORMAL,None,Medium
2594,0,4,40,0.0024,NORMAL,None,Low
2594,0,5,50,0.0023,NORMAL,None,Low
2594,0,6,60,0.0019,NORMAL,None,Low
2595,0,1,10,0.0021,NORMAL,None,Medium
2595,0,2,20,0.0022,NORMAL,None,Medium
2595,0,3,30,0.002,NORMAL,None,Medium
2595,0,4,40,0.002,NORMAL,None,Low
2595,0,5,50,0.0023,NORMAL,None,Low
2595,0,6,60,0.0023,NORMAL,None,Low
2596,0,1,10,0.0025,NORMAL,None,Medium
2596,0,2,20,0.0025,NORMAL,None,Medium
2596,0,3,30,0.002,NORMAL,None,Medium
2596,0,4,40,0.0024,NORMAL,None,Low
2596,0,5,50,0.0021,NORMAL,None,Low
2596,0,6,60,0.0022,NORMAL,None,Low
2597,0,1,10,0.0026,NORMAL,None,Medium
2597,0,2,20,0.0027,NORMAL,None,Medium
2597,0,3,30,0.0025,NORMAL,None,Medium
2597,0,4,40,0.0022,NORMAL,None,Low
2597,0,5,50,0.0022,NORMAL,None,Low
2597,0,6,60,0.0023,NORMAL,None,Low
2598,0,1,10,0.0023,NORMAL,None,Medium
2598,0,2,20,0.0026,NORMAL,None,Medium
2598,0,3,30,0.0022,NORMAL,None,Medium
2598,0,4,40,0.0021,NORMAL,None,Low
2598,0,5,50,0.0024,NORMAL,None,Low
2598,0,6,60,0.002,NORMAL,None,Low
2599,0,1,10,0.003,NORMAL,None,Medium
2599,0,2,20,0.0028,NORMAL,None,Medium
2599,0,3,30,0.0028,NORMAL,None,Medium
2599,0,4,40,0.0024,NORMAL,None,Low
2599,0,5,50,0.0022,NORMAL,None,Low
2599,0,6,60,0.0022,NORMAL,None,Low
2600,0,1,10,0.0024,NORMAL,None,Medium
2600,0,2,20,0.0022,NORMAL,None,Medium
2600,0,3,30,0.0021,NORMAL,None,Medium
2600,0,4,40,0.0021,NORMAL,None,Low
2600,0,5,50,0.0021,NORMAL,None,Low
2600,0,6,60,0.0022,NORMAL,None,Low
2601,0,1,10,0.0025,NORMAL,None,Medium
2601,0,2,20,0.003,NORMAL,None,Medium
2601,0,3,30,0.0025,NORMAL,None,Medium
2601,0,4,40,0.0028,NORMAL,None,Low
2601,0,5,50,0.0025,NORMAL,None,Low
2601,0,6,60,0.0025,NORMAL,None,Low
2602,0,1,10,0.0023,NORMAL,None,Medium
2602,0,2,20,0.0024,NORMAL,None,Medium
2602,0,3,30,0.0023,NORMAL,None,Medium
2602,0,4,40,0.0025,NORMAL,None,Low
2602,0,5,50,0.0022,NORMAL,None,Low
2602,0,6,60,0.002,NORMAL,None,Low
2603,0,1,10,0.003,NORMAL,None,Medium
2603,0,2,20,0.0029,NORMAL,None,Medium
2603,0,3,30,0.003,NORMAL,None,Medium
2603,0,4,40,0.0028,NORMAL,None,Low
2603,0,5,50,0.0023,NORMAL,None,Low
2603,0,6,60,0.0022,NORMAL,None,Low
2604,0,1,10,0.0033,NORMAL,None,Medium
2604,0,2,20,0.0028,NORMAL,None,Medium
2604,0,3,30,0.0027,NORMAL,None,Medium
2604,0,4,40,0.0026,NORMAL,None,Low
2604,0,5,50,0.0024,NORMAL,None,Low
2604,0,6,60,0.0022,NORMAL,None,Low
2605,0,1,10,0.0039,NORMAL,None,Medium
2605,0,2,20,0.0031,NORMAL,None,Medium
2605,0,3,30,0.003,NORMAL,None,Medium
2605,0,4,40,0.0026,NORMAL,None,Low
2605,0,5,50,0.0023,NORMAL,None,Low
2605,0,6,60,0.0024,NORMAL,None,Low
2606,0,1,10,0.0033,NORMAL,None,Medium
2606,0,2,20,0.0036,NORMAL,None,Medium
2606,0,3,30,0.0027,NORMAL,None,Medium
2606,0,4,40,0.0024,NORMAL,None,Low
2606,0,5,50,0.0024,NORMAL,None,Low
2606,0,6,60,0.0019,NORMAL,None,Low
2607,0,1,10,0.0036,NORMAL,None,Medium
2607,0,2,20,0.0033,NORMAL,None,Medium
2607,0,3,30,0.0026,NORMAL,None,Medium
2607,0,4,40,0.0027,NORMAL,None,Low
2607,0,5,50,0.0026,NORMAL,None,Low
2607,0,6,60,0.0024,NORMAL,None,Low
2608,0,1,10,0.0041,NORMAL,None,Medium
2608,0,2,20,0.0038,NORMAL,None,Medium
2608,0,3,30,0.0031,NORMAL,None,Medium
2608,0,4,40,0.0026,NORMAL,None,Low
2608,0,5,50,0.0026,NORMAL,None,Low
2608,0,6,60,0.0024,NORMAL,None,Low
2609,0,1,10,0.0028,NORMAL,None,Medium
2609,0,2,20,0.0029,NORMAL,None,Medium
2609,0,3,30,0.0025,NORMAL,None,Medium
2609,0,4,40,0.0021,NORMAL,None,Low
2609,0,5,50,0.0023,NORMAL,None,Low
2609,0,6,60,0.0024,NORMAL,None,Low
2610,0,1,10,0.0025,NORMAL,None,Medium
2610,0,2,20,0.0022,NORMAL,None,Medium
2610,0,3,30,0.0023,NORMAL,None,Medium
2610,0,4,40,0.0021,NORMAL,None,Low
2610,0,5,50,0.0017,NORMAL,None,Low
2610,0,6,60,0.0021,NORMAL,None,Low
2611,0,1,10,0.003,NORMAL,None,Medium
2611,0,2,20,0.0028,NORMAL,None,Medium
2611,0,3,30,0.0024,NORMAL,None,Medium
2611,0,4,40,0.0023,NORMAL,None,Low
2611,0,5,50,0.0019,NORMAL,None,Low
2611,0,6,60,0.0023,NORMAL,None,Low
2612,0,1,10,0.0033,NORMAL,None,Medium
2612,0,2,20,0.0026,NORMAL,None,Medium
2612,0,3,30,0.0023,NORMAL,None,Medium
2612,0,4,40,0.0023,NORMAL,None,Low
2612,0,5,50,0.0021,NORMAL,None,Low
2612,0,6,60,0.0023,NORMAL,None,Low
2613,0,1,10,0.0043,NORMAL,None,Medium
2613,0,2,20,0.003,NORMAL,None,Medium
2613,0,3,30,0.003,NORMAL,None,Medium
2613,0,4,40,0.0022,NORMAL,None,Low
2613,0,5,50,0.002,NORMAL,None,Low
2613,0,6,60,0.0021,NORMAL,None,Low
2614,0,1,10,0.0031,NORMAL,None,Medium
2614,0,2,20,0.0032,NORMAL,None,Medium
2614,0,3,30,0.0028,NORMAL,None,Medium
2614,0,4,40,0.0024,NORMAL,None,Low
2614,0,5,50,0.0024,NORMAL,None,Low
2614,0,6,60,0.0021,NORMAL,None,Low
2615,0,1,10,0.0035,NORMAL,None,Medium
2615,0,2,20,0.0031,NORMAL,None,Medium
2615,0,3,30,0.0029,NORMAL,None,Medium
2615,0,4,40,0.0026,NORMAL,None,Low
2615,0,5,50,0.0022,NORMAL,None,Low
2615,0,6,60,0.0024,NORMAL,None,Low
2616,0,1,10,0.0028,NORMAL,None,Medium
2616,0,2,20,0.0031,NORMAL,None,Medium
2616,0,3,30,0.0026,NORMAL,None,Medium
2616,0,4,40,0.0022,NORMAL,None,Low
2616,0,5,50,0.002,NORMAL,None,Low
2616,0,6,60,0.0021,NORMAL,None,Low
2617,0,1,10,0.0025,NORMAL,None,Medium
2617,0,2,20,0.0025,NORMAL,None,Medium
2617,0,3,30,0.0022,NORMAL,None,Medium
2617,0,4,40,0.0023,NORMAL,None,Low
2617,0,5,50,0.0024,NORMAL,None,Low
2617,0,6,60,0.002,NORMAL,None,Low
2618,0,1,10,0.0027,NORMAL,None,Medium
2618,0,2,20,0.0027,NORMAL,None,Medium
2618,0,3,30,0.0027,NORMAL,None,Medium
2618,0,4,40,0.0023,NORMAL,None,Low
2618,0,5,50,0.0024,NORMAL,None,Low
2618,0,6,60,0.0021,NORMAL,None,Low
2619,0,1,10,0.0028,NORMAL,None,Medium
2619,0,2,20,0.0025,NORMAL,None,Medium
2619,0,3,30,0.0028,NORMAL,None,Medium
2619,0,4,40,0.0026,NORMAL,None,Low
2619,0,5,50,0.0024,NORMAL,None,Low
2619,0,6,60,0.002,NORMAL,None,Low
2620,0,1,10,0.0026,NORMAL,None,Medium
2620,0,2,20,0.003,NORMAL,None,Medium
2620,0,3,30,0.0027,NORMAL,None,Medium
2620,0,4,40,0.0022,NORMAL,None,Low
2620,0,5,50,0.0022,NORMAL,None,Low
2620,0,6,60,0.0023,NORMAL,None,Low
2621,0,1,10,0.0022,NORMAL,None,Medium
2621,0,2,20,0.0021,NORMAL,None,Medium
2621,0,3,30,0.0022,NORMAL,None,Medium
2621,0,4,40,0.0023,NORMAL,None,Low
2621,0,5,50,0.0023,NORMAL,None,Low
2621,0,6,60,0.0023,NORMAL,None,Low
2622,0,1,10,0.0025,NORMAL,None,Medium
2622,0,2,20,0.0028,NORMAL,None,Medium
2622,0,3,30,0.0025,NORMAL,None,Medium
2622,0,4,40,0.0022,NORMAL,None,Low
2622,0,5,50,0.0021,NORMAL,None,Low
2622,0,6,60,0.0022,NORMAL,None,Low
2623,0,1,10,0.0024,NORMAL,None,Medium
2623,0,2,20,0.0023,NORMAL,None,Medium
2623,0,3,30,0.0022,NORMAL,None,Medium
2623,0,4,40,0.0021,NORMAL,None,Low
2623,0,5,50,0.0023,NORMAL,None,Low
2623,0,6,60,0.0023,NORMAL,None,Low
2624,0,1,10,0.003,NORMAL,None,Medium
2624,0,2,20,0.0029,NORMAL,None,Medium
2624,0,3,30,0.0031,NORMAL,None,Medium
2624,0,4,40,0.0027,NORMAL,None,Low
2624,0,5,50,0.0021,NORMAL,None,Low
2624,0,6,60,0.002,NORMAL,None,Low
2625,0,1,10,0.0031,NORMAL,None,Medium
2625,0,2,20,0.0023,NORMAL,None,Medium
2625,0,3,30,0.0021,NORMAL,None,Medium
2625,0,4,40,0.0027,NORMAL,None,Low
2625,0,5,50,0.0023,NORMAL,None,Low
2625,0,6,60,0.0026,NORMAL,None,Low
2626,0,1,10,0.0028,NORMAL,None,Medium
2626,0,2,20,0.0029,NORMAL,None,Medium
2626,0,3,30,0.0029,NORMAL,None,Medium
2626,0,4,40,0.0023,NORMAL,None,Low
2626,0,5,50,0.0022,NORMAL,None,Low
2626,0,6,60,0.0023,NORMAL,None,Low
2627,0,1,10,0.0021,NORMAL,None,Medium
2627,0,2,20,0.0023,NORMAL,None,Medium
2627,0,3,30,0.0019,NORMAL,None,Medium
2627,0,4,40,0.0022,NORMAL,None,Low
2627,0,5,50,0.0023,NORMAL,None,Low
2627,0,6,60,0.0023,NORMAL,None,Low
2628,0,1,10,0.0044,NORMAL,None,Medium
2628,0,2,20,0.0026,NORMAL,None,Medium
2628,0,3,30,0.0024,NORMAL,None,Medium
2628,0,4,40,0.0021,NORMAL,None,Low
2628,0,5,50,0.0023,NORMAL,None,Low
2628,0,6,60,0.0023,NORMAL,None,Low
2629,0,1,10,0.0047,NORMAL,None,Medium
2629,0,2,20,0.0032,NORMAL,None,Medium
2629,0,3,30,0.0028,NORMAL,None,Medium
2629,0,4,40,0.0021,NORMAL,None,Low
2629,0,5,50,0.0023,NORMAL,None,Low
2629,0,6,60,0.0022,NORMAL,None,Low
2630,0,1,10,0.004,NORMAL,None,Medium
2630,0,2,20,0.0032,NORMAL,None,Medium
2630,0,3,30,0.0025,NORMAL,None,Medium
2630,0,4,40,0.0022,NORMAL,None,Low
2630,0,5,50,0.0023,NORMAL,None,Low
2630,0,6,60,0.0023,NORMAL,None,Low
2631,0,1,10,0.0028,NORMAL,None,Medium
2631,0,2,20,0.0028,NORMAL,None,Medium
2631,0,3,30,0.0025,NORMAL,None,Medium
2631,0,4,40,0.0022,NORMAL,None,Low
2631,0,5,50,0.0029,NORMAL,None,Low
2631,0,6,60,0.0022,NORMAL,None,Low
2632,0,1,10,0.0025,NORMAL,None,Medium
2632,0,2,20,0.003,NORMAL,None,Medium
2632,0,3,30,0.0024,NORMAL,None,Medium
2632,0,4,40,0.0022,NORMAL,None,Low
2632,0,5,50,0.0023,NORMAL,None,Low
2632,0,6,60,0.0021,NORMAL,None,Low
2633,0,1,10,0.0028,NORMAL,None,Medium
2633,0,2,20,0.0032,NORMAL,None,Medium
2633,0,3,30,0.0026,NORMAL,None,Medium
2633,0,4,40,0.0026,NORMAL,None,Low
2633,0,5,50,0.0023,NORMAL,None,Low
2633,0,6,60,0.0021,NORMAL,None,Low
2634,0,1,10,0.0026,NORMAL,None,Medium
2634,0,2,20,0.0027,NORMAL,None,Medium
2634,0,3,30,0.0027,NORMAL,None,Medium
2634,0,4,40,0.0025,NORMAL,None,Low
2634,0,5,50,0.0023,NORMAL,None,Low
2634,0,6,60,0.0021,NORMAL,None,Low
2635,0,1,10,0.0018,NORMAL,None,Medium
2635,0,2,20,0.0025,NORMAL,None,Medium
2635,0,3,30,0.0024,NORMAL,None,Medium
2635,0,4,40,0.0023,NORMAL,None,Low
2635,0,5,50,0.0021,NORMAL,None,Low
2635,0,6,60,0.0022,NORMAL,None,Low
2636,0,1,10,0.0029,NORMAL,None,Medium
2636,0,2,20,0.0031,NORMAL,None,Medium
2636,0,3,30,0.0027,NORMAL,None,Medium
2636,0,4,40,0.0025,NORMAL,None,Low
2636,0,5,50,0.0023,NORMAL,None,Low
2636,0,6,60,0.0023,NORMAL,None,Low
2637,0,1,10,0.0021,NORMAL,None,Medium
2637,0,2,20,0.0025,NORMAL,None,Medium
2637,0,3,30,0.0025,NORMAL,None,Medium
2637,0,4,40,0.0023,NORMAL,None,Low
2637,0,5,50,0.0021,NORMAL,None,Low
2637,0,6,60,0.0021,NORMAL,None,Low
2638,0,1,10,0.0018,NORMAL,None,Medium
2638,0,2,20,0.0021,NORMAL,None,Medium
2638,0,3,30,0.0022,NORMAL,None,Medium
2638,0,4,40,0.002,NORMAL,None,Low
2638,0,5,50,0.0019,NORMAL,None,Low
2638,0,6,60,0.0019,NORMAL,None,Low
2639,0,1,10,0.0019,NORMAL,None,Medium
2639,0,2,20,0.0022,NORMAL,None,Medium
2639,0,3,30,0.0022,NORMAL,None,Medium
2639,0,4,40,0.0023,NORMAL,None,Low
2639,0,5,50,0.0023,NORMAL,None,Low
2639,0,6,60,0.0022,NORMAL,None,Low
2640,0,1,10,0.0018,NORMAL,None,Medium
2640,0,2,20,0.0019,NORMAL,None,Medium
2640,0,3,30,0.0022,NORMAL,None,Medium
2640,0,4,40,0.0022,NORMAL,None,Low
2640,0,5,50,0.0019,NORMAL,None,Low
2640,0,6,60,0.0025,NORMAL,None,Low
2641,0,1,10,0.0019,NORMAL,None,Medium
2641,0,2,20,0.0021,NORMAL,None,Medium
2641,0,3,30,0.0021,NORMAL,None,Medium
2641,0,4,40,0.002,NORMAL,None,Low
2641,0,5,50,0.002,NORMAL,None,Low
2641,0,6,60,0.0021,NORMAL,None,Low
2642,0,1,10,0.0016,NORMAL,None,Medium
2642,0,2,20,0.0022,NORMAL,None,Medium
2642,0,3,30,0.0028,NORMAL,None,Medium
2642,0,4,40,0.0026,NORMAL,None,Low
2642,0,5,50,0.0021,NORMAL,None,Low
2642,0,6,60,0.0021,NORMAL,None,Low
2643,0,1,10,0.002,NORMAL,None,Medium
2643,0,2,20,0.0024,NORMAL,None,Medium
2643,0,3,30,0.0022,NORMAL,None,Medium
2643,0,4,40,0.0021,NORMAL,None,Low
2643,0,5,50,0.0022,NORMAL,None,Low
2643,0,6,60,0.002,NORMAL,None,Low
2644,0,1,10,0.0019,NORMAL,None,Medium
2644,0,2,20,0.0023,NORMAL,None,Medium
2644,0,3,30,0.0023,NORMAL,None,Medium
2644,0,4,40,0.0023,NORMAL,None,Low
2644,0,5,50,0.0021,NORMAL,None,Low
2644,0,6,60,0.0021,NORMAL,None,Low
2645,0,1,10,0.0018,NORMAL,None,Medium
2645,0,2,20,0.0021,NORMAL,None,Medium
2645,0,3,30,0.0023,NORMAL,None,Medium
2645,0,4,40,0.0023,NORMAL,None,Low
2645,0,5,50,0.0021,NORMAL,None,Low
2645,0,6,60,0.0022,NORMAL,None,Low
2646,0,1,10,0.0019,NORMAL,None,Medium
2646,0,2,20,0.0023,NORMAL,None,Medium
2646,0,3,30,0.0022,NORMAL,None,Medium
2646,0,4,40,0.0024,NORMAL,None,Low
2646,0,5,50,0.0021,NORMAL,None,Low
2646,0,6,60,0.0019,NORMAL,None,Low
2647,0,1,10,0.002,NORMAL,None,Medium
2647,0,2,20,0.0024,NORMAL,None,Medium
2647,0,3,30,0.0023,NORMAL,None,Medium
2647,0,4,40,0.0024,NORMAL,None,Low
2647,0,5,50,0.0024,NORMAL,None,Low
2647,0,6,60,0.0024,NORMAL,None,Low
2648,0,1,10,0.0018,NORMAL,None,Medium
2648,0,2,20,0.0025,NORMAL,None,Medium
2648,0,3,30,0.0022,NORMAL,None,Medium
2648,0,4,40,0.0023,NORMAL,None,Low
2648,0,5,50,0.0023,NORMAL,None,Low
2648,0,6,60,0.0021,NORMAL,None,Low
2649,0,1,10,0.0023,NORMAL,None,Medium
2649,0,2,20,0.0024,NORMAL,None,Medium
2649,0,3,30,0.0021,NORMAL,None,Medium
2649,0,4,40,0.002,NORMAL,None,Low
2649,0,5,50,0.0023,NORMAL,None,Low
2649,0,6,60,0.002,NORMAL,None,Low
2650,0,1,10,0.0026,NORMAL,None,Medium
2650,0,2,20,0.0027,NORMAL,None,Medium
2650,0,3,30,0.0033,NORMAL,None,Medium
2650,0,4,40,0.0021,NORMAL,None,Low
2650,0,5,50,0.0023,NORMAL,None,Low
2650,0,6,60,0.0019,NORMAL,None,Low
2651,0,1,10,0.0039,NORMAL,None,Medium
2651,0,2,20,0.0038,NORMAL,None,Medium
2651,0,3,30,0.0032,NORMAL,None,Medium
2651,0,4,40,0.0026,NORMAL,None,Low
2651,0,5,50,0.0025,NORMAL,None,Low
2651,0,6,60,0.0022,NORMAL,None,Low
2652,0,1,10,0.0039,NORMAL,None,Medium
2652,0,2,20,0.0034,NORMAL,None,Medium
2652,0,3,30,0.0028,NORMAL,None,Medium
2652,0,4,40,0.0025,NORMAL,None,Low
2652,0,5,50,0.0024,NORMAL,None,Low
2652,0,6,60,0.0027,NORMAL,None,Low
2653,0,1,10,0.0039,NORMAL,None,Medium
2653,0,2,20,0.003,NORMAL,None,Medium
2653,0,3,30,0.0028,NORMAL,None,Medium
2653,0,4,40,0.0024,NORMAL,None,Low
2653,0,5,50,0.0024,NORMAL,None,Low
2653,0,6,60,0.0023,NORMAL,None,Low
2654,0,1,10,0.0034,NORMAL,None,Medium
2654,0,2,20,0.0027,NORMAL,None,Medium
2654,0,3,30,0.0025,NORMAL,None,Medium
2654,0,4,40,0.0026,NORMAL,None,Low
2654,0,5,50,0.0022,NORMAL,None,Low
2654,0,6,60,0.0024,NORMAL,None,Low
2655,0,1,10,0.0042,NORMAL,None,Medium
2655,0,2,20,0.0033,NORMAL,None,Medium
2655,0,3,30,0.0025,NORMAL,None,Medium
2655,0,4,40,0.0023,NORMAL,None,Low
2655,0,5,50,0.0023,NORMAL,None,Low
2655,0,6,60,0.0023,NORMAL,None,Low
2656,0,1,10,0.0033,NORMAL,None,Medium
2656,0,2,20,0.0029,NORMAL,None,Medium
2656,0,3,30,0.0026,NORMAL,None,Medium
2656,0,4,40,0.0022,NORMAL,None,Low
2656,0,5,50,0.0023,NORMAL,None,Low
2656,0,6,60,0.0022,NORMAL,None,Low
2657,0,1,10,0.0052,NORMAL,None,Medium
2657,0,2,20,0.0035,NORMAL,None,Medium
2657,0,3,30,0.0033,NORMAL,None,Medium
2657,0,4,40,0.0025,NORMAL,None,Low
2657,0,5,50,0.0025,NORMAL,None,Low
2657,0,6,60,0.0024,NORMAL,None,Low
2658,0,1,10,0.0034,NORMAL,None,Medium
2658,0,2,20,0.0032,NORMAL,None,Medium
2658,0,3,30,0.0027,NORMAL,None,Medium
2658,0,4,40,0.0027,NORMAL,None,Low
2658,0,5,50,0.0024,NORMAL,None,Low
2658,0,6,60,0.0024,NORMAL,None,Low
2659,0,1,10,0.0035,NORMAL,None,Medium
2659,0,2,20,0.004,NORMAL,None,Medium
2659,0,3,30,0.003,NORMAL,None,Medium
2659,0,4,40,0.0027,NORMAL,None,Low
2659,0,5,50,0.0021,NORMAL,None,Low
2659,0,6,60,0.002,NORMAL,None,Low
2660,0,1,10,0.0032,NORMAL,None,Medium
2660,0,2,20,0.0031,NORMAL,None,Medium
2660,0,3,30,0.0028,NORMAL,None,Medium
2660,0,4,40,0.0023,NORMAL,None,Low
2660,0,5,50,0.0022,NORMAL,None,Low
2660,0,6,60,0.0021,NORMAL,None,Low
2661,0,1,10,0.0031,NORMAL,None,Medium
2661,0,2,20,0.0028,NORMAL,None,Medium
2661,0,3,30,0.0027,NORMAL,None,Medium
2661,0,4,40,0.0027,NORMAL,None,Low
2661,0,5,50,0.0024,NORMAL,None,Low
2661,0,6,60,0.0026,NORMAL,None,Low
2662,0,1,10,0.003,NORMAL,None,Medium
2662,0,2,20,0.0039,NORMAL,None,Medium
2662,0,3,30,0.0033,NORMAL,None,Medium
2662,0,4,40,0.0029,NORMAL,None,Low
2662,0,5,50,0.0026,NORMAL,None,Low
2662,0,6,60,0.0022,NORMAL,None,Low
2663,0,1,10,0.003,NORMAL,None,Medium
2663,0,2,20,0.0031,NORMAL,None,Medium
2663,0,3,30,0.0028,NORMAL,None,Medium
2663,0,4,40,0.0026,NORMAL,None,Low
2663,0,5,50,0.0026,NORMAL,None,Low
2663,0,6,60,0.0021,NORMAL,None,Low
2664,0,1,10,0.0027,NORMAL,None,Medium
2664,0,2,20,0.0022,NORMAL,None,Medium
2664,0,3,30,0.0024,NORMAL,None,Medium
2664,0,4,40,0.0022,NORMAL,None,Low
2664,0,5,50,0.002,NORMAL,None,Low
2664,0,6,60,0.0021,NORMAL,None,Low
2665,0,1,10,0.0021,NORMAL,None,Medium
2665,0,2,20,0.0024,NORMAL,None,Medium
2665,0,3,30,0.0023,NORMAL,None,Medium
2665,0,4,40,0.0023,NORMAL,None,Low
2665,0,5,50,0.0019,NORMAL,None,Low
2665,0,6,60,0.002,NORMAL,None,Low
2666,0,1,10,0.0023,NORMAL,None,Medium
2666,0,2,20,0.0023,NORMAL,None,Medium
2666,0,3,30,0.002,NORMAL,None,Medium
2666,0,4,40,0.0024,NORMAL,None,Low
2666,0,5,50,0.0023,NORMAL,None,Low
2666,0,6,60,0.0022,NORMAL,None,Low
2667,0,1,10,0.0023,NORMAL,None,Medium
2667,0,2,20,0.0025,NORMAL,None,Medium
2667,0,3,30,0.0023,NORMAL,None,Medium
2667,0,4,40,0.0019,NORMAL,None,Low
2667,0,5,50,0.0019,NORMAL,None,Low
2667,0,6,60,0.0023,NORMAL,None,Low
2668,0,1,10,0.0027,NORMAL,None,Medium
2668,0,2,20,0.0031,NORMAL,None,Medium
2668,0,3,30,0.0025,NORMAL,None,Medium
2668,0,4,40,0.0026,NORMAL,None,Low
2668,0,5,50,0.0021,NORMAL,None,Low
2668,0,6,60,0.0022,NORMAL,None,Low
2669,0,1,10,0.0031,NORMAL,None,Medium
2669,0,2,20,0.0025,NORMAL,None,Medium
2669,0,3,30,0.0029,NORMAL,None,Medium
2669,0,4,40,0.0025,NORMAL,None,Low
2669,0,5,50,0.0025,NORMAL,None,Low
2669,0,6,60,0.0021,NORMAL,None,Low
2670,0,1,10,0.0031,NORMAL,None,Medium
2670,0,2,20,0.0033,NORMAL,None,Medium
2670,0,3,30,0.0027,NORMAL,None,Medium
2670,0,4,40,0.0025,NORMAL,None,Low
2670,0,5,50,0.0024,NORMAL,None,Low
2670,0,6,60,0.0023,NORMAL,None,Low
2671,0,1,10,0.0029,NORMAL,None,Medium
2671,0,2,20,0.0027,NORMAL,None,Medium
2671,0,3,30,0.0024,NORMAL,None,Medium
2671,0,4,40,0.0023,NORMAL,None,Low
2671,0,5,50,0.0022,NORMAL,None,Low
2671,0,6,60,0.0021,NORMAL,None,Low
2672,0,1,10,0.0031,NORMAL,None,Medium
2672,0,2,20,0.0027,NORMAL,None,Medium
2672,0,3,30,0.0026,NORMAL,None,Medium
2672,0,4,40,0.0028,NORMAL,None,Low
2672,0,5,50,0.0023,NORMAL,None,Low
2672,0,6,60,0.0024,NORMAL,None,Low
2673,0,1,10,0.0028,NORMAL,None,Medium
2673,0,2,20,0.0026,NORMAL,None,Medium
2673,0,3,30,0.0026,NORMAL,None,Medium
2673,0,4,40,0.0027,NORMAL,None,Low
2673,0,5,50,0.0024,NORMAL,None,Low
2673,0,6,60,0.0021,NORMAL,None,Low
2674,0,1,10,0.003,NORMAL,None,Medium
2674,0,2,20,0.0028,NORMAL,None,Medium
2674,0,3,30,0.0027,NORMAL,None,Medium
2674,0,4,40,0.0025,NORMAL,None,Low
2674,0,5,50,0.0024,NORMAL,None,Low
2674,0,6,60,0.0022,NORMAL,None,Low
2675,0,1,10,0.0024,NORMAL,None,Medium
2675,0,2,20,0.0025,NORMAL,None,Medium
2675,0,3,30,0.0024,NORMAL,None,Medium
2675,0,4,40,0.0023,NORMAL,None,Low
2675,0,5,50,0.002,NORMAL,None,Low
2675,0,6,60,0.0021,NORMAL,None,Low
2676,0,1,10,0.0027,NORMAL,None,Medium
2676,0,2,20,0.0026,NORMAL,None,Medium
2676,0,3,30,0.0025,NORMAL,None,Medium
2676,0,4,40,0.0026,NORMAL,None,Low
2676,0,5,50,0.0021,NORMAL,None,Low
2676,0,6,60,0.0022,NORMAL,None,Low
2677,0,1,10,0.0033,NORMAL,None,Medium
2677,0,2,20,0.0025,NORMAL,None,Medium
2677,0,3,30,0.0023,NORMAL,None,Medium
2677,0,4,40,0.0023,NORMAL,None,Low
2677,0,5,50,0.0025,NORMAL,None,Low
2677,0,6,60,0.0022,NORMAL,None,Low
2678,0,1,10,0.0034,NORMAL,None,Medium
2678,0,2,20,0.0039,NORMAL,None,Medium
2678,0,3,30,0.0034,NORMAL,None,Medium
2678,0,4,40,0.0027,NORMAL,None,Low
2678,0,5,50,0.0021,NORMAL,None,Low
2678,0,6,60,0.0029,NORMAL,None,Low
2679,0,1,10,0.0033,NORMAL,None,Medium
2679,0,2,20,0.0034,NORMAL,None,Medium
2679,0,3,30,0.0031,NORMAL,None,Medium
2679,0,4,40,0.0026,NORMAL,None,Low
2679,0,5,50,0.0023,NORMAL,None,Low
2679,0,6,60,0.0022,NORMAL,None,Low
2680,0,1,10,0.0045,NORMAL,None,Medium
2680,0,2,20,0.0036,NORMAL,None,Medium
2680,0,3,30,0.0031,NORMAL,None,Medium
2680,0,4,40,0.0031,NORMAL,None,Low
2680,0,5,50,0.0024,NORMAL,None,Low
2680,0,6,60,0.0023,NORMAL,None,Low
2681,0,1,10,0.0034,NORMAL,None,Medium
2681,0,2,20,0.0025,NORMAL,None,Medium
2681,0,3,30,0.0024,NORMAL,None,Medium
2681,0,4,40,0.0027,NORMAL,None,Low
2681,0,5,50,0.0023,NORMAL,None,Low
2681,0,6,60,0.002,NORMAL,None,Low
2682,0,1,10,0.0046,NORMAL,None,Medium
2682,0,2,20,0.0039,NORMAL,None,Medium
2682,0,3,30,0.003,NORMAL,None,Medium
2682,0,4,40,0.003,NORMAL,None,Low
2682,0,5,50,0.0026,NORMAL,None,Low
2682,0,6,60,0.0021,NORMAL,None,Low
2683,0,1,10,0.0034,NORMAL,None,Medium
2683,0,2,20,0.0035,NORMAL,None,Medium
2683,0,3,30,0.003,NORMAL,None,Medium
2683,0,4,40,0.0025,NORMAL,None,Low
2683,0,5,50,0.0025,NORMAL,None,Low
2683,0,6,60,0.0026,NORMAL,None,Low
2684,0,1,10,0.0031,NORMAL,None,Medium
2684,0,2,20,0.0031,NORMAL,None,Medium
2684,0,3,30,0.0025,NORMAL,None,Medium
2684,0,4,40,0.0023,NORMAL,None,Low
2684,0,5,50,0.0023,NORMAL,None,Low
2684,0,6,60,0.0022,NORMAL,None,Low
2685,0,1,10,0.0029,NORMAL,None,Medium
2685,0,2,20,0.0031,NORMAL,None,Medium
2685,0,3,30,0.0025,NORMAL,None,Medium
2685,0,4,40,0.0023,NORMAL,None,Low
2685,0,5,50,0.0022,NORMAL,None,Low
2685,0,6,60,0.0021,NORMAL,None,Low
2686,0,1,10,0.0027,NORMAL,None,Medium
2686,0,2,20,0.0026,NORMAL,None,Medium
2686,0,3,30,0.0025,NORMAL,None,Medium
2686,0,4,40,0.0022,NORMAL,None,Low
2686,0,5,50,0.0023,NORMAL,None,Low
2686,0,6,60,0.0024,NORMAL,None,Low
2687,0,1,10,0.003,NORMAL,None,Medium
2687,0,2,20,0.0027,NORMAL,None,Medium
2687,0,3,30,0.0025,NORMAL,None,Medium
2687,0,4,40,0.0022,NORMAL,None,Low
2687,0,5,50,0.0022,NORMAL,None,Low
2687,0,6,60,0.0021,NORMAL,None,Low
2688,0,1,10,0.0019,NORMAL,None,Medium
2688,0,2,20,0.002,NORMAL,None,Medium
2688,0,3,30,0.0024,NORMAL,None,Medium
2688,0,4,40,0.0021,NORMAL,None,Low
2688,0,5,50,0.0026,NORMAL,None,Low
2688,0,6,60,0.002,NORMAL,None,Low
2689,0,1,10,0.0023,NORMAL,None,Medium
2689,0,2,20,0.0025,NORMAL,None,Medium
2689,0,3,30,0.0023,NORMAL,None,Medium
2689,0,4,40,0.0026,NORMAL,None,Low
2689,0,5,50,0.0021,NORMAL,None,Low
2689,0,6,60,0.0021,NORMAL,None,Low
2690,0,1,10,0.002,NORMAL,None,Medium
2690,0,2,20,0.0024,NORMAL,None,Medium
2690,0,3,30,0.0027,NORMAL,None,Medium
2690,0,4,40,0.0024,NORMAL,None,Low
2690,0,5,50,0.0024,NORMAL,None,Low
2690,0,6,60,0.0023,NORMAL,None,Low
2691,0,1,10,0.0028,NORMAL,None,Medium
2691,0,2,20,0.0024,NORMAL,None,Medium
2691,0,3,30,0.0024,NORMAL,None,Medium
2691,0,4,40,0.0024,NORMAL,None,Low
2691,0,5,50,0.0022,NORMAL,None,Low
2691,0,6,60,0.0023,NORMAL,None,Low
2692,0,1,10,0.0023,NORMAL,None,Medium
2692,0,2,20,0.0025,NORMAL,None,Medium
2692,0,3,30,0.0024,NORMAL,None,Medium
2692,0,4,40,0.0023,NORMAL,None,Low
2692,0,5,50,0.0024,NORMAL,None,Low
2692,0,6,60,0.0024,NORMAL,None,Low
2693,0,1,10,0.0025,NORMAL,None,Medium
2693,0,2,20,0.0022,NORMAL,None,Medium
2693,0,3,30,0.0023,NORMAL,None,Medium
2693,0,4,40,0.0024,NORMAL,None,Low
2693,0,5,50,0.002,NORMAL,None,Low
2693,0,6,60,0.0021,NORMAL,None,Low
2694,0,1,10,0.0038,NORMAL,None,Medium
2694,0,2,20,0.0032,NORMAL,None,Medium
2694,0,3,30,0.0028,NORMAL,None,Medium
2694,0,4,40,0.0023,NORMAL,None,Low
2694,0,5,50,0.0024,NORMAL,None,Low
2694,0,6,60,0.0026,NORMAL,None,Low
2695,0,1,10,0.0032,NORMAL,None,Medium
2695,0,2,20,0.0032,NORMAL,None,Medium
2695,0,3,30,0.0026,NORMAL,None,Medium
2695,0,4,40,0.0024,NORMAL,None,Low
2695,0,5,50,0.0021,NORMAL,None,Low
2695,0,6,60,0.0024,NORMAL,None,Low
2696,0,1,10,0.0025,NORMAL,None,Medium
2696,0,2,20,0.0028,NORMAL,None,Medium
2696,0,3,30,0.0028,NORMAL,None,Medium
2696,0,4,40,0.0025,NORMAL,None,Low
2696,0,5,50,0.0022,NORMAL,None,Low
2696,0,6,60,0.002,NORMAL,None,Low
2697,0,1,10,0.0023,NORMAL,None,Medium
2697,0,2,20,0.0026,NORMAL,None,Medium
2697,0,3,30,0.0027,NORMAL,None,Medium
2697,0,4,40,0.0024,NORMAL,None,Low
2697,0,5,50,0.0022,NORMAL,None,Low
2697,0,6,60,0.0024,NORMAL,None,Low
2698,0,1,10,0.0022,NORMAL,None,Medium
2698,0,2,20,0.0028,NORMAL,None,Medium
2698,0,3,30,0.0025,NORMAL,None,Medium
2698,0,4,40,0.0023,NORMAL,None,Low
2698,0,5,50,0.0021,NORMAL,None,Low
2698,0,6,60,0.0021,NORMAL,None,Low
2699,0,1,10,0.0024,NORMAL,None,Medium
2699,0,2,20,0.0024,NORMAL,None,Medium
2699,0,3,30,0.0023,NORMAL,None,Medium
2699,0,4,40,0.0022,NORMAL,None,Low
2699,0,5,50,0.0022,NORMAL,None,Low
2699,0,6,60,0.0022,NORMAL,None,Low
2700,0,1,10,0.0032,NORMAL,None,Medium
2700,0,2,20,0.0027,NORMAL,None,Medium
2700,0,3,30,0.0022,NORMAL,None,Medium
2700,0,4,40,0.0022,NORMAL,None,Low
2700,0,5,50,0.0022,NORMAL,None,Low
2700,0,6,60,0.0021,NORMAL,None,Low
2701,0,1,10,0.0027,NORMAL,None,Medium
2701,0,2,20,0.0029,NORMAL,None,Medium
2701,0,3,30,0.0026,NORMAL,None,Medium
2701,0,4,40,0.0023,NORMAL,None,Low
2701,0,5,50,0.0024,NORMAL,None,Low
2701,0,6,60,0.002,NORMAL,None,Low
2702,0,1,10,0.0026,NORMAL,None,Medium
2702,0,2,20,0.003,NORMAL,None,Medium
2702,0,3,30,0.0031,NORMAL,None,Medium
2702,0,4,40,0.0028,NORMAL,None,Low
2702,0,5,50,0.0024,NORMAL,None,Low
2702,0,6,60,0.0024,NORMAL,None,Low
2703,0,1,10,0.0033,NORMAL,None,Medium
2703,0,2,20,0.0033,NORMAL,None,Medium
2703,0,3,30,0.0027,NORMAL,None,Medium
2703,0,4,40,0.0026,NORMAL,None,Low
2703,0,5,50,0.0024,NORMAL,None,Low
2703,0,6,60,0.0022,NORMAL,None,Low
2704,0,1,10,0.0037,NORMAL,None,Medium
2704,0,2,20,0.0033,NORMAL,None,Medium
2704,0,3,30,0.0026,NORMAL,None,Medium
2704,0,4,40,0.0028,NORMAL,None,Low
2704,0,5,50,0.0021,NORMAL,None,Low
2704,0,6,60,0.002,NORMAL,None,Low
2705,0,1,10,0.0023,NORMAL,None,Medium
2705,0,2,20,0.0033,NORMAL,None,Medium
2705,0,3,30,0.0026,NORMAL,None,Medium
2705,0,4,40,0.0024,NORMAL,None,Low
2705,0,5,50,0.0025,NORMAL,None,Low
2705,0,6,60,0.002,NORMAL,None,Low
2706,0,1,10,0.0025,NORMAL,None,Medium
2706,0,2,20,0.0034,NORMAL,None,Medium
2706,0,3,30,0.0025,NORMAL,None,Medium
2706,0,4,40,0.0024,NORMAL,None,Low
2706,0,5,50,0.0028,NORMAL,None,Low
2706,0,6,60,0.0022,NORMAL,None,Low
2707,0,1,10,0.0024,NORMAL,None,Medium
2707,0,2,20,0.0029,NORMAL,None,Medium
2707,0,3,30,0.0026,NORMAL,None,Medium
2707,0,4,40,0.0027,NORMAL,None,Low
2707,0,5,50,0.0022,NORMAL,None,Low
2707,0,6,60,0.0021,NORMAL,None,Low
2708,0,1,10,0.0023,NORMAL,None,Medium
2708,0,2,20,0.0028,NORMAL,None,Medium
2708,0,3,30,0.0024,NORMAL,None,Medium
2708,0,4,40,0.0023,NORMAL,None,Low
2708,0,5,50,0.0022,NORMAL,None,Low
2708,0,6,60,0.0021,NORMAL,None,Low
2709,0,1,10,0.003,NORMAL,None,Medium
2709,0,2,20,0.0026,NORMAL,None,Medium
2709,0,3,30,0.0023,NORMAL,None,Medium
2709,0,4,40,0.0021,NORMAL,None,Low
2709,0,5,50,0.0026,NORMAL,None,Low
2709,0,6,60,0.0024,NORMAL,None,Low
2710,0,1,10,0.0025,NORMAL,None,Medium
2710,0,2,20,0.003,NORMAL,None,Medium
2710,0,3,30,0.0028,NORMAL,None,Medium
2710,0,4,40,0.0027,NORMAL,None,Low
2710,0,5,50,0.0023,NORMAL,None,Low
2710,0,6,60,0.0022,NORMAL,None,Low
2711,0,1,10,0.0023,NORMAL,None,Medium
2711,0,2,20,0.003,NORMAL,None,Medium
2711,0,3,30,0.0028,NORMAL,None,Medium
2711,0,4,40,0.0025,NORMAL,None,Low
2711,0,5,50,0.002,NORMAL,None,Low
2711,0,6,60,0.0022,NORMAL,None,Low
2712,0,1,10,0.0025,NORMAL,None,Medium
2712,0,2,20,0.0026,NORMAL,None,Medium
2712,0,3,30,0.0024,NORMAL,None,Medium
2712,0,4,40,0.0026,NORMAL,None,Low
2712,0,5,50,0.0024,NORMAL,None,Low
2712,0,6,60,0.0022,NORMAL,None,Low
2713,0,1,10,0.0025,NORMAL,None,Medium
2713,0,2,20,0.0023,NORMAL,None,Medium
2713,0,3,30,0.0027,NORMAL,None,Medium
2713,0,4,40,0.002,NORMAL,None,Low
2713,0,5,50,0.0018,NORMAL,None,Low
2713,0,6,60,0.0021,NORMAL,None,Low
2714,0,1,10,0.0018,NORMAL,None,Medium
2714,0,2,20,0.0022,NORMAL,None,Medium
2714,0,3,30,0.002,NORMAL,None,Medium
2714,0,4,40,0.002,NORMAL,None,Low
2714,0,5,50,0.0022,NORMAL,None,Low
2714,0,6,60,0.0023,NORMAL,None,Low
2715,0,1,10,0.002,NORMAL,None,Medium
2715,0,2,20,0.0022,NORMAL,None,Medium
2715,0,3,30,0.0022,NORMAL,None,Medium
2715,0,4,40,0.0021,NORMAL,None,Low
2715,0,5,50,0.0024,NORMAL,None,Low
2715,0,6,60,0.0028,NORMAL,None,Low
2716,0,1,10,0.0023,NORMAL,None,Medium
2716,0,2,20,0.0024,NORMAL,None,Medium
2716,0,3,30,0.0022,NORMAL,None,Medium
2716,0,4,40,0.0022,NORMAL,None,Low
2716,0,5,50,0.0017,NORMAL,None,Low
2716,0,6,60,0.0023,NORMAL,None,Low
2717,0,1,10,0.0022,NORMAL,None,Medium
2717,0,2,20,0.0025,NORMAL,None,Medium
2717,0,3,30,0.0025,NORMAL,None,Medium
2717,0,4,40,0.0022,NORMAL,None,Low
2717,0,5,50,0.0022,NORMAL,None,Low
2717,0,6,60,0.0019,NORMAL,None,Low
2718,0,1,10,0.0026,NORMAL,None,Medium
2718,0,2,20,0.003,NORMAL,None,Medium
2718,0,3,30,0.0027,NORMAL,None,Medium
2718,0,4,40,0.0026,NORMAL,None,Low
2718,0,5,50,0.0027,NORMAL,None,Low
2718,0,6,60,0.0024,NORMAL,None,Low
2719,0,1,10,0.0028,NORMAL,None,Medium
2719,0,2,20,0.0025,NORMAL,None,Medium
2719,0,3,30,0.0023,NORMAL,None,Medium
2719,0,4,40,0.0025,NORMAL,None,Low
2719,0,5,50,0.0023,NORMAL,None,Low
2719,0,6,60,0.0022,NORMAL,None,Low
2720,0,1,10,0.003,NORMAL,None,Medium
2720,0,2,20,0.0025,NORMAL,None,Medium
2720,0,3,30,0.0028,NORMAL,None,Medium
2720,0,4,40,0.0026,NORMAL,None,Low
2720,0,5,50,0.0023,NORMAL,None,Low
2720,0,6,60,0.0023,NORMAL,None,Low
2721,0,1,10,0.0028,NORMAL,None,Medium
2721,0,2,20,0.0029,NORMAL,None,Medium
2721,0,3,30,0.0024,NORMAL,None,Medium
2721,0,4,40,0.0023,NORMAL,None,Low
2721,0,5,50,0.0025,NORMAL,None,Low
2721,0,6,60,0.0022,NORMAL,None,Low
2722,0,1,10,0.0031,NORMAL,None,Medium
2722,0,2,20,0.0023,NORMAL,None,Medium
2722,0,3,30,0.0021,NORMAL,None,Medium
2722,0,4,40,0.0022,NORMAL,None,Low
2722,0,5,50,0.002,NORMAL,None,Low
2722,0,6,60,0.0024,NORMAL,None,Low
2723,0,1,10,0.0028,NORMAL,None,Medium
2723,0,2,20,0.0023,NORMAL,None,Medium
2723,0,3,30,0.0022,NORMAL,None,Medium
2723,0,4,40,0.0024,NORMAL,None,Low
2723,0,5,50,0.0025,NORMAL,None,Low
2723,0,6,60,0.002,NORMAL,None,Low
2724,0,1,10,0.0045,NORMAL,None,Medium
2724,0,2,20,0.0028,NORMAL,None,Medium
2724,0,3,30,0.0026,NORMAL,None,Medium
2724,0,4,40,0.0028,NORMAL,None,Low
2724,0,5,50,0.0024,NORMAL,None,Low
2724,0,6,60,0.0022,NORMAL,None,Low
2725,0,1,10,0.005,NORMAL,None,Medium
2725,0,2,20,0.0026,NORMAL,None,Medium
2725,0,3,30,0.0024,NORMAL,None,Medium
2725,0,4,40,0.002,NORMAL,None,Low
2725,0,5,50,0.0021,NORMAL,None,Low
2725,0,6,60,0.0022,NORMAL,None,Low
2726,0,1,10,0.0045,NORMAL,None,Medium
2726,0,2,20,0.0033,NORMAL,None,Medium
2726,0,3,30,0.0029,NORMAL,None,Medium
2726,0,4,40,0.0024,NORMAL,None,Low
2726,0,5,50,0.0022,NORMAL,None,Low
2726,0,6,60,0.002,NORMAL,None,Low
2727,0,1,10,0.0048,NORMAL,None,Medium
2727,0,2,20,0.0035,NORMAL,None,Medium
2727,0,3,30,0.0025,NORMAL,None,Medium
2727,0,4,40,0.0028,NORMAL,None,Low
2727,0,5,50,0.0023,NORMAL,None,Low
2727,0,6,60,0.002,NORMAL,None,Low
2728,0,1,10,0.0036,NORMAL,None,Medium
2728,0,2,20,0.0031,NORMAL,None,Medium
2728,0,3,30,0.003,NORMAL,None,Medium
2728,0,4,40,0.0026,NORMAL,None,Low
2728,0,5,50,0.0022,NORMAL,None,Low
2728,0,6,60,0.0021,NORMAL,None,Low
2729,0,1,10,0.0031,NORMAL,None,Medium
2729,0,2,20,0.0029,NORMAL,None,Medium
2729,0,3,30,0.003,NORMAL,None,Medium
2729,0,4,40,0.0022,NORMAL,None,Low
2729,0,5,50,0.0024,NORMAL,None,Low
2729,0,6,60,0.0024,NORMAL,None,Low
2730,0,1,10,0.0038,NORMAL,None,Medium
2730,0,2,20,0.0034,NORMAL,None,Medium
2730,0,3,30,0.0035,NORMAL,None,Medium
2730,0,4,40,0.0029,NORMAL,None,Low
2730,0,5,50,0.0028,NORMAL,None,Low
2730,0,6,60,0.0021,NORMAL,None,Low
2731,0,1,10,0.003,NORMAL,None,Medium
2731,0,2,20,0.0027,NORMAL,None,Medium
2731,0,3,30,0.0026,NORMAL,None,Medium
2731,0,4,40,0.0025,NORMAL,None,Low
2731,0,5,50,0.0025,NORMAL,None,Low
2731,0,6,60,0.0022,NORMAL,None,Low
2732,0,1,10,0.0037,NORMAL,None,Medium
2732,0,2,20,0.0035,NORMAL,None,Medium
2732,0,3,30,0.003,NORMAL,None,Medium
2732,0,4,40,0.0024,NORMAL,None,Low
2732,0,5,50,0.0023,NORMAL,None,Low
2732,0,6,60,0.0023,NORMAL,None,Low
2733,0,1,10,0.0053,NORMAL,None,Medium
2733,0,2,20,0.0036,NORMAL,None,Medium
2733,0,3,30,0.003,NORMAL,None,Medium
2733,0,4,40,0.0026,NORMAL,None,Low
2733,0,5,50,0.0023,NORMAL,None,Low
2733,0,6,60,0.0025,NORMAL,None,Low
2734,0,1,10,0.0041,NORMAL,None,Medium
2734,0,2,20,0.0042,NORMAL,None,Medium
2734,0,3,30,0.0033,NORMAL,None,Medium
2734,0,4,40,0.0028,NORMAL,None,Low
2734,0,5,50,0.0024,NORMAL,None,Low
2734,0,6,60,0.002,NORMAL,None,Low
2735,0,1,10,0.004,NORMAL,None,Medium
2735,0,2,20,0.0037,NORMAL,None,Medium
2735,0,3,30,0.0036,NORMAL,None,Medium
2735,0,4,40,0.0027,NORMAL,None,Low
2735,0,5,50,0.002,NORMAL,None,Low
2735,0,6,60,0.0024,NORMAL,None,Low
2736,0,1,10,0.0025,NORMAL,None,Medium
2736,0,2,20,0.0031,NORMAL,None,Medium
2736,0,3,30,0.0024,NORMAL,None,Medium
2736,0,4,40,0.0027,NORMAL,None,Low
2736,0,5,50,0.0023,NORMAL,None,Low
2736,0,6,60,0.002,NORMAL,None,Low
2737,0,1,10,0.0034,NORMAL,None,Medium
2737,0,2,20,0.0029,NORMAL,None,Medium
2737,0,3,30,0.003,NORMAL,None,Medium
2737,0,4,40,0.0025,NORMAL,None,Low
2737,0,5,50,0.0023,NORMAL,None,Low
2737,0,6,60,0.0022,NORMAL,None,Low
2738,0,1,10,0.0033,NORMAL,None,Medium
2738,0,2,20,0.0032,NORMAL,None,Medium
2738,0,3,30,0.0028,NORMAL,None,Medium
2738,0,4,40,0.0021,NORMAL,None,Low
2738,0,5,50,0.0023,NORMAL,None,Low
2738,0,6,60,0.002,NORMAL,None,Low
2739,0,1,10,0.0031,NORMAL,None,Medium
2739,0,2,20,0.0033,NORMAL,None,Medium
2739,0,3,30,0.0027,NORMAL,None,Medium
2739,0,4,40,0.0024,NORMAL,None,Low
2739,0,5,50,0.002,NORMAL,None,Low
2739,0,6,60,0.0021,NORMAL,None,Low
2740,0,1,10,0.0028,NORMAL,None,Medium
2740,0,2,20,0.0028,NORMAL,None,Medium
2740,0,3,30,0.0026,NORMAL,None,Medium
2740,0,4,40,0.0023,NORMAL,None,Low
2740,0,5,50,0.0021,NORMAL,None,Low
2740,0,6,60,0.0025,NORMAL,None,Low
2741,0,1,10,0.0043,NORMAL,None,Medium
2741,0,2,20,0.0032,NORMAL,None,Medium
2741,0,3,30,0.0027,NORMAL,None,Medium
2741,0,4,40,0.0029,NORMAL,None,Low
2741,0,5,50,0.0019,NORMAL,None,Low
2741,0,6,60,0.0027,NORMAL,None,Low
2742,0,1,10,0.005,NORMAL,None,Medium
2742,0,2,20,0.0036,NORMAL,None,Medium
2742,0,3,30,0.0032,NORMAL,None,Medium
2742,0,4,40,0.0028,NORMAL,None,Low
2742,0,5,50,0.0023,NORMAL,None,Low
2742,0,6,60,0.0021,NORMAL,None,Low
2743,0,1,10,0.0043,NORMAL,None,Medium
2743,0,2,20,0.003,NORMAL,None,Medium
2743,0,3,30,0.0022,NORMAL,None,Medium
2743,0,4,40,0.0023,NORMAL,None,Low
2743,0,5,50,0.0021,NORMAL,None,Low
2743,0,6,60,0.0021,NORMAL,None,Low
2744,0,1,10,0.0038,NORMAL,None,Medium
2744,0,2,20,0.0035,NORMAL,None,Medium
2744,0,3,30,0.0027,NORMAL,None,Medium
2744,0,4,40,0.0029,NORMAL,None,Low
2744,0,5,50,0.003,NORMAL,None,Low
2744,0,6,60,0.0022,NORMAL,None,Low
2745,0,1,10,0.0049,NORMAL,None,Medium
2745,0,2,20,0.0033,NORMAL,None,Medium
2745,0,3,30,0.0025,NORMAL,None,Medium
2745,0,4,40,0.0027,NORMAL,None,Low
2745,0,5,50,0.0024,NORMAL,None,Low
2745,0,6,60,0.0022,NORMAL,None,Low
2746,0,1,10,0.0054,NORMAL,None,Medium
2746,0,2,20,0.0044,NORMAL,None,Medium
2746,0,3,30,0.0039,NORMAL,None,Medium
2746,0,4,40,0.0032,NORMAL,None,Low
2746,0,5,50,0.0026,NORMAL,None,Low
2746,0,6,60,0.0021,NORMAL,None,Low
2747,0,1,10,0.0055,NORMAL,None,Medium
2747,0,2,20,0.0035,NORMAL,None,Medium
2747,0,3,30,0.0029,NORMAL,None,Medium
2747,0,4,40,0.0028,NORMAL,None,Low
2747,0,5,50,0.0021,NORMAL,None,Low
2747,0,6,60,0.0023,NORMAL,None,Low
2748,0,1,10,0.004,NORMAL,None,Medium
2748,0,2,20,0.0035,NORMAL,None,Medium
2748,0,3,30,0.0025,NORMAL,None,Medium
2748,0,4,40,0.0022,NORMAL,None,Low
2748,0,5,50,0.0021,NORMAL,None,Low
2748,0,6,60,0.0023,NORMAL,None,Low
2749,0,1,10,0.0037,NORMAL,None,Medium
2749,0,2,20,0.0033,NORMAL,None,Medium
2749,0,3,30,0.0025,NORMAL,None,Medium
2749,0,4,40,0.0019,NORMAL,None,Low
2749,0,5,50,0.0024,NORMAL,None,Low
2749,0,6,60,0.002,NORMAL,None,Low
2750,0,1,10,0.0043,NORMAL,None,Medium
2750,0,2,20,0.0032,NORMAL,None,Medium
2750,0,3,30,0.0028,NORMAL,None,Medium
2750,0,4,40,0.0028,NORMAL,None,Low
2750,0,5,50,0.0028,NORMAL,None,Low
2750,0,6,60,0.0024,NORMAL,None,Low
2751,0,1,10,0.0041,NORMAL,None,Medium
2751,0,2,20,0.0037,NORMAL,None,Medium
2751,0,3,30,0.003,NORMAL,None,Medium
2751,0,4,40,0.0024,NORMAL,None,Low
2751,0,5,50,0.0022,NORMAL,None,Low
2751,0,6,60,0.002,NORMAL,None,Low
2752,0,1,10,0.0033,NORMAL,None,Medium
2752,0,2,20,0.0029,NORMAL,None,Medium
2752,0,3,30,0.0034,NORMAL,None,Medium
2752,0,4,40,0.0025,NORMAL,None,Low
2752,0,5,50,0.0025,NORMAL,None,Low
2752,0,6,60,0.0021,NORMAL,None,Low
2753,0,1,10,0.003,NORMAL,None,Medium
2753,0,2,20,0.0033,NORMAL,None,Medium
2753,0,3,30,0.0028,NORMAL,None,Medium
2753,0,4,40,0.0027,NORMAL,None,Low
2753,0,5,50,0.0024,NORMAL,None,Low
2753,0,6,60,0.0021,NORMAL,None,Low
2754,0,1,10,0.0046,NORMAL,None,Medium
2754,0,2,20,0.0035,NORMAL,None,Medium
2754,0,3,30,0.003,NORMAL,None,Medium
2754,0,4,40,0.0026,NORMAL,None,Low
2754,0,5,50,0.0022,NORMAL,None,Low
2754,0,6,60,0.0026,NORMAL,None,Low
2755,0,1,10,0.0047,NORMAL,None,Medium
2755,0,2,20,0.0036,NORMAL,None,Medium
2755,0,3,30,0.0028,NORMAL,None,Medium
2755,0,4,40,0.0027,NORMAL,None,Low
2755,0,5,50,0.0026,NORMAL,None,Low
2755,0,6,60,0.0024,NORMAL,None,Low
2756,0,1,10,0.004,NORMAL,None,Medium
2756,0,2,20,0.0035,NORMAL,None,Medium
2756,0,3,30,0.0033,NORMAL,None,Medium
2756,0,4,40,0.0025,NORMAL,None,Low
2756,0,5,50,0.0022,NORMAL,None,Low
2756,0,6,60,0.0021,NORMAL,None,Low
2757,0,1,10,0.0044,NORMAL,None,Medium
2757,0,2,20,0.0037,NORMAL,None,Medium
2757,0,3,30,0.003,NORMAL,None,Medium
2757,0,4,40,0.0025,NORMAL,None,Low
2757,0,5,50,0.0021,NORMAL,None,Low
2757,0,6,60,0.0022,NORMAL,None,Low
2758,0,1,10,0.0061,NORMAL,None,Medium
2758,0,2,20,0.0044,NORMAL,None,Medium
2758,0,3,30,0.0034,NORMAL,None,Medium
2758,0,4,40,0.0026,NORMAL,None,Low
2758,0,5,50,0.0022,NORMAL,None,Low
2758,0,6,60,0.0024,NORMAL,None,Low
2759,0,1,10,0.0041,NORMAL,None,Medium
2759,0,2,20,0.0041,NORMAL,None,Medium
2759,0,3,30,0.0034,NORMAL,None,Medium
2759,0,4,40,0.0028,NORMAL,None,Low
2759,0,5,50,0.0025,NORMAL,None,Low
2759,0,6,60,0.0021,NORMAL,None,Low
2760,0,1,10,0.003,NORMAL,None,Medium
2760,0,2,20,0.0035,NORMAL,None,Medium
2760,0,3,30,0.003,NORMAL,None,Medium
2760,0,4,40,0.0026,NORMAL,None,Low
2760,0,5,50,0.0025,NORMAL,None,Low
2760,0,6,60,0.0026,NORMAL,None,Low
2761,0,1,10,0.0025,NORMAL,None,Medium
2761,0,2,20,0.0029,NORMAL,None,Medium
2761,0,3,30,0.0029,NORMAL,None,Medium
2761,0,4,40,0.0023,NORMAL,None,Low
2761,0,5,50,0.0022,NORMAL,None,Low
2761,0,6,60,0.0022,NORMAL,None,Low
2762,0,1,10,0.003,NORMAL,None,Medium
2762,0,2,20,0.003,NORMAL,None,Medium
2762,0,3,30,0.0026,NORMAL,None,Medium
2762,0,4,40,0.0022,NORMAL,None,Low
2762,0,5,50,0.0023,NORMAL,None,Low
2762,0,6,60,0.0022,NORMAL,None,Low
2763,0,1,10,0.0033,NORMAL,None,Medium
2763,0,2,20,0.0029,NORMAL,None,Medium
2763,0,3,30,0.003,NORMAL,None,Medium
2763,0,4,40,0.003,NORMAL,None,Low
2763,0,5,50,0.0025,NORMAL,None,Low
2763,0,6,60,0.0025,NORMAL,None,Low
2764,0,1,10,0.0028,NORMAL,None,Medium
2764,0,2,20,0.0032,NORMAL,None,Medium
2764,0,3,30,0.0032,NORMAL,None,Medium
2764,0,4,40,0.0026,NORMAL,None,Low
2764,0,5,50,0.0024,NORMAL,None,Low
2764,0,6,60,0.0028,NORMAL,None,Low
2765,0,1,10,0.0024,NORMAL,None,Medium
2765,0,2,20,0.0026,NORMAL,None,Medium
2765,0,3,30,0.0027,NORMAL,None,Medium
2765,0,4,40,0.0025,NORMAL,None,Low
2765,0,5,50,0.0022,NORMAL,None,Low
2765,0,6,60,0.0022,NORMAL,None,Low
2766,0,1,10,0.0025,NORMAL,None,Medium
2766,0,2,20,0.003,NORMAL,None,Medium
2766,0,3,30,0.0025,NORMAL,None,Medium
2766,0,4,40,0.0025,NORMAL,None,Low
2766,0,5,50,0.0025,NORMAL,None,Low
2766,0,6,60,0.0021,NORMAL,None,Low
2767,0,1,10,0.0022,NORMAL,None,Medium
2767,0,2,20,0.0029,NORMAL,None,Medium
2767,0,3,30,0.0024,NORMAL,None,Medium
2767,0,4,40,0.0026,NORMAL,None,Low
2767,0,5,50,0.0023,NORMAL,None,Low
2767,0,6,60,0.0024,NORMAL,None,Low
2768,0,1,10,0.0029,NORMAL,None,Medium
2768,0,2,20,0.0029,NORMAL,None,Medium
2768,0,3,30,0.0025,NORMAL,None,Medium
2768,0,4,40,0.0027,NORMAL,None,Low
2768,0,5,50,0.0023,NORMAL,None,Low
2768,0,6,60,0.0024,NORMAL,None,Low
2769,0,1,10,0.0031,NORMAL,None,Medium
2769,0,2,20,0.0033,NORMAL,None,Medium
2769,0,3,30,0.0028,NORMAL,None,Medium
2769,0,4,40,0.0024,NORMAL,None,Low
2769,0,5,50,0.0022,NORMAL,None,Low
2769,0,6,60,0.0021,NORMAL,None,Low
2770,0,1,10,0.0029,NORMAL,None,Medium
2770,0,2,20,0.0032,NORMAL,None,Medium
2770,0,3,30,0.0027,NORMAL,None,Medium
2770,0,4,40,0.0023,NORMAL,None,Low
2770,0,5,50,0.0021,NORMAL,None,Low
2770,0,6,60,0.0023,NORMAL,None,Low
2771,0,1,10,0.0028,NORMAL,None,Medium
2771,0,2,20,0.003,NORMAL,None,Medium
2771,0,3,30,0.0026,NORMAL,None,Medium
2771,0,4,40,0.0024,NORMAL,None,Low
2771,0,5,50,0.0024,NORMAL,None,Low
2771,0,6,60,0.0018,NORMAL,None,Low
2772,0,1,10,0.003,NORMAL,None,Medium
2772,0,2,20,0.0032,NORMAL,None,Medium
2772,0,3,30,0.0026,NORMAL,None,Medium
2772,0,4,40,0.0024,NORMAL,None,Low
2772,0,5,50,0.0019,NORMAL,None,Low
2772,0,6,60,0.0018,NORMAL,None,Low
2773,0,1,10,0.003,NORMAL,None,Medium
2773,0,2,20,0.0029,NORMAL,None,Medium
2773,0,3,30,0.0024,NORMAL,None,Medium
2773,0,4,40,0.0022,NORMAL,None,Low
2773,0,5,50,0.0021,NORMAL,None,Low
2773,0,6,60,0.0025,NORMAL,None,Low
2774,0,1,10,0.0024,NORMAL,None,Medium
2774,0,2,20,0.0025,NORMAL,None,Medium
2774,0,3,30,0.0026,NORMAL,None,Medium
2774,0,4,40,0.0025,NORMAL,None,Low
2774,0,5,50,0.0026,NORMAL,None,Low
2774,0,6,60,0.0025,NORMAL,None,Low
2775,0,1,10,0.0023,NORMAL,None,Medium
2775,0,2,20,0.0026,NORMAL,None,Medium
2775,0,3,30,0.0025,NORMAL,None,Medium
2775,0,4,40,0.0026,NORMAL,None,Low
2775,0,5,50,0.002,NORMAL,None,Low
2775,0,6,60,0.0024,NORMAL,None,Low
2776,0,1,10,0.0024,NORMAL,None,Medium
2776,0,2,20,0.0025,NORMAL,None,Medium
2776,0,3,30,0.0025,NORMAL,None,Medium
2776,0,4,40,0.0023,NORMAL,None,Low
2776,0,5,50,0.002,NORMAL,None,Low
2776,0,6,60,0.0018,NORMAL,None,Low
2777,0,1,10,0.0022,NORMAL,None,Medium
2777,0,2,20,0.0023,NORMAL,None,Medium
2777,0,3,30,0.0022,NORMAL,None,Medium
2777,0,4,40,0.002,NORMAL,None,Low
2777,0,5,50,0.0023,NORMAL,None,Low
2777,0,6,60,0.0023,NORMAL,None,Low
2778,0,1,10,0.0022,NORMAL,None,Medium
2778,0,2,20,0.0026,NORMAL,None,Medium
2778,0,3,30,0.0021,NORMAL,None,Medium
2778,0,4,40,0.002,NORMAL,None,Low
2778,0,5,50,0.002,NORMAL,None,Low
2778,0,6,60,0.0021,NORMAL,None,Low
2779,0,1,10,0.002,NORMAL,None,Medium
2779,0,2,20,0.0026,NORMAL,None,Medium
2779,0,3,30,0.0025,NORMAL,None,Medium
2779,0,4,40,0.0025,NORMAL,None,Low
2779,0,5,50,0.0021,NORMAL,None,Low
2779,0,6,60,0.002,NORMAL,None,Low
2780,0,1,10,0.002,NORMAL,None,Medium
2780,0,2,20,0.0023,NORMAL,None,Medium
2780,0,3,30,0.0024,NORMAL,None,Medium
2780,0,4,40,0.0023,NORMAL,None,Low
2780,0,5,50,0.0022,NORMAL,None,Low
2780,0,6,60,0.002,NORMAL,None,Low
2781,0,1,10,0.0021,NORMAL,None,Medium
2781,0,2,20,0.0023,NORMAL,None,Medium
2781,0,3,30,0.0023,NORMAL,None,Medium
2781,0,4,40,0.0023,NORMAL,None,Low
2781,0,5,50,0.0025,NORMAL,None,Low
2781,0,6,60,0.0023,NORMAL,None,Low
2782,0,1,10,0.0019,NORMAL,None,Medium
2782,0,2,20,0.0022,NORMAL,None,Medium
2782,0,3,30,0.0024,NORMAL,None,Medium
2782,0,4,40,0.0023,NORMAL,None,Low
2782,0,5,50,0.0022,NORMAL,None,Low
2782,0,6,60,0.0024,NORMAL,None,Low
2783,0,1,10,0.0015,NORMAL,None,Medium
2783,0,2,20,0.0018,NORMAL,None,Medium
2783,0,3,30,0.002,NORMAL,None,Medium
2783,0,4,40,0.0023,NORMAL,None,Low
2783,0,5,50,0.0023,NORMAL,None,Low
2783,0,6,60,0.002,NORMAL,None,Low
2784,0,1,10,0.0017,NORMAL,None,Medium
2784,0,2,20,0.0019,NORMAL,None,Medium
2784,0,3,30,0.0022,NORMAL,None,Medium
2784,0,4,40,0.0021,NORMAL,None,Low
2784,0,5,50,0.0019,NORMAL,None,Low
2784,0,6,60,0.002,NORMAL,None,Low
2785,0,1,10,0.0023,NORMAL,None,Medium
2785,0,2,20,0.0022,NORMAL,None,Medium
2785,0,3,30,0.0024,NORMAL,None,Medium
2785,0,4,40,0.0022,NORMAL,None,Low
2785,0,5,50,0.0025,NORMAL,None,Low
2785,0,6,60,0.0023,NORMAL,None,Low
2786,0,1,10,0.0022,NORMAL,None,Medium
2786,0,2,20,0.0024,NORMAL,None,Medium
2786,0,3,30,0.0024,NORMAL,None,Medium
2786,0,4,40,0.0025,NORMAL,None,Low
2786,0,5,50,0.0023,NORMAL,None,Low
2786,0,6,60,0.0022,NORMAL,None,Low
2787,0,1,10,0.0024,NORMAL,None,Medium
2787,0,2,20,0.0023,NORMAL,None,Medium
2787,0,3,30,0.0021,NORMAL,None,Medium
2787,0,4,40,0.0024,NORMAL,None,Low
2787,0,5,50,0.0021,NORMAL,None,Low
2787,0,6,60,0.0021,NORMAL,None,Low
2788,0,1,10,0.0021,NORMAL,None,Medium
2788,0,2,20,0.0023,NORMAL,None,Medium
2788,0,3,30,0.0026,NORMAL,None,Medium
2788,0,4,40,0.0023,NORMAL,None,Low
2788,0,5,50,0.0025,NORMAL,None,Low
2788,0,6,60,0.0021,NORMAL,None,Low
2789,0,1,10,0.002,NORMAL,None,Medium
2789,0,2,20,0.0018,NORMAL,None,Medium
2789,0,3,30,0.002,NORMAL,None,Medium
2789,0,4,40,0.0021,NORMAL,None,Low
2789,0,5,50,0.0023,NORMAL,None,Low
2789,0,6,60,0.0021,NORMAL,None,Low
2790,0,1,10,0.002,NORMAL,None,Medium
2790,0,2,20,0.002,NORMAL,None,Medium
2790,0,3,30,0.0023,NORMAL,None,Medium
2790,0,4,40,0.002,NORMAL,None,Low
2790,0,5,50,0.002,NORMAL,None,Low
2790,0,6,60,0.0019,NORMAL,None,Low
2791,0,1,10,0.0017,NORMAL,None,Medium
2791,0,2,20,0.0019,NORMAL,None,Medium
2791,0,3,30,0.0019,NORMAL,None,Medium
2791,0,4,40,0.0021,NORMAL,None,Low
2791,0,5,50,0.0018,NORMAL,None,Low
2791,0,6,60,0.0022,NORMAL,None,Low
2792,0,1,10,0.0018,NORMAL,None,Medium
2792,0,2,20,0.0019,NORMAL,None,Medium
2792,0,3,30,0.0022,NORMAL,None,Medium
2792,0,4,40,0.0023,NORMAL,None,Low
2792,0,5,50,0.0023,NORMAL,None,Low
2792,0,6,60,0.0023,NORMAL,None,Low
2793,0,1,10,0.0016,NORMAL,None,Medium
2793,0,2,20,0.002,NORMAL,None,Medium
2793,0,3,30,0.0023,NORMAL,None,Medium
2793,0,4,40,0.0022,NORMAL,None,Low
2793,0,5,50,0.0022,NORMAL,None,Low
2793,0,6,60,0.0024,NORMAL,None,Low
2794,0,1,10,0.0022,NORMAL,None,Medium
2794,0,2,20,0.0022,NORMAL,None,Medium
2794,0,3,30,0.0023,NORMAL,None,Medium
2794,0,4,40,0.0022,NORMAL,None,Low
2794,0,5,50,0.0021,NORMAL,None,Low
2794,0,6,60,0.0019,NORMAL,None,Low
2795,0,1,10,0.0023,NORMAL,None,Medium
2795,0,2,20,0.0026,NORMAL,None,Medium
2795,0,3,30,0.0021,NORMAL,None,Medium
2795,0,4,40,0.0022,NORMAL,None,Low
2795,0,5,50,0.0023,NORMAL,None,Low
2795,0,6,60,0.0023,NORMAL,None,Low
2796,0,1,10,0.0033,NORMAL,None,Medium
2796,0,2,20,0.0027,NORMAL,None,Medium
2796,0,3,30,0.0024,NORMAL,None,Medium
2796,0,4,40,0.0026,NORMAL,None,Low
2796,0,5,50,0.0026,NORMAL,None,Low
2796,0,6,60,0.0026,NORMAL,None,Low
2797,0,1,10,0.0031,NORMAL,None,Medium
2797,0,2,20,0.0032,NORMAL,None,Medium
2797,0,3,30,0.0029,NORMAL,None,Medium
2797,0,4,40,0.0027,NORMAL,None,Low
2797,0,5,50,0.0023,NORMAL,None,Low
2797,0,6,60,0.0024,NORMAL,None,Low
2798,0,1,10,0.0025,NORMAL,None,Medium
2798,0,2,20,0.0025,NORMAL,None,Medium
2798,0,3,30,0.0023,NORMAL,None,Medium
2798,0,4,40,0.0022,NORMAL,None,Low
2798,0,5,50,0.0021,NORMAL,None,Low
2798,0,6,60,0.0019,NORMAL,None,Low
2799,0,1,10,0.0024,NORMAL,None,Medium
2799,0,2,20,0.0026,NORMAL,None,Medium
2799,0,3,30,0.0026,NORMAL,None,Medium
2799,0,4,40,0.0023,NORMAL,None,Low
2799,0,5,50,0.0025,NORMAL,None,Low
2799,0,6,60,0.0022,NORMAL,None,Low
2800,0,1,10,0.0021,NORMAL,None,Medium
2800,0,2,20,0.0024,NORMAL,None,Medium
2800,0,3,30,0.0024,NORMAL,None,Medium
2800,0,4,40,0.0026,NORMAL,None,Low
2800,0,5,50,0.0023,NORMAL,None,Low
2800,0,6,60,0.0022,NORMAL,None,Low
2801,0,1,10,0.0018,NORMAL,None,Medium
2801,0,2,20,0.0022,NORMAL,None,Medium
2801,0,3,30,0.0021,NORMAL,None,Medium
2801,0,4,40,0.0022,NORMAL,None,Low
2801,0,5,50,0.0021,NORMAL,None,Low
2801,0,6,60,0.0019,NORMAL,None,Low
2802,0,1,10,0.0019,NORMAL,None,Medium
2802,0,2,20,0.0022,NORMAL,None,Medium
2802,0,3,30,0.0024,NORMAL,None,Medium
2802,0,4,40,0.0024,NORMAL,None,Low
2802,0,5,50,0.0025,NORMAL,None,Low
2802,0,6,60,0.0021,NORMAL,None,Low
2803,0,1,10,0.0024,NORMAL,None,Medium
2803,0,2,20,0.0023,NORMAL,None,Medium
2803,0,3,30,0.0023,NORMAL,None,Medium
2803,0,4,40,0.0026,NORMAL,None,Low
2803,0,5,50,0.002,NORMAL,None,Low
2803,0,6,60,0.0021,NORMAL,None,Low
2804,0,1,10,0.0022,NORMAL,None,Medium
2804,0,2,20,0.0025,NORMAL,None,Medium
2804,0,3,30,0.0026,NORMAL,None,Medium
2804,0,4,40,0.0026,NORMAL,None,Low
2804,0,5,50,0.0021,NORMAL,None,Low
2804,0,6,60,0.0022,NORMAL,None,Low
2805,0,1,10,0.0021,NORMAL,None,Medium
2805,0,2,20,0.0022,NORMAL,None,Medium
2805,0,3,30,0.0024,NORMAL,None,Medium
2805,0,4,40,0.0024,NORMAL,None,Low
2805,0,5,50,0.0024,NORMAL,None,Low
2805,0,6,60,0.0025,NORMAL,None,Low
2806,0,1,10,0.0021,NORMAL,None,Medium
2806,0,2,20,0.0024,NORMAL,None,Medium
2806,0,3,30,0.0024,NORMAL,None,Medium
2806,0,4,40,0.0024,NORMAL,None,Low
2806,0,5,50,0.0022,NORMAL,None,Low
2806,0,6,60,0.0021,NORMAL,None,Low
2807,0,1,10,0.0029,NORMAL,None,Medium
2807,0,2,20,0.0026,NORMAL,None,Medium
2807,0,3,30,0.0025,NORMAL,None,Medium
2807,0,4,40,0.0021,NORMAL,None,Low
2807,0,5,50,0.0022,NORMAL,None,Low
2807,0,6,60,0.0022,NORMAL,None,Low
2808,0,1,10,0.0029,NORMAL,None,Medium
2808,0,2,20,0.0028,NORMAL,None,Medium
2808,0,3,30,0.0022,NORMAL,None,Medium
2808,0,4,40,0.0024,NORMAL,None,Low
2808,0,5,50,0.0024,NORMAL,None,Low
2808,0,6,60,0.0022,NORMAL,None,Low
2809,0,1,10,0.0025,NORMAL,None,Medium
2809,0,2,20,0.0028,NORMAL,None,Medium
2809,0,3,30,0.0029,NORMAL,None,Medium
2809,0,4,40,0.0023,NORMAL,None,Low
2809,0,5,50,0.0022,NORMAL,None,Low
2809,0,6,60,0.0019,NORMAL,None,Low
2810,0,1,10,0.0022,NORMAL,None,Medium
2810,0,2,20,0.0022,NORMAL,None,Medium
2810,0,3,30,0.0019,NORMAL,None,Medium
2810,0,4,40,0.0021,NORMAL,None,Low
2810,0,5,50,0.0018,NORMAL,None,Low
2810,0,6,60,0.0021,NORMAL,None,Low
2811,0,1,10,0.0026,NORMAL,None,Medium
2811,0,2,20,0.0029,NORMAL,None,Medium
2811,0,3,30,0.0027,NORMAL,None,Medium
2811,0,4,40,0.0023,NORMAL,None,Low
2811,0,5,50,0.0024,NORMAL,None,Low
2811,0,6,60,0.002,NORMAL,None,Low
2812,0,1,10,0.002,NORMAL,None,Medium
2812,0,2,20,0.0021,NORMAL,None,Medium
2812,0,3,30,0.0025,NORMAL,None,Medium
2812,0,4,40,0.0023,NORMAL,None,Low
2812,0,5,50,0.0021,NORMAL,None,Low
2812,0,6,60,0.0022,NORMAL,None,Low
2813,0,1,10,0.0027,NORMAL,None,Medium
2813,0,2,20,0.0023,NORMAL,None,Medium
2813,0,3,30,0.0023,NORMAL,None,Medium
2813,0,4,40,0.0024,NORMAL,None,Low
2813,0,5,50,0.0022,NORMAL,None,Low
2813,0,6,60,0.0019,NORMAL,None,Low
2814,0,1,10,0.003,NORMAL,None,Medium
2814,0,2,20,0.003,NORMAL,None,Medium
2814,0,3,30,0.0024,NORMAL,None,Medium
2814,0,4,40,0.0024,NORMAL,None,Low
2814,0,5,50,0.0022,NORMAL,None,Low
2814,0,6,60,0.0022,NORMAL,None,Low
2815,0,1,10,0.0021,NORMAL,None,Medium
2815,0,2,20,0.0024,NORMAL,None,Medium
2815,0,3,30,0.0024,NORMAL,None,Medium
2815,0,4,40,0.0026,NORMAL,None,Low
2815,0,5,50,0.0023,NORMAL,None,Low
2815,0,6,60,0.0023,NORMAL,None,Low
2816,0,1,10,0.0023,NORMAL,None,Medium
2816,0,2,20,0.0025,NORMAL,None,Medium
2816,0,3,30,0.0026,NORMAL,None,Medium
2816,0,4,40,0.0022,NORMAL,None,Low
2816,0,5,50,0.0022,NORMAL,None,Low
2816,0,6,60,0.002,NORMAL,None,Low
2817,0,1,10,0.0033,NORMAL,None,Medium
2817,0,2,20,0.0029,NORMAL,None,Medium
2817,0,3,30,0.0025,NORMAL,None,Medium
2817,0,4,40,0.0023,NORMAL,None,Low
2817,0,5,50,0.0023,NORMAL,None,Low
2817,0,6,60,0.0023,NORMAL,None,Low
2818,0,1,10,0.0037,NORMAL,None,Medium
2818,0,2,20,0.0031,NORMAL,None,Medium
2818,0,3,30,0.0028,NORMAL,None,Medium
2818,0,4,40,0.0022,NORMAL,None,Low
2818,0,5,50,0.0023,NORMAL,None,Low
2818,0,6,60,0.0023,NORMAL,None,Low
2819,0,1,10,0.004,NORMAL,None,Medium
2819,0,2,20,0.0035,NORMAL,None,Medium
2819,0,3,30,0.003,NORMAL,None,Medium
2819,0,4,40,0.0025,NORMAL,None,Low
2819,0,5,50,0.0025,NORMAL,None,Low
2819,0,6,60,0.0025,NORMAL,None,Low
2820,0,1,10,0.0041,NORMAL,None,Medium
2820,0,2,20,0.003,NORMAL,None,Medium
2820,0,3,30,0.0032,NORMAL,None,Medium
2820,0,4,40,0.0026,NORMAL,None,Low
2820,0,5,50,0.0028,NORMAL,None,Low
2820,0,6,60,0.0019,NORMAL,None,Low
2821,0,1,10,0.0033,NORMAL,None,Medium
2821,0,2,20,0.0026,NORMAL,None,Medium
2821,0,3,30,0.0027,NORMAL,None,Medium
2821,0,4,40,0.003,NORMAL,None,Low
2821,0,5,50,0.0022,NORMAL,None,Low
2821,0,6,60,0.0022,NORMAL,None,Low
2822,0,1,10,0.0031,NORMAL,None,Medium
2822,0,2,20,0.0034,NORMAL,None,Medium
2822,0,3,30,0.0029,NORMAL,None,Medium
2822,0,4,40,0.0023,NORMAL,None,Low
2822,0,5,50,0.0023,NORMAL,None,Low
2822,0,6,60,0.0022,NORMAL,None,Low
2823,0,1,10,0.0035,NORMAL,None,Medium
2823,0,2,20,0.0034,NORMAL,None,Medium
2823,0,3,30,0.0025,NORMAL,None,Medium
2823,0,4,40,0.0024,NORMAL,None,Low
2823,0,5,50,0.0022,NORMAL,None,Low
2823,0,6,60,0.0021,NORMAL,None,Low
2824,0,1,10,0.002,NORMAL,None,Medium
2824,0,2,20,0.0026,NORMAL,None,Medium
2824,0,3,30,0.0024,NORMAL,None,Medium
2824,0,4,40,0.0025,NORMAL,None,Low
2824,0,5,50,0.0022,NORMAL,None,Low
2824,0,6,60,0.0022,NORMAL,None,Low
2825,0,1,10,0.0027,NORMAL,None,Medium
2825,0,2,20,0.0027,NORMAL,None,Medium
2825,0,3,30,0.0027,NORMAL,None,Medium
2825,0,4,40,0.0024,NORMAL,None,Low
2825,0,5,50,0.0026,NORMAL,None,Low
2825,0,6,60,0.0021,NORMAL,None,Low
2826,0,1,10,0.0027,NORMAL,None,Medium
2826,0,2,20,0.0034,NORMAL,None,Medium
2826,0,3,30,0.0027,NORMAL,None,Medium
2826,0,4,40,0.0019,NORMAL,None,Low
2826,0,5,50,0.0019,NORMAL,None,Low
2826,0,6,60,0.0023,NORMAL,None,Low
2827,0,1,10,0.0022,NORMAL,None,Medium
2827,0,2,20,0.0024,NORMAL,None,Medium
2827,0,3,30,0.0028,NORMAL,None,Medium
2827,0,4,40,0.0025,NORMAL,None,Low
2827,0,5,50,0.0019,NORMAL,None,Low
2827,0,6,60,0.0021,NORMAL,None,Low
2828,0,1,10,0.0025,NORMAL,None,Medium
2828,0,2,20,0.0029,NORMAL,None,Medium
2828,0,3,30,0.0026,NORMAL,None,Medium
2828,0,4,40,0.0023,NORMAL,None,Low
2828,0,5,50,0.0018,NORMAL,None,Low
2828,0,6,60,0.0023,NORMAL,None,Low
2829,0,1,10,0.0027,NORMAL,None,Medium
2829,0,2,20,0.0026,NORMAL,None,Medium
2829,0,3,30,0.0026,NORMAL,None,Medium
2829,0,4,40,0.0022,NORMAL,None,Low
2829,0,5,50,0.0022,NORMAL,None,Low
2829,0,6,60,0.0019,NORMAL,None,Low
2830,0,1,10,0.003,NORMAL,None,Medium
2830,0,2,20,0.003,NORMAL,None,Medium
2830,0,3,30,0.0026,NORMAL,None,Medium
2830,0,4,40,0.0022,NORMAL,None,Low
2830,0,5,50,0.0023,NORMAL,None,Low
2830,0,6,60,0.0023,NORMAL,None,Low
2831,0,1,10,0.003,NORMAL,None,Medium
2831,0,2,20,0.0025,NORMAL,None,Medium
2831,0,3,30,0.0024,NORMAL,None,Medium
2831,0,4,40,0.0021,NORMAL,None,Low
2831,0,5,50,0.002,NORMAL,None,Low
2831,0,6,60,0.0019,NORMAL,None,Low
2832,0,1,10,0.0029,NORMAL,None,Medium
2832,0,2,20,0.0028,NORMAL,None,Medium
2832,0,3,30,0.0025,NORMAL,None,Medium
2832,0,4,40,0.0022,NORMAL,None,Low
2832,0,5,50,0.0022,NORMAL,None,Low
2832,0,6,60,0.0023,NORMAL,None,Low
2833,0,1,10,0.0025,NORMAL,None,Medium
2833,0,2,20,0.0028,NORMAL,None,Medium
2833,0,3,30,0.0024,NORMAL,None,Medium
2833,0,4,40,0.0025,NORMAL,None,Low
2833,0,5,50,0.0024,NORMAL,None,Low
2833,0,6,60,0.0023,NORMAL,None,Low
2834,0,1,10,0.0022,NORMAL,None,Medium
2834,0,2,20,0.0027,NORMAL,None,Medium
2834,0,3,30,0.0022,NORMAL,None,Medium
2834,0,4,40,0.0024,NORMAL,None,Low
2834,0,5,50,0.0023,NORMAL,None,Low
2834,0,6,60,0.0021,NORMAL,None,Low
2835,0,1,10,0.0023,NORMAL,None,Medium
2835,0,2,20,0.003,NORMAL,None,Medium
2835,0,3,30,0.0023,NORMAL,None,Medium
2835,0,4,40,0.0026,NORMAL,None,Low
2835,0,5,50,0.0024,NORMAL,None,Low
2835,0,6,60,0.0021,NORMAL,None,Low
2836,0,1,10,0.0025,NORMAL,None,Medium
2836,0,2,20,0.0024,NORMAL,None,Medium
2836,0,3,30,0.0022,NORMAL,None,Medium
2836,0,4,40,0.0026,NORMAL,None,Low
2836,0,5,50,0.0023,NORMAL,None,Low
2836,0,6,60,0.002,NORMAL,None,Low
2837,0,1,10,0.0024,NORMAL,None,Medium
2837,0,2,20,0.0025,NORMAL,None,Medium
2837,0,3,30,0.0025,NORMAL,None,Medium
2837,0,4,40,0.0022,NORMAL,None,Low
2837,0,5,50,0.0026,NORMAL,None,Low
2837,0,6,60,0.0024,NORMAL,None,Low
2838,0,1,10,0.0029,NORMAL,None,Medium
2838,0,2,20,0.0026,NORMAL,None,Medium
2838,0,3,30,0.0027,NORMAL,None,Medium
2838,0,4,40,0.0026,NORMAL,None,Low
2838,0,5,50,0.002,NORMAL,None,Low
2838,0,6,60,0.0022,NORMAL,None,Low
2839,0,1,10,0.0033,NORMAL,None,Medium
2839,0,2,20,0.0035,NORMAL,None,Medium
2839,0,3,30,0.0028,NORMAL,None,Medium
2839,0,4,40,0.0024,NORMAL,None,Low
2839,0,5,50,0.0025,NORMAL,None,Low
2839,0,6,60,0.002,NORMAL,None,Low
2840,0,1,10,0.0031,NORMAL,None,Medium
2840,0,2,20,0.0027,NORMAL,None,Medium
2840,0,3,30,0.0028,NORMAL,None,Medium
2840,0,4,40,0.0028,NORMAL,None,Low
2840,0,5,50,0.0024,NORMAL,None,Low
2840,0,6,60,0.0021,NORMAL,None,Low
2841,0,1,10,0.0027,NORMAL,None,Medium
2841,0,2,20,0.0029,NORMAL,None,Medium
2841,0,3,30,0.0027,NORMAL,None,Medium
2841,0,4,40,0.0027,NORMAL,None,Low
2841,0,5,50,0.002,NORMAL,None,Low
2841,0,6,60,0.0021,NORMAL,None,Low
2842,0,1,10,0.0037,NORMAL,None,Medium
2842,0,2,20,0.0038,NORMAL,None,Medium
2842,0,3,30,0.0025,NORMAL,None,Medium
2842,0,4,40,0.0026,NORMAL,None,Low
2842,0,5,50,0.0026,NORMAL,None,Low
2842,0,6,60,0.0025,NORMAL,None,Low
2843,0,1,10,0.0044,NORMAL,None,Medium
2843,0,2,20,0.004,NORMAL,None,Medium
2843,0,3,30,0.0031,NORMAL,None,Medium
2843,0,4,40,0.0026,NORMAL,None,Low
2843,0,5,50,0.0023,NORMAL,None,Low
2843,0,6,60,0.0025,NORMAL,None,Low
2844,0,1,10,0.0048,NORMAL,None,Medium
2844,0,2,20,0.0038,NORMAL,None,Medium
2844,0,3,30,0.0033,NORMAL,None,Medium
2844,0,4,40,0.0029,NORMAL,None,Low
2844,0,5,50,0.0028,NORMAL,None,Low
2844,0,6,60,0.0023,NORMAL,None,Low
2845,0,1,10,0.004,NORMAL,None,Medium
2845,0,2,20,0.003,NORMAL,None,Medium
2845,0,3,30,0.0027,NORMAL,None,Medium
2845,0,4,40,0.0025,NORMAL,None,Low
2845,0,5,50,0.0019,NORMAL,None,Low
2845,0,6,60,0.0021,NORMAL,None,Low
2846,0,1,10,0.0057,NORMAL,None,Medium
2846,0,2,20,0.0045,NORMAL,None,Medium
2846,0,3,30,0.0039,NORMAL,None,Medium
2846,0,4,40,0.0026,NORMAL,None,Low
2846,0,5,50,0.0023,NORMAL,None,Low
2846,0,6,60,0.0025,NORMAL,None,Low
2847,0,1,10,0.0084,NORMAL,None,Medium
2847,0,2,20,0.0048,NORMAL,None,Medium
2847,0,3,30,0.0038,NORMAL,None,Medium
2847,0,4,40,0.0031,NORMAL,None,Low
2847,0,5,50,0.0023,NORMAL,None,Low
2847,0,6,60,0.0022,NORMAL,None,Low
2848,0,1,10,0.0082,NORMAL,None,Medium
2848,0,2,20,0.004,NORMAL,None,Medium
2848,0,3,30,0.0032,NORMAL,None,Medium
2848,0,4,40,0.0028,NORMAL,None,Low
2848,0,5,50,0.0026,NORMAL,None,Low
2848,0,6,60,0.0023,NORMAL,None,Low
2849,0,1,10,0.0066,NORMAL,None,Medium
2849,0,2,20,0.0038,NORMAL,None,Medium
2849,0,3,30,0.0031,NORMAL,None,Medium
2849,0,4,40,0.0029,NORMAL,None,Low
2849,0,5,50,0.0026,NORMAL,None,Low
2849,0,6,60,0.0023,NORMAL,None,Low
2850,0,1,10,0.0146,NORMAL,None,Medium
2850,0,2,20,0.0046,NORMAL,None,Medium
2850,0,3,30,0.0036,NORMAL,None,Medium
2850,0,4,40,0.003,NORMAL,None,Low
2850,0,5,50,0.0026,NORMAL,None,Low
2850,0,6,60,0.0024,NORMAL,None,Low
2851,0,1,10,0.0154,NORMAL,None,Medium
2851,0,2,20,0.0055,NORMAL,None,Medium
2851,0,3,30,0.0032,NORMAL,None,Medium
2851,0,4,40,0.0028,NORMAL,None,Low
2851,0,5,50,0.0026,NORMAL,None,Low
2851,0,6,60,0.0022,NORMAL,None,Low
2852,0,1,10,0.0155,NORMAL,None,Medium
2852,0,2,20,0.0072,NORMAL,None,Medium
2852,0,3,30,0.0046,NORMAL,None,Medium
2852,0,4,40,0.0034,NORMAL,None,Low
2852,0,5,50,0.0022,NORMAL,None,Low
2852,0,6,60,0.0022,NORMAL,None,Low
2853,0,1,10,0.0439,NORMAL,None,Medium
2853,0,2,20,0.0114,NORMAL,None,Medium
2853,0,3,30,0.0065,NORMAL,None,Medium
2853,0,4,40,0.0037,NORMAL,None,Low
2853,0,5,50,0.0028,NORMAL,None,Low
2853,0,6,60,0.0024,NORMAL,None,Low
2854,0,1,10,0.0205,NORMAL,None,Medium
2854,0,2,20,0.0071,NORMAL,None,Medium
2854,0,3,30,0.004,NORMAL,None,Medium
2854,0,4,40,0.0034,NORMAL,None,Low
2854,0,5,50,0.0029,NORMAL,None,Low
2854,0,6,60,0.003,NORMAL,None,Low
2855,0,1,10,0.0147,NORMAL,None,Medium
2855,0,2,20,0.0088,NORMAL,None,Medium
2855,0,3,30,0.0054,NORMAL,None,Medium
2855,0,4,40,0.0035,NORMAL,None,Low
2855,0,5,50,0.0026,NORMAL,None,Low
2855,0,6,60,0.0026,NORMAL,None,Low
2856,0,1,10,0.0169,NORMAL,None,Medium
2856,0,2,20,0.0072,NORMAL,None,Medium
2856,0,3,30,0.0046,NORMAL,None,Medium
2856,0,4,40,0.0032,NORMAL,None,Low
2856,0,5,50,0.0027,NORMAL,None,Low
2856,0,6,60,0.0025,NORMAL,None,Low
2857,0,1,10,0.0175,NORMAL,None,Medium
2857,0,2,20,0.0074,NORMAL,None,Medium
2857,0,3,30,0.0037,NORMAL,None,Medium
2857,0,4,40,0.0034,NORMAL,None,Low
2857,0,5,50,0.0027,NORMAL,None,Low
2857,0,6,60,0.0024,NORMAL,None,Low
2858,0,1,10,0.0291,NORMAL,None,Medium
2858,0,2,20,0.0107,NORMAL,None,Medium
2858,0,3,30,0.0061,NORMAL,None,Medium
2858,0,4,40,0.0042,NORMAL,None,Low
2858,0,5,50,0.0034,NORMAL,None,Low
2858,0,6,60,0.0025,NORMAL,None,Low
2859,0,1,10,0.0123,NORMAL,None,Medium
2859,0,2,20,0.0061,NORMAL,None,Medium
2859,0,3,30,0.004,NORMAL,None,Medium
2859,0,4,40,0.0028,NORMAL,None,Low
2859,0,5,50,0.0024,NORMAL,None,Low
2859,0,6,60,0.0027,NORMAL,None,Low
2860,0,1,10,0.0057,NORMAL,None,Medium
2860,0,2,20,0.0049,NORMAL,None,Medium
2860,0,3,30,0.0036,NORMAL,None,Medium
2860,0,4,40,0.0026,NORMAL,None,Low
2860,0,5,50,0.0024,NORMAL,None,Low
2860,0,6,60,0.0024,NORMAL,None,Low
2861,0,1,10,0.0055,NORMAL,None,Medium
2861,0,2,20,0.0046,NORMAL,None,Medium
2861,0,3,30,0.0033,NORMAL,None,Medium
2861,0,4,40,0.0026,NORMAL,None,Low
2861,0,5,50,0.0025,NORMAL,None,Low
2861,0,6,60,0.0028,NORMAL,None,Low
2862,0,1,10,0.0053,NORMAL,None,Medium
2862,0,2,20,0.0042,NORMAL,None,Medium
2862,0,3,30,0.0034,NORMAL,None,Medium
2862,0,4,40,0.0022,NORMAL,None,Low
2862,0,5,50,0.0025,NORMAL,None,Low
2862,0,6,60,0.0022,NORMAL,None,Low
2863,0,1,10,0.0047,NORMAL,None,Medium
2863,0,2,20,0.0035,NORMAL,None,Medium
2863,0,3,30,0.0033,NORMAL,None,Medium
2863,0,4,40,0.0026,NORMAL,None,Low
2863,0,5,50,0.0024,NORMAL,None,Low
2863,0,6,60,0.0023,NORMAL,None,Low
2864,0,1,10,0.0044,NORMAL,None,Medium
2864,0,2,20,0.0036,NORMAL,None,Medium
2864,0,3,30,0.0031,NORMAL,None,Medium
2864,0,4,40,0.0025,NORMAL,None,Low
2864,0,5,50,0.0026,NORMAL,None,Low
2864,0,6,60,0.0024,NORMAL,None,Low
2865,0,1,10,0.0053,NORMAL,None,Medium
2865,0,2,20,0.0044,NORMAL,None,Medium
2865,0,3,30,0.003,NORMAL,None,Medium
2865,0,4,40,0.0027,NORMAL,None,Low
2865,0,5,50,0.0024,NORMAL,None,Low
2865,0,6,60,0.0026,NORMAL,None,Low
2866,0,1,10,0.0041,NORMAL,None,Medium
2866,0,2,20,0.0033,NORMAL,None,Medium
2866,0,3,30,0.0032,NORMAL,None,Medium
2866,0,4,40,0.0029,NORMAL,None,Low
2866,0,5,50,0.0027,NORMAL,None,Low
2866,0,6,60,0.0023,NORMAL,None,Low
2867,0,1,10,0.0036,NORMAL,None,Medium
2867,0,2,20,0.0035,NORMAL,None,Medium
2867,0,3,30,0.0029,NORMAL,None,Medium
2867,0,4,40,0.0024,NORMAL,None,Low
2867,0,5,50,0.0025,NORMAL,None,Low
2867,0,6,60,0.0022,NORMAL,None,Low
2868,0,1,10,0.0029,NORMAL,None,Medium
2868,0,2,20,0.0034,NORMAL,None,Medium
2868,0,3,30,0.0026,NORMAL,None,Medium
2868,0,4,40,0.0024,NORMAL,None,Low
2868,0,5,50,0.0028,NORMAL,None,Low
2868,0,6,60,0.0025,NORMAL,None,Low
2869,0,1,10,0.0034,NORMAL,None,Medium
2869,0,2,20,0.0034,NORMAL,None,Medium
2869,0,3,30,0.0031,NORMAL,None,Medium
2869,0,4,40,0.0027,NORMAL,None,Low
2869,0,5,50,0.0024,NORMAL,None,Low
2869,0,6,60,0.0025,NORMAL,None,Low
2870,0,1,10,0.0023,NORMAL,None,Medium
2870,0,2,20,0.0022,NORMAL,None,Medium
2870,0,3,30,0.0022,NORMAL,None,Medium
2870,0,4,40,0.0023,NORMAL,None,Low
2870,0,5,50,0.0021,NORMAL,None,Low
2870,0,6,60,0.002,NORMAL,None,Low
2871,0,1,10,0.0025,NORMAL,None,Medium
2871,0,2,20,0.0026,NORMAL,None,Medium
2871,0,3,30,0.0024,NORMAL,None,Medium
2871,0,4,40,0.0021,NORMAL,None,Low
2871,0,5,50,0.0021,NORMAL,None,Low
2871,0,6,60,0.0021,NORMAL,None,Low
2872,0,1,10,0.0021,NORMAL,None,Medium
2872,0,2,20,0.0024,NORMAL,None,Medium
2872,0,3,30,0.0019,NORMAL,None,Medium
2872,0,4,40,0.0022,NORMAL,None,Low
2872,0,5,50,0.0018,NORMAL,None,Low
2872,0,6,60,0.002,NORMAL,None,Low
2873,0,1,10,0.0025,NORMAL,None,Medium
2873,0,2,20,0.0028,NORMAL,None,Medium
2873,0,3,30,0.0028,NORMAL,None,Medium
2873,0,4,40,0.0026,NORMAL,None,Low
2873,0,5,50,0.0021,NORMAL,None,Low
2873,0,6,60,0.0023,NORMAL,None,Low
2874,0,1,10,0.0023,NORMAL,None,Medium
2874,0,2,20,0.0027,NORMAL,None,Medium
2874,0,3,30,0.0023,NORMAL,None,Medium
2874,0,4,40,0.0022,NORMAL,None,Low
2874,0,5,50,0.0022,NORMAL,None,Low
2874,0,6,60,0.002,NORMAL,None,Low
2875,0,1,10,0.0022,NORMAL,None,Medium
2875,0,2,20,0.0026,NORMAL,None,Medium
2875,0,3,30,0.0025,NORMAL,None,Medium
2875,0,4,40,0.0022,NORMAL,None,Low
2875,0,5,50,0.0019,NORMAL,None,Low
2875,0,6,60,0.002,NORMAL,None,Low
2876,0,1,10,0.0028,NORMAL,None,Medium
2876,0,2,20,0.0025,NORMAL,None,Medium
2876,0,3,30,0.0024,NORMAL,None,Medium
2876,0,4,40,0.0023,NORMAL,None,Low
2876,0,5,50,0.0021,NORMAL,None,Low
2876,0,6,60,0.0021,NORMAL,None,Low
2877,0,1,10,0.0031,NORMAL,None,Medium
2877,0,2,20,0.0025,NORMAL,None,Medium
2877,0,3,30,0.0028,NORMAL,None,Medium
2877,0,4,40,0.0026,NORMAL,None,Low
2877,0,5,50,0.0024,NORMAL,None,Low
2877,0,6,60,0.0023,NORMAL,None,Low
2878,0,1,10,0.0025,NORMAL,None,Medium
2878,0,2,20,0.0032,NORMAL,None,Medium
2878,0,3,30,0.0028,NORMAL,None,Medium
2878,0,4,40,0.0021,NORMAL,None,Low
2878,0,5,50,0.0024,NORMAL,None,Low
2878,0,6,60,0.0025,NORMAL,None,Low
2879,0,1,10,0.0025,NORMAL,None,Medium
2879,0,2,20,0.0025,NORMAL,None,Medium
2879,0,3,30,0.0024,NORMAL,None,Medium
2879,0,4,40,0.0024,NORMAL,None,Low
2879,0,5,50,0.0023,NORMAL,None,Low
2879,0,6,60,0.0023,NORMAL,None,Low
2880,0,1,10,0.0022,NORMAL,None,Medium
2880,0,2,20,0.0028,NORMAL,None,Medium
2880,0,3,30,0.0021,NORMAL,None,Medium
2880,0,4,40,0.0022,NORMAL,None,Low
2880,0,5,50,0.0025,NORMAL,None,Low
2880,0,6,60,0.0021,NORMAL,None,Low
2881,0,1,10,0.003,NORMAL,None,Medium
2881,0,2,20,0.0031,NORMAL,None,Medium
2881,0,3,30,0.0026,NORMAL,None,Medium
2881,0,4,40,0.0024,NORMAL,None,Low
2881,0,5,50,0.0024,NORMAL,None,Low
2881,0,6,60,0.0022,NORMAL,None,Low
2882,0,1,10,0.0027,NORMAL,None,Medium
2882,0,2,20,0.0028,NORMAL,None,Medium
2882,0,3,30,0.0026,NORMAL,None,Medium
2882,0,4,40,0.002,NORMAL,None,Low
2882,0,5,50,0.002,NORMAL,None,Low
2882,0,6,60,0.0026,NORMAL,None,Low
2883,0,1,10,0.003,NORMAL,None,Medium
2883,0,2,20,0.0028,NORMAL,None,Medium
2883,0,3,30,0.0028,NORMAL,None,Medium
2883,0,4,40,0.0022,NORMAL,None,Low
2883,0,5,50,0.002,NORMAL,None,Low
2883,0,6,60,0.0021,NORMAL,None,Low
2884,0,1,10,0.0032,NORMAL,None,Medium
2884,0,2,20,0.0035,NORMAL,None,Medium
2884,0,3,30,0.0025,NORMAL,None,Medium
2884,0,4,40,0.0027,NORMAL,None,Low
2884,0,5,50,0.0023,NORMAL,None,Low
2884,0,6,60,0.0024,NORMAL,None,Low
2885,0,1,10,0.0035,NORMAL,None,Medium
2885,0,2,20,0.003,NORMAL,None,Medium
2885,0,3,30,0.0026,NORMAL,None,Medium
2885,0,4,40,0.0022,NORMAL,None,Low
2885,0,5,50,0.0023,NORMAL,None,Low
2885,0,6,60,0.0024,NORMAL,None,Low
2886,0,1,10,0.003,NORMAL,None,Medium
2886,0,2,20,0.0027,NORMAL,None,Medium
2886,0,3,30,0.0025,NORMAL,None,Medium
2886,0,4,40,0.0026,NORMAL,None,Low
2886,0,5,50,0.0025,NORMAL,None,Low
2886,0,6,60,0.0024,NORMAL,None,Low
2887,0,1,10,0.0029,NORMAL,None,Medium
2887,0,2,20,0.0027,NORMAL,None,Medium
2887,0,3,30,0.0025,NORMAL,None,Medium
2887,0,4,40,0.0022,NORMAL,None,Low
2887,0,5,50,0.0023,NORMAL,None,Low
2887,0,6,60,0.0024,NORMAL,None,Low
2888,0,1,10,0.0036,NORMAL,None,Medium
2888,0,2,20,0.0034,NORMAL,None,Medium
2888,0,3,30,0.0028,NORMAL,None,Medium
2888,0,4,40,0.0024,NORMAL,None,Low
2888,0,5,50,0.0021,NORMAL,None,Low
2888,0,6,60,0.0023,NORMAL,None,Low
2889,0,1,10,0.0047,NORMAL,None,Medium
2889,0,2,20,0.0039,NORMAL,None,Medium
2889,0,3,30,0.0033,NORMAL,None,Medium
2889,0,4,40,0.0025,NORMAL,None,Low
2889,0,5,50,0.0026,NORMAL,None,Low
2889,0,6,60,0.0021,NORMAL,None,Low
2890,0,1,10,0.0047,NORMAL,None,Medium
2890,0,2,20,0.0042,NORMAL,None,Medium
2890,0,3,30,0.0035,NORMAL,None,Medium
2890,0,4,40,0.0029,NORMAL,None,Low
2890,0,5,50,0.0021,NORMAL,None,Low
2890,0,6,60,0.0025,NORMAL,None,Low
2891,0,1,10,0.0036,NORMAL,None,Medium
2891,0,2,20,0.0033,NORMAL,None,Medium
2891,0,3,30,0.003,NORMAL,None,Medium
2891,0,4,40,0.0029,NORMAL,None,Low
2891,0,5,50,0.0023,NORMAL,None,Low
2891,0,6,60,0.0027,NORMAL,None,Low
2892,0,1,10,0.0048,NORMAL,None,Medium
2892,0,2,20,0.0035,NORMAL,None,Medium
2892,0,3,30,0.0032,NORMAL,None,Medium
2892,0,4,40,0.0024,NORMAL,None,Low
2892,0,5,50,0.0025,NORMAL,None,Low
2892,0,6,60,0.0024,NORMAL,None,Low
2893,0,1,10,0.0044,NORMAL,None,Medium
2893,0,2,20,0.0033,NORMAL,None,Medium
2893,0,3,30,0.003,NORMAL,None,Medium
2893,0,4,40,0.0027,NORMAL,None,Low
2893,0,5,50,0.0022,NORMAL,None,Low
2893,0,6,60,0.0021,NORMAL,None,Low
2894,0,1,10,0.006,NORMAL,None,Medium
2894,0,2,20,0.0037,NORMAL,None,Medium
2894,0,3,30,0.0033,NORMAL,None,Medium
2894,0,4,40,0.0027,NORMAL,None,Low
2894,0,5,50,0.0023,NORMAL,None,Low
2894,0,6,60,0.0023,NORMAL,None,Low
2895,0,1,10,0.0084,NORMAL,None,Medium
2895,0,2,20,0.0042,NORMAL,None,Medium
2895,0,3,30,0.0037,NORMAL,None,Medium
2895,0,4,40,0.0025,NORMAL,None,Low
2895,0,5,50,0.0026,NORMAL,None,Low
2895,0,6,60,0.0024,NORMAL,None,Low
2896,0,1,10,0.0058,NORMAL,None,Medium
2896,0,2,20,0.0039,NORMAL,None,Medium
2896,0,3,30,0.0029,NORMAL,None,Medium
2896,0,4,40,0.0026,NORMAL,None,Low
2896,0,5,50,0.0023,NORMAL,None,Low
2896,0,6,60,0.0022,NORMAL,None,Low
2897,0,1,10,0.0055,NORMAL,None,Medium
2897,0,2,20,0.0037,NORMAL,None,Medium
2897,0,3,30,0.0028,NORMAL,None,Medium
2897,0,4,40,0.0025,NORMAL,None,Low
2897,0,5,50,0.0022,NORMAL,None,Low
2897,0,6,60,0.0025,NORMAL,None,Low
2898,0,1,10,0.0058,NORMAL,None,Medium
2898,0,2,20,0.0037,NORMAL,None,Medium
2898,0,3,30,0.003,NORMAL,None,Medium
2898,0,4,40,0.0025,NORMAL,None,Low
2898,0,5,50,0.0024,NORMAL,None,Low
2898,0,6,60,0.0023,NORMAL,None,Low
2899,0,1,10,0.0055,NORMAL,None,Medium
2899,0,2,20,0.0033,NORMAL,None,Medium
2899,0,3,30,0.0028,NORMAL,None,Medium
2899,0,4,40,0.0028,NORMAL,None,Low
2899,0,5,50,0.0022,NORMAL,None,Low
2899,0,6,60,0.0025,NORMAL,None,Low
2900,0,1,10,0.0044,NORMAL,None,Medium
2900,0,2,20,0.0035,NORMAL,None,Medium
2900,0,3,30,0.0024,NORMAL,None,Medium
2900,0,4,40,0.0024,NORMAL,None,Low
2900,0,5,50,0.0024,NORMAL,None,Low
2900,0,6,60,0.0022,NORMAL,None,Low
2901,0,1,10,0.0032,NORMAL,None,Medium
2901,0,2,20,0.0036,NORMAL,None,Medium
2901,0,3,30,0.0026,NORMAL,None,Medium
2901,0,4,40,0.0028,NORMAL,None,Low
2901,0,5,50,0.0022,NORMAL,None,Low
2901,0,6,60,0.0022,NORMAL,None,Low
2902,0,1,10,0.0042,NORMAL,None,Medium
2902,0,2,20,0.0036,NORMAL,None,Medium
2902,0,3,30,0.0032,NORMAL,None,Medium
2902,0,4,40,0.0028,NORMAL,None,Low
2902,0,5,50,0.0024,NORMAL,None,Low
2902,0,6,60,0.0022,NORMAL,None,Low
2903,0,1,10,0.0052,NORMAL,None,Medium
2903,0,2,20,0.0038,NORMAL,None,Medium
2903,0,3,30,0.0031,NORMAL,None,Medium
2903,0,4,40,0.0028,NORMAL,None,Low
2903,0,5,50,0.0022,NORMAL,None,Low
2903,0,6,60,0.0024,NORMAL,None,Low
2904,0,1,10,0.0039,NORMAL,None,Medium
2904,0,2,20,0.0038,NORMAL,None,Medium
2904,0,3,30,0.0029,NORMAL,None,Medium
2904,0,4,40,0.0028,NORMAL,None,Low
2904,0,5,50,0.0028,NORMAL,None,Low
2904,0,6,60,0.0025,NORMAL,None,Low
2905,0,1,10,0.0027,NORMAL,None,Medium
2905,0,2,20,0.0028,NORMAL,None,Medium
2905,0,3,30,0.0029,NORMAL,None,Medium
2905,0,4,40,0.0028,NORMAL,None,Low
2905,0,5,50,0.0025,NORMAL,None,Low
2905,0,6,60,0.0023,NORMAL,None,Low
2906,0,1,10,0.0029,NORMAL,None,Medium
2906,0,2,20,0.0031,NORMAL,None,Medium
2906,0,3,30,0.0028,NORMAL,None,Medium
2906,0,4,40,0.003,NORMAL,None,Low
2906,0,5,50,0.0023,NORMAL,None,Low
2906,0,6,60,0.0026,NORMAL,None,Low
2907,0,1,10,0.0028,NORMAL,None,Medium
2907,0,2,20,0.003,NORMAL,None,Medium
2907,0,3,30,0.0028,NORMAL,None,Medium
2907,0,4,40,0.0024,NORMAL,None,Low
2907,0,5,50,0.002,NORMAL,None,Low
2907,0,6,60,0.0021,NORMAL,None,Low
261,1,1,10,0.9821,ACTIVE,Initial Access,Low
261,1,2,20,0.9929,ACTIVE,Initial Access,Low
261,1,3,30,0.9945,ACTIVE,Initial Access,Low
261,1,4,40,0.996,ACTIVE,Initial Access,Low
261,1,5,50,0.9971,ACTIVE,Initial Access,Low
261,1,6,60,0.9955,ACTIVE,Initial Access,Low
262,1,1,10,0.8019,PRE_ATTACK,Reconnaissance,Low
262,1,2,20,0.8336,PRE_ATTACK,Reconnaissance,Low
262,1,3,30,0.8448,PRE_ATTACK,Reconnaissance,Low
262,1,4,40,0.8443,PRE_ATTACK,Reconnaissance,Low
262,1,5,50,0.8355,PRE_ATTACK,Reconnaissance,Low
262,1,6,60,0.8387,PRE_ATTACK,Reconnaissance,Low
263,1,1,10,0.5963,PRE_ATTACK,Reconnaissance,Low
263,1,2,20,0.5802,PRE_ATTACK,Reconnaissance,Low
263,1,3,30,0.5723,PRE_ATTACK,Reconnaissance,Low
263,1,4,40,0.5638,PRE_ATTACK,Reconnaissance,Low
263,1,5,50,0.5659,PRE_ATTACK,Reconnaissance,Low
263,1,6,60,0.576,PRE_ATTACK,Reconnaissance,Low
264,1,1,10,0.4896,PRE_ATTACK,Reconnaissance,Low
264,1,2,20,0.4572,PRE_ATTACK,Reconnaissance,Low
264,1,3,30,0.424,NORMAL,None,Medium
264,1,4,40,0.3985,NORMAL,None,Low
264,1,5,50,0.3882,NORMAL,None,Low
264,1,6,60,0.3787,NORMAL,None,Low
265,1,1,10,0.1405,NORMAL,None,Medium
265,1,2,20,0.097,NORMAL,None,Medium
265,1,3,30,0.0512,NORMAL,None,Medium
265,1,4,40,0.0256,NORMAL,None,Low
265,1,5,50,0.0101,NORMAL,None,Low
265,1,6,60,0.0045,NORMAL,None,Low
266,1,1,10,0.1678,NORMAL,None,Medium
266,1,2,20,0.0718,NORMAL,None,Medium
266,1,3,30,0.055,NORMAL,None,Medium
266,1,4,40,0.0386,NORMAL,None,Low
266,1,5,50,0.027,NORMAL,None,Low
266,1,6,60,0.0217,NORMAL,None,Low
339,1,1,10,0.9095,ACTIVE,Initial Access,Low
339,1,2,20,0.9539,ACTIVE,Initial Access,Low
339,1,3,30,0.9784,ACTIVE,Initial Access,Low
339,1,4,40,0.9831,ACTIVE,Initial Access,Low
339,1,5,50,0.9819,ACTIVE,Initial Access,Low
339,1,6,60,0.9818,ACTIVE,Initial Access,Low
434,1,1,10,0.9559,ACTIVE,Initial Access,Low
434,1,2,20,0.9795,ACTIVE,Initial Access,Low
434,1,3,30,0.9852,ACTIVE,Initial Access,Low
434,1,4,40,0.9891,ACTIVE,Initial Access,Low
434,1,5,50,0.9896,ACTIVE,Initial Access,Low
434,1,6,60,0.9868,ACTIVE,Initial Access,Low
435,1,1,10,0.9927,ACTIVE,Initial Access,Low
435,1,2,20,0.9965,ACTIVE,Initial Access,Low
435,1,3,30,0.9969,ACTIVE,Initial Access,Low
435,1,4,40,0.998,ACTIVE,Initial Access,Low
435,1,5,50,0.9983,ACTIVE,Initial Access,Low
435,1,6,60,0.9988,ACTIVE,Initial Access,Low
436,1,1,10,0.9978,ACTIVE,Initial Access,Low
436,1,2,20,0.998,ACTIVE,Initial Access,Low
436,1,3,30,0.9983,ACTIVE,Initial Access,Low
436,1,4,40,0.9984,ACTIVE,Initial Access,Low
436,1,5,50,0.9984,ACTIVE,Initial Access,Low
436,1,6,60,0.9986,ACTIVE,Initial Access,Low
437,1,1,10,0.9969,ACTIVE,Initial Access,Low
437,1,2,20,0.9982,ACTIVE,Initial Access,Low
437,1,3,30,0.9988,ACTIVE,Initial Access,Low
437,1,4,40,0.9987,ACTIVE,Initial Access,Low
437,1,5,50,0.9988,ACTIVE,Initial Access,Low
437,1,6,60,0.9987,ACTIVE,Initial Access,Low
438,1,1,10,0.9958,ACTIVE,Initial Access,Low
438,1,2,20,0.9976,ACTIVE,Initial Access,Low
438,1,3,30,0.9981,ACTIVE,Initial Access,Low
438,1,4,40,0.9984,ACTIVE,Initial Access,Low
438,1,5,50,0.9985,ACTIVE,Initial Access,Low
438,1,6,60,0.9985,ACTIVE,Initial Access,Low
439,1,1,10,0.9977,ACTIVE,Initial Access,Low
439,1,2,20,0.9984,ACTIVE,Initial Access,Low
439,1,3,30,0.9986,ACTIVE,Initial Access,Low
439,1,4,40,0.9985,ACTIVE,Initial Access,Low
439,1,5,50,0.9984,ACTIVE,Initial Access,Low
439,1,6,60,0.9985,ACTIVE,Initial Access,Low
440,1,1,10,0.9983,ACTIVE,Initial Access,Low
440,1,2,20,0.9984,ACTIVE,Initial Access,Low
440,1,3,30,0.9986,ACTIVE,Initial Access,Low
440,1,4,40,0.9988,ACTIVE,Initial Access,Low
440,1,5,50,0.9988,ACTIVE,Initial Access,Low
440,1,6,60,0.9986,ACTIVE,Initial Access,Low
441,1,1,10,0.9978,ACTIVE,Initial Access,Low
441,1,2,20,0.9986,ACTIVE,Initial Access,Low
441,1,3,30,0.9985,ACTIVE,Initial Access,Low
441,1,4,40,0.9987,ACTIVE,Initial Access,Low
441,1,5,50,0.9985,ACTIVE,Initial Access,Low
441,1,6,60,0.9986,ACTIVE,Initial Access,Low
442,1,1,10,0.9983,ACTIVE,Initial Access,Low
442,1,2,20,0.9987,ACTIVE,Initial Access,Low
442,1,3,30,0.9985,ACTIVE,Initial Access,Low
442,1,4,40,0.9985,ACTIVE,Initial Access,Low
442,1,5,50,0.9986,ACTIVE,Initial Access,Low
442,1,6,60,0.9986,ACTIVE,Initial Access,Low
443,1,1,10,0.9971,ACTIVE,Initial Access,Low
443,1,2,20,0.9982,ACTIVE,Initial Access,Low
443,1,3,30,0.9984,ACTIVE,Initial Access,Low
443,1,4,40,0.9985,ACTIVE,Initial Access,Low
443,1,5,50,0.9986,ACTIVE,Initial Access,Low
443,1,6,60,0.9986,ACTIVE,Initial Access,Low
444,1,1,10,0.9975,ACTIVE,Initial Access,Low
444,1,2,20,0.9983,ACTIVE,Initial Access,Low
444,1,3,30,0.9984,ACTIVE,Initial Access,Low
444,1,4,40,0.9986,ACTIVE,Initial Access,Low
444,1,5,50,0.9987,ACTIVE,Initial Access,Low
444,1,6,60,0.9988,ACTIVE,Initial Access,Low
445,1,1,10,0.9981,ACTIVE,Initial Access,Low
445,1,2,20,0.9987,ACTIVE,Initial Access,Low
445,1,3,30,0.9988,ACTIVE,Initial Access,Low
445,1,4,40,0.9988,ACTIVE,Initial Access,Low
445,1,5,50,0.9987,ACTIVE,Initial Access,Low
445,1,6,60,0.9986,ACTIVE,Initial Access,Low
446,1,1,10,0.9988,ACTIVE,Initial Access,Low
446,1,2,20,0.9989,ACTIVE,Initial Access,Low
446,1,3,30,0.9987,ACTIVE,Initial Access,Low
446,1,4,40,0.9986,ACTIVE,Initial Access,Low
446,1,5,50,0.9987,ACTIVE,Initial Access,Low
446,1,6,60,0.9986,ACTIVE,Initial Access,Low
447,1,1,10,0.9987,ACTIVE,Initial Access,Low
447,1,2,20,0.9988,ACTIVE,Initial Access,Low
447,1,3,30,0.9987,ACTIVE,Initial Access,Low
447,1,4,40,0.9989,ACTIVE,Initial Access,Low
447,1,5,50,0.9988,ACTIVE,Initial Access,Low
447,1,6,60,0.9986,ACTIVE,Initial Access,Low
448,1,1,10,0.9976,ACTIVE,Initial Access,Low
448,1,2,20,0.9986,ACTIVE,Initial Access,Low
448,1,3,30,0.9985,ACTIVE,Initial Access,Low
448,1,4,40,0.9985,ACTIVE,Initial Access,Low
448,1,5,50,0.9987,ACTIVE,Initial Access,Low
448,1,6,60,0.9988,ACTIVE,Initial Access,Low
449,1,1,10,0.9921,ACTIVE,Initial Access,Low
449,1,2,20,0.9965,ACTIVE,Initial Access,Low
449,1,3,30,0.9978,ACTIVE,Initial Access,Low
449,1,4,40,0.9985,ACTIVE,Initial Access,Low
449,1,5,50,0.9984,ACTIVE,Initial Access,Low
449,1,6,60,0.9988,ACTIVE,Initial Access,Low
450,1,1,10,0.9935,ACTIVE,Initial Access,Low
450,1,2,20,0.9983,ACTIVE,Initial Access,Low
450,1,3,30,0.9985,ACTIVE,Initial Access,Low
450,1,4,40,0.9986,ACTIVE,Initial Access,Low
450,1,5,50,0.9985,ACTIVE,Initial Access,Low
450,1,6,60,0.9988,ACTIVE,Initial Access,Low
451,1,1,10,0.9939,ACTIVE,Initial Access,Low
451,1,2,20,0.9974,ACTIVE,Initial Access,Low
451,1,3,30,0.9982,ACTIVE,Initial Access,Low
451,1,4,40,0.9983,ACTIVE,Initial Access,Low
451,1,5,50,0.9984,ACTIVE,Initial Access,Low
451,1,6,60,0.9987,ACTIVE,Initial Access,Low
499,1,1,10,0.9965,ACTIVE,Initial Access,Low
499,1,2,20,0.9986,ACTIVE,Initial Access,Low
499,1,3,30,0.9986,ACTIVE,Initial Access,Low
499,1,4,40,0.9987,ACTIVE,Initial Access,Low
499,1,5,50,0.9986,ACTIVE,Initial Access,Low
499,1,6,60,0.9987,ACTIVE,Initial Access,Low
500,1,1,10,0.9964,ACTIVE,Initial Access,Low
500,1,2,20,0.9985,ACTIVE,Initial Access,Low
500,1,3,30,0.9982,ACTIVE,Initial Access,Low
500,1,4,40,0.9986,ACTIVE,Initial Access,Low
500,1,5,50,0.9987,ACTIVE,Initial Access,Low
500,1,6,60,0.9988,ACTIVE,Initial Access,Low
501,1,1,10,0.9953,ACTIVE,Initial Access,Low
501,1,2,20,0.9976,ACTIVE,Initial Access,Low
501,1,3,30,0.9978,ACTIVE,Initial Access,Low
501,1,4,40,0.9984,ACTIVE,Initial Access,Low
501,1,5,50,0.9984,ACTIVE,Initial Access,Low
501,1,6,60,0.9985,ACTIVE,Initial Access,Low
502,1,1,10,0.9958,ACTIVE,Initial Access,Low
502,1,2,20,0.9974,ACTIVE,Initial Access,Low
502,1,3,30,0.9977,ACTIVE,Initial Access,Low
502,1,4,40,0.9981,ACTIVE,Initial Access,Low
502,1,5,50,0.9983,ACTIVE,Initial Access,Low
502,1,6,60,0.9983,ACTIVE,Initial Access,Low
503,1,1,10,0.9964,ACTIVE,Initial Access,Low
503,1,2,20,0.9979,ACTIVE,Initial Access,Low
503,1,3,30,0.998,ACTIVE,Initial Access,Low
503,1,4,40,0.9984,ACTIVE,Initial Access,Low
503,1,5,50,0.9984,ACTIVE,Initial Access,Low
503,1,6,60,0.9984,ACTIVE,Initial Access,Low
504,1,1,10,0.9963,ACTIVE,Initial Access,Low
504,1,2,20,0.9979,ACTIVE,Initial Access,Low
504,1,3,30,0.998,ACTIVE,Initial Access,Low
504,1,4,40,0.9982,ACTIVE,Initial Access,Low
504,1,5,50,0.9983,ACTIVE,Initial Access,Low
504,1,6,60,0.9987,ACTIVE,Initial Access,Low
505,1,1,10,0.9964,ACTIVE,Initial Access,Low
505,1,2,20,0.9979,ACTIVE,Initial Access,Low
505,1,3,30,0.9981,ACTIVE,Initial Access,Low
505,1,4,40,0.9979,ACTIVE,Initial Access,Low
505,1,5,50,0.9981,ACTIVE,Initial Access,Low
505,1,6,60,0.9982,ACTIVE,Initial Access,Low
506,1,1,10,0.9873,ACTIVE,Initial Access,Low
506,1,2,20,0.9936,ACTIVE,Initial Access,Low
506,1,3,30,0.9937,ACTIVE,Initial Access,Low
506,1,4,40,0.9945,ACTIVE,Initial Access,Low
506,1,5,50,0.9936,ACTIVE,Initial Access,Low
506,1,6,60,0.9923,ACTIVE,Initial Access,Low
507,1,1,10,0.9913,ACTIVE,Initial Access,Low
507,1,2,20,0.997,ACTIVE,Initial Access,Low
507,1,3,30,0.9981,ACTIVE,Initial Access,Low
507,1,4,40,0.9984,ACTIVE,Initial Access,Low
507,1,5,50,0.9984,ACTIVE,Initial Access,Low
507,1,6,60,0.9986,ACTIVE,Initial Access,Low
508,1,1,10,0.995,ACTIVE,Initial Access,Low
508,1,2,20,0.9985,ACTIVE,Initial Access,Low
508,1,3,30,0.9985,ACTIVE,Initial Access,Low
508,1,4,40,0.9988,ACTIVE,Initial Access,Low
508,1,5,50,0.9986,ACTIVE,Initial Access,Low
508,1,6,60,0.9987,ACTIVE,Initial Access,Low
509,1,1,10,0.9917,ACTIVE,Initial Access,Low
509,1,2,20,0.9971,ACTIVE,Initial Access,Low
509,1,3,30,0.9982,ACTIVE,Initial Access,Low
509,1,4,40,0.9984,ACTIVE,Initial Access,Low
509,1,5,50,0.9986,ACTIVE,Initial Access,Low
509,1,6,60,0.9983,ACTIVE,Initial Access,Low
510,1,1,10,0.9897,ACTIVE,Initial Access,Low
510,1,2,20,0.9976,ACTIVE,Initial Access,Low
510,1,3,30,0.9979,ACTIVE,Initial Access,Low
510,1,4,40,0.9982,ACTIVE,Initial Access,Low
510,1,5,50,0.9984,ACTIVE,Initial Access,Low
510,1,6,60,0.9985,ACTIVE,Initial Access,Low
511,1,1,10,0.9839,ACTIVE,Initial Access,Low
511,1,2,20,0.9955,ACTIVE,Initial Access,Low
511,1,3,30,0.9973,ACTIVE,Initial Access,Low
511,1,4,40,0.9982,ACTIVE,Initial Access,Low
511,1,5,50,0.9983,ACTIVE,Initial Access,Low
511,1,6,60,0.9984,ACTIVE,Initial Access,Low
512,1,1,10,0.9749,ACTIVE,Initial Access,Low
512,1,2,20,0.9872,ACTIVE,Initial Access,Low
512,1,3,30,0.9898,ACTIVE,Initial Access,Low
512,1,4,40,0.9887,ACTIVE,Initial Access,Low
512,1,5,50,0.9905,ACTIVE,Initial Access,Low
512,1,6,60,0.9884,ACTIVE,Initial Access,Low
513,1,1,10,0.9765,ACTIVE,Initial Access,Low
513,1,2,20,0.9872,ACTIVE,Initial Access,Low
513,1,3,30,0.9914,ACTIVE,Initial Access,Low
513,1,4,40,0.993,ACTIVE,Initial Access,Low
513,1,5,50,0.9942,ACTIVE,Initial Access,Low
513,1,6,60,0.9939,ACTIVE,Initial Access,Low
1955,1,1,10,0.9978,ACTIVE,Initial Access,Low
1955,1,2,20,0.9985,ACTIVE,Initial Access,Low
1955,1,3,30,0.9984,ACTIVE,Initial Access,Low
1955,1,4,40,0.9985,ACTIVE,Initial Access,Low
1955,1,5,50,0.9985,ACTIVE,Initial Access,Low
1955,1,6,60,0.9986,ACTIVE,Initial Access,Low
1956,1,1,10,0.9982,ACTIVE,Initial Access,Low
1956,1,2,20,0.9984,ACTIVE,Initial Access,Low
1956,1,3,30,0.9986,ACTIVE,Initial Access,Low
1956,1,4,40,0.9986,ACTIVE,Initial Access,Low
1956,1,5,50,0.9987,ACTIVE,Initial Access,Low
1956,1,6,60,0.9985,ACTIVE,Initial Access,Low
1957,1,1,10,0.9985,ACTIVE,Initial Access,Low
1957,1,2,20,0.9988,ACTIVE,Initial Access,Low
1957,1,3,30,0.9986,ACTIVE,Initial Access,Low
1957,1,4,40,0.9986,ACTIVE,Initial Access,Low
1957,1,5,50,0.9988,ACTIVE,Initial Access,Low
1957,1,6,60,0.9985,ACTIVE,Initial Access,Low
1958,1,1,10,0.9988,ACTIVE,Initial Access,Low
1958,1,2,20,0.9987,ACTIVE,Initial Access,Low
1958,1,3,30,0.9986,ACTIVE,Initial Access,Low
1958,1,4,40,0.9986,ACTIVE,Initial Access,Low
1958,1,5,50,0.9986,ACTIVE,Initial Access,Low
1958,1,6,60,0.9985,ACTIVE,Initial Access,Low
1959,1,1,10,0.9992,ACTIVE,Initial Access,Low
1959,1,2,20,0.9988,ACTIVE,Initial Access,Low
1959,1,3,30,0.9985,ACTIVE,Initial Access,Low
1959,1,4,40,0.9989,ACTIVE,Initial Access,Low
1959,1,5,50,0.9986,ACTIVE,Initial Access,Low
1959,1,6,60,0.9986,ACTIVE,Initial Access,Low
1960,1,1,10,0.9995,ACTIVE,Initial Access,Low
1960,1,2,20,0.9988,ACTIVE,Initial Access,Low
1960,1,3,30,0.9989,ACTIVE,Initial Access,Low
1960,1,4,40,0.9987,ACTIVE,Initial Access,Low
1960,1,5,50,0.9988,ACTIVE,Initial Access,Low
1960,1,6,60,0.9987,ACTIVE,Initial Access,Low
1961,1,1,10,0.9994,ACTIVE,Initial Access,Low
1961,1,2,20,0.9988,ACTIVE,Initial Access,Low
1961,1,3,30,0.9987,ACTIVE,Initial Access,Low
1961,1,4,40,0.9987,ACTIVE,Initial Access,Low
1961,1,5,50,0.9986,ACTIVE,Initial Access,Low
1961,1,6,60,0.9987,ACTIVE,Initial Access,Low
1962,1,1,10,0.9993,ACTIVE,Initial Access,Low
1962,1,2,20,0.9987,ACTIVE,Initial Access,Low
1962,1,3,30,0.9988,ACTIVE,Initial Access,Low
1962,1,4,40,0.9988,ACTIVE,Initial Access,Low
1962,1,5,50,0.9989,ACTIVE,Initial Access,Low
1962,1,6,60,0.9986,ACTIVE,Initial Access,Low
1963,1,1,10,0.9993,ACTIVE,Initial Access,Low
1963,1,2,20,0.9987,ACTIVE,Initial Access,Low
1963,1,3,30,0.9987,ACTIVE,Initial Access,Low
1963,1,4,40,0.9988,ACTIVE,Initial Access,Low
1963,1,5,50,0.9986,ACTIVE,Initial Access,Low
1963,1,6,60,0.9986,ACTIVE,Initial Access,Low
1964,1,1,10,0.9991,ACTIVE,Initial Access,Low
1964,1,2,20,0.999,ACTIVE,Initial Access,Low
1964,1,3,30,0.9985,ACTIVE,Initial Access,Low
1964,1,4,40,0.9986,ACTIVE,Initial Access,Low
1964,1,5,50,0.9987,ACTIVE,Initial Access,Low
1964,1,6,60,0.9987,ACTIVE,Initial Access,Low
1965,1,1,10,0.9979,ACTIVE,Initial Access,Low
1965,1,2,20,0.9984,ACTIVE,Initial Access,Low
1965,1,3,30,0.9985,ACTIVE,Initial Access,Low
1965,1,4,40,0.9985,ACTIVE,Initial Access,Low
1965,1,5,50,0.9989,ACTIVE,Initial Access,Low
1965,1,6,60,0.9985,ACTIVE,Initial Access,Low
1966,1,1,10,0.9987,ACTIVE,Initial Access,Low
1966,1,2,20,0.9988,ACTIVE,Initial Access,Low
1966,1,3,30,0.9989,ACTIVE,Initial Access,Low
1966,1,4,40,0.9985,ACTIVE,Initial Access,Low
1966,1,5,50,0.9986,ACTIVE,Initial Access,Low
1966,1,6,60,0.9985,ACTIVE,Initial Access,Low
1967,1,1,10,0.999,ACTIVE,Initial Access,Low
1967,1,2,20,0.9989,ACTIVE,Initial Access,Low
1967,1,3,30,0.9985,ACTIVE,Initial Access,Low
1967,1,4,40,0.9987,ACTIVE,Initial Access,Low
1967,1,5,50,0.9985,ACTIVE,Initial Access,Low
1967,1,6,60,0.9986,ACTIVE,Initial Access,Low
1968,1,1,10,0.9986,ACTIVE,Initial Access,Low
1968,1,2,20,0.9981,ACTIVE,Initial Access,Low
1968,1,3,30,0.9981,ACTIVE,Initial Access,Low
1968,1,4,40,0.9987,ACTIVE,Initial Access,Low
1968,1,5,50,0.9987,ACTIVE,Initial Access,Low
1968,1,6,60,0.9987,ACTIVE,Initial Access,Low
2225,1,1,10,0.999,ACTIVE,Initial Access,Low
2225,1,2,20,0.999,ACTIVE,Initial Access,Low
2225,1,3,30,0.9986,ACTIVE,Initial Access,Low
2225,1,4,40,0.9987,ACTIVE,Initial Access,Low
2225,1,5,50,0.9987,ACTIVE,Initial Access,Low
2225,1,6,60,0.9986,ACTIVE,Initial Access,Low
2226,1,1,10,0.9988,ACTIVE,Initial Access,Low
2226,1,2,20,0.9985,ACTIVE,Initial Access,Low
2226,1,3,30,0.9989,ACTIVE,Initial Access,Low
2226,1,4,40,0.9986,ACTIVE,Initial Access,Low
2226,1,5,50,0.9987,ACTIVE,Initial Access,Low
2226,1,6,60,0.9987,ACTIVE,Initial Access,Low
2348,0,1,10,0.0017,NORMAL,None,Medium
2348,0,2,20,0.0021,NORMAL,None,Medium
2348,0,3,30,0.0021,NORMAL,None,Medium
2348,0,4,40,0.002,NORMAL,None,Low
2348,0,5,50,0.0022,NORMAL,None,Low
2348,0,6,60,0.0024,NORMAL,None,Low
2349,0,1,10,0.0017,NORMAL,None,Medium
2349,0,2,20,0.0022,NORMAL,None,Medium
2349,0,3,30,0.0022,NORMAL,None,Medium
2349,0,4,40,0.0021,NORMAL,None,Low
2349,0,5,50,0.0023,NORMAL,None,Low
2349,0,6,60,0.0019,NORMAL,None,Low
2350,0,1,10,0.0022,NORMAL,None,Medium
2350,0,2,20,0.0023,NORMAL,None,Medium
2350,0,3,30,0.0022,NORMAL,None,Medium
2350,0,4,40,0.0024,NORMAL,None,Low
2350,0,5,50,0.0021,NORMAL,None,Low
2350,0,6,60,0.0021,NORMAL,None,Low
2351,0,1,10,0.0018,NORMAL,None,Medium
2351,0,2,20,0.002,NORMAL,None,Medium
2351,0,3,30,0.0021,NORMAL,None,Medium
2351,0,4,40,0.0024,NORMAL,None,Low
2351,0,5,50,0.002,NORMAL,None,Low
2351,0,6,60,0.002,NORMAL,None,Low
2352,0,1,10,0.0018,NORMAL,None,Medium
2352,0,2,20,0.0019,NORMAL,None,Medium
2352,0,3,30,0.002,NORMAL,None,Medium
2352,0,4,40,0.002,NORMAL,None,Low
2352,0,5,50,0.0019,NORMAL,None,Low
2352,0,6,60,0.002,NORMAL,None,Low
2353,0,1,10,0.0015,NORMAL,None,Medium
2353,0,2,20,0.0022,NORMAL,None,Medium
2353,0,3,30,0.0025,NORMAL,None,Medium
2353,0,4,40,0.0022,NORMAL,None,Low
2353,0,5,50,0.002,NORMAL,None,Low
2353,0,6,60,0.0019,NORMAL,None,Low
2354,0,1,10,0.0019,NORMAL,None,Medium
2354,0,2,20,0.0024,NORMAL,None,Medium
2354,0,3,30,0.0019,NORMAL,None,Medium
2354,0,4,40,0.0022,NORMAL,None,Low
2354,0,5,50,0.0023,NORMAL,None,Low
2354,0,6,60,0.0021,NORMAL,None,Low
2355,0,1,10,0.0019,NORMAL,None,Medium
2355,0,2,20,0.0021,NORMAL,None,Medium
2355,0,3,30,0.0023,NORMAL,None,Medium
2355,0,4,40,0.0021,NORMAL,None,Low
2355,0,5,50,0.0023,NORMAL,None,Low
2355,0,6,60,0.0022,NORMAL,None,Low
2356,0,1,10,0.0019,NORMAL,None,Medium
2356,0,2,20,0.0024,NORMAL,None,Medium
2356,0,3,30,0.0019,NORMAL,None,Medium
2356,0,4,40,0.0021,NORMAL,None,Low
2356,0,5,50,0.0023,NORMAL,None,Low
2356,0,6,60,0.0022,NORMAL,None,Low
2357,0,1,10,0.0017,NORMAL,None,Medium
2357,0,2,20,0.0023,NORMAL,None,Medium
2357,0,3,30,0.0024,NORMAL,None,Medium
2357,0,4,40,0.0021,NORMAL,None,Low
2357,0,5,50,0.0023,NORMAL,None,Low
2357,0,6,60,0.0023,NORMAL,None,Low
2358,0,1,10,0.002,NORMAL,None,Medium
2358,0,2,20,0.0021,NORMAL,None,Medium
2358,0,3,30,0.002,NORMAL,None,Medium
2358,0,4,40,0.0019,NORMAL,None,Low
2358,0,5,50,0.0019,NORMAL,None,Low
2358,0,6,60,0.002,NORMAL,None,Low
2359,0,1,10,0.0022,NORMAL,None,Medium
2359,0,2,20,0.0026,NORMAL,None,Medium
2359,0,3,30,0.0026,NORMAL,None,Medium
2359,0,4,40,0.002,NORMAL,None,Low
2359,0,5,50,0.002,NORMAL,None,Low
2359,0,6,60,0.0023,NORMAL,None,Low
2360,0,1,10,0.0024,NORMAL,None,Medium
2360,0,2,20,0.0019,NORMAL,None,Medium
2360,0,3,30,0.0026,NORMAL,None,Medium
2360,0,4,40,0.002,NORMAL,None,Low
2360,0,5,50,0.0021,NORMAL,None,Low
2360,0,6,60,0.0021,NORMAL,None,Low
2361,0,1,10,0.0022,NORMAL,None,Medium
2361,0,2,20,0.0026,NORMAL,None,Medium
2361,0,3,30,0.0019,NORMAL,None,Medium
2361,0,4,40,0.0021,NORMAL,None,Low
2361,0,5,50,0.0022,NORMAL,None,Low
2361,0,6,60,0.0024,NORMAL,None,Low
2362,0,1,10,0.0017,NORMAL,None,Medium
2362,0,2,20,0.0019,NORMAL,None,Medium
2362,0,3,30,0.0022,NORMAL,None,Medium
2362,0,4,40,0.0022,NORMAL,None,Low
2362,0,5,50,0.0021,NORMAL,None,Low
2362,0,6,60,0.0021,NORMAL,None,Low
2363,0,1,10,0.0021,NORMAL,None,Medium
2363,0,2,20,0.0022,NORMAL,None,Medium
2363,0,3,30,0.0021,NORMAL,None,Medium
2363,0,4,40,0.0022,NORMAL,None,Low
2363,0,5,50,0.0019,NORMAL,None,Low
2363,0,6,60,0.002,NORMAL,None,Low
2364,0,1,10,0.0017,NORMAL,None,Medium
2364,0,2,20,0.0022,NORMAL,None,Medium
2364,0,3,30,0.0021,NORMAL,None,Medium
2364,0,4,40,0.0026,NORMAL,None,Low
2364,0,5,50,0.0023,NORMAL,None,Low
2364,0,6,60,0.0023,NORMAL,None,Low
2365,0,1,10,0.0024,NORMAL,None,Medium
2365,0,2,20,0.0022,NORMAL,None,Medium
2365,0,3,30,0.0022,NORMAL,None,Medium
2365,0,4,40,0.0023,NORMAL,None,Low
2365,0,5,50,0.0021,NORMAL,None,Low
2365,0,6,60,0.0021,NORMAL,None,Low
2366,0,1,10,0.0023,NORMAL,None,Medium
2366,0,2,20,0.0023,NORMAL,None,Medium
2366,0,3,30,0.0021,NORMAL,None,Medium
2366,0,4,40,0.0025,NORMAL,None,Low
2366,0,5,50,0.0023,NORMAL,None,Low
2366,0,6,60,0.0025,NORMAL,None,Low
2367,0,1,10,0.0025,NORMAL,None,Medium
2367,0,2,20,0.0031,NORMAL,None,Medium
2367,0,3,30,0.0026,NORMAL,None,Medium
2367,0,4,40,0.0028,NORMAL,None,Low
2367,0,5,50,0.0025,NORMAL,None,Low
2367,0,6,60,0.0023,NORMAL,None,Low
2368,0,1,10,0.0023,NORMAL,None,Medium
2368,0,2,20,0.0027,NORMAL,None,Medium
2368,0,3,30,0.0027,NORMAL,None,Medium
2368,0,4,40,0.0023,NORMAL,None,Low
2368,0,5,50,0.0019,NORMAL,None,Low
2368,0,6,60,0.002,NORMAL,None,Low
2369,0,1,10,0.0029,NORMAL,None,Medium
2369,0,2,20,0.0031,NORMAL,None,Medium
2369,0,3,30,0.0025,NORMAL,None,Medium
2369,0,4,40,0.0027,NORMAL,None,Low
2369,0,5,50,0.0026,NORMAL,None,Low
2369,0,6,60,0.0024,NORMAL,None,Low
2370,0,1,10,0.0025,NORMAL,None,Medium
2370,0,2,20,0.0026,NORMAL,None,Medium
2370,0,3,30,0.0027,NORMAL,None,Medium
2370,0,4,40,0.0025,NORMAL,None,Low
2370,0,5,50,0.002,NORMAL,None,Low
2370,0,6,60,0.0022,NORMAL,None,Low
2371,0,1,10,0.0026,NORMAL,None,Medium
2371,0,2,20,0.0029,NORMAL,None,Medium
2371,0,3,30,0.0026,NORMAL,None,Medium
2371,0,4,40,0.0023,NORMAL,None,Low
2371,0,5,50,0.0022,NORMAL,None,Low
2371,0,6,60,0.0023,NORMAL,None,Low
2372,0,1,10,0.0042,NORMAL,None,Medium
2372,0,2,20,0.0035,NORMAL,None,Medium
2372,0,3,30,0.0031,NORMAL,None,Medium
2372,0,4,40,0.0026,NORMAL,None,Low
2372,0,5,50,0.0027,NORMAL,None,Low
2372,0,6,60,0.0026,NORMAL,None,Low
2373,0,1,10,0.0042,NORMAL,None,Medium
2373,0,2,20,0.0036,NORMAL,None,Medium
2373,0,3,30,0.0027,NORMAL,None,Medium
2373,0,4,40,0.0024,NORMAL,None,Low
2373,0,5,50,0.002,NORMAL,None,Low
2373,0,6,60,0.002,NORMAL,None,Low
2374,0,1,10,0.004,NORMAL,None,Medium
2374,0,2,20,0.0034,NORMAL,None,Medium
2374,0,3,30,0.0031,NORMAL,None,Medium
2374,0,4,40,0.0026,NORMAL,None,Low
2374,0,5,50,0.0025,NORMAL,None,Low
2374,0,6,60,0.0022,NORMAL,None,Low
2375,0,1,10,0.0064,NORMAL,None,Medium
2375,0,2,20,0.0042,NORMAL,None,Medium
2375,0,3,30,0.0031,NORMAL,None,Medium
2375,0,4,40,0.0027,NORMAL,None,Low
2375,0,5,50,0.0027,NORMAL,None,Low
2375,0,6,60,0.0024,NORMAL,None,Low
2376,0,1,10,0.0068,NORMAL,None,Medium
2376,0,2,20,0.005,NORMAL,None,Medium
2376,0,3,30,0.0038,NORMAL,None,Medium
2376,0,4,40,0.0025,NORMAL,None,Low
2376,0,5,50,0.0022,NORMAL,None,Low
2376,0,6,60,0.0021,NORMAL,None,Low
2377,0,1,10,0.0073,NORMAL,None,Medium
2377,0,2,20,0.0055,NORMAL,None,Medium
2377,0,3,30,0.0041,NORMAL,None,Medium
2377,0,4,40,0.0027,NORMAL,None,Low
2377,0,5,50,0.0025,NORMAL,None,Low
2377,0,6,60,0.0023,NORMAL,None,Low
2378,0,1,10,0.0054,NORMAL,None,Medium
2378,0,2,20,0.0051,NORMAL,None,Medium
2378,0,3,30,0.0037,NORMAL,None,Medium
2378,0,4,40,0.003,NORMAL,None,Low
2378,0,5,50,0.0027,NORMAL,None,Low
2378,0,6,60,0.0024,NORMAL,None,Low
2379,0,1,10,0.0046,NORMAL,None,Medium
2379,0,2,20,0.0044,NORMAL,None,Medium
2379,0,3,30,0.0031,NORMAL,None,Medium
2379,0,4,40,0.0026,NORMAL,None,Low
2379,0,5,50,0.0025,NORMAL,None,Low
2379,0,6,60,0.0024,NORMAL,None,Low
2380,0,1,10,0.0052,NORMAL,None,Medium
2380,0,2,20,0.0044,NORMAL,None,Medium
2380,0,3,30,0.0035,NORMAL,None,Medium
2380,0,4,40,0.003,NORMAL,None,Low
2380,0,5,50,0.0025,NORMAL,None,Low
2380,0,6,60,0.0025,NORMAL,None,Low
2381,0,1,10,0.0043,NORMAL,None,Medium
2381,0,2,20,0.0039,NORMAL,None,Medium
2381,0,3,30,0.0031,NORMAL,None,Medium
2381,0,4,40,0.0028,NORMAL,None,Low
2381,0,5,50,0.0027,NORMAL,None,Low
2381,0,6,60,0.0023,NORMAL,None,Low
2382,0,1,10,0.0041,NORMAL,None,Medium
2382,0,2,20,0.0031,NORMAL,None,Medium
2382,0,3,30,0.0032,NORMAL,None,Medium
2382,0,4,40,0.0025,NORMAL,None,Low
2382,0,5,50,0.0022,NORMAL,None,Low
2382,0,6,60,0.0021,NORMAL,None,Low
2383,0,1,10,0.0043,NORMAL,None,Medium
2383,0,2,20,0.0036,NORMAL,None,Medium
2383,0,3,30,0.003,NORMAL,None,Medium
2383,0,4,40,0.0031,NORMAL,None,Low
2383,0,5,50,0.0025,NORMAL,None,Low
2383,0,6,60,0.0025,NORMAL,None,Low
2384,0,1,10,0.0032,NORMAL,None,Medium
2384,0,2,20,0.0031,NORMAL,None,Medium
2384,0,3,30,0.0032,NORMAL,None,Medium
2384,0,4,40,0.0026,NORMAL,None,Low
2384,0,5,50,0.0025,NORMAL,None,Low
2384,0,6,60,0.0024,NORMAL,None,Low
2385,0,1,10,0.0027,NORMAL,None,Medium
2385,0,2,20,0.0027,NORMAL,None,Medium
2385,0,3,30,0.0024,NORMAL,None,Medium
2385,0,4,40,0.0028,NORMAL,None,Low
2385,0,5,50,0.0025,NORMAL,None,Low
2385,0,6,60,0.0021,NORMAL,None,Low
2386,0,1,10,0.0026,NORMAL,None,Medium
2386,0,2,20,0.0025,NORMAL,None,Medium
2386,0,3,30,0.0023,NORMAL,None,Medium
2386,0,4,40,0.002,NORMAL,None,Low
2386,0,5,50,0.002,NORMAL,None,Low
2386,0,6,60,0.0024,NORMAL,None,Low
2387,0,1,10,0.0025,NORMAL,None,Medium
2387,0,2,20,0.0028,NORMAL,None,Medium
2387,0,3,30,0.0026,NORMAL,None,Medium
2387,0,4,40,0.0025,NORMAL,None,Low
2387,0,5,50,0.0024,NORMAL,None,Low
2387,0,6,60,0.0019,NORMAL,None,Low
2388,0,1,10,0.0022,NORMAL,None,Medium
2388,0,2,20,0.0021,NORMAL,None,Medium
2388,0,3,30,0.0025,NORMAL,None,Medium
2388,0,4,40,0.0021,NORMAL,None,Low
2388,0,5,50,0.0024,NORMAL,None,Low
2388,0,6,60,0.002,NORMAL,None,Low
2389,0,1,10,0.0024,NORMAL,None,Medium
2389,0,2,20,0.0025,NORMAL,None,Medium
2389,0,3,30,0.0026,NORMAL,None,Medium
2389,0,4,40,0.0023,NORMAL,None,Low
2389,0,5,50,0.0022,NORMAL,None,Low
2389,0,6,60,0.0023,NORMAL,None,Low
2390,0,1,10,0.0028,NORMAL,None,Medium
2390,0,2,20,0.003,NORMAL,None,Medium
2390,0,3,30,0.0025,NORMAL,None,Medium
2390,0,4,40,0.0027,NORMAL,None,Low
2390,0,5,50,0.0025,NORMAL,None,Low
2390,0,6,60,0.0026,NORMAL,None,Low
2391,0,1,10,0.0028,NORMAL,None,Medium
2391,0,2,20,0.003,NORMAL,None,Medium
2391,0,3,30,0.0031,NORMAL,None,Medium
2391,0,4,40,0.0027,NORMAL,None,Low
2391,0,5,50,0.0024,NORMAL,None,Low
2391,0,6,60,0.002,NORMAL,None,Low
2392,0,1,10,0.0023,NORMAL,None,Medium
2392,0,2,20,0.0027,NORMAL,None,Medium
2392,0,3,30,0.0027,NORMAL,None,Medium
2392,0,4,40,0.0022,NORMAL,None,Low
2392,0,5,50,0.0023,NORMAL,None,Low
2392,0,6,60,0.0023,NORMAL,None,Low
2393,0,1,10,0.0024,NORMAL,None,Medium
2393,0,2,20,0.0028,NORMAL,None,Medium
2393,0,3,30,0.0031,NORMAL,None,Medium
2393,0,4,40,0.0028,NORMAL,None,Low
2393,0,5,50,0.0022,NORMAL,None,Low
2393,0,6,60,0.0025,NORMAL,None,Low
2394,0,1,10,0.0028,NORMAL,None,Medium
2394,0,2,20,0.0029,NORMAL,None,Medium
2394,0,3,30,0.0026,NORMAL,None,Medium
2394,0,4,40,0.0025,NORMAL,None,Low
2394,0,5,50,0.0024,NORMAL,None,Low
2394,0,6,60,0.0025,NORMAL,None,Low
2395,0,1,10,0.0027,NORMAL,None,Medium
2395,0,2,20,0.0031,NORMAL,None,Medium
2395,0,3,30,0.003,NORMAL,None,Medium
2395,0,4,40,0.0024,NORMAL,None,Low
2395,0,5,50,0.0024,NORMAL,None,Low
2395,0,6,60,0.0024,NORMAL,None,Low
2396,0,1,10,0.0026,NORMAL,None,Medium
2396,0,2,20,0.0028,NORMAL,None,Medium
2396,0,3,30,0.0027,NORMAL,None,Medium
2396,0,4,40,0.0026,NORMAL,None,Low
2396,0,5,50,0.0019,NORMAL,None,Low
2396,0,6,60,0.0023,NORMAL,None,Low
2397,0,1,10,0.0031,NORMAL,None,Medium
2397,0,2,20,0.0037,NORMAL,None,Medium
2397,0,3,30,0.0025,NORMAL,None,Medium
2397,0,4,40,0.0026,NORMAL,None,Low
2397,0,5,50,0.0025,NORMAL,None,Low
2397,0,6,60,0.0022,NORMAL,None,Low
2398,0,1,10,0.0025,NORMAL,None,Medium
2398,0,2,20,0.0025,NORMAL,None,Medium
2398,0,3,30,0.0022,NORMAL,None,Medium
2398,0,4,40,0.0023,NORMAL,None,Low
2398,0,5,50,0.0023,NORMAL,None,Low
2398,0,6,60,0.002,NORMAL,None,Low
2399,0,1,10,0.0022,NORMAL,None,Medium
2399,0,2,20,0.0024,NORMAL,None,Medium
2399,0,3,30,0.0022,NORMAL,None,Medium
2399,0,4,40,0.0022,NORMAL,None,Low
2399,0,5,50,0.002,NORMAL,None,Low
2399,0,6,60,0.0022,NORMAL,None,Low
2400,0,1,10,0.0022,NORMAL,None,Medium
2400,0,2,20,0.0024,NORMAL,None,Medium
2400,0,3,30,0.0024,NORMAL,None,Medium
2400,0,4,40,0.0021,NORMAL,None,Low
2400,0,5,50,0.0023,NORMAL,None,Low
2400,0,6,60,0.0022,NORMAL,None,Low
2401,0,1,10,0.0025,NORMAL,None,Medium
2401,0,2,20,0.0031,NORMAL,None,Medium
2401,0,3,30,0.0024,NORMAL,None,Medium
2401,0,4,40,0.0024,NORMAL,None,Low
2401,0,5,50,0.0024,NORMAL,None,Low
2401,0,6,60,0.0023,NORMAL,None,Low
2402,0,1,10,0.0029,NORMAL,None,Medium
2402,0,2,20,0.0027,NORMAL,None,Medium
2402,0,3,30,0.0024,NORMAL,None,Medium
2402,0,4,40,0.0023,NORMAL,None,Low
2402,0,5,50,0.0024,NORMAL,None,Low
2402,0,6,60,0.0026,NORMAL,None,Low
2403,0,1,10,0.0031,NORMAL,None,Medium
2403,0,2,20,0.0035,NORMAL,None,Medium
2403,0,3,30,0.003,NORMAL,None,Medium
2403,0,4,40,0.0023,NORMAL,None,Low
2403,0,5,50,0.0018,NORMAL,None,Low
2403,0,6,60,0.0022,NORMAL,None,Low
2404,0,1,10,0.0033,NORMAL,None,Medium
2404,0,2,20,0.0032,NORMAL,None,Medium
2404,0,3,30,0.0029,NORMAL,None,Medium
2404,0,4,40,0.0025,NORMAL,None,Low
2404,0,5,50,0.0023,NORMAL,None,Low
2404,0,6,60,0.0023,NORMAL,None,Low
2405,0,1,10,0.0033,NORMAL,None,Medium
2405,0,2,20,0.0032,NORMAL,None,Medium
2405,0,3,30,0.003,NORMAL,None,Medium
2405,0,4,40,0.0027,NORMAL,None,Low
2405,0,5,50,0.0021,NORMAL,None,Low
2405,0,6,60,0.0022,NORMAL,None,Low
2406,0,1,10,0.0027,NORMAL,None,Medium
2406,0,2,20,0.0033,NORMAL,None,Medium
2406,0,3,30,0.0027,NORMAL,None,Medium
2406,0,4,40,0.0025,NORMAL,None,Low
2406,0,5,50,0.0023,NORMAL,None,Low
2406,0,6,60,0.0022,NORMAL,None,Low
2407,0,1,10,0.0021,NORMAL,None,Medium
2407,0,2,20,0.0026,NORMAL,None,Medium
2407,0,3,30,0.0024,NORMAL,None,Medium
2407,0,4,40,0.0023,NORMAL,None,Low
2407,0,5,50,0.0022,NORMAL,None,Low
2407,0,6,60,0.0024,NORMAL,None,Low
2408,0,1,10,0.0025,NORMAL,None,Medium
2408,0,2,20,0.0028,NORMAL,None,Medium
2408,0,3,30,0.0025,NORMAL,None,Medium
2408,0,4,40,0.0024,NORMAL,None,Low
2408,0,5,50,0.002,NORMAL,None,Low
2408,0,6,60,0.0022,NORMAL,None,Low
2409,0,1,10,0.0024,NORMAL,None,Medium
2409,0,2,20,0.0028,NORMAL,None,Medium
2409,0,3,30,0.0022,NORMAL,None,Medium
2409,0,4,40,0.0025,NORMAL,None,Low
2409,0,5,50,0.0023,NORMAL,None,Low
2409,0,6,60,0.0022,NORMAL,None,Low
2410,0,1,10,0.0024,NORMAL,None,Medium
2410,0,2,20,0.0026,NORMAL,None,Medium
2410,0,3,30,0.0025,NORMAL,None,Medium
2410,0,4,40,0.0025,NORMAL,None,Low
2410,0,5,50,0.0024,NORMAL,None,Low
2410,0,6,60,0.0023,NORMAL,None,Low
2411,0,1,10,0.0028,NORMAL,None,Medium
2411,0,2,20,0.0033,NORMAL,None,Medium
2411,0,3,30,0.0023,NORMAL,None,Medium
2411,0,4,40,0.0025,NORMAL,None,Low
2411,0,5,50,0.0022,NORMAL,None,Low
2411,0,6,60,0.0022,NORMAL,None,Low
2412,0,1,10,0.0032,NORMAL,None,Medium
2412,0,2,20,0.0032,NORMAL,None,Medium
2412,0,3,30,0.0032,NORMAL,None,Medium
2412,0,4,40,0.0028,NORMAL,None,Low
2412,0,5,50,0.0022,NORMAL,None,Low
2412,0,6,60,0.0021,NORMAL,None,Low
2413,0,1,10,0.003,NORMAL,None,Medium
2413,0,2,20,0.003,NORMAL,None,Medium
2413,0,3,30,0.003,NORMAL,None,Medium
2413,0,4,40,0.0024,NORMAL,None,Low
2413,0,5,50,0.0022,NORMAL,None,Low
2413,0,6,60,0.0022,NORMAL,None,Low
2414,0,1,10,0.0029,NORMAL,None,Medium
2414,0,2,20,0.0031,NORMAL,None,Medium
2414,0,3,30,0.0023,NORMAL,None,Medium
2414,0,4,40,0.0028,NORMAL,None,Low
2414,0,5,50,0.0025,NORMAL,None,Low
2414,0,6,60,0.0023,NORMAL,None,Low
2415,0,1,10,0.0024,NORMAL,None,Medium
2415,0,2,20,0.0027,NORMAL,None,Medium
2415,0,3,30,0.0027,NORMAL,None,Medium
2415,0,4,40,0.0022,NORMAL,None,Low
2415,0,5,50,0.0022,NORMAL,None,Low
2415,0,6,60,0.0019,NORMAL,None,Low
2416,0,1,10,0.0026,NORMAL,None,Medium
2416,0,2,20,0.0029,NORMAL,None,Medium
2416,0,3,30,0.0027,NORMAL,None,Medium
2416,0,4,40,0.0026,NORMAL,None,Low
2416,0,5,50,0.0022,NORMAL,None,Low
2416,0,6,60,0.0021,NORMAL,None,Low
2417,0,1,10,0.0023,NORMAL,None,Medium
2417,0,2,20,0.0029,NORMAL,None,Medium
2417,0,3,30,0.0023,NORMAL,None,Medium
2417,0,4,40,0.0022,NORMAL,None,Low
2417,0,5,50,0.0022,NORMAL,None,Low
2417,0,6,60,0.002,NORMAL,None,Low
2418,0,1,10,0.0025,NORMAL,None,Medium
2418,0,2,20,0.0032,NORMAL,None,Medium
2418,0,3,30,0.0023,NORMAL,None,Medium
2418,0,4,40,0.0023,NORMAL,None,Low
2418,0,5,50,0.0023,NORMAL,None,Low
2418,0,6,60,0.0021,NORMAL,None,Low
2419,0,1,10,0.0023,NORMAL,None,Medium
2419,0,2,20,0.0027,NORMAL,None,Medium
2419,0,3,30,0.0025,NORMAL,None,Medium
2419,0,4,40,0.0025,NORMAL,None,Low
2419,0,5,50,0.0025,NORMAL,None,Low
2419,0,6,60,0.0023,NORMAL,None,Low
2420,0,1,10,0.0028,NORMAL,None,Medium
2420,0,2,20,0.0028,NORMAL,None,Medium
2420,0,3,30,0.0029,NORMAL,None,Medium
2420,0,4,40,0.0022,NORMAL,None,Low
2420,0,5,50,0.002,NORMAL,None,Low
2420,0,6,60,0.0022,NORMAL,None,Low
2421,0,1,10,0.0023,NORMAL,None,Medium
2421,0,2,20,0.0029,NORMAL,None,Medium
2421,0,3,30,0.0024,NORMAL,None,Medium
2421,0,4,40,0.0026,NORMAL,None,Low
2421,0,5,50,0.0023,NORMAL,None,Low
2421,0,6,60,0.0019,NORMAL,None,Low
2422,0,1,10,0.0016,NORMAL,None,Medium
2422,0,2,20,0.0024,NORMAL,None,Medium
2422,0,3,30,0.0021,NORMAL,None,Medium
2422,0,4,40,0.0023,NORMAL,None,Low
2422,0,5,50,0.0024,NORMAL,None,Low
2422,0,6,60,0.0021,NORMAL,None,Low
2423,0,1,10,0.0028,NORMAL,None,Medium
2423,0,2,20,0.0028,NORMAL,None,Medium
2423,0,3,30,0.0025,NORMAL,None,Medium
2423,0,4,40,0.0024,NORMAL,None,Low
2423,0,5,50,0.0024,NORMAL,None,Low
2423,0,6,60,0.0022,NORMAL,None,Low
2424,0,1,10,0.0036,NORMAL,None,Medium
2424,0,2,20,0.0032,NORMAL,None,Medium
2424,0,3,30,0.0028,NORMAL,None,Medium
2424,0,4,40,0.0027,NORMAL,None,Low
2424,0,5,50,0.0028,NORMAL,None,Low
2424,0,6,60,0.0022,NORMAL,None,Low
2425,0,1,10,0.0029,NORMAL,None,Medium
2425,0,2,20,0.003,NORMAL,None,Medium
2425,0,3,30,0.0027,NORMAL,None,Medium
2425,0,4,40,0.0023,NORMAL,None,Low
2425,0,5,50,0.0021,NORMAL,None,Low
2425,0,6,60,0.0022,NORMAL,None,Low
2426,0,1,10,0.0028,NORMAL,None,Medium
2426,0,2,20,0.0026,NORMAL,None,Medium
2426,0,3,30,0.0026,NORMAL,None,Medium
2426,0,4,40,0.0022,NORMAL,None,Low
2426,0,5,50,0.0026,NORMAL,None,Low
2426,0,6,60,0.0023,NORMAL,None,Low
2427,0,1,10,0.0026,NORMAL,None,Medium
2427,0,2,20,0.0033,NORMAL,None,Medium
2427,0,3,30,0.0029,NORMAL,None,Medium
2427,0,4,40,0.0022,NORMAL,None,Low
2427,0,5,50,0.0023,NORMAL,None,Low
2427,0,6,60,0.0023,NORMAL,None,Low
2428,0,1,10,0.0026,NORMAL,None,Medium
2428,0,2,20,0.0026,NORMAL,None,Medium
2428,0,3,30,0.0023,NORMAL,None,Medium
2428,0,4,40,0.0022,NORMAL,None,Low
2428,0,5,50,0.0024,NORMAL,None,Low
2428,0,6,60,0.0025,NORMAL,None,Low
2429,0,1,10,0.0028,NORMAL,None,Medium
2429,0,2,20,0.0025,NORMAL,None,Medium
2429,0,3,30,0.0023,NORMAL,None,Medium
2429,0,4,40,0.0024,NORMAL,None,Low
2429,0,5,50,0.0022,NORMAL,None,Low
2429,0,6,60,0.0025,NORMAL,None,Low
2430,0,1,10,0.0034,NORMAL,None,Medium
2430,0,2,20,0.0027,NORMAL,None,Medium
2430,0,3,30,0.003,NORMAL,None,Medium
2430,0,4,40,0.0027,NORMAL,None,Low
2430,0,5,50,0.002,NORMAL,None,Low
2430,0,6,60,0.002,NORMAL,None,Low
2431,0,1,10,0.0023,NORMAL,None,Medium
2431,0,2,20,0.003,NORMAL,None,Medium
2431,0,3,30,0.0029,NORMAL,None,Medium
2431,0,4,40,0.0019,NORMAL,None,Low
2431,0,5,50,0.0023,NORMAL,None,Low
2431,0,6,60,0.0023,NORMAL,None,Low
2432,0,1,10,0.0036,NORMAL,None,Medium
2432,0,2,20,0.0034,NORMAL,None,Medium
2432,0,3,30,0.0029,NORMAL,None,Medium
2432,0,4,40,0.0023,NORMAL,None,Low
2432,0,5,50,0.002,NORMAL,None,Low
2432,0,6,60,0.0025,NORMAL,None,Low
2433,0,1,10,0.0029,NORMAL,None,Medium
2433,0,2,20,0.0033,NORMAL,None,Medium
2433,0,3,30,0.0032,NORMAL,None,Medium
2433,0,4,40,0.0024,NORMAL,None,Low
2433,0,5,50,0.0021,NORMAL,None,Low
2433,0,6,60,0.002,NORMAL,None,Low
2434,0,1,10,0.0026,NORMAL,None,Medium
2434,0,2,20,0.0029,NORMAL,None,Medium
2434,0,3,30,0.0024,NORMAL,None,Medium
2434,0,4,40,0.0027,NORMAL,None,Low
2434,0,5,50,0.0022,NORMAL,None,Low
2434,0,6,60,0.0023,NORMAL,None,Low
2435,0,1,10,0.0027,NORMAL,None,Medium
2435,0,2,20,0.0026,NORMAL,None,Medium
2435,0,3,30,0.0027,NORMAL,None,Medium
2435,0,4,40,0.0027,NORMAL,None,Low
2435,0,5,50,0.0025,NORMAL,None,Low
2435,0,6,60,0.0022,NORMAL,None,Low
2436,0,1,10,0.0024,NORMAL,None,Medium
2436,0,2,20,0.0031,NORMAL,None,Medium
2436,0,3,30,0.0028,NORMAL,None,Medium
2436,0,4,40,0.0021,NORMAL,None,Low
2436,0,5,50,0.0023,NORMAL,None,Low
2436,0,6,60,0.0023,NORMAL,None,Low
2437,0,1,10,0.003,NORMAL,None,Medium
2437,0,2,20,0.0034,NORMAL,None,Medium
2437,0,3,30,0.0029,NORMAL,None,Medium
2437,0,4,40,0.0023,NORMAL,None,Low
2437,0,5,50,0.0023,NORMAL,None,Low
2437,0,6,60,0.0024,NORMAL,None,Low
2438,0,1,10,0.0027,NORMAL,None,Medium
2438,0,2,20,0.0028,NORMAL,None,Medium
2438,0,3,30,0.0029,NORMAL,None,Medium
2438,0,4,40,0.0023,NORMAL,None,Low
2438,0,5,50,0.0023,NORMAL,None,Low
2438,0,6,60,0.0021,NORMAL,None,Low
2439,0,1,10,0.0029,NORMAL,None,Medium
2439,0,2,20,0.0033,NORMAL,None,Medium
2439,0,3,30,0.0027,NORMAL,None,Medium
2439,0,4,40,0.0027,NORMAL,None,Low
2439,0,5,50,0.0024,NORMAL,None,Low
2439,0,6,60,0.0024,NORMAL,None,Low
2440,0,1,10,0.003,NORMAL,None,Medium
2440,0,2,20,0.0028,NORMAL,None,Medium
2440,0,3,30,0.0024,NORMAL,None,Medium
2440,0,4,40,0.0028,NORMAL,None,Low
2440,0,5,50,0.0021,NORMAL,None,Low
2440,0,6,60,0.0021,NORMAL,None,Low
2441,0,1,10,0.0028,NORMAL,None,Medium
2441,0,2,20,0.0026,NORMAL,None,Medium
2441,0,3,30,0.0025,NORMAL,None,Medium
2441,0,4,40,0.0024,NORMAL,None,Low
2441,0,5,50,0.0023,NORMAL,None,Low
2441,0,6,60,0.0025,NORMAL,None,Low
2442,0,1,10,0.0026,NORMAL,None,Medium
2442,0,2,20,0.0026,NORMAL,None,Medium
2442,0,3,30,0.0022,NORMAL,None,Medium
2442,0,4,40,0.0022,NORMAL,None,Low
2442,0,5,50,0.0023,NORMAL,None,Low
2442,0,6,60,0.002,NORMAL,None,Low
2443,0,1,10,0.0037,NORMAL,None,Medium
2443,0,2,20,0.0029,NORMAL,None,Medium
2443,0,3,30,0.0025,NORMAL,None,Medium
2443,0,4,40,0.0023,NORMAL,None,Low
2443,0,5,50,0.002,NORMAL,None,Low
2443,0,6,60,0.0018,NORMAL,None,Low
2444,0,1,10,0.0036,NORMAL,None,Medium
2444,0,2,20,0.0028,NORMAL,None,Medium
2444,0,3,30,0.0024,NORMAL,None,Medium
2444,0,4,40,0.0023,NORMAL,None,Low
2444,0,5,50,0.0023,NORMAL,None,Low
2444,0,6,60,0.0023,NORMAL,None,Low
2445,0,1,10,0.0032,NORMAL,None,Medium
2445,0,2,20,0.0031,NORMAL,None,Medium
2445,0,3,30,0.0028,NORMAL,None,Medium
2445,0,4,40,0.0025,NORMAL,None,Low
2445,0,5,50,0.0026,NORMAL,None,Low
2445,0,6,60,0.0026,NORMAL,None,Low
2446,0,1,10,0.0037,NORMAL,None,Medium
2446,0,2,20,0.0033,NORMAL,None,Medium
2446,0,3,30,0.0025,NORMAL,None,Medium
2446,0,4,40,0.0021,NORMAL,None,Low
2446,0,5,50,0.0024,NORMAL,None,Low
2446,0,6,60,0.0022,NORMAL,None,Low
2447,0,1,10,0.0038,NORMAL,None,Medium
2447,0,2,20,0.0035,NORMAL,None,Medium
2447,0,3,30,0.003,NORMAL,None,Medium
2447,0,4,40,0.0024,NORMAL,None,Low
2447,0,5,50,0.0021,NORMAL,None,Low
2447,0,6,60,0.0024,NORMAL,None,Low
2448,0,1,10,0.0045,NORMAL,None,Medium
2448,0,2,20,0.0051,NORMAL,None,Medium
2448,0,3,30,0.0033,NORMAL,None,Medium
2448,0,4,40,0.0022,NORMAL,None,Low
2448,0,5,50,0.0024,NORMAL,None,Low
2448,0,6,60,0.0023,NORMAL,None,Low
2449,0,1,10,0.0044,NORMAL,None,Medium
2449,0,2,20,0.0035,NORMAL,None,Medium
2449,0,3,30,0.0028,NORMAL,None,Medium
2449,0,4,40,0.0029,NORMAL,None,Low
2449,0,5,50,0.0026,NORMAL,None,Low
2449,0,6,60,0.0019,NORMAL,None,Low
2450,0,1,10,0.0041,NORMAL,None,Medium
2450,0,2,20,0.0035,NORMAL,None,Medium
2450,0,3,30,0.0029,NORMAL,None,Medium
2450,0,4,40,0.0025,NORMAL,None,Low
2450,0,5,50,0.0022,NORMAL,None,Low
2450,0,6,60,0.0023,NORMAL,None,Low
2451,0,1,10,0.0039,NORMAL,None,Medium
2451,0,2,20,0.0035,NORMAL,None,Medium
2451,0,3,30,0.0029,NORMAL,None,Medium
2451,0,4,40,0.0029,NORMAL,None,Low
2451,0,5,50,0.0024,NORMAL,None,Low
2451,0,6,60,0.0022,NORMAL,None,Low
2452,0,1,10,0.0052,NORMAL,None,Medium
2452,0,2,20,0.004,NORMAL,None,Medium
2452,0,3,30,0.0023,NORMAL,None,Medium
2452,0,4,40,0.0021,NORMAL,None,Low
2452,0,5,50,0.0024,NORMAL,None,Low
2452,0,6,60,0.0022,NORMAL,None,Low
2453,0,1,10,0.0047,NORMAL,None,Medium
2453,0,2,20,0.0038,NORMAL,None,Medium
2453,0,3,30,0.003,NORMAL,None,Medium
2453,0,4,40,0.0023,NORMAL,None,Low
2453,0,5,50,0.0026,NORMAL,None,Low
2453,0,6,60,0.0024,NORMAL,None,Low
2454,0,1,10,0.0046,NORMAL,None,Medium
2454,0,2,20,0.0034,NORMAL,None,Medium
2454,0,3,30,0.003,NORMAL,None,Medium
2454,0,4,40,0.0026,NORMAL,None,Low
2454,0,5,50,0.0025,NORMAL,None,Low
2454,0,6,60,0.0025,NORMAL,None,Low
2455,0,1,10,0.0033,NORMAL,None,Medium
2455,0,2,20,0.0029,NORMAL,None,Medium
2455,0,3,30,0.0027,NORMAL,None,Medium
2455,0,4,40,0.0025,NORMAL,None,Low
2455,0,5,50,0.0023,NORMAL,None,Low
2455,0,6,60,0.002,NORMAL,None,Low
2456,0,1,10,0.0033,NORMAL,None,Medium
2456,0,2,20,0.0034,NORMAL,None,Medium
2456,0,3,30,0.0027,NORMAL,None,Medium
2456,0,4,40,0.0025,NORMAL,None,Low
2456,0,5,50,0.0025,NORMAL,None,Low
2456,0,6,60,0.0021,NORMAL,None,Low
2457,0,1,10,0.0032,NORMAL,None,Medium
2457,0,2,20,0.0034,NORMAL,None,Medium
2457,0,3,30,0.0033,NORMAL,None,Medium
2457,0,4,40,0.0025,NORMAL,None,Low
2457,0,5,50,0.0022,NORMAL,None,Low
2457,0,6,60,0.0019,NORMAL,None,Low
2458,0,1,10,0.0034,NORMAL,None,Medium
2458,0,2,20,0.0038,NORMAL,None,Medium
2458,0,3,30,0.0029,NORMAL,None,Medium
2458,0,4,40,0.0025,NORMAL,None,Low
2458,0,5,50,0.0024,NORMAL,None,Low
2458,0,6,60,0.0025,NORMAL,None,Low
2459,0,1,10,0.004,NORMAL,None,Medium
2459,0,2,20,0.0032,NORMAL,None,Medium
2459,0,3,30,0.0027,NORMAL,None,Medium
2459,0,4,40,0.0024,NORMAL,None,Low
2459,0,5,50,0.0025,NORMAL,None,Low
2459,0,6,60,0.0025,NORMAL,None,Low
2460,0,1,10,0.0041,NORMAL,None,Medium
2460,0,2,20,0.0034,NORMAL,None,Medium
2460,0,3,30,0.003,NORMAL,None,Medium
2460,0,4,40,0.0028,NORMAL,None,Low
2460,0,5,50,0.0027,NORMAL,None,Low
2460,0,6,60,0.0026,NORMAL,None,Low
2461,0,1,10,0.0035,NORMAL,None,Medium
2461,0,2,20,0.0036,NORMAL,None,Medium
2461,0,3,30,0.0026,NORMAL,None,Medium
2461,0,4,40,0.0028,NORMAL,None,Low
2461,0,5,50,0.0027,NORMAL,None,Low
2461,0,6,60,0.0019,NORMAL,None,Low
2462,0,1,10,0.0026,NORMAL,None,Medium
2462,0,2,20,0.003,NORMAL,None,Medium
2462,0,3,30,0.0025,NORMAL,None,Medium
2462,0,4,40,0.0023,NORMAL,None,Low
2462,0,5,50,0.0023,NORMAL,None,Low
2462,0,6,60,0.0022,NORMAL,None,Low
2463,0,1,10,0.0032,NORMAL,None,Medium
2463,0,2,20,0.0033,NORMAL,None,Medium
2463,0,3,30,0.0027,NORMAL,None,Medium
2463,0,4,40,0.0024,NORMAL,None,Low
2463,0,5,50,0.0022,NORMAL,None,Low
2463,0,6,60,0.0025,NORMAL,None,Low
2464,0,1,10,0.0034,NORMAL,None,Medium
2464,0,2,20,0.0029,NORMAL,None,Medium
2464,0,3,30,0.0022,NORMAL,None,Medium
2464,0,4,40,0.0021,NORMAL,None,Low
2464,0,5,50,0.0021,NORMAL,None,Low
2464,0,6,60,0.0022,NORMAL,None,Low
2465,0,1,10,0.0025,NORMAL,None,Medium
2465,0,2,20,0.0021,NORMAL,None,Medium
2465,0,3,30,0.0023,NORMAL,None,Medium
2465,0,4,40,0.0022,NORMAL,None,Low
2465,0,5,50,0.0021,NORMAL,None,Low
2465,0,6,60,0.0024,NORMAL,None,Low
2466,0,1,10,0.0026,NORMAL,None,Medium
2466,0,2,20,0.0025,NORMAL,None,Medium
2466,0,3,30,0.0025,NORMAL,None,Medium
2466,0,4,40,0.0025,NORMAL,None,Low
2466,0,5,50,0.0029,NORMAL,None,Low
2466,0,6,60,0.0023,NORMAL,None,Low
2467,0,1,10,0.0029,NORMAL,None,Medium
2467,0,2,20,0.0025,NORMAL,None,Medium
2467,0,3,30,0.0025,NORMAL,None,Medium
2467,0,4,40,0.0023,NORMAL,None,Low
2467,0,5,50,0.0023,NORMAL,None,Low
2467,0,6,60,0.0023,NORMAL,None,Low
2468,0,1,10,0.002,NORMAL,None,Medium
2468,0,2,20,0.0023,NORMAL,None,Medium
2468,0,3,30,0.0025,NORMAL,None,Medium
2468,0,4,40,0.0022,NORMAL,None,Low
2468,0,5,50,0.0022,NORMAL,None,Low
2468,0,6,60,0.0021,NORMAL,None,Low
2469,0,1,10,0.002,NORMAL,None,Medium
2469,0,2,20,0.0025,NORMAL,None,Medium
2469,0,3,30,0.0028,NORMAL,None,Medium
2469,0,4,40,0.0022,NORMAL,None,Low
2469,0,5,50,0.0025,NORMAL,None,Low
2469,0,6,60,0.0021,NORMAL,None,Low
2470,0,1,10,0.0023,NORMAL,None,Medium
2470,0,2,20,0.0025,NORMAL,None,Medium
2470,0,3,30,0.0027,NORMAL,None,Medium
2470,0,4,40,0.0024,NORMAL,None,Low
2470,0,5,50,0.0023,NORMAL,None,Low
2470,0,6,60,0.0024,NORMAL,None,Low
2471,0,1,10,0.0025,NORMAL,None,Medium
2471,0,2,20,0.0026,NORMAL,None,Medium
2471,0,3,30,0.0025,NORMAL,None,Medium
2471,0,4,40,0.0027,NORMAL,None,Low
2471,0,5,50,0.0022,NORMAL,None,Low
2471,0,6,60,0.0024,NORMAL,None,Low
2472,0,1,10,0.0027,NORMAL,None,Medium
2472,0,2,20,0.0027,NORMAL,None,Medium
2472,0,3,30,0.0027,NORMAL,None,Medium
2472,0,4,40,0.003,NORMAL,None,Low
2472,0,5,50,0.0025,NORMAL,None,Low
2472,0,6,60,0.0022,NORMAL,None,Low
2473,0,1,10,0.0037,NORMAL,None,Medium
2473,0,2,20,0.0029,NORMAL,None,Medium
2473,0,3,30,0.0031,NORMAL,None,Medium
2473,0,4,40,0.0028,NORMAL,None,Low
2473,0,5,50,0.0022,NORMAL,None,Low
2473,0,6,60,0.0024,NORMAL,None,Low
2474,0,1,10,0.0047,NORMAL,None,Medium
2474,0,2,20,0.0036,NORMAL,None,Medium
2474,0,3,30,0.0033,NORMAL,None,Medium
2474,0,4,40,0.003,NORMAL,None,Low
2474,0,5,50,0.0029,NORMAL,None,Low
2474,0,6,60,0.0025,NORMAL,None,Low
2475,0,1,10,0.0034,NORMAL,None,Medium
2475,0,2,20,0.0028,NORMAL,None,Medium
2475,0,3,30,0.003,NORMAL,None,Medium
2475,0,4,40,0.0024,NORMAL,None,Low
2475,0,5,50,0.002,NORMAL,None,Low
2475,0,6,60,0.0021,NORMAL,None,Low
2476,0,1,10,0.0036,NORMAL,None,Medium
2476,0,2,20,0.003,NORMAL,None,Medium
2476,0,3,30,0.0024,NORMAL,None,Medium
2476,0,4,40,0.0022,NORMAL,None,Low
2476,0,5,50,0.0024,NORMAL,None,Low
2476,0,6,60,0.0025,NORMAL,None,Low
2477,0,1,10,0.0032,NORMAL,None,Medium
2477,0,2,20,0.0029,NORMAL,None,Medium
2477,0,3,30,0.0029,NORMAL,None,Medium
2477,0,4,40,0.0021,NORMAL,None,Low
2477,0,5,50,0.002,NORMAL,None,Low
2477,0,6,60,0.0024,NORMAL,None,Low
2478,0,1,10,0.0038,NORMAL,None,Medium
2478,0,2,20,0.0035,NORMAL,None,Medium
2478,0,3,30,0.003,NORMAL,None,Medium
2478,0,4,40,0.0025,NORMAL,None,Low
2478,0,5,50,0.0024,NORMAL,None,Low
2478,0,6,60,0.0023,NORMAL,None,Low
2479,0,1,10,0.0033,NORMAL,None,Medium
2479,0,2,20,0.0028,NORMAL,None,Medium
2479,0,3,30,0.0025,NORMAL,None,Medium
2479,0,4,40,0.0021,NORMAL,None,Low
2479,0,5,50,0.002,NORMAL,None,Low
2479,0,6,60,0.0021,NORMAL,None,Low
2480,0,1,10,0.003,NORMAL,None,Medium
2480,0,2,20,0.0031,NORMAL,None,Medium
2480,0,3,30,0.0026,NORMAL,None,Medium
2480,0,4,40,0.0028,NORMAL,None,Low
2480,0,5,50,0.0022,NORMAL,None,Low
2480,0,6,60,0.0025,NORMAL,None,Low
2481,0,1,10,0.0041,NORMAL,None,Medium
2481,0,2,20,0.0035,NORMAL,None,Medium
2481,0,3,30,0.0025,NORMAL,None,Medium
2481,0,4,40,0.0026,NORMAL,None,Low
2481,0,5,50,0.0023,NORMAL,None,Low
2481,0,6,60,0.0023,NORMAL,None,Low
2482,0,1,10,0.003,NORMAL,None,Medium
2482,0,2,20,0.0032,NORMAL,None,Medium
2482,0,3,30,0.0029,NORMAL,None,Medium
2482,0,4,40,0.0026,NORMAL,None,Low
2482,0,5,50,0.0024,NORMAL,None,Low
2482,0,6,60,0.0019,NORMAL,None,Low
2483,0,1,10,0.0028,NORMAL,None,Medium
2483,0,2,20,0.0028,NORMAL,None,Medium
2483,0,3,30,0.0027,NORMAL,None,Medium
2483,0,4,40,0.0024,NORMAL,None,Low
2483,0,5,50,0.0024,NORMAL,None,Low
2483,0,6,60,0.0024,NORMAL,None,Low
2484,0,1,10,0.0025,NORMAL,None,Medium
2484,0,2,20,0.0027,NORMAL,None,Medium
2484,0,3,30,0.0023,NORMAL,None,Medium
2484,0,4,40,0.0024,NORMAL,None,Low
2484,0,5,50,0.0019,NORMAL,None,Low
2484,0,6,60,0.002,NORMAL,None,Low
2485,0,1,10,0.0027,NORMAL,None,Medium
2485,0,2,20,0.0029,NORMAL,None,Medium
2485,0,3,30,0.0031,NORMAL,None,Medium
2485,0,4,40,0.0024,NORMAL,None,Low
2485,0,5,50,0.002,NORMAL,None,Low
2485,0,6,60,0.0022,NORMAL,None,Low
2486,0,1,10,0.0024,NORMAL,None,Medium
2486,0,2,20,0.0028,NORMAL,None,Medium
2486,0,3,30,0.0025,NORMAL,None,Medium
2486,0,4,40,0.0026,NORMAL,None,Low
2486,0,5,50,0.0021,NORMAL,None,Low
2486,0,6,60,0.0022,NORMAL,None,Low
2487,0,1,10,0.0026,NORMAL,None,Medium
2487,0,2,20,0.003,NORMAL,None,Medium
2487,0,3,30,0.0026,NORMAL,None,Medium
2487,0,4,40,0.0029,NORMAL,None,Low
2487,0,5,50,0.0028,NORMAL,None,Low
2487,0,6,60,0.0024,NORMAL,None,Low
2488,0,1,10,0.0027,NORMAL,None,Medium
2488,0,2,20,0.0027,NORMAL,None,Medium
2488,0,3,30,0.0026,NORMAL,None,Medium
2488,0,4,40,0.0021,NORMAL,None,Low
2488,0,5,50,0.0023,NORMAL,None,Low
2488,0,6,60,0.0021,NORMAL,None,Low
2489,0,1,10,0.0031,NORMAL,None,Medium
2489,0,2,20,0.0033,NORMAL,None,Medium
2489,0,3,30,0.003,NORMAL,None,Medium
2489,0,4,40,0.0023,NORMAL,None,Low
2489,0,5,50,0.0022,NORMAL,None,Low
2489,0,6,60,0.002,NORMAL,None,Low
2490,0,1,10,0.0025,NORMAL,None,Medium
2490,0,2,20,0.0029,NORMAL,None,Medium
2490,0,3,30,0.0025,NORMAL,None,Medium
2490,0,4,40,0.0028,NORMAL,None,Low
2490,0,5,50,0.0026,NORMAL,None,Low
2490,0,6,60,0.0022,NORMAL,None,Low
2491,0,1,10,0.0026,NORMAL,None,Medium
2491,0,2,20,0.0032,NORMAL,None,Medium
2491,0,3,30,0.0028,NORMAL,None,Medium
2491,0,4,40,0.0025,NORMAL,None,Low
2491,0,5,50,0.0022,NORMAL,None,Low
2491,0,6,60,0.0026,NORMAL,None,Low
2492,0,1,10,0.0019,NORMAL,None,Medium
2492,0,2,20,0.0026,NORMAL,None,Medium
2492,0,3,30,0.0022,NORMAL,None,Medium
2492,0,4,40,0.0023,NORMAL,None,Low
2492,0,5,50,0.0022,NORMAL,None,Low
2492,0,6,60,0.0024,NORMAL,None,Low
2493,0,1,10,0.0021,NORMAL,None,Medium
2493,0,2,20,0.0028,NORMAL,None,Medium
2493,0,3,30,0.0026,NORMAL,None,Medium
2493,0,4,40,0.0024,NORMAL,None,Low
2493,0,5,50,0.0025,NORMAL,None,Low
2493,0,6,60,0.0023,NORMAL,None,Low
2494,0,1,10,0.0023,NORMAL,None,Medium
2494,0,2,20,0.0022,NORMAL,None,Medium
2494,0,3,30,0.0024,NORMAL,None,Medium
2494,0,4,40,0.0026,NORMAL,None,Low
2494,0,5,50,0.0019,NORMAL,None,Low
2494,0,6,60,0.0019,NORMAL,None,Low
2495,0,1,10,0.0024,NORMAL,None,Medium
2495,0,2,20,0.0031,NORMAL,None,Medium
2495,0,3,30,0.0023,NORMAL,None,Medium
2495,0,4,40,0.0023,NORMAL,None,Low
2495,0,5,50,0.0025,NORMAL,None,Low
2495,0,6,60,0.0023,NORMAL,None,Low
2496,0,1,10,0.0024,NORMAL,None,Medium
2496,0,2,20,0.0028,NORMAL,None,Medium
2496,0,3,30,0.0023,NORMAL,None,Medium
2496,0,4,40,0.0026,NORMAL,None,Low
2496,0,5,50,0.0025,NORMAL,None,Low
2496,0,6,60,0.0024,NORMAL,None,Low
2497,0,1,10,0.0023,NORMAL,None,Medium
2497,0,2,20,0.0025,NORMAL,None,Medium
2497,0,3,30,0.0026,NORMAL,None,Medium
2497,0,4,40,0.0025,NORMAL,None,Low
2497,0,5,50,0.0026,NORMAL,None,Low
2497,0,6,60,0.0022,NORMAL,None,Low
2498,0,1,10,0.0021,NORMAL,None,Medium
2498,0,2,20,0.0023,NORMAL,None,Medium
2498,0,3,30,0.0018,NORMAL,None,Medium
2498,0,4,40,0.0023,NORMAL,None,Low
2498,0,5,50,0.0022,NORMAL,None,Low
2498,0,6,60,0.0021,NORMAL,None,Low
2499,0,1,10,0.0021,NORMAL,None,Medium
2499,0,2,20,0.0028,NORMAL,None,Medium
2499,0,3,30,0.0024,NORMAL,None,Medium
2499,0,4,40,0.0025,NORMAL,None,Low
2499,0,5,50,0.0022,NORMAL,None,Low
2499,0,6,60,0.0026,NORMAL,None,Low
2500,0,1,10,0.0022,NORMAL,None,Medium
2500,0,2,20,0.0025,NORMAL,None,Medium
2500,0,3,30,0.0025,NORMAL,None,Medium
2500,0,4,40,0.0025,NORMAL,None,Low
2500,0,5,50,0.0023,NORMAL,None,Low
2500,0,6,60,0.0022,NORMAL,None,Low
2501,0,1,10,0.0019,NORMAL,None,Medium
2501,0,2,20,0.0027,NORMAL,None,Medium
2501,0,3,30,0.0024,NORMAL,None,Medium
2501,0,4,40,0.002,NORMAL,None,Low
2501,0,5,50,0.0022,NORMAL,None,Low
2501,0,6,60,0.0022,NORMAL,None,Low
2502,0,1,10,0.0029,NORMAL,None,Medium
2502,0,2,20,0.0026,NORMAL,None,Medium
2502,0,3,30,0.0025,NORMAL,None,Medium
2502,0,4,40,0.0023,NORMAL,None,Low
2502,0,5,50,0.0023,NORMAL,None,Low
2502,0,6,60,0.0023,NORMAL,None,Low
2503,0,1,10,0.0037,NORMAL,None,Medium
2503,0,2,20,0.0025,NORMAL,None,Medium
2503,0,3,30,0.0022,NORMAL,None,Medium
2503,0,4,40,0.0024,NORMAL,None,Low
2503,0,5,50,0.0021,NORMAL,None,Low
2503,0,6,60,0.0024,NORMAL,None,Low
2504,0,1,10,0.0035,NORMAL,None,Medium
2504,0,2,20,0.0031,NORMAL,None,Medium
2504,0,3,30,0.0025,NORMAL,None,Medium
2504,0,4,40,0.0025,NORMAL,None,Low
2504,0,5,50,0.0025,NORMAL,None,Low
2504,0,6,60,0.0023,NORMAL,None,Low
2505,0,1,10,0.0029,NORMAL,None,Medium
2505,0,2,20,0.0031,NORMAL,None,Medium
2505,0,3,30,0.0025,NORMAL,None,Medium
2505,0,4,40,0.0024,NORMAL,None,Low
2505,0,5,50,0.002,NORMAL,None,Low
2505,0,6,60,0.0024,NORMAL,None,Low
2506,0,1,10,0.0025,NORMAL,None,Medium
2506,0,2,20,0.0024,NORMAL,None,Medium
2506,0,3,30,0.0025,NORMAL,None,Medium
2506,0,4,40,0.0025,NORMAL,None,Low
2506,0,5,50,0.0022,NORMAL,None,Low
2506,0,6,60,0.0022,NORMAL,None,Low
2507,0,1,10,0.0022,NORMAL,None,Medium
2507,0,2,20,0.0021,NORMAL,None,Medium
2507,0,3,30,0.0024,NORMAL,None,Medium
2507,0,4,40,0.0021,NORMAL,None,Low
2507,0,5,50,0.0026,NORMAL,None,Low
2507,0,6,60,0.0022,NORMAL,None,Low
2508,0,1,10,0.0015,NORMAL,None,Medium
2508,0,2,20,0.0018,NORMAL,None,Medium
2508,0,3,30,0.0019,NORMAL,None,Medium
2508,0,4,40,0.0023,NORMAL,None,Low
2508,0,5,50,0.0021,NORMAL,None,Low
2508,0,6,60,0.002,NORMAL,None,Low
2509,0,1,10,0.0016,NORMAL,None,Medium
2509,0,2,20,0.0025,NORMAL,None,Medium
2509,0,3,30,0.0021,NORMAL,None,Medium
2509,0,4,40,0.0022,NORMAL,None,Low
2509,0,5,50,0.0019,NORMAL,None,Low
2509,0,6,60,0.002,NORMAL,None,Low
2510,0,1,10,0.0021,NORMAL,None,Medium
2510,0,2,20,0.0023,NORMAL,None,Medium
2510,0,3,30,0.0023,NORMAL,None,Medium
2510,0,4,40,0.0021,NORMAL,None,Low
2510,0,5,50,0.0025,NORMAL,None,Low
2510,0,6,60,0.002,NORMAL,None,Low
2511,0,1,10,0.0019,NORMAL,None,Medium
2511,0,2,20,0.0024,NORMAL,None,Medium
2511,0,3,30,0.0022,NORMAL,None,Medium
2511,0,4,40,0.0024,NORMAL,None,Low
2511,0,5,50,0.0023,NORMAL,None,Low
2511,0,6,60,0.0019,NORMAL,None,Low
2512,0,1,10,0.0021,NORMAL,None,Medium
2512,0,2,20,0.002,NORMAL,None,Medium
2512,0,3,30,0.0021,NORMAL,None,Medium
2512,0,4,40,0.0024,NORMAL,None,Low
2512,0,5,50,0.002,NORMAL,None,Low
2512,0,6,60,0.0022,NORMAL,None,Low
2513,0,1,10,0.0023,NORMAL,None,Medium
2513,0,2,20,0.002,NORMAL,None,Medium
2513,0,3,30,0.0024,NORMAL,None,Medium
2513,0,4,40,0.0023,NORMAL,None,Low
2513,0,5,50,0.0019,NORMAL,None,Low
2513,0,6,60,0.0021,NORMAL,None,Low
2514,0,1,10,0.0026,NORMAL,None,Medium
2514,0,2,20,0.0024,NORMAL,None,Medium
2514,0,3,30,0.0021,NORMAL,None,Medium
2514,0,4,40,0.0022,NORMAL,None,Low
2514,0,5,50,0.0021,NORMAL,None,Low
2514,0,6,60,0.002,NORMAL,None,Low
2515,0,1,10,0.0033,NORMAL,None,Medium
2515,0,2,20,0.0029,NORMAL,None,Medium
2515,0,3,30,0.0025,NORMAL,None,Medium
2515,0,4,40,0.0025,NORMAL,None,Low
2515,0,5,50,0.0021,NORMAL,None,Low
2515,0,6,60,0.0021,NORMAL,None,Low
2516,0,1,10,0.0029,NORMAL,None,Medium
2516,0,2,20,0.0025,NORMAL,None,Medium
2516,0,3,30,0.0025,NORMAL,None,Medium
2516,0,4,40,0.0023,NORMAL,None,Low
2516,0,5,50,0.0023,NORMAL,None,Low
2516,0,6,60,0.0025,NORMAL,None,Low
2517,0,1,10,0.0028,NORMAL,None,Medium
2517,0,2,20,0.0036,NORMAL,None,Medium
2517,0,3,30,0.0029,NORMAL,None,Medium
2517,0,4,40,0.0029,NORMAL,None,Low
2517,0,5,50,0.0025,NORMAL,None,Low
2517,0,6,60,0.0022,NORMAL,None,Low
2518,0,1,10,0.0034,NORMAL,None,Medium
2518,0,2,20,0.003,NORMAL,None,Medium
2518,0,3,30,0.0025,NORMAL,None,Medium
2518,0,4,40,0.0022,NORMAL,None,Low
2518,0,5,50,0.0022,NORMAL,None,Low
2518,0,6,60,0.002,NORMAL,None,Low
2519,0,1,10,0.003,NORMAL,None,Medium
2519,0,2,20,0.0029,NORMAL,None,Medium
2519,0,3,30,0.0023,NORMAL,None,Medium
2519,0,4,40,0.0023,NORMAL,None,Low
2519,0,5,50,0.0019,NORMAL,None,Low
2519,0,6,60,0.002,NORMAL,None,Low
2520,0,1,10,0.0036,NORMAL,None,Medium
2520,0,2,20,0.0031,NORMAL,None,Medium
2520,0,3,30,0.003,NORMAL,None,Medium
2520,0,4,40,0.0023,NORMAL,None,Low
2520,0,5,50,0.0021,NORMAL,None,Low
2520,0,6,60,0.0023,NORMAL,None,Low
2521,0,1,10,0.0041,NORMAL,None,Medium
2521,0,2,20,0.0033,NORMAL,None,Medium
2521,0,3,30,0.0029,NORMAL,None,Medium
2521,0,4,40,0.0028,NORMAL,None,Low
2521,0,5,50,0.0024,NORMAL,None,Low
2521,0,6,60,0.0021,NORMAL,None,Low
2522,0,1,10,0.0044,NORMAL,None,Medium
2522,0,2,20,0.0041,NORMAL,None,Medium
2522,0,3,30,0.0038,NORMAL,None,Medium
2522,0,4,40,0.0028,NORMAL,None,Low
2522,0,5,50,0.0026,NORMAL,None,Low
2522,0,6,60,0.0022,NORMAL,None,Low
2523,0,1,10,0.0043,NORMAL,None,Medium
2523,0,2,20,0.0028,NORMAL,None,Medium
2523,0,3,30,0.0027,NORMAL,None,Medium
2523,0,4,40,0.0025,NORMAL,None,Low
2523,0,5,50,0.0023,NORMAL,None,Low
2523,0,6,60,0.0022,NORMAL,None,Low
2524,0,1,10,0.0033,NORMAL,None,Medium
2524,0,2,20,0.0027,NORMAL,None,Medium
2524,0,3,30,0.0027,NORMAL,None,Medium
2524,0,4,40,0.0025,NORMAL,None,Low
2524,0,5,50,0.0022,NORMAL,None,Low
2524,0,6,60,0.0023,NORMAL,None,Low
2525,0,1,10,0.0038,NORMAL,None,Medium
2525,0,2,20,0.0037,NORMAL,None,Medium
2525,0,3,30,0.0028,NORMAL,None,Medium
2525,0,4,40,0.0025,NORMAL,None,Low
2525,0,5,50,0.0025,NORMAL,None,Low
2525,0,6,60,0.0023,NORMAL,None,Low
2526,0,1,10,0.0028,NORMAL,None,Medium
2526,0,2,20,0.0031,NORMAL,None,Medium
2526,0,3,30,0.0027,NORMAL,None,Medium
2526,0,4,40,0.0023,NORMAL,None,Low
2526,0,5,50,0.0029,NORMAL,None,Low
2526,0,6,60,0.0024,NORMAL,None,Low
2527,0,1,10,0.0032,NORMAL,None,Medium
2527,0,2,20,0.0033,NORMAL,None,Medium
2527,0,3,30,0.0028,NORMAL,None,Medium
2527,0,4,40,0.0026,NORMAL,None,Low
2527,0,5,50,0.002,NORMAL,None,Low
2527,0,6,60,0.0021,NORMAL,None,Low
2528,0,1,10,0.0028,NORMAL,None,Medium
2528,0,2,20,0.0027,NORMAL,None,Medium
2528,0,3,30,0.0024,NORMAL,None,Medium
2528,0,4,40,0.0026,NORMAL,None,Low
2528,0,5,50,0.0023,NORMAL,None,Low
2528,0,6,60,0.0023,NORMAL,None,Low
2529,0,1,10,0.0026,NORMAL,None,Medium
2529,0,2,20,0.0033,NORMAL,None,Medium
2529,0,3,30,0.0025,NORMAL,None,Medium
2529,0,4,40,0.0021,NORMAL,None,Low
2529,0,5,50,0.0026,NORMAL,None,Low
2529,0,6,60,0.0021,NORMAL,None,Low
2530,0,1,10,0.0033,NORMAL,None,Medium
2530,0,2,20,0.0033,NORMAL,None,Medium
2530,0,3,30,0.0025,NORMAL,None,Medium
2530,0,4,40,0.0027,NORMAL,None,Low
2530,0,5,50,0.0019,NORMAL,None,Low
2530,0,6,60,0.0023,NORMAL,None,Low
2531,0,1,10,0.0029,NORMAL,None,Medium
2531,0,2,20,0.0033,NORMAL,None,Medium
2531,0,3,30,0.003,NORMAL,None,Medium
2531,0,4,40,0.0025,NORMAL,None,Low
2531,0,5,50,0.0028,NORMAL,None,Low
2531,0,6,60,0.0027,NORMAL,None,Low
2532,0,1,10,0.0027,NORMAL,None,Medium
2532,0,2,20,0.003,NORMAL,None,Medium
2532,0,3,30,0.0023,NORMAL,None,Medium
2532,0,4,40,0.0023,NORMAL,None,Low
2532,0,5,50,0.0022,NORMAL,None,Low
2532,0,6,60,0.0022,NORMAL,None,Low
2533,0,1,10,0.0028,NORMAL,None,Medium
2533,0,2,20,0.0029,NORMAL,None,Medium
2533,0,3,30,0.0026,NORMAL,None,Medium
2533,0,4,40,0.0023,NORMAL,None,Low
2533,0,5,50,0.0022,NORMAL,None,Low
2533,0,6,60,0.0024,NORMAL,None,Low
2534,0,1,10,0.0031,NORMAL,None,Medium
2534,0,2,20,0.0037,NORMAL,None,Medium
2534,0,3,30,0.0024,NORMAL,None,Medium
2534,0,4,40,0.0024,NORMAL,None,Low
2534,0,5,50,0.0025,NORMAL,None,Low
2534,0,6,60,0.002,NORMAL,None,Low
2535,0,1,10,0.0027,NORMAL,None,Medium
2535,0,2,20,0.0029,NORMAL,None,Medium
2535,0,3,30,0.0026,NORMAL,None,Medium
2535,0,4,40,0.002,NORMAL,None,Low
2535,0,5,50,0.0025,NORMAL,None,Low
2535,0,6,60,0.002,NORMAL,None,Low
2536,0,1,10,0.0029,NORMAL,None,Medium
2536,0,2,20,0.0032,NORMAL,None,Medium
2536,0,3,30,0.0027,NORMAL,None,Medium
2536,0,4,40,0.0026,NORMAL,None,Low
2536,0,5,50,0.0024,NORMAL,None,Low
2536,0,6,60,0.0021,NORMAL,None,Low
2537,0,1,10,0.0037,NORMAL,None,Medium
2537,0,2,20,0.0043,NORMAL,None,Medium
2537,0,3,30,0.0032,NORMAL,None,Medium
2537,0,4,40,0.0025,NORMAL,None,Low
2537,0,5,50,0.0023,NORMAL,None,Low
2537,0,6,60,0.0022,NORMAL,None,Low
2538,0,1,10,0.0037,NORMAL,None,Medium
2538,0,2,20,0.0033,NORMAL,None,Medium
2538,0,3,30,0.0028,NORMAL,None,Medium
2538,0,4,40,0.0026,NORMAL,None,Low
2538,0,5,50,0.0026,NORMAL,None,Low
2538,0,6,60,0.0023,NORMAL,None,Low
2539,0,1,10,0.0034,NORMAL,None,Medium
2539,0,2,20,0.0036,NORMAL,None,Medium
2539,0,3,30,0.0026,NORMAL,None,Medium
2539,0,4,40,0.0024,NORMAL,None,Low
2539,0,5,50,0.0023,NORMAL,None,Low
2539,0,6,60,0.0026,NORMAL,None,Low
2540,0,1,10,0.0025,NORMAL,None,Medium
2540,0,2,20,0.0028,NORMAL,None,Medium
2540,0,3,30,0.0029,NORMAL,None,Medium
2540,0,4,40,0.0023,NORMAL,None,Low
2540,0,5,50,0.0025,NORMAL,None,Low
2540,0,6,60,0.002,NORMAL,None,Low
2541,0,1,10,0.0033,NORMAL,None,Medium
2541,0,2,20,0.0026,NORMAL,None,Medium
2541,0,3,30,0.0028,NORMAL,None,Medium
2541,0,4,40,0.0026,NORMAL,None,Low
2541,0,5,50,0.0021,NORMAL,None,Low
2541,0,6,60,0.002,NORMAL,None,Low
2542,0,1,10,0.0027,NORMAL,None,Medium
2542,0,2,20,0.0026,NORMAL,None,Medium
2542,0,3,30,0.0025,NORMAL,None,Medium
2542,0,4,40,0.0029,NORMAL,None,Low
2542,0,5,50,0.0022,NORMAL,None,Low
2542,0,6,60,0.0022,NORMAL,None,Low
2543,0,1,10,0.0024,NORMAL,None,Medium
2543,0,2,20,0.0024,NORMAL,None,Medium
2543,0,3,30,0.0021,NORMAL,None,Medium
2543,0,4,40,0.0021,NORMAL,None,Low
2543,0,5,50,0.0024,NORMAL,None,Low
2543,0,6,60,0.0024,NORMAL,None,Low
2544,0,1,10,0.0031,NORMAL,None,Medium
2544,0,2,20,0.0029,NORMAL,None,Medium
2544,0,3,30,0.0026,NORMAL,None,Medium
2544,0,4,40,0.0024,NORMAL,None,Low
2544,0,5,50,0.0025,NORMAL,None,Low
2544,0,6,60,0.0022,NORMAL,None,Low
2545,0,1,10,0.0031,NORMAL,None,Medium
2545,0,2,20,0.0028,NORMAL,None,Medium
2545,0,3,30,0.0027,NORMAL,None,Medium
2545,0,4,40,0.0022,NORMAL,None,Low
2545,0,5,50,0.0023,NORMAL,None,Low
2545,0,6,60,0.0021,NORMAL,None,Low
2546,0,1,10,0.0028,NORMAL,None,Medium
2546,0,2,20,0.0025,NORMAL,None,Medium
2546,0,3,30,0.0025,NORMAL,None,Medium
2546,0,4,40,0.0021,NORMAL,None,Low
2546,0,5,50,0.0022,NORMAL,None,Low
2546,0,6,60,0.002,NORMAL,None,Low
2547,0,1,10,0.0028,NORMAL,None,Medium
2547,0,2,20,0.0029,NORMAL,None,Medium
2547,0,3,30,0.0025,NORMAL,None,Medium
2547,0,4,40,0.003,NORMAL,None,Low
2547,0,5,50,0.0024,NORMAL,None,Low
2547,0,6,60,0.0022,NORMAL,None,Low
2548,0,1,10,0.0029,NORMAL,None,Medium
2548,0,2,20,0.0025,NORMAL,None,Medium
2548,0,3,30,0.0022,NORMAL,None,Medium
2548,0,4,40,0.0022,NORMAL,None,Low
2548,0,5,50,0.0024,NORMAL,None,Low
2548,0,6,60,0.002,NORMAL,None,Low
2549,0,1,10,0.0024,NORMAL,None,Medium
2549,0,2,20,0.0025,NORMAL,None,Medium
2549,0,3,30,0.0025,NORMAL,None,Medium
2549,0,4,40,0.0021,NORMAL,None,Low
2549,0,5,50,0.0023,NORMAL,None,Low
2549,0,6,60,0.0023,NORMAL,None,Low
2550,0,1,10,0.003,NORMAL,None,Medium
2550,0,2,20,0.0029,NORMAL,None,Medium
2550,0,3,30,0.0024,NORMAL,None,Medium
2550,0,4,40,0.0023,NORMAL,None,Low
2550,0,5,50,0.0024,NORMAL,None,Low
2550,0,6,60,0.0023,NORMAL,None,Low
2551,0,1,10,0.0034,NORMAL,None,Medium
2551,0,2,20,0.0026,NORMAL,None,Medium
2551,0,3,30,0.0024,NORMAL,None,Medium
2551,0,4,40,0.0022,NORMAL,None,Low
2551,0,5,50,0.0027,NORMAL,None,Low
2551,0,6,60,0.0025,NORMAL,None,Low
2552,0,1,10,0.0042,NORMAL,None,Medium
2552,0,2,20,0.0033,NORMAL,None,Medium
2552,0,3,30,0.0026,NORMAL,None,Medium
2552,0,4,40,0.0023,NORMAL,None,Low
2552,0,5,50,0.0021,NORMAL,None,Low
2552,0,6,60,0.0023,NORMAL,None,Low
2553,0,1,10,0.0041,NORMAL,None,Medium
2553,0,2,20,0.0032,NORMAL,None,Medium
2553,0,3,30,0.0029,NORMAL,None,Medium
2553,0,4,40,0.0024,NORMAL,None,Low
2553,0,5,50,0.0023,NORMAL,None,Low
2553,0,6,60,0.0022,NORMAL,None,Low
2554,0,1,10,0.0057,NORMAL,None,Medium
2554,0,2,20,0.0042,NORMAL,None,Medium
2554,0,3,30,0.0037,NORMAL,None,Medium
2554,0,4,40,0.0029,NORMAL,None,Low
2554,0,5,50,0.0027,NORMAL,None,Low
2554,0,6,60,0.0025,NORMAL,None,Low
2555,0,1,10,0.0039,NORMAL,None,Medium
2555,0,2,20,0.0037,NORMAL,None,Medium
2555,0,3,30,0.0037,NORMAL,None,Medium
2555,0,4,40,0.0029,NORMAL,None,Low
2555,0,5,50,0.0028,NORMAL,None,Low
2555,0,6,60,0.0023,NORMAL,None,Low
2556,0,1,10,0.0032,NORMAL,None,Medium
2556,0,2,20,0.0026,NORMAL,None,Medium
2556,0,3,30,0.0028,NORMAL,None,Medium
2556,0,4,40,0.0025,NORMAL,None,Low
2556,0,5,50,0.0027,NORMAL,None,Low
2556,0,6,60,0.0023,NORMAL,None,Low
2557,0,1,10,0.0033,NORMAL,None,Medium
2557,0,2,20,0.0032,NORMAL,None,Medium
2557,0,3,30,0.0031,NORMAL,None,Medium
2557,0,4,40,0.0026,NORMAL,None,Low
2557,0,5,50,0.0021,NORMAL,None,Low
2557,0,6,60,0.0022,NORMAL,None,Low
2558,0,1,10,0.0029,NORMAL,None,Medium
2558,0,2,20,0.0028,NORMAL,None,Medium
2558,0,3,30,0.0026,NORMAL,None,Medium
2558,0,4,40,0.0026,NORMAL,None,Low
2558,0,5,50,0.0026,NORMAL,None,Low
2558,0,6,60,0.0023,NORMAL,None,Low
2559,0,1,10,0.003,NORMAL,None,Medium
2559,0,2,20,0.0029,NORMAL,None,Medium
2559,0,3,30,0.0027,NORMAL,None,Medium
2559,0,4,40,0.0022,NORMAL,None,Low
2559,0,5,50,0.0023,NORMAL,None,Low
2559,0,6,60,0.0025,NORMAL,None,Low
2560,0,1,10,0.0032,NORMAL,None,Medium
2560,0,2,20,0.003,NORMAL,None,Medium
2560,0,3,30,0.0026,NORMAL,None,Medium
2560,0,4,40,0.0027,NORMAL,None,Low
2560,0,5,50,0.0021,NORMAL,None,Low
2560,0,6,60,0.0024,NORMAL,None,Low
2561,0,1,10,0.0028,NORMAL,None,Medium
2561,0,2,20,0.0031,NORMAL,None,Medium
2561,0,3,30,0.0025,NORMAL,None,Medium
2561,0,4,40,0.0024,NORMAL,None,Low
2561,0,5,50,0.0023,NORMAL,None,Low
2561,0,6,60,0.0025,NORMAL,None,Low
2562,0,1,10,0.0038,NORMAL,None,Medium
2562,0,2,20,0.0033,NORMAL,None,Medium
2562,0,3,30,0.0032,NORMAL,None,Medium
2562,0,4,40,0.0025,NORMAL,None,Low
2562,0,5,50,0.0025,NORMAL,None,Low
2562,0,6,60,0.002,NORMAL,None,Low
2563,0,1,10,0.003,NORMAL,None,Medium
2563,0,2,20,0.0033,NORMAL,None,Medium
2563,0,3,30,0.003,NORMAL,None,Medium
2563,0,4,40,0.0025,NORMAL,None,Low
2563,0,5,50,0.0025,NORMAL,None,Low
2563,0,6,60,0.0025,NORMAL,None,Low
2564,0,1,10,0.0032,NORMAL,None,Medium
2564,0,2,20,0.0033,NORMAL,None,Medium
2564,0,3,30,0.0032,NORMAL,None,Medium
2564,0,4,40,0.0025,NORMAL,None,Low
2564,0,5,50,0.0023,NORMAL,None,Low
2564,0,6,60,0.0021,NORMAL,None,Low
2565,0,1,10,0.0036,NORMAL,None,Medium
2565,0,2,20,0.0031,NORMAL,None,Medium
2565,0,3,30,0.0028,NORMAL,None,Medium
2565,0,4,40,0.0024,NORMAL,None,Low
2565,0,5,50,0.0024,NORMAL,None,Low
2565,0,6,60,0.0021,NORMAL,None,Low
2566,0,1,10,0.0038,NORMAL,None,Medium
2566,0,2,20,0.0039,NORMAL,None,Medium
2566,0,3,30,0.0029,NORMAL,None,Medium
2566,0,4,40,0.0026,NORMAL,None,Low
2566,0,5,50,0.0024,NORMAL,None,Low
2566,0,6,60,0.0027,NORMAL,None,Low
2567,0,1,10,0.0033,NORMAL,None,Medium
2567,0,2,20,0.0033,NORMAL,None,Medium
2567,0,3,30,0.0034,NORMAL,None,Medium
2567,0,4,40,0.0027,NORMAL,None,Low
2567,0,5,50,0.0028,NORMAL,None,Low
2567,0,6,60,0.0025,NORMAL,None,Low
2568,0,1,10,0.0034,NORMAL,None,Medium
2568,0,2,20,0.0037,NORMAL,None,Medium
2568,0,3,30,0.0031,NORMAL,None,Medium
2568,0,4,40,0.0031,NORMAL,None,Low
2568,0,5,50,0.0028,NORMAL,None,Low
2568,0,6,60,0.0024,NORMAL,None,Low
2569,0,1,10,0.0036,NORMAL,None,Medium
2569,0,2,20,0.0043,NORMAL,None,Medium
2569,0,3,30,0.0035,NORMAL,None,Medium
2569,0,4,40,0.0027,NORMAL,None,Low
2569,0,5,50,0.0024,NORMAL,None,Low
2569,0,6,60,0.0022,NORMAL,None,Low
2570,0,1,10,0.0033,NORMAL,None,Medium
2570,0,2,20,0.0035,NORMAL,None,Medium
2570,0,3,30,0.0027,NORMAL,None,Medium
2570,0,4,40,0.0025,NORMAL,None,Low
2570,0,5,50,0.0024,NORMAL,None,Low
2570,0,6,60,0.0024,NORMAL,None,Low
2571,0,1,10,0.0037,NORMAL,None,Medium
2571,0,2,20,0.0037,NORMAL,None,Medium
2571,0,3,30,0.0037,NORMAL,None,Medium
2571,0,4,40,0.0025,NORMAL,None,Low
2571,0,5,50,0.0025,NORMAL,None,Low
2571,0,6,60,0.0021,NORMAL,None,Low
2572,0,1,10,0.0036,NORMAL,None,Medium
2572,0,2,20,0.003,NORMAL,None,Medium
2572,0,3,30,0.0026,NORMAL,None,Medium
2572,0,4,40,0.0022,NORMAL,None,Low
2572,0,5,50,0.0025,NORMAL,None,Low
2572,0,6,60,0.0025,NORMAL,None,Low
2573,0,1,10,0.0047,NORMAL,None,Medium
2573,0,2,20,0.003,NORMAL,None,Medium
2573,0,3,30,0.0024,NORMAL,None,Medium
2573,0,4,40,0.0022,NORMAL,None,Low
2573,0,5,50,0.0023,NORMAL,None,Low
2573,0,6,60,0.0021,NORMAL,None,Low
2574,0,1,10,0.007,NORMAL,None,Medium
2574,0,2,20,0.0049,NORMAL,None,Medium
2574,0,3,30,0.003,NORMAL,None,Medium
2574,0,4,40,0.0028,NORMAL,None,Low
2574,0,5,50,0.0027,NORMAL,None,Low
2574,0,6,60,0.0021,NORMAL,None,Low
2575,0,1,10,0.0071,NORMAL,None,Medium
2575,0,2,20,0.0042,NORMAL,None,Medium
2575,0,3,30,0.003,NORMAL,None,Medium
2575,0,4,40,0.0027,NORMAL,None,Low
2575,0,5,50,0.0024,NORMAL,None,Low
2575,0,6,60,0.0022,NORMAL,None,Low
2576,0,1,10,0.0069,NORMAL,None,Medium
2576,0,2,20,0.0035,NORMAL,None,Medium
2576,0,3,30,0.0031,NORMAL,None,Medium
2576,0,4,40,0.0027,NORMAL,None,Low
2576,0,5,50,0.0028,NORMAL,None,Low
2576,0,6,60,0.0025,NORMAL,None,Low
2577,0,1,10,0.0046,NORMAL,None,Medium
2577,0,2,20,0.0031,NORMAL,None,Medium
2577,0,3,30,0.0027,NORMAL,None,Medium
2577,0,4,40,0.0026,NORMAL,None,Low
2577,0,5,50,0.002,NORMAL,None,Low
2577,0,6,60,0.0022,NORMAL,None,Low
2578,0,1,10,0.0054,NORMAL,None,Medium
2578,0,2,20,0.0039,NORMAL,None,Medium
2578,0,3,30,0.0031,NORMAL,None,Medium
2578,0,4,40,0.0028,NORMAL,None,Low
2578,0,5,50,0.0024,NORMAL,None,Low
2578,0,6,60,0.0019,NORMAL,None,Low
2579,0,1,10,0.004,NORMAL,None,Medium
2579,0,2,20,0.0031,NORMAL,None,Medium
2579,0,3,30,0.0029,NORMAL,None,Medium
2579,0,4,40,0.0028,NORMAL,None,Low
2579,0,5,50,0.0024,NORMAL,None,Low
2579,0,6,60,0.002,NORMAL,None,Low
2580,0,1,10,0.003,NORMAL,None,Medium
2580,0,2,20,0.0028,NORMAL,None,Medium
2580,0,3,30,0.0022,NORMAL,None,Medium
2580,0,4,40,0.0023,NORMAL,None,Low
2580,0,5,50,0.0021,NORMAL,None,Low
2580,0,6,60,0.002,NORMAL,None,Low
2581,0,1,10,0.0023,NORMAL,None,Medium
2581,0,2,20,0.0025,NORMAL,None,Medium
2581,0,3,30,0.003,NORMAL,None,Medium
2581,0,4,40,0.0023,NORMAL,None,Low
2581,0,5,50,0.0021,NORMAL,None,Low
2581,0,6,60,0.002,NORMAL,None,Low
2582,0,1,10,0.0023,NORMAL,None,Medium
2582,0,2,20,0.0029,NORMAL,None,Medium
2582,0,3,30,0.0027,NORMAL,None,Medium
2582,0,4,40,0.0022,NORMAL,None,Low
2582,0,5,50,0.002,NORMAL,None,Low
2582,0,6,60,0.0019,NORMAL,None,Low
2583,0,1,10,0.0027,NORMAL,None,Medium
2583,0,2,20,0.0025,NORMAL,None,Medium
2583,0,3,30,0.0024,NORMAL,None,Medium
2583,0,4,40,0.0025,NORMAL,None,Low
2583,0,5,50,0.0019,NORMAL,None,Low
2583,0,6,60,0.0022,NORMAL,None,Low
2584,0,1,10,0.0024,NORMAL,None,Medium
2584,0,2,20,0.0025,NORMAL,None,Medium
2584,0,3,30,0.0025,NORMAL,None,Medium
2584,0,4,40,0.0025,NORMAL,None,Low
2584,0,5,50,0.0024,NORMAL,None,Low
2584,0,6,60,0.0022,NORMAL,None,Low
2585,0,1,10,0.0026,NORMAL,None,Medium
2585,0,2,20,0.0024,NORMAL,None,Medium
2585,0,3,30,0.0024,NORMAL,None,Medium
2585,0,4,40,0.0021,NORMAL,None,Low
2585,0,5,50,0.0025,NORMAL,None,Low
2585,0,6,60,0.0027,NORMAL,None,Low
2586,0,1,10,0.0023,NORMAL,None,Medium
2586,0,2,20,0.0027,NORMAL,None,Medium
2586,0,3,30,0.0029,NORMAL,None,Medium
2586,0,4,40,0.0027,NORMAL,None,Low
2586,0,5,50,0.0023,NORMAL,None,Low
2586,0,6,60,0.0023,NORMAL,None,Low
2587,0,1,10,0.0026,NORMAL,None,Medium
2587,0,2,20,0.003,NORMAL,None,Medium
2587,0,3,30,0.0028,NORMAL,None,Medium
2587,0,4,40,0.0025,NORMAL,None,Low
2587,0,5,50,0.0018,NORMAL,None,Low
2587,0,6,60,0.0019,NORMAL,None,Low
2588,0,1,10,0.0028,NORMAL,None,Medium
2588,0,2,20,0.0031,NORMAL,None,Medium
2588,0,3,30,0.0024,NORMAL,None,Medium
2588,0,4,40,0.0025,NORMAL,None,Low
2588,0,5,50,0.0025,NORMAL,None,Low
2588,0,6,60,0.0024,NORMAL,None,Low
2589,0,1,10,0.0026,NORMAL,None,Medium
2589,0,2,20,0.0029,NORMAL,None,Medium
2589,0,3,30,0.0025,NORMAL,None,Medium
2589,0,4,40,0.0025,NORMAL,None,Low
2589,0,5,50,0.0021,NORMAL,None,Low
2589,0,6,60,0.0021,NORMAL,None,Low
2590,0,1,10,0.0031,NORMAL,None,Medium
2590,0,2,20,0.003,NORMAL,None,Medium
2590,0,3,30,0.0029,NORMAL,None,Medium
2590,0,4,40,0.0023,NORMAL,None,Low
2590,0,5,50,0.0022,NORMAL,None,Low
2590,0,6,60,0.0019,NORMAL,None,Low
2591,0,1,10,0.0022,NORMAL,None,Medium
2591,0,2,20,0.0027,NORMAL,None,Medium
2591,0,3,30,0.0027,NORMAL,None,Medium
2591,0,4,40,0.002,NORMAL,None,Low
2591,0,5,50,0.0023,NORMAL,None,Low
2591,0,6,60,0.0023,NORMAL,None,Low
2592,0,1,10,0.0026,NORMAL,None,Medium
2592,0,2,20,0.0033,NORMAL,None,Medium
2592,0,3,30,0.0028,NORMAL,None,Medium
2592,0,4,40,0.0027,NORMAL,None,Low
2592,0,5,50,0.0023,NORMAL,None,Low
2592,0,6,60,0.0025,NORMAL,None,Low
2593,0,1,10,0.0023,NORMAL,None,Medium
2593,0,2,20,0.0028,NORMAL,None,Medium
2593,0,3,30,0.0024,NORMAL,None,Medium
2593,0,4,40,0.002,NORMAL,None,Low
2593,0,5,50,0.0026,NORMAL,None,Low
2593,0,6,60,0.0025,NORMAL,None,Low
2594,0,1,10,0.0021,NORMAL,None,Medium
2594,0,2,20,0.0024,NORMAL,None,Medium
2594,0,3,30,0.0023,NORMAL,None,Medium
2594,0,4,40,0.0025,NORMAL,None,Low
2594,0,5,50,0.0022,NORMAL,None,Low
2594,0,6,60,0.0021,NORMAL,None,Low
2595,0,1,10,0.002,NORMAL,None,Medium
2595,0,2,20,0.0022,NORMAL,None,Medium
2595,0,3,30,0.0024,NORMAL,None,Medium
2595,0,4,40,0.0025,NORMAL,None,Low
2595,0,5,50,0.0024,NORMAL,None,Low
2595,0,6,60,0.0025,NORMAL,None,Low
2596,0,1,10,0.0018,NORMAL,None,Medium
2596,0,2,20,0.0024,NORMAL,None,Medium
2596,0,3,30,0.0021,NORMAL,None,Medium
2596,0,4,40,0.0029,NORMAL,None,Low
2596,0,5,50,0.0021,NORMAL,None,Low
2596,0,6,60,0.002,NORMAL,None,Low
2597,0,1,10,0.002,NORMAL,None,Medium
2597,0,2,20,0.0025,NORMAL,None,Medium
2597,0,3,30,0.0022,NORMAL,None,Medium
2597,0,4,40,0.0022,NORMAL,None,Low
2597,0,5,50,0.0018,NORMAL,None,Low
2597,0,6,60,0.002,NORMAL,None,Low
2598,0,1,10,0.0022,NORMAL,None,Medium
2598,0,2,20,0.0021,NORMAL,None,Medium
2598,0,3,30,0.0021,NORMAL,None,Medium
2598,0,4,40,0.0022,NORMAL,None,Low
2598,0,5,50,0.0021,NORMAL,None,Low
2598,0,6,60,0.0021,NORMAL,None,Low
2599,0,1,10,0.0018,NORMAL,None,Medium
2599,0,2,20,0.0024,NORMAL,None,Medium
2599,0,3,30,0.0025,NORMAL,None,Medium
2599,0,4,40,0.0025,NORMAL,None,Low
2599,0,5,50,0.0023,NORMAL,None,Low
2599,0,6,60,0.0024,NORMAL,None,Low
2600,0,1,10,0.0019,NORMAL,None,Medium
2600,0,2,20,0.0023,NORMAL,None,Medium
2600,0,3,30,0.0022,NORMAL,None,Medium
2600,0,4,40,0.0021,NORMAL,None,Low
2600,0,5,50,0.0019,NORMAL,None,Low
2600,0,6,60,0.0024,NORMAL,None,Low
2601,0,1,10,0.0022,NORMAL,None,Medium
2601,0,2,20,0.0023,NORMAL,None,Medium
2601,0,3,30,0.0022,NORMAL,None,Medium
2601,0,4,40,0.002,NORMAL,None,Low
2601,0,5,50,0.0022,NORMAL,None,Low
2601,0,6,60,0.0021,NORMAL,None,Low
2602,0,1,10,0.0021,NORMAL,None,Medium
2602,0,2,20,0.0024,NORMAL,None,Medium
2602,0,3,30,0.0022,NORMAL,None,Medium
2602,0,4,40,0.0022,NORMAL,None,Low
2602,0,5,50,0.0018,NORMAL,None,Low
2602,0,6,60,0.0019,NORMAL,None,Low
2603,0,1,10,0.0022,NORMAL,None,Medium
2603,0,2,20,0.0027,NORMAL,None,Medium
2603,0,3,30,0.0024,NORMAL,None,Medium
2603,0,4,40,0.0024,NORMAL,None,Low
2603,0,5,50,0.0023,NORMAL,None,Low
2603,0,6,60,0.0019,NORMAL,None,Low
2604,0,1,10,0.0022,NORMAL,None,Medium
2604,0,2,20,0.0026,NORMAL,None,Medium
2604,0,3,30,0.0024,NORMAL,None,Medium
2604,0,4,40,0.0022,NORMAL,None,Low
2604,0,5,50,0.0022,NORMAL,None,Low
2604,0,6,60,0.0021,NORMAL,None,Low
2605,0,1,10,0.0017,NORMAL,None,Medium
2605,0,2,20,0.0023,NORMAL,None,Medium
2605,0,3,30,0.0019,NORMAL,None,Medium
2605,0,4,40,0.0023,NORMAL,None,Low
2605,0,5,50,0.002,NORMAL,None,Low
2605,0,6,60,0.0023,NORMAL,None,Low
2606,0,1,10,0.0021,NORMAL,None,Medium
2606,0,2,20,0.002,NORMAL,None,Medium
2606,0,3,30,0.002,NORMAL,None,Medium
2606,0,4,40,0.0018,NORMAL,None,Low
2606,0,5,50,0.0022,NORMAL,None,Low
2606,0,6,60,0.0021,NORMAL,None,Low
2607,0,1,10,0.002,NORMAL,None,Medium
2607,0,2,20,0.0023,NORMAL,None,Medium
2607,0,3,30,0.0024,NORMAL,None,Medium
2607,0,4,40,0.0021,NORMAL,None,Low
2607,0,5,50,0.0024,NORMAL,None,Low
2607,0,6,60,0.0021,NORMAL,None,Low
2608,0,1,10,0.0019,NORMAL,None,Medium
2608,0,2,20,0.0022,NORMAL,None,Medium
2608,0,3,30,0.0025,NORMAL,None,Medium
2608,0,4,40,0.0023,NORMAL,None,Low
2608,0,5,50,0.002,NORMAL,None,Low
2608,0,6,60,0.0023,NORMAL,None,Low
2609,0,1,10,0.0022,NORMAL,None,Medium
2609,0,2,20,0.0026,NORMAL,None,Medium
2609,0,3,30,0.0022,NORMAL,None,Medium
2609,0,4,40,0.0021,NORMAL,None,Low
2609,0,5,50,0.002,NORMAL,None,Low
2609,0,6,60,0.002,NORMAL,None,Low
2610,0,1,10,0.0015,NORMAL,None,Medium
2610,0,2,20,0.0023,NORMAL,None,Medium
2610,0,3,30,0.0022,NORMAL,None,Medium
2610,0,4,40,0.0022,NORMAL,None,Low
2610,0,5,50,0.0023,NORMAL,None,Low
2610,0,6,60,0.0022,NORMAL,None,Low
2611,0,1,10,0.0022,NORMAL,None,Medium
2611,0,2,20,0.0021,NORMAL,None,Medium
2611,0,3,30,0.0023,NORMAL,None,Medium
2611,0,4,40,0.0022,NORMAL,None,Low
2611,0,5,50,0.0024,NORMAL,None,Low
2611,0,6,60,0.0023,NORMAL,None,Low
2612,0,1,10,0.0032,NORMAL,None,Medium
2612,0,2,20,0.0031,NORMAL,None,Medium
2612,0,3,30,0.0024,NORMAL,None,Medium
2612,0,4,40,0.0024,NORMAL,None,Low
2612,0,5,50,0.0022,NORMAL,None,Low
2612,0,6,60,0.0021,NORMAL,None,Low
2613,0,1,10,0.0033,NORMAL,None,Medium
2613,0,2,20,0.0028,NORMAL,None,Medium
2613,0,3,30,0.0025,NORMAL,None,Medium
2613,0,4,40,0.0024,NORMAL,None,Low
2613,0,5,50,0.0025,NORMAL,None,Low
2613,0,6,60,0.0022,NORMAL,None,Low
2614,0,1,10,0.0032,NORMAL,None,Medium
2614,0,2,20,0.0029,NORMAL,None,Medium
2614,0,3,30,0.0029,NORMAL,None,Medium
2614,0,4,40,0.0031,NORMAL,None,Low
2614,0,5,50,0.0026,NORMAL,None,Low
2614,0,6,60,0.0024,NORMAL,None,Low
2615,0,1,10,0.0032,NORMAL,None,Medium
2615,0,2,20,0.0034,NORMAL,None,Medium
2615,0,3,30,0.003,NORMAL,None,Medium
2615,0,4,40,0.0027,NORMAL,None,Low
2615,0,5,50,0.002,NORMAL,None,Low
2615,0,6,60,0.0024,NORMAL,None,Low
2616,0,1,10,0.0022,NORMAL,None,Medium
2616,0,2,20,0.0025,NORMAL,None,Medium
2616,0,3,30,0.0023,NORMAL,None,Medium
2616,0,4,40,0.0025,NORMAL,None,Low
2616,0,5,50,0.0029,NORMAL,None,Low
2616,0,6,60,0.0022,NORMAL,None,Low
2617,0,1,10,0.0023,NORMAL,None,Medium
2617,0,2,20,0.0026,NORMAL,None,Medium
2617,0,3,30,0.0023,NORMAL,None,Medium
2617,0,4,40,0.0023,NORMAL,None,Low
2617,0,5,50,0.0025,NORMAL,None,Low
2617,0,6,60,0.0023,NORMAL,None,Low
2618,0,1,10,0.0026,NORMAL,None,Medium
2618,0,2,20,0.0026,NORMAL,None,Medium
2618,0,3,30,0.0025,NORMAL,None,Medium
2618,0,4,40,0.0024,NORMAL,None,Low
2618,0,5,50,0.0023,NORMAL,None,Low
2618,0,6,60,0.0023,NORMAL,None,Low
2619,0,1,10,0.0024,NORMAL,None,Medium
2619,0,2,20,0.0024,NORMAL,None,Medium
2619,0,3,30,0.0024,NORMAL,None,Medium
2619,0,4,40,0.0022,NORMAL,None,Low
2619,0,5,50,0.0022,NORMAL,None,Low
2619,0,6,60,0.0024,NORMAL,None,Low
2620,0,1,10,0.0025,NORMAL,None,Medium
2620,0,2,20,0.0032,NORMAL,None,Medium
2620,0,3,30,0.0025,NORMAL,None,Medium
2620,0,4,40,0.0022,NORMAL,None,Low
2620,0,5,50,0.0022,NORMAL,None,Low
2620,0,6,60,0.002,NORMAL,None,Low
2621,0,1,10,0.0027,NORMAL,None,Medium
2621,0,2,20,0.003,NORMAL,None,Medium
2621,0,3,30,0.0026,NORMAL,None,Medium
2621,0,4,40,0.0028,NORMAL,None,Low
2621,0,5,50,0.0027,NORMAL,None,Low
2621,0,6,60,0.0023,NORMAL,None,Low
2622,0,1,10,0.0026,NORMAL,None,Medium
2622,0,2,20,0.0024,NORMAL,None,Medium
2622,0,3,30,0.0025,NORMAL,None,Medium
2622,0,4,40,0.0027,NORMAL,None,Low
2622,0,5,50,0.0022,NORMAL,None,Low
2622,0,6,60,0.0021,NORMAL,None,Low
2623,0,1,10,0.0025,NORMAL,None,Medium
2623,0,2,20,0.003,NORMAL,None,Medium
2623,0,3,30,0.0024,NORMAL,None,Medium
2623,0,4,40,0.0022,NORMAL,None,Low
2623,0,5,50,0.0025,NORMAL,None,Low
2623,0,6,60,0.0026,NORMAL,None,Low
2624,0,1,10,0.0024,NORMAL,None,Medium
2624,0,2,20,0.0026,NORMAL,None,Medium
2624,0,3,30,0.0025,NORMAL,None,Medium
2624,0,4,40,0.0024,NORMAL,None,Low
2624,0,5,50,0.0024,NORMAL,None,Low
2624,0,6,60,0.0023,NORMAL,None,Low
2625,0,1,10,0.0025,NORMAL,None,Medium
2625,0,2,20,0.0027,NORMAL,None,Medium
2625,0,3,30,0.0024,NORMAL,None,Medium
2625,0,4,40,0.0022,NORMAL,None,Low
2625,0,5,50,0.0023,NORMAL,None,Low
2625,0,6,60,0.0022,NORMAL,None,Low
2626,0,1,10,0.0019,NORMAL,None,Medium
2626,0,2,20,0.0023,NORMAL,None,Medium
2626,0,3,30,0.0023,NORMAL,None,Medium
2626,0,4,40,0.0023,NORMAL,None,Low
2626,0,5,50,0.002,NORMAL,None,Low
2626,0,6,60,0.0019,NORMAL,None,Low
2627,0,1,10,0.0019,NORMAL,None,Medium
2627,0,2,20,0.0023,NORMAL,None,Medium
2627,0,3,30,0.0025,NORMAL,None,Medium
2627,0,4,40,0.0023,NORMAL,None,Low
2627,0,5,50,0.0022,NORMAL,None,Low
2627,0,6,60,0.0019,NORMAL,None,Low
2628,0,1,10,0.0019,NORMAL,None,Medium
2628,0,2,20,0.0021,NORMAL,None,Medium
2628,0,3,30,0.0022,NORMAL,None,Medium
2628,0,4,40,0.0023,NORMAL,None,Low
2628,0,5,50,0.0024,NORMAL,None,Low
2628,0,6,60,0.0022,NORMAL,None,Low
2629,0,1,10,0.002,NORMAL,None,Medium
2629,0,2,20,0.0026,NORMAL,None,Medium
2629,0,3,30,0.0025,NORMAL,None,Medium
2629,0,4,40,0.0024,NORMAL,None,Low
2629,0,5,50,0.0023,NORMAL,None,Low
2629,0,6,60,0.0024,NORMAL,None,Low
2630,0,1,10,0.0024,NORMAL,None,Medium
2630,0,2,20,0.0025,NORMAL,None,Medium
2630,0,3,30,0.0022,NORMAL,None,Medium
2630,0,4,40,0.0025,NORMAL,None,Low
2630,0,5,50,0.0027,NORMAL,None,Low
2630,0,6,60,0.0018,NORMAL,None,Low
2631,0,1,10,0.0019,NORMAL,None,Medium
2631,0,2,20,0.0024,NORMAL,None,Medium
2631,0,3,30,0.0024,NORMAL,None,Medium
2631,0,4,40,0.0025,NORMAL,None,Low
2631,0,5,50,0.0022,NORMAL,None,Low
2631,0,6,60,0.0019,NORMAL,None,Low
2632,0,1,10,0.0022,NORMAL,None,Medium
2632,0,2,20,0.0025,NORMAL,None,Medium
2632,0,3,30,0.0022,NORMAL,None,Medium
2632,0,4,40,0.0023,NORMAL,None,Low
2632,0,5,50,0.002,NORMAL,None,Low
2632,0,6,60,0.002,NORMAL,None,Low
2633,0,1,10,0.0018,NORMAL,None,Medium
2633,0,2,20,0.0022,NORMAL,None,Medium
2633,0,3,30,0.0025,NORMAL,None,Medium
2633,0,4,40,0.0024,NORMAL,None,Low
2633,0,5,50,0.0023,NORMAL,None,Low
2633,0,6,60,0.0023,NORMAL,None,Low
2634,0,1,10,0.002,NORMAL,None,Medium
2634,0,2,20,0.0022,NORMAL,None,Medium
2634,0,3,30,0.0024,NORMAL,None,Medium
2634,0,4,40,0.0024,NORMAL,None,Low
2634,0,5,50,0.0025,NORMAL,None,Low
2634,0,6,60,0.0023,NORMAL,None,Low
2635,0,1,10,0.0022,NORMAL,None,Medium
2635,0,2,20,0.0026,NORMAL,None,Medium
2635,0,3,30,0.0024,NORMAL,None,Medium
2635,0,4,40,0.0022,NORMAL,None,Low
2635,0,5,50,0.0021,NORMAL,None,Low
2635,0,6,60,0.0025,NORMAL,None,Low
2636,0,1,10,0.0021,NORMAL,None,Medium
2636,0,2,20,0.0023,NORMAL,None,Medium
2636,0,3,30,0.0022,NORMAL,None,Medium
2636,0,4,40,0.0024,NORMAL,None,Low
2636,0,5,50,0.0022,NORMAL,None,Low
2636,0,6,60,0.0022,NORMAL,None,Low
2637,0,1,10,0.0025,NORMAL,None,Medium
2637,0,2,20,0.0025,NORMAL,None,Medium
2637,0,3,30,0.0024,NORMAL,None,Medium
2637,0,4,40,0.0022,NORMAL,None,Low
2637,0,5,50,0.0019,NORMAL,None,Low
2637,0,6,60,0.0019,NORMAL,None,Low
2638,0,1,10,0.0027,NORMAL,None,Medium
2638,0,2,20,0.0029,NORMAL,None,Medium
2638,0,3,30,0.0024,NORMAL,None,Medium
2638,0,4,40,0.0024,NORMAL,None,Low
2638,0,5,50,0.0021,NORMAL,None,Low
2638,0,6,60,0.002,NORMAL,None,Low
2639,0,1,10,0.0027,NORMAL,None,Medium
2639,0,2,20,0.0025,NORMAL,None,Medium
2639,0,3,30,0.0022,NORMAL,None,Medium
2639,0,4,40,0.0021,NORMAL,None,Low
2639,0,5,50,0.0021,NORMAL,None,Low
2639,0,6,60,0.0025,NORMAL,None,Low
2640,0,1,10,0.0029,NORMAL,None,Medium
2640,0,2,20,0.0026,NORMAL,None,Medium
2640,0,3,30,0.0022,NORMAL,None,Medium
2640,0,4,40,0.0024,NORMAL,None,Low
2640,0,5,50,0.0024,NORMAL,None,Low
2640,0,6,60,0.0024,NORMAL,None,Low
2641,0,1,10,0.0026,NORMAL,None,Medium
2641,0,2,20,0.0024,NORMAL,None,Medium
2641,0,3,30,0.0021,NORMAL,None,Medium
2641,0,4,40,0.002,NORMAL,None,Low
2641,0,5,50,0.0019,NORMAL,None,Low
2641,0,6,60,0.0021,NORMAL,None,Low
2642,0,1,10,0.0022,NORMAL,None,Medium
2642,0,2,20,0.0025,NORMAL,None,Medium
2642,0,3,30,0.0026,NORMAL,None,Medium
2642,0,4,40,0.0025,NORMAL,None,Low
2642,0,5,50,0.0021,NORMAL,None,Low
2642,0,6,60,0.002,NORMAL,None,Low
2643,0,1,10,0.0024,NORMAL,None,Medium
2643,0,2,20,0.0025,NORMAL,None,Medium
2643,0,3,30,0.0026,NORMAL,None,Medium
2643,0,4,40,0.0028,NORMAL,None,Low
2643,0,5,50,0.0025,NORMAL,None,Low
2643,0,6,60,0.0021,NORMAL,None,Low
2644,0,1,10,0.0019,NORMAL,None,Medium
2644,0,2,20,0.0021,NORMAL,None,Medium
2644,0,3,30,0.0027,NORMAL,None,Medium
2644,0,4,40,0.0021,NORMAL,None,Low
2644,0,5,50,0.0021,NORMAL,None,Low
2644,0,6,60,0.0023,NORMAL,None,Low
2645,0,1,10,0.0016,NORMAL,None,Medium
2645,0,2,20,0.002,NORMAL,None,Medium
2645,0,3,30,0.002,NORMAL,None,Medium
2645,0,4,40,0.0025,NORMAL,None,Low
2645,0,5,50,0.002,NORMAL,None,Low
2645,0,6,60,0.0023,NORMAL,None,Low
2646,0,1,10,0.0019,NORMAL,None,Medium
2646,0,2,20,0.0023,NORMAL,None,Medium
2646,0,3,30,0.0027,NORMAL,None,Medium
2646,0,4,40,0.0018,NORMAL,None,Low
2646,0,5,50,0.0021,NORMAL,None,Low
2646,0,6,60,0.0023,NORMAL,None,Low
2647,0,1,10,0.002,NORMAL,None,Medium
2647,0,2,20,0.0022,NORMAL,None,Medium
2647,0,3,30,0.0023,NORMAL,None,Medium
2647,0,4,40,0.0022,NORMAL,None,Low
2647,0,5,50,0.0022,NORMAL,None,Low
2647,0,6,60,0.0024,NORMAL,None,Low
2648,0,1,10,0.0021,NORMAL,None,Medium
2648,0,2,20,0.0023,NORMAL,None,Medium
2648,0,3,30,0.0024,NORMAL,None,Medium
2648,0,4,40,0.0026,NORMAL,None,Low
2648,0,5,50,0.0024,NORMAL,None,Low
2648,0,6,60,0.0021,NORMAL,None,Low
2649,0,1,10,0.0023,NORMAL,None,Medium
2649,0,2,20,0.0021,NORMAL,None,Medium
2649,0,3,30,0.002,NORMAL,None,Medium
2649,0,4,40,0.0022,NORMAL,None,Low
2649,0,5,50,0.0022,NORMAL,None,Low
2649,0,6,60,0.0023,NORMAL,None,Low
2650,0,1,10,0.0023,NORMAL,None,Medium
2650,0,2,20,0.0023,NORMAL,None,Medium
2650,0,3,30,0.0022,NORMAL,None,Medium
2650,0,4,40,0.0022,NORMAL,None,Low
2650,0,5,50,0.0022,NORMAL,None,Low
2650,0,6,60,0.002,NORMAL,None,Low
2651,0,1,10,0.0026,NORMAL,None,Medium
2651,0,2,20,0.0027,NORMAL,None,Medium
2651,0,3,30,0.0023,NORMAL,None,Medium
2651,0,4,40,0.0022,NORMAL,None,Low
2651,0,5,50,0.0022,NORMAL,None,Low
2651,0,6,60,0.0023,NORMAL,None,Low
2652,0,1,10,0.002,NORMAL,None,Medium
2652,0,2,20,0.002,NORMAL,None,Medium
2652,0,3,30,0.002,NORMAL,None,Medium
2652,0,4,40,0.0021,NORMAL,None,Low
2652,0,5,50,0.0023,NORMAL,None,Low
2652,0,6,60,0.0022,NORMAL,None,Low
2653,0,1,10,0.0019,NORMAL,None,Medium
2653,0,2,20,0.0025,NORMAL,None,Medium
2653,0,3,30,0.0022,NORMAL,None,Medium
2653,0,4,40,0.0026,NORMAL,None,Low
2653,0,5,50,0.0021,NORMAL,None,Low
2653,0,6,60,0.0021,NORMAL,None,Low
2654,0,1,10,0.0027,NORMAL,None,Medium
2654,0,2,20,0.0029,NORMAL,None,Medium
2654,0,3,30,0.0025,NORMAL,None,Medium
2654,0,4,40,0.0023,NORMAL,None,Low
2654,0,5,50,0.0022,NORMAL,None,Low
2654,0,6,60,0.0019,NORMAL,None,Low
2655,0,1,10,0.0024,NORMAL,None,Medium
2655,0,2,20,0.0026,NORMAL,None,Medium
2655,0,3,30,0.0026,NORMAL,None,Medium
2655,0,4,40,0.0025,NORMAL,None,Low
2655,0,5,50,0.0025,NORMAL,None,Low
2655,0,6,60,0.0021,NORMAL,None,Low
2656,0,1,10,0.0022,NORMAL,None,Medium
2656,0,2,20,0.0025,NORMAL,None,Medium
2656,0,3,30,0.0023,NORMAL,None,Medium
2656,0,4,40,0.0021,NORMAL,None,Low
2656,0,5,50,0.0021,NORMAL,None,Low
2656,0,6,60,0.0021,NORMAL,None,Low
2657,0,1,10,0.0019,NORMAL,None,Medium
2657,0,2,20,0.0022,NORMAL,None,Medium
2657,0,3,30,0.002,NORMAL,None,Medium
2657,0,4,40,0.002,NORMAL,None,Low
2657,0,5,50,0.002,NORMAL,None,Low
2657,0,6,60,0.0022,NORMAL,None,Low
2658,0,1,10,0.0016,NORMAL,None,Medium
2658,0,2,20,0.0019,NORMAL,None,Medium
2658,0,3,30,0.0023,NORMAL,None,Medium
2658,0,4,40,0.0023,NORMAL,None,Low
2658,0,5,50,0.0024,NORMAL,None,Low
2658,0,6,60,0.002,NORMAL,None,Low
2659,0,1,10,0.002,NORMAL,None,Medium
2659,0,2,20,0.0024,NORMAL,None,Medium
2659,0,3,30,0.0025,NORMAL,None,Medium
2659,0,4,40,0.0023,NORMAL,None,Low
2659,0,5,50,0.0023,NORMAL,None,Low
2659,0,6,60,0.0026,NORMAL,None,Low
2660,0,1,10,0.0021,NORMAL,None,Medium
2660,0,2,20,0.0022,NORMAL,None,Medium
2660,0,3,30,0.002,NORMAL,None,Medium
2660,0,4,40,0.0023,NORMAL,None,Low
2660,0,5,50,0.0022,NORMAL,None,Low
2660,0,6,60,0.002,NORMAL,None,Low
2661,0,1,10,0.0018,NORMAL,None,Medium
2661,0,2,20,0.0024,NORMAL,None,Medium
2661,0,3,30,0.0021,NORMAL,None,Medium
2661,0,4,40,0.0023,NORMAL,None,Low
2661,0,5,50,0.0023,NORMAL,None,Low
2661,0,6,60,0.0024,NORMAL,None,Low
2662,0,1,10,0.0017,NORMAL,None,Medium
2662,0,2,20,0.0023,NORMAL,None,Medium
2662,0,3,30,0.002,NORMAL,None,Medium
2662,0,4,40,0.0023,NORMAL,None,Low
2662,0,5,50,0.0023,NORMAL,None,Low
2662,0,6,60,0.002,NORMAL,None,Low
2663,0,1,10,0.0015,NORMAL,None,Medium
2663,0,2,20,0.002,NORMAL,None,Medium
2663,0,3,30,0.0024,NORMAL,None,Medium
2663,0,4,40,0.0023,NORMAL,None,Low
2663,0,5,50,0.0027,NORMAL,None,Low
2663,0,6,60,0.0025,NORMAL,None,Low
2664,0,1,10,0.0016,NORMAL,None,Medium
2664,0,2,20,0.0021,NORMAL,None,Medium
2664,0,3,30,0.0023,NORMAL,None,Medium
2664,0,4,40,0.0022,NORMAL,None,Low
2664,0,5,50,0.0022,NORMAL,None,Low
2664,0,6,60,0.0022,NORMAL,None,Low
2665,0,1,10,0.0017,NORMAL,None,Medium
2665,0,2,20,0.0025,NORMAL,None,Medium
2665,0,3,30,0.0023,NORMAL,None,Medium
2665,0,4,40,0.0021,NORMAL,None,Low
2665,0,5,50,0.0022,NORMAL,None,Low
2665,0,6,60,0.0023,NORMAL,None,Low
2666,0,1,10,0.0022,NORMAL,None,Medium
2666,0,2,20,0.0027,NORMAL,None,Medium
2666,0,3,30,0.0024,NORMAL,None,Medium
2666,0,4,40,0.002,NORMAL,None,Low
2666,0,5,50,0.0025,NORMAL,None,Low
2666,0,6,60,0.0024,NORMAL,None,Low
2667,0,1,10,0.0018,NORMAL,None,Medium
2667,0,2,20,0.0023,NORMAL,None,Medium
2667,0,3,30,0.0026,NORMAL,None,Medium
2667,0,4,40,0.0024,NORMAL,None,Low
2667,0,5,50,0.0021,NORMAL,None,Low
2667,0,6,60,0.0019,NORMAL,None,Low
2668,0,1,10,0.0025,NORMAL,None,Medium
2668,0,2,20,0.0024,NORMAL,None,Medium
2668,0,3,30,0.0026,NORMAL,None,Medium
2668,0,4,40,0.0022,NORMAL,None,Low
2668,0,5,50,0.002,NORMAL,None,Low
2668,0,6,60,0.0021,NORMAL,None,Low
2669,0,1,10,0.0019,NORMAL,None,Medium
2669,0,2,20,0.0024,NORMAL,None,Medium
2669,0,3,30,0.0026,NORMAL,None,Medium
2669,0,4,40,0.0022,NORMAL,None,Low
2669,0,5,50,0.0023,NORMAL,None,Low
2669,0,6,60,0.0018,NORMAL,None,Low
2670,0,1,10,0.0027,NORMAL,None,Medium
2670,0,2,20,0.0028,NORMAL,None,Medium
2670,0,3,30,0.0028,NORMAL,None,Medium
2670,0,4,40,0.0023,NORMAL,None,Low
2670,0,5,50,0.0021,NORMAL,None,Low
2670,0,6,60,0.0022,NORMAL,None,Low
2671,0,1,10,0.0023,NORMAL,None,Medium
2671,0,2,20,0.0029,NORMAL,None,Medium
2671,0,3,30,0.0025,NORMAL,None,Medium
2671,0,4,40,0.0025,NORMAL,None,Low
2671,0,5,50,0.0024,NORMAL,None,Low
2671,0,6,60,0.0022,NORMAL,None,Low
2672,0,1,10,0.0026,NORMAL,None,Medium
2672,0,2,20,0.0023,NORMAL,None,Medium
2672,0,3,30,0.0022,NORMAL,None,Medium
2672,0,4,40,0.0025,NORMAL,None,Low
2672,0,5,50,0.0025,NORMAL,None,Low
2672,0,6,60,0.0021,NORMAL,None,Low
2673,0,1,10,0.0019,NORMAL,None,Medium
2673,0,2,20,0.0021,NORMAL,None,Medium
2673,0,3,30,0.0023,NORMAL,None,Medium
2673,0,4,40,0.0023,NORMAL,None,Low
2673,0,5,50,0.0021,NORMAL,None,Low
2673,0,6,60,0.0026,NORMAL,None,Low
2674,0,1,10,0.0022,NORMAL,None,Medium
2674,0,2,20,0.0024,NORMAL,None,Medium
2674,0,3,30,0.0022,NORMAL,None,Medium
2674,0,4,40,0.0022,NORMAL,None,Low
2674,0,5,50,0.0025,NORMAL,None,Low
2674,0,6,60,0.0025,NORMAL,None,Low
2675,0,1,10,0.0023,NORMAL,None,Medium
2675,0,2,20,0.0028,NORMAL,None,Medium
2675,0,3,30,0.0023,NORMAL,None,Medium
2675,0,4,40,0.0026,NORMAL,None,Low
2675,0,5,50,0.0023,NORMAL,None,Low
2675,0,6,60,0.0024,NORMAL,None,Low
2676,0,1,10,0.0022,NORMAL,None,Medium
2676,0,2,20,0.0025,NORMAL,None,Medium
2676,0,3,30,0.0025,NORMAL,None,Medium
2676,0,4,40,0.0023,NORMAL,None,Low
2676,0,5,50,0.0023,NORMAL,None,Low
2676,0,6,60,0.0024,NORMAL,None,Low
2677,0,1,10,0.0025,NORMAL,None,Medium
2677,0,2,20,0.0021,NORMAL,None,Medium
2677,0,3,30,0.0023,NORMAL,None,Medium
2677,0,4,40,0.0023,NORMAL,None,Low
2677,0,5,50,0.0022,NORMAL,None,Low
2677,0,6,60,0.0021,NORMAL,None,Low
2678,0,1,10,0.0025,NORMAL,None,Medium
2678,0,2,20,0.0024,NORMAL,None,Medium
2678,0,3,30,0.0028,NORMAL,None,Medium
2678,0,4,40,0.0025,NORMAL,None,Low
2678,0,5,50,0.0023,NORMAL,None,Low
2678,0,6,60,0.0021,NORMAL,None,Low
2679,0,1,10,0.0019,NORMAL,None,Medium
2679,0,2,20,0.0021,NORMAL,None,Medium
2679,0,3,30,0.0022,NORMAL,None,Medium
2679,0,4,40,0.0023,NORMAL,None,Low
2679,0,5,50,0.0024,NORMAL,None,Low
2679,0,6,60,0.0022,NORMAL,None,Low
2680,0,1,10,0.002,NORMAL,None,Medium
2680,0,2,20,0.0023,NORMAL,None,Medium
2680,0,3,30,0.0024,NORMAL,None,Medium
2680,0,4,40,0.0022,NORMAL,None,Low
2680,0,5,50,0.0023,NORMAL,None,Low
2680,0,6,60,0.0022,NORMAL,None,Low
2681,0,1,10,0.0027,NORMAL,None,Medium
2681,0,2,20,0.0027,NORMAL,None,Medium
2681,0,3,30,0.0027,NORMAL,None,Medium
2681,0,4,40,0.0022,NORMAL,None,Low
2681,0,5,50,0.0025,NORMAL,None,Low
2681,0,6,60,0.0024,NORMAL,None,Low
2682,0,1,10,0.0021,NORMAL,None,Medium
2682,0,2,20,0.0023,NORMAL,None,Medium
2682,0,3,30,0.0024,NORMAL,None,Medium
2682,0,4,40,0.0022,NORMAL,None,Low
2682,0,5,50,0.0021,NORMAL,None,Low
2682,0,6,60,0.0019,NORMAL,None,Low
2683,0,1,10,0.002,NORMAL,None,Medium
2683,0,2,20,0.0022,NORMAL,None,Medium
2683,0,3,30,0.0023,NORMAL,None,Medium
2683,0,4,40,0.0021,NORMAL,None,Low
2683,0,5,50,0.0021,NORMAL,None,Low
2683,0,6,60,0.0022,NORMAL,None,Low
2684,0,1,10,0.0018,NORMAL,None,Medium
2684,0,2,20,0.002,NORMAL,None,Medium
2684,0,3,30,0.0022,NORMAL,None,Medium
2684,0,4,40,0.0023,NORMAL,None,Low
2684,0,5,50,0.0023,NORMAL,None,Low
2684,0,6,60,0.0021,NORMAL,None,Low
2685,0,1,10,0.0015,NORMAL,None,Medium
2685,0,2,20,0.0021,NORMAL,None,Medium
2685,0,3,30,0.0021,NORMAL,None,Medium
2685,0,4,40,0.002,NORMAL,None,Low
2685,0,5,50,0.002,NORMAL,None,Low
2685,0,6,60,0.0024,NORMAL,None,Low
2686,0,1,10,0.0016,NORMAL,None,Medium
2686,0,2,20,0.0021,NORMAL,None,Medium
2686,0,3,30,0.0023,NORMAL,None,Medium
2686,0,4,40,0.0021,NORMAL,None,Low
2686,0,5,50,0.0021,NORMAL,None,Low
2686,0,6,60,0.002,NORMAL,None,Low
2687,0,1,10,0.0017,NORMAL,None,Medium
2687,0,2,20,0.0021,NORMAL,None,Medium
2687,0,3,30,0.0024,NORMAL,None,Medium
2687,0,4,40,0.0019,NORMAL,None,Low
2687,0,5,50,0.0022,NORMAL,None,Low
2687,0,6,60,0.002,NORMAL,None,Low
2688,0,1,10,0.002,NORMAL,None,Medium
2688,0,2,20,0.0029,NORMAL,None,Medium
2688,0,3,30,0.0023,NORMAL,None,Medium
2688,0,4,40,0.0028,NORMAL,None,Low
2688,0,5,50,0.0025,NORMAL,None,Low
2688,0,6,60,0.0023,NORMAL,None,Low
2689,0,1,10,0.0021,NORMAL,None,Medium
2689,0,2,20,0.0024,NORMAL,None,Medium
2689,0,3,30,0.002,NORMAL,None,Medium
2689,0,4,40,0.0027,NORMAL,None,Low
2689,0,5,50,0.0023,NORMAL,None,Low
2689,0,6,60,0.0022,NORMAL,None,Low
2690,0,1,10,0.0023,NORMAL,None,Medium
2690,0,2,20,0.0024,NORMAL,None,Medium
2690,0,3,30,0.0023,NORMAL,None,Medium
2690,0,4,40,0.0021,NORMAL,None,Low
2690,0,5,50,0.002,NORMAL,None,Low
2690,0,6,60,0.0028,NORMAL,None,Low
2691,0,1,10,0.0018,NORMAL,None,Medium
2691,0,2,20,0.0021,NORMAL,None,Medium
2691,0,3,30,0.0022,NORMAL,None,Medium
2691,0,4,40,0.0021,NORMAL,None,Low
2691,0,5,50,0.0025,NORMAL,None,Low
2691,0,6,60,0.002,NORMAL,None,Low
2692,0,1,10,0.0024,NORMAL,None,Medium
2692,0,2,20,0.0028,NORMAL,None,Medium
2692,0,3,30,0.0024,NORMAL,None,Medium
2692,0,4,40,0.0023,NORMAL,None,Low
2692,0,5,50,0.002,NORMAL,None,Low
2692,0,6,60,0.002,NORMAL,None,Low
2693,0,1,10,0.0023,NORMAL,None,Medium
2693,0,2,20,0.0024,NORMAL,None,Medium
2693,0,3,30,0.0025,NORMAL,None,Medium
2693,0,4,40,0.0025,NORMAL,None,Low
2693,0,5,50,0.0021,NORMAL,None,Low
2693,0,6,60,0.0022,NORMAL,None,Low
2694,0,1,10,0.002,NORMAL,None,Medium
2694,0,2,20,0.0021,NORMAL,None,Medium
2694,0,3,30,0.0025,NORMAL,None,Medium
2694,0,4,40,0.0022,NORMAL,None,Low
2694,0,5,50,0.0021,NORMAL,None,Low
2694,0,6,60,0.0022,NORMAL,None,Low
2695,0,1,10,0.0021,NORMAL,None,Medium
2695,0,2,20,0.0027,NORMAL,None,Medium
2695,0,3,30,0.0022,NORMAL,None,Medium
2695,0,4,40,0.0025,NORMAL,None,Low
2695,0,5,50,0.0024,NORMAL,None,Low
2695,0,6,60,0.0024,NORMAL,None,Low
2696,0,1,10,0.0018,NORMAL,None,Medium
2696,0,2,20,0.0024,NORMAL,None,Medium
2696,0,3,30,0.0022,NORMAL,None,Medium
2696,0,4,40,0.0024,NORMAL,None,Low
2696,0,5,50,0.0024,NORMAL,None,Low
2696,0,6,60,0.0022,NORMAL,None,Low
2697,0,1,10,0.0016,NORMAL,None,Medium
2697,0,2,20,0.0022,NORMAL,None,Medium
2697,0,3,30,0.0027,NORMAL,None,Medium
2697,0,4,40,0.0021,NORMAL,None,Low
2697,0,5,50,0.0021,NORMAL,None,Low
2697,0,6,60,0.0023,NORMAL,None,Low
2698,0,1,10,0.0024,NORMAL,None,Medium
2698,0,2,20,0.0023,NORMAL,None,Medium
2698,0,3,30,0.0025,NORMAL,None,Medium
2698,0,4,40,0.0023,NORMAL,None,Low
2698,0,5,50,0.002,NORMAL,None,Low
2698,0,6,60,0.0023,NORMAL,None,Low
2699,0,1,10,0.0019,NORMAL,None,Medium
2699,0,2,20,0.0022,NORMAL,None,Medium
2699,0,3,30,0.0022,NORMAL,None,Medium
2699,0,4,40,0.0025,NORMAL,None,Low
2699,0,5,50,0.0024,NORMAL,None,Low
2699,0,6,60,0.0023,NORMAL,None,Low
2700,0,1,10,0.0016,NORMAL,None,Medium
2700,0,2,20,0.0021,NORMAL,None,Medium
2700,0,3,30,0.0019,NORMAL,None,Medium
2700,0,4,40,0.002,NORMAL,None,Low
2700,0,5,50,0.0022,NORMAL,None,Low
2700,0,6,60,0.002,NORMAL,None,Low
2701,0,1,10,0.0015,NORMAL,None,Medium
2701,0,2,20,0.002,NORMAL,None,Medium
2701,0,3,30,0.0022,NORMAL,None,Medium
2701,0,4,40,0.0018,NORMAL,None,Low
2701,0,5,50,0.0021,NORMAL,None,Low
2701,0,6,60,0.0022,NORMAL,None,Low
2702,0,1,10,0.0017,NORMAL,None,Medium
2702,0,2,20,0.0021,NORMAL,None,Medium
2702,0,3,30,0.0021,NORMAL,None,Medium
2702,0,4,40,0.0018,NORMAL,None,Low
2702,0,5,50,0.0018,NORMAL,None,Low
2702,0,6,60,0.002,NORMAL,None,Low
2703,0,1,10,0.002,NORMAL,None,Medium
2703,0,2,20,0.0021,NORMAL,None,Medium
2703,0,3,30,0.0022,NORMAL,None,Medium
2703,0,4,40,0.0021,NORMAL,None,Low
2703,0,5,50,0.0017,NORMAL,None,Low
2703,0,6,60,0.002,NORMAL,None,Low
2704,0,1,10,0.0022,NORMAL,None,Medium
2704,0,2,20,0.0026,NORMAL,None,Medium
2704,0,3,30,0.0022,NORMAL,None,Medium
2704,0,4,40,0.0023,NORMAL,None,Low
2704,0,5,50,0.0023,NORMAL,None,Low
2704,0,6,60,0.002,NORMAL,None,Low
2705,0,1,10,0.0021,NORMAL,None,Medium
2705,0,2,20,0.003,NORMAL,None,Medium
2705,0,3,30,0.0023,NORMAL,None,Medium
2705,0,4,40,0.002,NORMAL,None,Low
2705,0,5,50,0.002,NORMAL,None,Low
2705,0,6,60,0.0019,NORMAL,None,Low
2706,0,1,10,0.0016,NORMAL,None,Medium
2706,0,2,20,0.0025,NORMAL,None,Medium
2706,0,3,30,0.0025,NORMAL,None,Medium
2706,0,4,40,0.0021,NORMAL,None,Low
2706,0,5,50,0.0022,NORMAL,None,Low
2706,0,6,60,0.0022,NORMAL,None,Low
2707,0,1,10,0.0015,NORMAL,None,Medium
2707,0,2,20,0.0021,NORMAL,None,Medium
2707,0,3,30,0.0021,NORMAL,None,Medium
2707,0,4,40,0.0021,NORMAL,None,Low
2707,0,5,50,0.0019,NORMAL,None,Low
2707,0,6,60,0.0022,NORMAL,None,Low
2708,0,1,10,0.0022,NORMAL,None,Medium
2708,0,2,20,0.0023,NORMAL,None,Medium
2708,0,3,30,0.0021,NORMAL,None,Medium
2708,0,4,40,0.0023,NORMAL,None,Low
2708,0,5,50,0.0023,NORMAL,None,Low
2708,0,6,60,0.0021,NORMAL,None,Low
2709,0,1,10,0.0023,NORMAL,None,Medium
2709,0,2,20,0.0025,NORMAL,None,Medium
2709,0,3,30,0.0023,NORMAL,None,Medium
2709,0,4,40,0.0025,NORMAL,None,Low
2709,0,5,50,0.0024,NORMAL,None,Low
2709,0,6,60,0.0021,NORMAL,None,Low
2710,0,1,10,0.0022,NORMAL,None,Medium
2710,0,2,20,0.0028,NORMAL,None,Medium
2710,0,3,30,0.0024,NORMAL,None,Medium
2710,0,4,40,0.0023,NORMAL,None,Low
2710,0,5,50,0.0021,NORMAL,None,Low
2710,0,6,60,0.0022,NORMAL,None,Low
2711,0,1,10,0.0025,NORMAL,None,Medium
2711,0,2,20,0.0027,NORMAL,None,Medium
2711,0,3,30,0.0024,NORMAL,None,Medium
2711,0,4,40,0.0024,NORMAL,None,Low
2711,0,5,50,0.002,NORMAL,None,Low
2711,0,6,60,0.0021,NORMAL,None,Low
2712,0,1,10,0.0025,NORMAL,None,Medium
2712,0,2,20,0.0028,NORMAL,None,Medium
2712,0,3,30,0.0024,NORMAL,None,Medium
2712,0,4,40,0.0023,NORMAL,None,Low
2712,0,5,50,0.0024,NORMAL,None,Low
2712,0,6,60,0.0023,NORMAL,None,Low
2713,0,1,10,0.0033,NORMAL,None,Medium
2713,0,2,20,0.0037,NORMAL,None,Medium
2713,0,3,30,0.0025,NORMAL,None,Medium
2713,0,4,40,0.0026,NORMAL,None,Low
2713,0,5,50,0.0023,NORMAL,None,Low
2713,0,6,60,0.0025,NORMAL,None,Low
2714,0,1,10,0.0032,NORMAL,None,Medium
2714,0,2,20,0.0032,NORMAL,None,Medium
2714,0,3,30,0.0032,NORMAL,None,Medium
2714,0,4,40,0.0025,NORMAL,None,Low
2714,0,5,50,0.0023,NORMAL,None,Low
2714,0,6,60,0.0023,NORMAL,None,Low
2715,0,1,10,0.0026,NORMAL,None,Medium
2715,0,2,20,0.0028,NORMAL,None,Medium
2715,0,3,30,0.0025,NORMAL,None,Medium
2715,0,4,40,0.0022,NORMAL,None,Low
2715,0,5,50,0.0021,NORMAL,None,Low
2715,0,6,60,0.0023,NORMAL,None,Low
2716,0,1,10,0.0035,NORMAL,None,Medium
2716,0,2,20,0.0035,NORMAL,None,Medium
2716,0,3,30,0.003,NORMAL,None,Medium
2716,0,4,40,0.0029,NORMAL,None,Low
2716,0,5,50,0.0022,NORMAL,None,Low
2716,0,6,60,0.0022,NORMAL,None,Low
2717,0,1,10,0.0071,NORMAL,None,Medium
2717,0,2,20,0.0057,NORMAL,None,Medium
2717,0,3,30,0.0039,NORMAL,None,Medium
2717,0,4,40,0.0028,NORMAL,None,Low
2717,0,5,50,0.0023,NORMAL,None,Low
2717,0,6,60,0.0025,NORMAL,None,Low
2718,0,1,10,0.051,NORMAL,None,Medium
2718,0,2,20,0.0191,NORMAL,None,Medium
2718,0,3,30,0.0107,NORMAL,None,Medium
2718,0,4,40,0.0048,NORMAL,None,Low
2718,0,5,50,0.0032,NORMAL,None,Low
2718,0,6,60,0.0028,NORMAL,None,Low
2719,0,1,10,0.1905,NORMAL,None,Medium
2719,0,2,20,0.0776,NORMAL,None,Medium
2719,0,3,30,0.0362,NORMAL,None,Medium
2719,0,4,40,0.0209,NORMAL,None,Low
2719,0,5,50,0.0139,NORMAL,None,Low
2719,0,6,60,0.0131,NORMAL,None,Low
2720,0,1,10,0.3615,NORMAL,None,Medium
2720,0,2,20,0.2909,NORMAL,None,Medium
2720,0,3,30,0.186,NORMAL,None,Medium
2720,0,4,40,0.1442,NORMAL,None,Low
2720,0,5,50,0.1295,NORMAL,None,Low
2720,0,6,60,0.1245,NORMAL,None,Low
2721,0,1,10,0.3813,NORMAL,None,Medium
2721,0,2,20,0.2951,NORMAL,None,Medium
2721,0,3,30,0.1548,NORMAL,None,Medium
2721,0,4,40,0.1026,NORMAL,None,Low
2721,0,5,50,0.0883,NORMAL,None,Low
2721,0,6,60,0.0833,NORMAL,None,Low
2722,0,1,10,0.3563,NORMAL,None,Medium
2722,0,2,20,0.3086,NORMAL,None,Medium
2722,0,3,30,0.2363,NORMAL,None,Medium
2722,0,4,40,0.2029,NORMAL,None,Low
2722,0,5,50,0.1936,NORMAL,None,Low
2722,0,6,60,0.1897,NORMAL,None,Low
2723,0,1,10,0.5482,NORMAL,None,Medium
2723,0,2,20,0.5535,NORMAL,None,Medium
2723,0,3,30,0.5495,NORMAL,None,Medium
2723,0,4,40,0.5193,NORMAL,None,Low
2723,0,5,50,0.5184,NORMAL,None,Low
2723,0,6,60,0.5157,NORMAL,None,Low
2724,0,1,10,0.7468,ACTIVE,Attack (unspecified),Low
2724,0,2,20,0.8255,ACTIVE,Attack (unspecified),Low
2724,0,3,30,0.8573,ACTIVE,Attack (unspecified),Low
2724,0,4,40,0.848,ACTIVE,Attack (unspecified),Low
2724,0,5,50,0.8408,ACTIVE,Attack (unspecified),Low
2724,0,6,60,0.843,ACTIVE,Attack (unspecified),Low
2725,0,1,10,0.7975,ACTIVE,Attack (unspecified),Low
2725,0,2,20,0.9004,ACTIVE,Attack (unspecified),Low
2725,0,3,30,0.9173,ACTIVE,Attack (unspecified),Low
2725,0,4,40,0.9273,ACTIVE,Attack (unspecified),Low
2725,0,5,50,0.9231,ACTIVE,Attack (unspecified),Low
2725,0,6,60,0.9224,ACTIVE,Attack (unspecified),Low
2726,0,1,10,0.8456,ACTIVE,Attack (unspecified),Low
2726,0,2,20,0.9547,ACTIVE,Attack (unspecified),Low
2726,0,3,30,0.984,ACTIVE,Attack (unspecified),Low
2726,0,4,40,0.9901,ACTIVE,Attack (unspecified),Low
2726,0,5,50,0.9918,ACTIVE,Attack (unspecified),Low
2726,0,6,60,0.9936,ACTIVE,Attack (unspecified),Low
2727,0,1,10,0.8793,ACTIVE,Attack (unspecified),Low
2727,0,2,20,0.9524,ACTIVE,Attack (unspecified),Low
2727,0,3,30,0.9664,ACTIVE,Attack (unspecified),Low
2727,0,4,40,0.9722,ACTIVE,Attack (unspecified),Low
2727,0,5,50,0.974,ACTIVE,Attack (unspecified),Low
2727,0,6,60,0.9721,ACTIVE,Attack (unspecified),Low
2728,0,1,10,0.9595,ACTIVE,Attack (unspecified),Low
2728,0,2,20,0.9876,ACTIVE,Attack (unspecified),Low
2728,0,3,30,0.9954,ACTIVE,Attack (unspecified),Low
2728,0,4,40,0.9972,ACTIVE,Attack (unspecified),Low
2728,0,5,50,0.9983,ACTIVE,Attack (unspecified),Low
2728,0,6,60,0.9982,ACTIVE,Attack (unspecified),Low
2729,0,1,10,0.884,ACTIVE,Attack (unspecified),Low
2729,0,2,20,0.9537,ACTIVE,Attack (unspecified),Low
2729,0,3,30,0.9797,ACTIVE,Attack (unspecified),Low
2729,0,4,40,0.9817,ACTIVE,Attack (unspecified),Low
2729,0,5,50,0.9815,ACTIVE,Attack (unspecified),Low
2729,0,6,60,0.9778,ACTIVE,Attack (unspecified),Low
2730,0,1,10,0.3779,NORMAL,None,Medium
2730,0,2,20,0.3021,NORMAL,None,Medium
2730,0,3,30,0.1985,NORMAL,None,Medium
2730,0,4,40,0.1513,NORMAL,None,Low
2730,0,5,50,0.1169,NORMAL,None,Low
2730,0,6,60,0.1099,NORMAL,None,Low
2731,0,1,10,0.7254,NORMAL,None,Medium
2731,0,2,20,0.7291,NORMAL,None,Medium
2731,0,3,30,0.7155,NORMAL,None,Medium
2731,0,4,40,0.6941,NORMAL,None,Low
2731,0,5,50,0.6907,ACTIVE,Attack (unspecified),Low
2731,0,6,60,0.6852,ACTIVE,Attack (unspecified),Low
2732,0,1,10,0.5632,NORMAL,None,Medium
2732,0,2,20,0.5855,NORMAL,None,Medium
2732,0,3,30,0.5094,NORMAL,None,Medium
2732,0,4,40,0.4548,NORMAL,None,Low
2732,0,5,50,0.4405,NORMAL,None,Low
2732,0,6,60,0.4292,NORMAL,None,Low
2733,0,1,10,0.434,NORMAL,None,Medium
2733,0,2,20,0.3001,NORMAL,None,Medium
2733,0,3,30,0.1598,NORMAL,None,Medium
2733,0,4,40,0.0937,NORMAL,None,Low
2733,0,5,50,0.0656,NORMAL,None,Low
2733,0,6,60,0.0487,NORMAL,None,Low
2734,0,1,10,0.1941,NORMAL,None,Medium
2734,0,2,20,0.0843,NORMAL,None,Medium
2734,0,3,30,0.0329,NORMAL,None,Medium
2734,0,4,40,0.0132,NORMAL,None,Low
2734,0,5,50,0.0072,NORMAL,None,Low
2734,0,6,60,0.0047,NORMAL,None,Low
2735,0,1,10,0.0627,NORMAL,None,Medium
2735,0,2,20,0.0157,NORMAL,None,Medium
2735,0,3,30,0.0063,NORMAL,None,Medium
2735,0,4,40,0.0038,NORMAL,None,Low
2735,0,5,50,0.0028,NORMAL,None,Low
2735,0,6,60,0.0025,NORMAL,None,Low
2736,0,1,10,0.0103,NORMAL,None,Medium
2736,0,2,20,0.0059,NORMAL,None,Medium
2736,0,3,30,0.0035,NORMAL,None,Medium
2736,0,4,40,0.0029,NORMAL,None,Low
2736,0,5,50,0.0026,NORMAL,None,Low
2736,0,6,60,0.0022,NORMAL,None,Low
2737,0,1,10,0.0064,NORMAL,None,Medium
2737,0,2,20,0.0025,NORMAL,None,Medium
2737,0,3,30,0.0019,NORMAL,None,Medium
2737,0,4,40,0.0021,NORMAL,None,Low
2737,0,5,50,0.0022,NORMAL,None,Low
2737,0,6,60,0.0017,NORMAL,None,Low
2738,0,1,10,0.0078,NORMAL,None,Medium
2738,0,2,20,0.0021,NORMAL,None,Medium
2738,0,3,30,0.0019,NORMAL,None,Medium
2738,0,4,40,0.0021,NORMAL,None,Low
2738,0,5,50,0.0018,NORMAL,None,Low
2738,0,6,60,0.0024,NORMAL,None,Low
2739,0,1,10,0.0082,NORMAL,None,Medium
2739,0,2,20,0.0025,NORMAL,None,Medium
2739,0,3,30,0.0018,NORMAL,None,Medium
2739,0,4,40,0.0024,NORMAL,None,Low
2739,0,5,50,0.0023,NORMAL,None,Low
2739,0,6,60,0.0023,NORMAL,None,Low
2740,0,1,10,0.0042,NORMAL,None,Medium
2740,0,2,20,0.0023,NORMAL,None,Medium
2740,0,3,30,0.0022,NORMAL,None,Medium
2740,0,4,40,0.0025,NORMAL,None,Low
2740,0,5,50,0.002,NORMAL,None,Low
2740,0,6,60,0.002,NORMAL,None,Low
2741,0,1,10,0.0037,NORMAL,None,Medium
2741,0,2,20,0.0026,NORMAL,None,Medium
2741,0,3,30,0.0024,NORMAL,None,Medium
2741,0,4,40,0.0022,NORMAL,None,Low
2741,0,5,50,0.0022,NORMAL,None,Low
2741,0,6,60,0.0024,NORMAL,None,Low
2742,0,1,10,0.0033,NORMAL,None,Medium
2742,0,2,20,0.0025,NORMAL,None,Medium
2742,0,3,30,0.0026,NORMAL,None,Medium
2742,0,4,40,0.0023,NORMAL,None,Low
2742,0,5,50,0.0022,NORMAL,None,Low
2742,0,6,60,0.002,NORMAL,None,Low
2743,0,1,10,0.0027,NORMAL,None,Medium
2743,0,2,20,0.002,NORMAL,None,Medium
2743,0,3,30,0.0022,NORMAL,None,Medium
2743,0,4,40,0.0022,NORMAL,None,Low
2743,0,5,50,0.0022,NORMAL,None,Low
2743,0,6,60,0.0018,NORMAL,None,Low
2744,0,1,10,0.0033,NORMAL,None,Medium
2744,0,2,20,0.0028,NORMAL,None,Medium
2744,0,3,30,0.0024,NORMAL,None,Medium
2744,0,4,40,0.0019,NORMAL,None,Low
2744,0,5,50,0.0022,NORMAL,None,Low
2744,0,6,60,0.0022,NORMAL,None,Low
2745,0,1,10,0.0031,NORMAL,None,Medium
2745,0,2,20,0.0027,NORMAL,None,Medium
2745,0,3,30,0.002,NORMAL,None,Medium
2745,0,4,40,0.0021,NORMAL,None,Low
2745,0,5,50,0.0023,NORMAL,None,Low
2745,0,6,60,0.002,NORMAL,None,Low
2746,0,1,10,0.0061,NORMAL,None,Medium
2746,0,2,20,0.0023,NORMAL,None,Medium
2746,0,3,30,0.0021,NORMAL,None,Medium
2746,0,4,40,0.0019,NORMAL,None,Low
2746,0,5,50,0.0023,NORMAL,None,Low
2746,0,6,60,0.002,NORMAL,None,Low
2747,0,1,10,0.0033,NORMAL,None,Medium
2747,0,2,20,0.0024,NORMAL,None,Medium
2747,0,3,30,0.0021,NORMAL,None,Medium
2747,0,4,40,0.0021,NORMAL,None,Low
2747,0,5,50,0.0022,NORMAL,None,Low
2747,0,6,60,0.0021,NORMAL,None,Low
2748,0,1,10,0.0025,NORMAL,None,Medium
2748,0,2,20,0.002,NORMAL,None,Medium
2748,0,3,30,0.0023,NORMAL,None,Medium
2748,0,4,40,0.0025,NORMAL,None,Low
2748,0,5,50,0.0018,NORMAL,None,Low
2748,0,6,60,0.0016,NORMAL,None,Low
2749,0,1,10,0.0019,NORMAL,None,Medium
2749,0,2,20,0.002,NORMAL,None,Medium
2749,0,3,30,0.0021,NORMAL,None,Medium
2749,0,4,40,0.0021,NORMAL,None,Low
2749,0,5,50,0.002,NORMAL,None,Low
2749,0,6,60,0.0023,NORMAL,None,Low
2750,0,1,10,0.0018,NORMAL,None,Medium
2750,0,2,20,0.0021,NORMAL,None,Medium
2750,0,3,30,0.0023,NORMAL,None,Medium
2750,0,4,40,0.0021,NORMAL,None,Low
2750,0,5,50,0.002,NORMAL,None,Low
2750,0,6,60,0.0019,NORMAL,None,Low
2751,0,1,10,0.0023,NORMAL,None,Medium
2751,0,2,20,0.002,NORMAL,None,Medium
2751,0,3,30,0.0021,NORMAL,None,Medium
2751,0,4,40,0.0021,NORMAL,None,Low
2751,0,5,50,0.0025,NORMAL,None,Low
2751,0,6,60,0.0018,NORMAL,None,Low
2752,0,1,10,0.0025,NORMAL,None,Medium
2752,0,2,20,0.0026,NORMAL,None,Medium
2752,0,3,30,0.0025,NORMAL,None,Medium
2752,0,4,40,0.0023,NORMAL,None,Low
2752,0,5,50,0.0024,NORMAL,None,Low
2752,0,6,60,0.002,NORMAL,None,Low
2753,0,1,10,0.003,NORMAL,None,Medium
2753,0,2,20,0.0029,NORMAL,None,Medium
2753,0,3,30,0.0023,NORMAL,None,Medium
2753,0,4,40,0.0022,NORMAL,None,Low
2753,0,5,50,0.0022,NORMAL,None,Low
2753,0,6,60,0.0023,NORMAL,None,Low
2754,0,1,10,0.0041,NORMAL,None,Medium
2754,0,2,20,0.004,NORMAL,None,Medium
2754,0,3,30,0.0028,NORMAL,None,Medium
2754,0,4,40,0.0029,NORMAL,None,Low
2754,0,5,50,0.0024,NORMAL,None,Low
2754,0,6,60,0.0023,NORMAL,None,Low
2755,0,1,10,0.0054,NORMAL,None,Medium
2755,0,2,20,0.004,NORMAL,None,Medium
2755,0,3,30,0.0031,NORMAL,None,Medium
2755,0,4,40,0.0029,NORMAL,None,Low
2755,0,5,50,0.0023,NORMAL,None,Low
2755,0,6,60,0.0021,NORMAL,None,Low
2756,0,1,10,0.0035,NORMAL,None,Medium
2756,0,2,20,0.003,NORMAL,None,Medium
2756,0,3,30,0.0026,NORMAL,None,Medium
2756,0,4,40,0.0022,NORMAL,None,Low
2756,0,5,50,0.0024,NORMAL,None,Low
2756,0,6,60,0.0022,NORMAL,None,Low
2757,0,1,10,0.0036,NORMAL,None,Medium
2757,0,2,20,0.0032,NORMAL,None,Medium
2757,0,3,30,0.0025,NORMAL,None,Medium
2757,0,4,40,0.0022,NORMAL,None,Low
2757,0,5,50,0.0021,NORMAL,None,Low
2757,0,6,60,0.0023,NORMAL,None,Low
2758,0,1,10,0.0029,NORMAL,None,Medium
2758,0,2,20,0.0032,NORMAL,None,Medium
2758,0,3,30,0.0027,NORMAL,None,Medium
2758,0,4,40,0.0023,NORMAL,None,Low
2758,0,5,50,0.0023,NORMAL,None,Low
2758,0,6,60,0.0023,NORMAL,None,Low
2759,0,1,10,0.0031,NORMAL,None,Medium
2759,0,2,20,0.0025,NORMAL,None,Medium
2759,0,3,30,0.0021,NORMAL,None,Medium
2759,0,4,40,0.0024,NORMAL,None,Low
2759,0,5,50,0.0025,NORMAL,None,Low
2759,0,6,60,0.002,NORMAL,None,Low
2760,0,1,10,0.0021,NORMAL,None,Medium
2760,0,2,20,0.0027,NORMAL,None,Medium
2760,0,3,30,0.0024,NORMAL,None,Medium
2760,0,4,40,0.0023,NORMAL,None,Low
2760,0,5,50,0.0022,NORMAL,None,Low
2760,0,6,60,0.0024,NORMAL,None,Low
2761,0,1,10,0.0022,NORMAL,None,Medium
2761,0,2,20,0.002,NORMAL,None,Medium
2761,0,3,30,0.002,NORMAL,None,Medium
2761,0,4,40,0.002,NORMAL,None,Low
2761,0,5,50,0.0022,NORMAL,None,Low
2761,0,6,60,0.0022,NORMAL,None,Low
2762,0,1,10,0.0023,NORMAL,None,Medium
2762,0,2,20,0.0023,NORMAL,None,Medium
2762,0,3,30,0.0022,NORMAL,None,Medium
2762,0,4,40,0.002,NORMAL,None,Low
2762,0,5,50,0.002,NORMAL,None,Low
2762,0,6,60,0.0025,NORMAL,None,Low
2763,0,1,10,0.0023,NORMAL,None,Medium
2763,0,2,20,0.0025,NORMAL,None,Medium
2763,0,3,30,0.0023,NORMAL,None,Medium
2763,0,4,40,0.0021,NORMAL,None,Low
2763,0,5,50,0.0022,NORMAL,None,Low
2763,0,6,60,0.0018,NORMAL,None,Low
2764,0,1,10,0.0021,NORMAL,None,Medium
2764,0,2,20,0.0022,NORMAL,None,Medium
2764,0,3,30,0.0019,NORMAL,None,Medium
2764,0,4,40,0.0019,NORMAL,None,Low
2764,0,5,50,0.0021,NORMAL,None,Low
2764,0,6,60,0.0021,NORMAL,None,Low
2765,0,1,10,0.002,NORMAL,None,Medium
2765,0,2,20,0.0021,NORMAL,None,Medium
2765,0,3,30,0.002,NORMAL,None,Medium
2765,0,4,40,0.0022,NORMAL,None,Low
2765,0,5,50,0.0019,NORMAL,None,Low
2765,0,6,60,0.0019,NORMAL,None,Low
2766,0,1,10,0.002,NORMAL,None,Medium
2766,0,2,20,0.0022,NORMAL,None,Medium
2766,0,3,30,0.0024,NORMAL,None,Medium
2766,0,4,40,0.0024,NORMAL,None,Low
2766,0,5,50,0.0025,NORMAL,None,Low
2766,0,6,60,0.0023,NORMAL,None,Low
2767,0,1,10,0.0019,NORMAL,None,Medium
2767,0,2,20,0.0022,NORMAL,None,Medium
2767,0,3,30,0.002,NORMAL,None,Medium
2767,0,4,40,0.0023,NORMAL,None,Low
2767,0,5,50,0.0018,NORMAL,None,Low
2767,0,6,60,0.0018,NORMAL,None,Low
2768,0,1,10,0.0017,NORMAL,None,Medium
2768,0,2,20,0.0023,NORMAL,None,Medium
2768,0,3,30,0.002,NORMAL,None,Medium
2768,0,4,40,0.0024,NORMAL,None,Low
2768,0,5,50,0.0022,NORMAL,None,Low
2768,0,6,60,0.0022,NORMAL,None,Low
2769,0,1,10,0.0017,NORMAL,None,Medium
2769,0,2,20,0.0019,NORMAL,None,Medium
2769,0,3,30,0.0022,NORMAL,None,Medium
2769,0,4,40,0.0022,NORMAL,None,Low
2769,0,5,50,0.0024,NORMAL,None,Low
2769,0,6,60,0.0021,NORMAL,None,Low
2770,0,1,10,0.0018,NORMAL,None,Medium
2770,0,2,20,0.0019,NORMAL,None,Medium
2770,0,3,30,0.0019,NORMAL,None,Medium
2770,0,4,40,0.0019,NORMAL,None,Low
2770,0,5,50,0.0019,NORMAL,None,Low
2770,0,6,60,0.0022,NORMAL,None,Low
2771,0,1,10,0.0022,NORMAL,None,Medium
2771,0,2,20,0.0023,NORMAL,None,Medium
2771,0,3,30,0.0023,NORMAL,None,Medium
2771,0,4,40,0.002,NORMAL,None,Low
2771,0,5,50,0.002,NORMAL,None,Low
2771,0,6,60,0.0024,NORMAL,None,Low
2772,0,1,10,0.0017,NORMAL,None,Medium
2772,0,2,20,0.002,NORMAL,None,Medium
2772,0,3,30,0.0021,NORMAL,None,Medium
2772,0,4,40,0.0023,NORMAL,None,Low
2772,0,5,50,0.0022,NORMAL,None,Low
2772,0,6,60,0.0021,NORMAL,None,Low
2773,0,1,10,0.0021,NORMAL,None,Medium
2773,0,2,20,0.0025,NORMAL,None,Medium
2773,0,3,30,0.0021,NORMAL,None,Medium
2773,0,4,40,0.0024,NORMAL,None,Low
2773,0,5,50,0.0024,NORMAL,None,Low
2773,0,6,60,0.0022,NORMAL,None,Low
2774,0,1,10,0.0021,NORMAL,None,Medium
2774,0,2,20,0.0023,NORMAL,None,Medium
2774,0,3,30,0.0021,NORMAL,None,Medium
2774,0,4,40,0.0025,NORMAL,None,Low
2774,0,5,50,0.0021,NORMAL,None,Low
2774,0,6,60,0.002,NORMAL,None,Low
2775,0,1,10,0.0024,NORMAL,None,Medium
2775,0,2,20,0.0025,NORMAL,None,Medium
2775,0,3,30,0.0024,NORMAL,None,Medium
2775,0,4,40,0.0023,NORMAL,None,Low
2775,0,5,50,0.0022,NORMAL,None,Low
2775,0,6,60,0.0022,NORMAL,None,Low
2776,0,1,10,0.0021,NORMAL,None,Medium
2776,0,2,20,0.0023,NORMAL,None,Medium
2776,0,3,30,0.0022,NORMAL,None,Medium
2776,0,4,40,0.0024,NORMAL,None,Low
2776,0,5,50,0.0022,NORMAL,None,Low
2776,0,6,60,0.0023,NORMAL,None,Low
2777,0,1,10,0.0031,NORMAL,None,Medium
2777,0,2,20,0.0026,NORMAL,None,Medium
2777,0,3,30,0.0029,NORMAL,None,Medium
2777,0,4,40,0.0024,NORMAL,None,Low
2777,0,5,50,0.0022,NORMAL,None,Low
2777,0,6,60,0.0022,NORMAL,None,Low
2778,0,1,10,0.0021,NORMAL,None,Medium
2778,0,2,20,0.0022,NORMAL,None,Medium
2778,0,3,30,0.0024,NORMAL,None,Medium
2778,0,4,40,0.0023,NORMAL,None,Low
2778,0,5,50,0.0025,NORMAL,None,Low
2778,0,6,60,0.0019,NORMAL,None,Low
2779,0,1,10,0.0019,NORMAL,None,Medium
2779,0,2,20,0.0021,NORMAL,None,Medium
2779,0,3,30,0.0025,NORMAL,None,Medium
2779,0,4,40,0.0026,NORMAL,None,Low
2779,0,5,50,0.002,NORMAL,None,Low
2779,0,6,60,0.0021,NORMAL,None,Low
2780,0,1,10,0.0018,NORMAL,None,Medium
2780,0,2,20,0.0022,NORMAL,None,Medium
2780,0,3,30,0.0023,NORMAL,None,Medium
2780,0,4,40,0.0022,NORMAL,None,Low
2780,0,5,50,0.0021,NORMAL,None,Low
2780,0,6,60,0.002,NORMAL,None,Low
2781,0,1,10,0.002,NORMAL,None,Medium
2781,0,2,20,0.0021,NORMAL,None,Medium
2781,0,3,30,0.0023,NORMAL,None,Medium
2781,0,4,40,0.0021,NORMAL,None,Low
2781,0,5,50,0.0021,NORMAL,None,Low
2781,0,6,60,0.0022,NORMAL,None,Low
2782,0,1,10,0.0023,NORMAL,None,Medium
2782,0,2,20,0.0025,NORMAL,None,Medium
2782,0,3,30,0.0022,NORMAL,None,Medium
2782,0,4,40,0.002,NORMAL,None,Low
2782,0,5,50,0.0023,NORMAL,None,Low
2782,0,6,60,0.0023,NORMAL,None,Low
2783,0,1,10,0.0023,NORMAL,None,Medium
2783,0,2,20,0.0022,NORMAL,None,Medium
2783,0,3,30,0.002,NORMAL,None,Medium
2783,0,4,40,0.0022,NORMAL,None,Low
2783,0,5,50,0.0021,NORMAL,None,Low
2783,0,6,60,0.002,NORMAL,None,Low
2784,0,1,10,0.0019,NORMAL,None,Medium
2784,0,2,20,0.0019,NORMAL,None,Medium
2784,0,3,30,0.0024,NORMAL,None,Medium
2784,0,4,40,0.0024,NORMAL,None,Low
2784,0,5,50,0.0024,NORMAL,None,Low
2784,0,6,60,0.0021,NORMAL,None,Low
2785,0,1,10,0.0029,NORMAL,None,Medium
2785,0,2,20,0.0027,NORMAL,None,Medium
2785,0,3,30,0.0025,NORMAL,None,Medium
2785,0,4,40,0.0023,NORMAL,None,Low
2785,0,5,50,0.0022,NORMAL,None,Low
2785,0,6,60,0.002,NORMAL,None,Low
2786,0,1,10,0.0027,NORMAL,None,Medium
2786,0,2,20,0.0022,NORMAL,None,Medium
2786,0,3,30,0.0022,NORMAL,None,Medium
2786,0,4,40,0.0021,NORMAL,None,Low
2786,0,5,50,0.0022,NORMAL,None,Low
2786,0,6,60,0.0022,NORMAL,None,Low
2787,0,1,10,0.0028,NORMAL,None,Medium
2787,0,2,20,0.0024,NORMAL,None,Medium
2787,0,3,30,0.0022,NORMAL,None,Medium
2787,0,4,40,0.0025,NORMAL,None,Low
2787,0,5,50,0.002,NORMAL,None,Low
2787,0,6,60,0.002,NORMAL,None,Low
2788,0,1,10,0.0034,NORMAL,None,Medium
2788,0,2,20,0.0033,NORMAL,None,Medium
2788,0,3,30,0.0028,NORMAL,None,Medium
2788,0,4,40,0.0027,NORMAL,None,Low
2788,0,5,50,0.0026,NORMAL,None,Low
2788,0,6,60,0.0019,NORMAL,None,Low
2789,0,1,10,0.0036,NORMAL,None,Medium
2789,0,2,20,0.0031,NORMAL,None,Medium
2789,0,3,30,0.0029,NORMAL,None,Medium
2789,0,4,40,0.0023,NORMAL,None,Low
2789,0,5,50,0.002,NORMAL,None,Low
2789,0,6,60,0.0022,NORMAL,None,Low
2790,0,1,10,0.0043,NORMAL,None,Medium
2790,0,2,20,0.0033,NORMAL,None,Medium
2790,0,3,30,0.0023,NORMAL,None,Medium
2790,0,4,40,0.0027,NORMAL,None,Low
2790,0,5,50,0.0022,NORMAL,None,Low
2790,0,6,60,0.0024,NORMAL,None,Low
2791,0,1,10,0.0047,NORMAL,None,Medium
2791,0,2,20,0.0041,NORMAL,None,Medium
2791,0,3,30,0.0031,NORMAL,None,Medium
2791,0,4,40,0.0029,NORMAL,None,Low
2791,0,5,50,0.0023,NORMAL,None,Low
2791,0,6,60,0.002,NORMAL,None,Low
2792,0,1,10,0.0044,NORMAL,None,Medium
2792,0,2,20,0.0032,NORMAL,None,Medium
2792,0,3,30,0.0028,NORMAL,None,Medium
2792,0,4,40,0.0023,NORMAL,None,Low
2792,0,5,50,0.0023,NORMAL,None,Low
2792,0,6,60,0.0025,NORMAL,None,Low
2793,0,1,10,0.0056,NORMAL,None,Medium
2793,0,2,20,0.0042,NORMAL,None,Medium
2793,0,3,30,0.0034,NORMAL,None,Medium
2793,0,4,40,0.0027,NORMAL,None,Low
2793,0,5,50,0.0027,NORMAL,None,Low
2793,0,6,60,0.0024,NORMAL,None,Low
2794,0,1,10,0.0072,NORMAL,None,Medium
2794,0,2,20,0.0049,NORMAL,None,Medium
2794,0,3,30,0.003,NORMAL,None,Medium
2794,0,4,40,0.0025,NORMAL,None,Low
2794,0,5,50,0.0026,NORMAL,None,Low
2794,0,6,60,0.0023,NORMAL,None,Low
2795,0,1,10,0.0064,NORMAL,None,Medium
2795,0,2,20,0.0042,NORMAL,None,Medium
2795,0,3,30,0.0034,NORMAL,None,Medium
2795,0,4,40,0.0028,NORMAL,None,Low
2795,0,5,50,0.0023,NORMAL,None,Low
2795,0,6,60,0.0026,NORMAL,None,Low
2796,0,1,10,0.0046,NORMAL,None,Medium
2796,0,2,20,0.0033,NORMAL,None,Medium
2796,0,3,30,0.0027,NORMAL,None,Medium
2796,0,4,40,0.0023,NORMAL,None,Low
2796,0,5,50,0.0021,NORMAL,None,Low
2796,0,6,60,0.0021,NORMAL,None,Low
2797,0,1,10,0.0031,NORMAL,None,Medium
2797,0,2,20,0.0029,NORMAL,None,Medium
2797,0,3,30,0.0024,NORMAL,None,Medium
2797,0,4,40,0.0027,NORMAL,None,Low
2797,0,5,50,0.0024,NORMAL,None,Low
2797,0,6,60,0.0022,NORMAL,None,Low
2798,0,1,10,0.0037,NORMAL,None,Medium
2798,0,2,20,0.0028,NORMAL,None,Medium
2798,0,3,30,0.0021,NORMAL,None,Medium
2798,0,4,40,0.0023,NORMAL,None,Low
2798,0,5,50,0.0022,NORMAL,None,Low
2798,0,6,60,0.0021,NORMAL,None,Low
2799,0,1,10,0.0028,NORMAL,None,Medium
2799,0,2,20,0.0024,NORMAL,None,Medium
2799,0,3,30,0.0025,NORMAL,None,Medium
2799,0,4,40,0.0022,NORMAL,None,Low
2799,0,5,50,0.0019,NORMAL,None,Low
2799,0,6,60,0.0024,NORMAL,None,Low
2800,0,1,10,0.0023,NORMAL,None,Medium
2800,0,2,20,0.0023,NORMAL,None,Medium
2800,0,3,30,0.0025,NORMAL,None,Medium
2800,0,4,40,0.0019,NORMAL,None,Low
2800,0,5,50,0.0024,NORMAL,None,Low
2800,0,6,60,0.0021,NORMAL,None,Low
2801,0,1,10,0.0023,NORMAL,None,Medium
2801,0,2,20,0.0023,NORMAL,None,Medium
2801,0,3,30,0.002,NORMAL,None,Medium
2801,0,4,40,0.0021,NORMAL,None,Low
2801,0,5,50,0.002,NORMAL,None,Low
2801,0,6,60,0.0018,NORMAL,None,Low
2802,0,1,10,0.0027,NORMAL,None,Medium
2802,0,2,20,0.002,NORMAL,None,Medium
2802,0,3,30,0.0025,NORMAL,None,Medium
2802,0,4,40,0.0022,NORMAL,None,Low
2802,0,5,50,0.0024,NORMAL,None,Low
2802,0,6,60,0.0023,NORMAL,None,Low
2803,0,1,10,0.0025,NORMAL,None,Medium
2803,0,2,20,0.0026,NORMAL,None,Medium
2803,0,3,30,0.0024,NORMAL,None,Medium
2803,0,4,40,0.0025,NORMAL,None,Low
2803,0,5,50,0.0025,NORMAL,None,Low
2803,0,6,60,0.0023,NORMAL,None,Low
2804,0,1,10,0.0029,NORMAL,None,Medium
2804,0,2,20,0.0031,NORMAL,None,Medium
2804,0,3,30,0.0029,NORMAL,None,Medium
2804,0,4,40,0.0024,NORMAL,None,Low
2804,0,5,50,0.0024,NORMAL,None,Low
2804,0,6,60,0.0024,NORMAL,None,Low
2805,0,1,10,0.0043,NORMAL,None,Medium
2805,0,2,20,0.0029,NORMAL,None,Medium
2805,0,3,30,0.0028,NORMAL,None,Medium
2805,0,4,40,0.0026,NORMAL,None,Low
2805,0,5,50,0.0022,NORMAL,None,Low
2805,0,6,60,0.0023,NORMAL,None,Low
2806,0,1,10,0.0038,NORMAL,None,Medium
2806,0,2,20,0.0028,NORMAL,None,Medium
2806,0,3,30,0.0026,NORMAL,None,Medium
2806,0,4,40,0.0022,NORMAL,None,Low
2806,0,5,50,0.0021,NORMAL,None,Low
2806,0,6,60,0.0021,NORMAL,None,Low
2807,0,1,10,0.0045,NORMAL,None,Medium
2807,0,2,20,0.0032,NORMAL,None,Medium
2807,0,3,30,0.0029,NORMAL,None,Medium
2807,0,4,40,0.0025,NORMAL,None,Low
2807,0,5,50,0.0024,NORMAL,None,Low
2807,0,6,60,0.0023,NORMAL,None,Low
2808,0,1,10,0.0061,NORMAL,None,Medium
2808,0,2,20,0.0032,NORMAL,None,Medium
2808,0,3,30,0.003,NORMAL,None,Medium
2808,0,4,40,0.0025,NORMAL,None,Low
2808,0,5,50,0.0024,NORMAL,None,Low
2808,0,6,60,0.0025,NORMAL,None,Low
2809,0,1,10,0.0042,NORMAL,None,Medium
2809,0,2,20,0.0032,NORMAL,None,Medium
2809,0,3,30,0.0026,NORMAL,None,Medium
2809,0,4,40,0.0023,NORMAL,None,Low
2809,0,5,50,0.0025,NORMAL,None,Low
2809,0,6,60,0.0024,NORMAL,None,Low
2810,0,1,10,0.0038,NORMAL,None,Medium
2810,0,2,20,0.003,NORMAL,None,Medium
2810,0,3,30,0.0025,NORMAL,None,Medium
2810,0,4,40,0.0021,NORMAL,None,Low
2810,0,5,50,0.002,NORMAL,None,Low
2810,0,6,60,0.0023,NORMAL,None,Low
2811,0,1,10,0.0053,NORMAL,None,Medium
2811,0,2,20,0.0035,NORMAL,None,Medium
2811,0,3,30,0.0027,NORMAL,None,Medium
2811,0,4,40,0.0025,NORMAL,None,Low
2811,0,5,50,0.0022,NORMAL,None,Low
2811,0,6,60,0.0022,NORMAL,None,Low
2812,0,1,10,0.0093,NORMAL,None,Medium
2812,0,2,20,0.0039,NORMAL,None,Medium
2812,0,3,30,0.003,NORMAL,None,Medium
2812,0,4,40,0.0029,NORMAL,None,Low
2812,0,5,50,0.0025,NORMAL,None,Low
2812,0,6,60,0.0024,NORMAL,None,Low
2813,0,1,10,0.0063,NORMAL,None,Medium
2813,0,2,20,0.0032,NORMAL,None,Medium
2813,0,3,30,0.0028,NORMAL,None,Medium
2813,0,4,40,0.0027,NORMAL,None,Low
2813,0,5,50,0.0024,NORMAL,None,Low
2813,0,6,60,0.0022,NORMAL,None,Low
2814,0,1,10,0.0038,NORMAL,None,Medium
2814,0,2,20,0.003,NORMAL,None,Medium
2814,0,3,30,0.0028,NORMAL,None,Medium
2814,0,4,40,0.0025,NORMAL,None,Low
2814,0,5,50,0.0024,NORMAL,None,Low
2814,0,6,60,0.0022,NORMAL,None,Low
2815,0,1,10,0.0053,NORMAL,None,Medium
2815,0,2,20,0.0025,NORMAL,None,Medium
2815,0,3,30,0.0022,NORMAL,None,Medium
2815,0,4,40,0.002,NORMAL,None,Low
2815,0,5,50,0.0021,NORMAL,None,Low
2815,0,6,60,0.0021,NORMAL,None,Low
2816,0,1,10,0.0038,NORMAL,None,Medium
2816,0,2,20,0.0027,NORMAL,None,Medium
2816,0,3,30,0.0022,NORMAL,None,Medium
2816,0,4,40,0.0023,NORMAL,None,Low
2816,0,5,50,0.0023,NORMAL,None,Low
2816,0,6,60,0.0019,NORMAL,None,Low
2817,0,1,10,0.0029,NORMAL,None,Medium
2817,0,2,20,0.0024,NORMAL,None,Medium
2817,0,3,30,0.0022,NORMAL,None,Medium
2817,0,4,40,0.002,NORMAL,None,Low
2817,0,5,50,0.0023,NORMAL,None,Low
2817,0,6,60,0.002,NORMAL,None,Low
2818,0,1,10,0.0027,NORMAL,None,Medium
2818,0,2,20,0.0026,NORMAL,None,Medium
2818,0,3,30,0.0023,NORMAL,None,Medium
2818,0,4,40,0.002,NORMAL,None,Low
2818,0,5,50,0.0025,NORMAL,None,Low
2818,0,6,60,0.0021,NORMAL,None,Low
2819,0,1,10,0.0037,NORMAL,None,Medium
2819,0,2,20,0.003,NORMAL,None,Medium
2819,0,3,30,0.0025,NORMAL,None,Medium
2819,0,4,40,0.0026,NORMAL,None,Low
2819,0,5,50,0.0021,NORMAL,None,Low
2819,0,6,60,0.0019,NORMAL,None,Low
2820,0,1,10,0.004,NORMAL,None,Medium
2820,0,2,20,0.0029,NORMAL,None,Medium
2820,0,3,30,0.0026,NORMAL,None,Medium
2820,0,4,40,0.0026,NORMAL,None,Low
2820,0,5,50,0.0023,NORMAL,None,Low
2820,0,6,60,0.0023,NORMAL,None,Low
2821,0,1,10,0.0027,NORMAL,None,Medium
2821,0,2,20,0.0024,NORMAL,None,Medium
2821,0,3,30,0.0026,NORMAL,None,Medium
2821,0,4,40,0.0024,NORMAL,None,Low
2821,0,5,50,0.003,NORMAL,None,Low
2821,0,6,60,0.0026,NORMAL,None,Low
2822,0,1,10,0.0028,NORMAL,None,Medium
2822,0,2,20,0.0025,NORMAL,None,Medium
2822,0,3,30,0.0026,NORMAL,None,Medium
2822,0,4,40,0.0028,NORMAL,None,Low
2822,0,5,50,0.0024,NORMAL,None,Low
2822,0,6,60,0.002,NORMAL,None,Low
2823,0,1,10,0.0032,NORMAL,None,Medium
2823,0,2,20,0.0025,NORMAL,None,Medium
2823,0,3,30,0.0024,NORMAL,None,Medium
2823,0,4,40,0.0023,NORMAL,None,Low
2823,0,5,50,0.0023,NORMAL,None,Low
2823,0,6,60,0.0019,NORMAL,None,Low
2824,0,1,10,0.0021,NORMAL,None,Medium
2824,0,2,20,0.0021,NORMAL,None,Medium
2824,0,3,30,0.0022,NORMAL,None,Medium
2824,0,4,40,0.0022,NORMAL,None,Low
2824,0,5,50,0.0021,NORMAL,None,Low
2824,0,6,60,0.0023,NORMAL,None,Low
2825,0,1,10,0.0024,NORMAL,None,Medium
2825,0,2,20,0.0025,NORMAL,None,Medium
2825,0,3,30,0.0023,NORMAL,None,Medium
2825,0,4,40,0.0021,NORMAL,None,Low
2825,0,5,50,0.0021,NORMAL,None,Low
2825,0,6,60,0.002,NORMAL,None,Low
2826,0,1,10,0.0024,NORMAL,None,Medium
2826,0,2,20,0.0025,NORMAL,None,Medium
2826,0,3,30,0.0021,NORMAL,None,Medium
2826,0,4,40,0.002,NORMAL,None,Low
2826,0,5,50,0.0018,NORMAL,None,Low
2826,0,6,60,0.002,NORMAL,None,Low
2827,0,1,10,0.0026,NORMAL,None,Medium
2827,0,2,20,0.0029,NORMAL,None,Medium
2827,0,3,30,0.0023,NORMAL,None,Medium
2827,0,4,40,0.0023,NORMAL,None,Low
2827,0,5,50,0.0024,NORMAL,None,Low
2827,0,6,60,0.0022,NORMAL,None,Low
2828,0,1,10,0.0029,NORMAL,None,Medium
2828,0,2,20,0.0025,NORMAL,None,Medium
2828,0,3,30,0.0023,NORMAL,None,Medium
2828,0,4,40,0.0019,NORMAL,None,Low
2828,0,5,50,0.0021,NORMAL,None,Low
2828,0,6,60,0.0019,NORMAL,None,Low
2829,0,1,10,0.0029,NORMAL,None,Medium
2829,0,2,20,0.0026,NORMAL,None,Medium
2829,0,3,30,0.0022,NORMAL,None,Medium
2829,0,4,40,0.0022,NORMAL,None,Low
2829,0,5,50,0.0022,NORMAL,None,Low
2829,0,6,60,0.0021,NORMAL,None,Low
2830,0,1,10,0.0022,NORMAL,None,Medium
2830,0,2,20,0.0024,NORMAL,None,Medium
2830,0,3,30,0.0023,NORMAL,None,Medium
2830,0,4,40,0.0025,NORMAL,None,Low
2830,0,5,50,0.0022,NORMAL,None,Low
2830,0,6,60,0.0023,NORMAL,None,Low
2831,0,1,10,0.0021,NORMAL,None,Medium
2831,0,2,20,0.0019,NORMAL,None,Medium
2831,0,3,30,0.0021,NORMAL,None,Medium
2831,0,4,40,0.0021,NORMAL,None,Low
2831,0,5,50,0.0023,NORMAL,None,Low
2831,0,6,60,0.0022,NORMAL,None,Low
2832,0,1,10,0.0025,NORMAL,None,Medium
2832,0,2,20,0.0017,NORMAL,None,Medium
2832,0,3,30,0.0021,NORMAL,None,Medium
2832,0,4,40,0.0017,NORMAL,None,Low
2832,0,5,50,0.0022,NORMAL,None,Low
2832,0,6,60,0.0018,NORMAL,None,Low
2833,0,1,10,0.0025,NORMAL,None,Medium
2833,0,2,20,0.0023,NORMAL,None,Medium
2833,0,3,30,0.0022,NORMAL,None,Medium
2833,0,4,40,0.002,NORMAL,None,Low
2833,0,5,50,0.0022,NORMAL,None,Low
2833,0,6,60,0.0019,NORMAL,None,Low
2834,0,1,10,0.0048,NORMAL,None,Medium
2834,0,2,20,0.0025,NORMAL,None,Medium
2834,0,3,30,0.002,NORMAL,None,Medium
2834,0,4,40,0.0022,NORMAL,None,Low
2834,0,5,50,0.002,NORMAL,None,Low
2834,0,6,60,0.0019,NORMAL,None,Low
2835,0,1,10,0.0071,NORMAL,None,Medium
2835,0,2,20,0.0028,NORMAL,None,Medium
2835,0,3,30,0.0022,NORMAL,None,Medium
2835,0,4,40,0.0023,NORMAL,None,Low
2835,0,5,50,0.0022,NORMAL,None,Low
2835,0,6,60,0.0028,NORMAL,None,Low
2836,0,1,10,0.0105,NORMAL,None,Medium
2836,0,2,20,0.0027,NORMAL,None,Medium
2836,0,3,30,0.0024,NORMAL,None,Medium
2836,0,4,40,0.0022,NORMAL,None,Low
2836,0,5,50,0.0029,NORMAL,None,Low
2836,0,6,60,0.0023,NORMAL,None,Low
2837,0,1,10,0.0069,NORMAL,None,Medium
2837,0,2,20,0.0023,NORMAL,None,Medium
2837,0,3,30,0.0022,NORMAL,None,Medium
2837,0,4,40,0.0019,NORMAL,None,Low
2837,0,5,50,0.0019,NORMAL,None,Low
2837,0,6,60,0.0019,NORMAL,None,Low
2838,0,1,10,0.018,NORMAL,None,Medium
2838,0,2,20,0.003,NORMAL,None,Medium
2838,0,3,30,0.002,NORMAL,None,Medium
2838,0,4,40,0.0022,NORMAL,None,Low
2838,0,5,50,0.0021,NORMAL,None,Low
2838,0,6,60,0.0021,NORMAL,None,Low
2839,0,1,10,0.0034,NORMAL,None,Medium
2839,0,2,20,0.0022,NORMAL,None,Medium
2839,0,3,30,0.0023,NORMAL,None,Medium
2839,0,4,40,0.002,NORMAL,None,Low
2839,0,5,50,0.0022,NORMAL,None,Low
2839,0,6,60,0.0022,NORMAL,None,Low
2840,0,1,10,0.0025,NORMAL,None,Medium
2840,0,2,20,0.0022,NORMAL,None,Medium
2840,0,3,30,0.002,NORMAL,None,Medium
2840,0,4,40,0.0022,NORMAL,None,Low
2840,0,5,50,0.002,NORMAL,None,Low
2840,0,6,60,0.002,NORMAL,None,Low
2841,0,1,10,0.002,NORMAL,None,Medium
2841,0,2,20,0.0022,NORMAL,None,Medium
2841,0,3,30,0.0022,NORMAL,None,Medium
2841,0,4,40,0.0021,NORMAL,None,Low
2841,0,5,50,0.0021,NORMAL,None,Low
2841,0,6,60,0.0022,NORMAL,None,Low
2842,0,1,10,0.0021,NORMAL,None,Medium
2842,0,2,20,0.0021,NORMAL,None,Medium
2842,0,3,30,0.0023,NORMAL,None,Medium
2842,0,4,40,0.0023,NORMAL,None,Low
2842,0,5,50,0.0018,NORMAL,None,Low
2842,0,6,60,0.0024,NORMAL,None,Low
2843,0,1,10,0.0029,NORMAL,None,Medium
2843,0,2,20,0.0024,NORMAL,None,Medium
2843,0,3,30,0.0025,NORMAL,None,Medium
2843,0,4,40,0.0025,NORMAL,None,Low
2843,0,5,50,0.0021,NORMAL,None,Low
2843,0,6,60,0.0021,NORMAL,None,Low
2844,0,1,10,0.0029,NORMAL,None,Medium
2844,0,2,20,0.0029,NORMAL,None,Medium
2844,0,3,30,0.0022,NORMAL,None,Medium
2844,0,4,40,0.0021,NORMAL,None,Low
2844,0,5,50,0.0021,NORMAL,None,Low
2844,0,6,60,0.002,NORMAL,None,Low
2845,0,1,10,0.0025,NORMAL,None,Medium
2845,0,2,20,0.0027,NORMAL,None,Medium
2845,0,3,30,0.0026,NORMAL,None,Medium
2845,0,4,40,0.0022,NORMAL,None,Low
2845,0,5,50,0.002,NORMAL,None,Low
2845,0,6,60,0.0022,NORMAL,None,Low
2846,0,1,10,0.002,NORMAL,None,Medium
2846,0,2,20,0.0021,NORMAL,None,Medium
2846,0,3,30,0.0024,NORMAL,None,Medium
2846,0,4,40,0.0025,NORMAL,None,Low
2846,0,5,50,0.002,NORMAL,None,Low
2846,0,6,60,0.0026,NORMAL,None,Low
2847,0,1,10,0.0022,NORMAL,None,Medium
2847,0,2,20,0.0022,NORMAL,None,Medium
2847,0,3,30,0.0019,NORMAL,None,Medium
2847,0,4,40,0.002,NORMAL,None,Low
2847,0,5,50,0.0018,NORMAL,None,Low
2847,0,6,60,0.0023,NORMAL,None,Low
2848,0,1,10,0.0026,NORMAL,None,Medium
2848,0,2,20,0.0023,NORMAL,None,Medium
2848,0,3,30,0.002,NORMAL,None,Medium
2848,0,4,40,0.0026,NORMAL,None,Low
2848,0,5,50,0.0021,NORMAL,None,Low
2848,0,6,60,0.0022,NORMAL,None,Low
2849,0,1,10,0.0027,NORMAL,None,Medium
2849,0,2,20,0.0022,NORMAL,None,Medium
2849,0,3,30,0.0022,NORMAL,None,Medium
2849,0,4,40,0.0022,NORMAL,None,Low
2849,0,5,50,0.0023,NORMAL,None,Low
2849,0,6,60,0.0021,NORMAL,None,Low
2850,0,1,10,0.002,NORMAL,None,Medium
2850,0,2,20,0.002,NORMAL,None,Medium
2850,0,3,30,0.0024,NORMAL,None,Medium
2850,0,4,40,0.0021,NORMAL,None,Low
2850,0,5,50,0.0023,NORMAL,None,Low
2850,0,6,60,0.0023,NORMAL,None,Low
2851,0,1,10,0.0022,NORMAL,None,Medium
2851,0,2,20,0.0019,NORMAL,None,Medium
2851,0,3,30,0.0021,NORMAL,None,Medium
2851,0,4,40,0.0019,NORMAL,None,Low
2851,0,5,50,0.002,NORMAL,None,Low
2851,0,6,60,0.0021,NORMAL,None,Low
2852,0,1,10,0.0029,NORMAL,None,Medium
2852,0,2,20,0.0023,NORMAL,None,Medium
2852,0,3,30,0.0021,NORMAL,None,Medium
2852,0,4,40,0.0021,NORMAL,None,Low
2852,0,5,50,0.0019,NORMAL,None,Low
2852,0,6,60,0.0024,NORMAL,None,Low
2853,0,1,10,0.0029,NORMAL,None,Medium
2853,0,2,20,0.0029,NORMAL,None,Medium
2853,0,3,30,0.0024,NORMAL,None,Medium
2853,0,4,40,0.0026,NORMAL,None,Low
2853,0,5,50,0.0021,NORMAL,None,Low
2853,0,6,60,0.0023,NORMAL,None,Low
2854,0,1,10,0.0031,NORMAL,None,Medium
2854,0,2,20,0.0026,NORMAL,None,Medium
2854,0,3,30,0.0029,NORMAL,None,Medium
2854,0,4,40,0.0026,NORMAL,None,Low
2854,0,5,50,0.0025,NORMAL,None,Low
2854,0,6,60,0.0023,NORMAL,None,Low
2855,0,1,10,0.0016,NORMAL,None,Medium
2855,0,2,20,0.0024,NORMAL,None,Medium
2855,0,3,30,0.002,NORMAL,None,Medium
2855,0,4,40,0.0022,NORMAL,None,Low
2855,0,5,50,0.0022,NORMAL,None,Low
2855,0,6,60,0.0019,NORMAL,None,Low
2856,0,1,10,0.0023,NORMAL,None,Medium
2856,0,2,20,0.0022,NORMAL,None,Medium
2856,0,3,30,0.0022,NORMAL,None,Medium
2856,0,4,40,0.002,NORMAL,None,Low
2856,0,5,50,0.0018,NORMAL,None,Low
2856,0,6,60,0.0021,NORMAL,None,Low
2857,0,1,10,0.0021,NORMAL,None,Medium
2857,0,2,20,0.002,NORMAL,None,Medium
2857,0,3,30,0.0022,NORMAL,None,Medium
2857,0,4,40,0.002,NORMAL,None,Low
2857,0,5,50,0.0022,NORMAL,None,Low
2857,0,6,60,0.0021,NORMAL,None,Low
2858,0,1,10,0.0018,NORMAL,None,Medium
2858,0,2,20,0.0019,NORMAL,None,Medium
2858,0,3,30,0.0018,NORMAL,None,Medium
2858,0,4,40,0.0023,NORMAL,None,Low
2858,0,5,50,0.002,NORMAL,None,Low
2858,0,6,60,0.002,NORMAL,None,Low
2859,0,1,10,0.0019,NORMAL,None,Medium
2859,0,2,20,0.002,NORMAL,None,Medium
2859,0,3,30,0.0022,NORMAL,None,Medium
2859,0,4,40,0.0027,NORMAL,None,Low
2859,0,5,50,0.0025,NORMAL,None,Low
2859,0,6,60,0.0024,NORMAL,None,Low
2860,0,1,10,0.0019,NORMAL,None,Medium
2860,0,2,20,0.002,NORMAL,None,Medium
2860,0,3,30,0.0021,NORMAL,None,Medium
2860,0,4,40,0.0021,NORMAL,None,Low
2860,0,5,50,0.0022,NORMAL,None,Low
2860,0,6,60,0.0022,NORMAL,None,Low
2861,0,1,10,0.0019,NORMAL,None,Medium
2861,0,2,20,0.0019,NORMAL,None,Medium
2861,0,3,30,0.0022,NORMAL,None,Medium
2861,0,4,40,0.0019,NORMAL,None,Low
2861,0,5,50,0.0019,NORMAL,None,Low
2861,0,6,60,0.0018,NORMAL,None,Low
2862,0,1,10,0.0018,NORMAL,None,Medium
2862,0,2,20,0.0021,NORMAL,None,Medium
2862,0,3,30,0.0024,NORMAL,None,Medium
2862,0,4,40,0.0023,NORMAL,None,Low
2862,0,5,50,0.0018,NORMAL,None,Low
2862,0,6,60,0.0021,NORMAL,None,Low
2863,0,1,10,0.0019,NORMAL,None,Medium
2863,0,2,20,0.0019,NORMAL,None,Medium
2863,0,3,30,0.002,NORMAL,None,Medium
2863,0,4,40,0.0018,NORMAL,None,Low
2863,0,5,50,0.0022,NORMAL,None,Low
2863,0,6,60,0.0019,NORMAL,None,Low
2864,0,1,10,0.0019,NORMAL,None,Medium
2864,0,2,20,0.002,NORMAL,None,Medium
2864,0,3,30,0.0025,NORMAL,None,Medium
2864,0,4,40,0.0019,NORMAL,None,Low
2864,0,5,50,0.002,NORMAL,None,Low
2864,0,6,60,0.0021,NORMAL,None,Low
2865,0,1,10,0.0019,NORMAL,None,Medium
2865,0,2,20,0.0018,NORMAL,None,Medium
2865,0,3,30,0.0017,NORMAL,None,Medium
2865,0,4,40,0.0019,NORMAL,None,Low
2865,0,5,50,0.002,NORMAL,None,Low
2865,0,6,60,0.0021,NORMAL,None,Low
2866,0,1,10,0.0019,NORMAL,None,Medium
2866,0,2,20,0.0016,NORMAL,None,Medium
2866,0,3,30,0.002,NORMAL,None,Medium
2866,0,4,40,0.0019,NORMAL,None,Low
2866,0,5,50,0.0021,NORMAL,None,Low
2866,0,6,60,0.0018,NORMAL,None,Low
2867,0,1,10,0.0019,NORMAL,None,Medium
2867,0,2,20,0.0021,NORMAL,None,Medium
2867,0,3,30,0.0021,NORMAL,None,Medium
2867,0,4,40,0.0021,NORMAL,None,Low
2867,0,5,50,0.0018,NORMAL,None,Low
2867,0,6,60,0.0022,NORMAL,None,Low
2868,0,1,10,0.0021,NORMAL,None,Medium
2868,0,2,20,0.0018,NORMAL,None,Medium
2868,0,3,30,0.0022,NORMAL,None,Medium
2868,0,4,40,0.0023,NORMAL,None,Low
2868,0,5,50,0.0021,NORMAL,None,Low
2868,0,6,60,0.002,NORMAL,None,Low
2869,0,1,10,0.0021,NORMAL,None,Medium
2869,0,2,20,0.002,NORMAL,None,Medium
2869,0,3,30,0.0022,NORMAL,None,Medium
2869,0,4,40,0.002,NORMAL,None,Low
2869,0,5,50,0.0022,NORMAL,None,Low
2869,0,6,60,0.0021,NORMAL,None,Low
2870,0,1,10,0.002,NORMAL,None,Medium
2870,0,2,20,0.0019,NORMAL,None,Medium
2870,0,3,30,0.0021,NORMAL,None,Medium
2870,0,4,40,0.0019,NORMAL,None,Low
2870,0,5,50,0.0022,NORMAL,None,Low
2870,0,6,60,0.002,NORMAL,None,Low
2871,0,1,10,0.0021,NORMAL,None,Medium
2871,0,2,20,0.0022,NORMAL,None,Medium
2871,0,3,30,0.0021,NORMAL,None,Medium
2871,0,4,40,0.0022,NORMAL,None,Low
2871,0,5,50,0.0024,NORMAL,None,Low
2871,0,6,60,0.0021,NORMAL,None,Low
2872,0,1,10,0.002,NORMAL,None,Medium
2872,0,2,20,0.0021,NORMAL,None,Medium
2872,0,3,30,0.0026,NORMAL,None,Medium
2872,0,4,40,0.0024,NORMAL,None,Low
2872,0,5,50,0.0022,NORMAL,None,Low
2872,0,6,60,0.002,NORMAL,None,Low
2873,0,1,10,0.0021,NORMAL,None,Medium
2873,0,2,20,0.0021,NORMAL,None,Medium
2873,0,3,30,0.0022,NORMAL,None,Medium
2873,0,4,40,0.0024,NORMAL,None,Low
2873,0,5,50,0.0022,NORMAL,None,Low
2873,0,6,60,0.0025,NORMAL,None,Low
2874,0,1,10,0.0022,NORMAL,None,Medium
2874,0,2,20,0.0022,NORMAL,None,Medium
2874,0,3,30,0.0021,NORMAL,None,Medium
2874,0,4,40,0.0019,NORMAL,None,Low
2874,0,5,50,0.002,NORMAL,None,Low
2874,0,6,60,0.0024,NORMAL,None,Low
2875,0,1,10,0.0024,NORMAL,None,Medium
2875,0,2,20,0.0029,NORMAL,None,Medium
2875,0,3,30,0.0026,NORMAL,None,Medium
2875,0,4,40,0.0025,NORMAL,None,Low
2875,0,5,50,0.0026,NORMAL,None,Low
2875,0,6,60,0.0022,NORMAL,None,Low
2876,0,1,10,0.0023,NORMAL,None,Medium
2876,0,2,20,0.0029,NORMAL,None,Medium
2876,0,3,30,0.0025,NORMAL,None,Medium
2876,0,4,40,0.002,NORMAL,None,Low
2876,0,5,50,0.0021,NORMAL,None,Low
2876,0,6,60,0.002,NORMAL,None,Low
2877,0,1,10,0.002,NORMAL,None,Medium
2877,0,2,20,0.0018,NORMAL,None,Medium
2877,0,3,30,0.0019,NORMAL,None,Medium
2877,0,4,40,0.0021,NORMAL,None,Low
2877,0,5,50,0.002,NORMAL,None,Low
2877,0,6,60,0.0021,NORMAL,None,Low
2878,0,1,10,0.0018,NORMAL,None,Medium
2878,0,2,20,0.0022,NORMAL,None,Medium
2878,0,3,30,0.0025,NORMAL,None,Medium
2878,0,4,40,0.0023,NORMAL,None,Low
2878,0,5,50,0.002,NORMAL,None,Low
2878,0,6,60,0.002,NORMAL,None,Low
2879,0,1,10,0.0017,NORMAL,None,Medium
2879,0,2,20,0.0022,NORMAL,None,Medium
2879,0,3,30,0.0024,NORMAL,None,Medium
2879,0,4,40,0.0023,NORMAL,None,Low
2879,0,5,50,0.002,NORMAL,None,Low
2879,0,6,60,0.0022,NORMAL,None,Low
2880,0,1,10,0.002,NORMAL,None,Medium
2880,0,2,20,0.0021,NORMAL,None,Medium
2880,0,3,30,0.0021,NORMAL,None,Medium
2880,0,4,40,0.0021,NORMAL,None,Low
2880,0,5,50,0.0021,NORMAL,None,Low
2880,0,6,60,0.0023,NORMAL,None,Low
2881,0,1,10,0.0019,NORMAL,None,Medium
2881,0,2,20,0.002,NORMAL,None,Medium
2881,0,3,30,0.0023,NORMAL,None,Medium
2881,0,4,40,0.0023,NORMAL,None,Low
2881,0,5,50,0.0022,NORMAL,None,Low
2881,0,6,60,0.0024,NORMAL,None,Low
2882,0,1,10,0.0029,NORMAL,None,Medium
2882,0,2,20,0.0024,NORMAL,None,Medium
2882,0,3,30,0.0024,NORMAL,None,Medium
2882,0,4,40,0.0024,NORMAL,None,Low
2882,0,5,50,0.0023,NORMAL,None,Low
2882,0,6,60,0.0024,NORMAL,None,Low
2883,0,1,10,0.0022,NORMAL,None,Medium
2883,0,2,20,0.0024,NORMAL,None,Medium
2883,0,3,30,0.002,NORMAL,None,Medium
2883,0,4,40,0.002,NORMAL,None,Low
2883,0,5,50,0.0023,NORMAL,None,Low
2883,0,6,60,0.0021,NORMAL,None,Low
2884,0,1,10,0.0023,NORMAL,None,Medium
2884,0,2,20,0.0022,NORMAL,None,Medium
2884,0,3,30,0.0023,NORMAL,None,Medium
2884,0,4,40,0.0021,NORMAL,None,Low
2884,0,5,50,0.002,NORMAL,None,Low
2884,0,6,60,0.0024,NORMAL,None,Low
2885,0,1,10,0.0019,NORMAL,None,Medium
2885,0,2,20,0.0021,NORMAL,None,Medium
2885,0,3,30,0.0024,NORMAL,None,Medium
2885,0,4,40,0.0023,NORMAL,None,Low
2885,0,5,50,0.0023,NORMAL,None,Low
2885,0,6,60,0.0024,NORMAL,None,Low
2886,0,1,10,0.0022,NORMAL,None,Medium
2886,0,2,20,0.0024,NORMAL,None,Medium
2886,0,3,30,0.0026,NORMAL,None,Medium
2886,0,4,40,0.002,NORMAL,None,Low
2886,0,5,50,0.0024,NORMAL,None,Low
2886,0,6,60,0.002,NORMAL,None,Low
2887,0,1,10,0.0025,NORMAL,None,Medium
2887,0,2,20,0.0025,NORMAL,None,Medium
2887,0,3,30,0.0026,NORMAL,None,Medium
2887,0,4,40,0.0023,NORMAL,None,Low
2887,0,5,50,0.0022,NORMAL,None,Low
2887,0,6,60,0.0024,NORMAL,None,Low
2888,0,1,10,0.0027,NORMAL,None,Medium
2888,0,2,20,0.0022,NORMAL,None,Medium
2888,0,3,30,0.0023,NORMAL,None,Medium
2888,0,4,40,0.0024,NORMAL,None,Low
2888,0,5,50,0.0021,NORMAL,None,Low
2888,0,6,60,0.002,NORMAL,None,Low
2889,0,1,10,0.0024,NORMAL,None,Medium
2889,0,2,20,0.0025,NORMAL,None,Medium
2889,0,3,30,0.0023,NORMAL,None,Medium
2889,0,4,40,0.0027,NORMAL,None,Low
2889,0,5,50,0.0025,NORMAL,None,Low
2889,0,6,60,0.0019,NORMAL,None,Low
2890,0,1,10,0.0023,NORMAL,None,Medium
2890,0,2,20,0.0021,NORMAL,None,Medium
2890,0,3,30,0.0026,NORMAL,None,Medium
2890,0,4,40,0.0024,NORMAL,None,Low
2890,0,5,50,0.0018,NORMAL,None,Low
2890,0,6,60,0.0021,NORMAL,None,Low
2891,0,1,10,0.0019,NORMAL,None,Medium
2891,0,2,20,0.0019,NORMAL,None,Medium
2891,0,3,30,0.0025,NORMAL,None,Medium
2891,0,4,40,0.0024,NORMAL,None,Low
2891,0,5,50,0.0021,NORMAL,None,Low
2891,0,6,60,0.0019,NORMAL,None,Low
2892,0,1,10,0.0024,NORMAL,None,Medium
2892,0,2,20,0.0022,NORMAL,None,Medium
2892,0,3,30,0.0026,NORMAL,None,Medium
2892,0,4,40,0.0021,NORMAL,None,Low
2892,0,5,50,0.0021,NORMAL,None,Low
2892,0,6,60,0.0022,NORMAL,None,Low
2893,0,1,10,0.002,NORMAL,None,Medium
2893,0,2,20,0.0021,NORMAL,None,Medium
2893,0,3,30,0.0019,NORMAL,None,Medium
2893,0,4,40,0.002,NORMAL,None,Low
2893,0,5,50,0.002,NORMAL,None,Low
2893,0,6,60,0.002,NORMAL,None,Low
2894,0,1,10,0.0025,NORMAL,None,Medium
2894,0,2,20,0.0025,NORMAL,None,Medium
2894,0,3,30,0.0025,NORMAL,None,Medium
2894,0,4,40,0.0022,NORMAL,None,Low
2894,0,5,50,0.0021,NORMAL,None,Low
2894,0,6,60,0.0021,NORMAL,None,Low
2895,0,1,10,0.0027,NORMAL,None,Medium
2895,0,2,20,0.0025,NORMAL,None,Medium
2895,0,3,30,0.0023,NORMAL,None,Medium
2895,0,4,40,0.0022,NORMAL,None,Low
2895,0,5,50,0.0021,NORMAL,None,Low
2895,0,6,60,0.0018,NORMAL,None,Low
2896,0,1,10,0.0026,NORMAL,None,Medium
2896,0,2,20,0.0027,NORMAL,None,Medium
2896,0,3,30,0.0023,NORMAL,None,Medium
2896,0,4,40,0.0021,NORMAL,None,Low
2896,0,5,50,0.0021,NORMAL,None,Low
2896,0,6,60,0.0025,NORMAL,None,Low
2897,0,1,10,0.0021,NORMAL,None,Medium
2897,0,2,20,0.0026,NORMAL,None,Medium
2897,0,3,30,0.0023,NORMAL,None,Medium
2897,0,4,40,0.0022,NORMAL,None,Low
2897,0,5,50,0.0023,NORMAL,None,Low
2897,0,6,60,0.0021,NORMAL,None,Low
2898,0,1,10,0.0021,NORMAL,None,Medium
2898,0,2,20,0.002,NORMAL,None,Medium
2898,0,3,30,0.0023,NORMAL,None,Medium
2898,0,4,40,0.0022,NORMAL,None,Low
2898,0,5,50,0.0022,NORMAL,None,Low
2898,0,6,60,0.0022,NORMAL,None,Low
2899,0,1,10,0.0026,NORMAL,None,Medium
2899,0,2,20,0.0026,NORMAL,None,Medium
2899,0,3,30,0.0022,NORMAL,None,Medium
2899,0,4,40,0.0026,NORMAL,None,Low
2899,0,5,50,0.0023,NORMAL,None,Low
2899,0,6,60,0.002,NORMAL,None,Low
2900,0,1,10,0.0023,NORMAL,None,Medium
2900,0,2,20,0.0029,NORMAL,None,Medium
2900,0,3,30,0.0027,NORMAL,None,Medium
2900,0,4,40,0.002,NORMAL,None,Low
2900,0,5,50,0.0024,NORMAL,None,Low
2900,0,6,60,0.0024,NORMAL,None,Low
2901,0,1,10,0.0022,NORMAL,None,Medium
2901,0,2,20,0.0025,NORMAL,None,Medium
2901,0,3,30,0.0023,NORMAL,None,Medium
2901,0,4,40,0.0027,NORMAL,None,Low
2901,0,5,50,0.0022,NORMAL,None,Low
2901,0,6,60,0.0024,NORMAL,None,Low
2902,0,1,10,0.0027,NORMAL,None,Medium
2902,0,2,20,0.0025,NORMAL,None,Medium
2902,0,3,30,0.0024,NORMAL,None,Medium
2902,0,4,40,0.0021,NORMAL,None,Low
2902,0,5,50,0.0025,NORMAL,None,Low
2902,0,6,60,0.0024,NORMAL,None,Low
2903,0,1,10,0.0035,NORMAL,None,Medium
2903,0,2,20,0.0028,NORMAL,None,Medium
2903,0,3,30,0.0025,NORMAL,None,Medium
2903,0,4,40,0.0022,NORMAL,None,Low
2903,0,5,50,0.0025,NORMAL,None,Low
2903,0,6,60,0.0025,NORMAL,None,Low
2904,0,1,10,0.0028,NORMAL,None,Medium
2904,0,2,20,0.0024,NORMAL,None,Medium
2904,0,3,30,0.0022,NORMAL,None,Medium
2904,0,4,40,0.002,NORMAL,None,Low
2904,0,5,50,0.0022,NORMAL,None,Low
2904,0,6,60,0.0024,NORMAL,None,Low
2905,0,1,10,0.0024,NORMAL,None,Medium
2905,0,2,20,0.0029,NORMAL,None,Medium
2905,0,3,30,0.0026,NORMAL,None,Medium
2905,0,4,40,0.0022,NORMAL,None,Low
2905,0,5,50,0.002,NORMAL,None,Low
2905,0,6,60,0.0023,NORMAL,None,Low
2906,0,1,10,0.0025,NORMAL,None,Medium
2906,0,2,20,0.0028,NORMAL,None,Medium
2906,0,3,30,0.0024,NORMAL,None,Medium
2906,0,4,40,0.0019,NORMAL,None,Low
2906,0,5,50,0.0021,NORMAL,None,Low
2906,0,6,60,0.0022,NORMAL,None,Low
2907,0,1,10,0.0036,NORMAL,None,Medium
2907,0,2,20,0.003,NORMAL,None,Medium
2907,0,3,30,0.0024,NORMAL,None,Medium
2907,0,4,40,0.002,NORMAL,None,Low
2907,0,5,50,0.0024,NORMAL,None,Low
2907,0,6,60,0.0023,NORMAL,None,Low
2908,0,1,10,0.0025,NORMAL,None,Medium
2908,0,2,20,0.003,NORMAL,None,Medium
2908,0,3,30,0.0028,NORMAL,None,Medium
2908,0,4,40,0.0025,NORMAL,None,Low
2908,0,5,50,0.0023,NORMAL,None,Low
2908,0,6,60,0.0025,NORMAL,None,Low
2909,0,1,10,0.0034,NORMAL,None,Medium
2909,0,2,20,0.0032,NORMAL,None,Medium
2909,0,3,30,0.0027,NORMAL,None,Medium
2909,0,4,40,0.0023,NORMAL,None,Low
2909,0,5,50,0.0022,NORMAL,None,Low
2909,0,6,60,0.0025,NORMAL,None,Low
2910,0,1,10,0.0031,NORMAL,None,Medium
2910,0,2,20,0.0028,NORMAL,None,Medium
2910,0,3,30,0.0026,NORMAL,None,Medium
2910,0,4,40,0.0026,NORMAL,None,Low
2910,0,5,50,0.0024,NORMAL,None,Low
2910,0,6,60,0.0025,NORMAL,None,Low
2911,0,1,10,0.0029,NORMAL,None,Medium
2911,0,2,20,0.0028,NORMAL,None,Medium
2911,0,3,30,0.0027,NORMAL,None,Medium
2911,0,4,40,0.0024,NORMAL,None,Low
2911,0,5,50,0.0023,NORMAL,None,Low
2911,0,6,60,0.0021,NORMAL,None,Low
2912,0,1,10,0.0028,NORMAL,None,Medium
2912,0,2,20,0.0031,NORMAL,None,Medium
2912,0,3,30,0.0029,NORMAL,None,Medium
2912,0,4,40,0.0026,NORMAL,None,Low
2912,0,5,50,0.0021,NORMAL,None,Low
2912,0,6,60,0.0021,NORMAL,None,Low
2913,0,1,10,0.0026,NORMAL,None,Medium
2913,0,2,20,0.0024,NORMAL,None,Medium
2913,0,3,30,0.0024,NORMAL,None,Medium
2913,0,4,40,0.0025,NORMAL,None,Low
2913,0,5,50,0.002,NORMAL,None,Low
2913,0,6,60,0.0023,NORMAL,None,Low
2914,0,1,10,0.0024,NORMAL,None,Medium
2914,0,2,20,0.0022,NORMAL,None,Medium
2914,0,3,30,0.0027,NORMAL,None,Medium
2914,0,4,40,0.0024,NORMAL,None,Low
2914,0,5,50,0.0021,NORMAL,None,Low
2914,0,6,60,0.0024,NORMAL,None,Low
819,1,1,10,0.9955,ACTIVE,Impact,Medium
819,1,2,20,0.9964,ACTIVE,Impact,Medium
819,1,3,30,0.9972,ACTIVE,Impact,Medium
819,1,4,40,0.998,ACTIVE,Impact,Low
819,1,5,50,0.9979,ACTIVE,Impact,Low
819,1,6,60,0.9979,ACTIVE,Impact,Low
820,1,1,10,0.9966,ACTIVE,Impact,Medium
820,1,2,20,0.9967,ACTIVE,Impact,Medium
820,1,3,30,0.9967,ACTIVE,Impact,Medium
820,1,4,40,0.9978,ACTIVE,Impact,Low
820,1,5,50,0.998,ACTIVE,Impact,Low
820,1,6,60,0.9983,ACTIVE,Impact,Low
821,1,1,10,0.9866,ACTIVE,Impact,Medium
821,1,2,20,0.9894,ACTIVE,Impact,Medium
821,1,3,30,0.9913,ACTIVE,Impact,Medium
821,1,4,40,0.9932,ACTIVE,Impact,Low
821,1,5,50,0.9939,ACTIVE,Impact,Low
821,1,6,60,0.9941,ACTIVE,Impact,Low
822,1,1,10,0.9848,ONSET,Impact,Low
822,1,2,20,0.98,ONSET,Impact,Low
822,1,3,30,0.9778,ACTIVE,Impact,Medium
822,1,4,40,0.9714,ACTIVE,Impact,Low
822,1,5,50,0.9694,ACTIVE,Impact,Low
822,1,6,60,0.9718,ACTIVE,Impact,Low
2442,0,1,10,0.0025,NORMAL,None,Medium
2442,0,2,20,0.0029,NORMAL,None,Medium
2442,0,3,30,0.0024,NORMAL,None,Medium
2442,0,4,40,0.0022,NORMAL,None,Low
2442,0,5,50,0.0024,NORMAL,None,Low
2442,0,6,60,0.0022,NORMAL,None,Low
2443,0,1,10,0.0029,NORMAL,None,Medium
2443,0,2,20,0.0027,NORMAL,None,Medium
2443,0,3,30,0.0023,NORMAL,None,Medium
2443,0,4,40,0.0024,NORMAL,None,Low
2443,0,5,50,0.0026,NORMAL,None,Low
2443,0,6,60,0.0025,NORMAL,None,Low
2444,0,1,10,0.0024,NORMAL,None,Medium
2444,0,2,20,0.0026,NORMAL,None,Medium
2444,0,3,30,0.0026,NORMAL,None,Medium
2444,0,4,40,0.0022,NORMAL,None,Low
2444,0,5,50,0.0024,NORMAL,None,Low
2444,0,6,60,0.0021,NORMAL,None,Low
2445,0,1,10,0.0026,NORMAL,None,Medium
2445,0,2,20,0.0024,NORMAL,None,Medium
2445,0,3,30,0.0022,NORMAL,None,Medium
2445,0,4,40,0.0021,NORMAL,None,Low
2445,0,5,50,0.0023,NORMAL,None,Low
2445,0,6,60,0.0022,NORMAL,None,Low
2446,0,1,10,0.0025,NORMAL,None,Medium
2446,0,2,20,0.0025,NORMAL,None,Medium
2446,0,3,30,0.0025,NORMAL,None,Medium
2446,0,4,40,0.0021,NORMAL,None,Low
2446,0,5,50,0.0022,NORMAL,None,Low
2446,0,6,60,0.0019,NORMAL,None,Low
2447,0,1,10,0.0022,NORMAL,None,Medium
2447,0,2,20,0.002,NORMAL,None,Medium
2447,0,3,30,0.0021,NORMAL,None,Medium
2447,0,4,40,0.0022,NORMAL,None,Low
2447,0,5,50,0.0019,NORMAL,None,Low
2447,0,6,60,0.0019,NORMAL,None,Low
2448,0,1,10,0.0025,NORMAL,None,Medium
2448,0,2,20,0.0025,NORMAL,None,Medium
2448,0,3,30,0.0022,NORMAL,None,Medium
2448,0,4,40,0.002,NORMAL,None,Low
2448,0,5,50,0.0023,NORMAL,None,Low
2448,0,6,60,0.0023,NORMAL,None,Low
2449,0,1,10,0.0025,NORMAL,None,Medium
2449,0,2,20,0.0029,NORMAL,None,Medium
2449,0,3,30,0.0022,NORMAL,None,Medium
2449,0,4,40,0.0025,NORMAL,None,Low
2449,0,5,50,0.0024,NORMAL,None,Low
2449,0,6,60,0.002,NORMAL,None,Low
2450,0,1,10,0.0023,NORMAL,None,Medium
2450,0,2,20,0.0023,NORMAL,None,Medium
2450,0,3,30,0.0022,NORMAL,None,Medium
2450,0,4,40,0.0022,NORMAL,None,Low
2450,0,5,50,0.0023,NORMAL,None,Low
2450,0,6,60,0.0021,NORMAL,None,Low
2451,0,1,10,0.0025,NORMAL,None,Medium
2451,0,2,20,0.0023,NORMAL,None,Medium
2451,0,3,30,0.0026,NORMAL,None,Medium
2451,0,4,40,0.0024,NORMAL,None,Low
2451,0,5,50,0.0021,NORMAL,None,Low
2451,0,6,60,0.0022,NORMAL,None,Low
2452,0,1,10,0.002,NORMAL,None,Medium
2452,0,2,20,0.0023,NORMAL,None,Medium
2452,0,3,30,0.0024,NORMAL,None,Medium
2452,0,4,40,0.0025,NORMAL,None,Low
2452,0,5,50,0.0021,NORMAL,None,Low
2452,0,6,60,0.0022,NORMAL,None,Low
2453,0,1,10,0.0025,NORMAL,None,Medium
2453,0,2,20,0.003,NORMAL,None,Medium
2453,0,3,30,0.0026,NORMAL,None,Medium
2453,0,4,40,0.0023,NORMAL,None,Low
2453,0,5,50,0.0027,NORMAL,None,Low
2453,0,6,60,0.0023,NORMAL,None,Low
2454,0,1,10,0.0028,NORMAL,None,Medium
2454,0,2,20,0.0031,NORMAL,None,Medium
2454,0,3,30,0.0027,NORMAL,None,Medium
2454,0,4,40,0.0027,NORMAL,None,Low
2454,0,5,50,0.0024,NORMAL,None,Low
2454,0,6,60,0.0023,NORMAL,None,Low
2455,0,1,10,0.0031,NORMAL,None,Medium
2455,0,2,20,0.0029,NORMAL,None,Medium
2455,0,3,30,0.0033,NORMAL,None,Medium
2455,0,4,40,0.0029,NORMAL,None,Low
2455,0,5,50,0.0024,NORMAL,None,Low
2455,0,6,60,0.0022,NORMAL,None,Low
2456,0,1,10,0.0022,NORMAL,None,Medium
2456,0,2,20,0.0027,NORMAL,None,Medium
2456,0,3,30,0.0027,NORMAL,None,Medium
2456,0,4,40,0.0024,NORMAL,None,Low
2456,0,5,50,0.002,NORMAL,None,Low
2456,0,6,60,0.0018,NORMAL,None,Low
2457,0,1,10,0.0021,NORMAL,None,Medium
2457,0,2,20,0.0023,NORMAL,None,Medium
2457,0,3,30,0.0024,NORMAL,None,Medium
2457,0,4,40,0.0021,NORMAL,None,Low
2457,0,5,50,0.0025,NORMAL,None,Low
2457,0,6,60,0.0025,NORMAL,None,Low
2458,0,1,10,0.0022,NORMAL,None,Medium
2458,0,2,20,0.0024,NORMAL,None,Medium
2458,0,3,30,0.0021,NORMAL,None,Medium
2458,0,4,40,0.0026,NORMAL,None,Low
2458,0,5,50,0.0024,NORMAL,None,Low
2458,0,6,60,0.0021,NORMAL,None,Low
2459,0,1,10,0.0021,NORMAL,None,Medium
2459,0,2,20,0.0025,NORMAL,None,Medium
2459,0,3,30,0.0025,NORMAL,None,Medium
2459,0,4,40,0.0028,NORMAL,None,Low
2459,0,5,50,0.0023,NORMAL,None,Low
2459,0,6,60,0.0019,NORMAL,None,Low
2460,0,1,10,0.0026,NORMAL,None,Medium
2460,0,2,20,0.0027,NORMAL,None,Medium
2460,0,3,30,0.0025,NORMAL,None,Medium
2460,0,4,40,0.0023,NORMAL,None,Low
2460,0,5,50,0.0021,NORMAL,None,Low
2460,0,6,60,0.0022,NORMAL,None,Low
2461,0,1,10,0.0021,NORMAL,None,Medium
2461,0,2,20,0.0027,NORMAL,None,Medium
2461,0,3,30,0.0021,NORMAL,None,Medium
2461,0,4,40,0.0019,NORMAL,None,Low
2461,0,5,50,0.0019,NORMAL,None,Low
2461,0,6,60,0.002,NORMAL,None,Low
2462,0,1,10,0.002,NORMAL,None,Medium
2462,0,2,20,0.0025,NORMAL,None,Medium
2462,0,3,30,0.0025,NORMAL,None,Medium
2462,0,4,40,0.0023,NORMAL,None,Low
2462,0,5,50,0.0023,NORMAL,None,Low
2462,0,6,60,0.0021,NORMAL,None,Low
2463,0,1,10,0.0022,NORMAL,None,Medium
2463,0,2,20,0.0021,NORMAL,None,Medium
2463,0,3,30,0.0021,NORMAL,None,Medium
2463,0,4,40,0.0018,NORMAL,None,Low
2463,0,5,50,0.0019,NORMAL,None,Low
2463,0,6,60,0.0022,NORMAL,None,Low
2464,0,1,10,0.0021,NORMAL,None,Medium
2464,0,2,20,0.0026,NORMAL,None,Medium
2464,0,3,30,0.0021,NORMAL,None,Medium
2464,0,4,40,0.0022,NORMAL,None,Low
2464,0,5,50,0.0023,NORMAL,None,Low
2464,0,6,60,0.0024,NORMAL,None,Low
2465,0,1,10,0.002,NORMAL,None,Medium
2465,0,2,20,0.002,NORMAL,None,Medium
2465,0,3,30,0.002,NORMAL,None,Medium
2465,0,4,40,0.0021,NORMAL,None,Low
2465,0,5,50,0.002,NORMAL,None,Low
2465,0,6,60,0.0018,NORMAL,None,Low
2466,0,1,10,0.002,NORMAL,None,Medium
2466,0,2,20,0.0023,NORMAL,None,Medium
2466,0,3,30,0.0023,NORMAL,None,Medium
2466,0,4,40,0.0023,NORMAL,None,Low
2466,0,5,50,0.0021,NORMAL,None,Low
2466,0,6,60,0.0029,NORMAL,None,Low
2467,0,1,10,0.0015,NORMAL,None,Medium
2467,0,2,20,0.0024,NORMAL,None,Medium
2467,0,3,30,0.0024,NORMAL,None,Medium
2467,0,4,40,0.0024,NORMAL,None,Low
2467,0,5,50,0.0021,NORMAL,None,Low
2467,0,6,60,0.002,NORMAL,None,Low
2468,0,1,10,0.002,NORMAL,None,Medium
2468,0,2,20,0.0023,NORMAL,None,Medium
2468,0,3,30,0.0025,NORMAL,None,Medium
2468,0,4,40,0.0023,NORMAL,None,Low
2468,0,5,50,0.0024,NORMAL,None,Low
2468,0,6,60,0.0021,NORMAL,None,Low
2469,0,1,10,0.0021,NORMAL,None,Medium
2469,0,2,20,0.0022,NORMAL,None,Medium
2469,0,3,30,0.0023,NORMAL,None,Medium
2469,0,4,40,0.0021,NORMAL,None,Low
2469,0,5,50,0.0024,NORMAL,None,Low
2469,0,6,60,0.0021,NORMAL,None,Low
2470,0,1,10,0.0018,NORMAL,None,Medium
2470,0,2,20,0.0024,NORMAL,None,Medium
2470,0,3,30,0.0025,NORMAL,None,Medium
2470,0,4,40,0.0022,NORMAL,None,Low
2470,0,5,50,0.0021,NORMAL,None,Low
2470,0,6,60,0.002,NORMAL,None,Low
2471,0,1,10,0.0019,NORMAL,None,Medium
2471,0,2,20,0.0025,NORMAL,None,Medium
2471,0,3,30,0.0022,NORMAL,None,Medium
2471,0,4,40,0.0025,NORMAL,None,Low
2471,0,5,50,0.0024,NORMAL,None,Low
2471,0,6,60,0.002,NORMAL,None,Low
2472,0,1,10,0.0018,NORMAL,None,Medium
2472,0,2,20,0.0019,NORMAL,None,Medium
2472,0,3,30,0.0021,NORMAL,None,Medium
2472,0,4,40,0.0018,NORMAL,None,Low
2472,0,5,50,0.0019,NORMAL,None,Low
2472,0,6,60,0.0018,NORMAL,None,Low
2473,0,1,10,0.0022,NORMAL,None,Medium
2473,0,2,20,0.0023,NORMAL,None,Medium
2473,0,3,30,0.0025,NORMAL,None,Medium
2473,0,4,40,0.0022,NORMAL,None,Low
2473,0,5,50,0.002,NORMAL,None,Low
2473,0,6,60,0.002,NORMAL,None,Low
2474,0,1,10,0.0022,NORMAL,None,Medium
2474,0,2,20,0.0028,NORMAL,None,Medium
2474,0,3,30,0.0023,NORMAL,None,Medium
2474,0,4,40,0.002,NORMAL,None,Low
2474,0,5,50,0.0023,NORMAL,None,Low
2474,0,6,60,0.0021,NORMAL,None,Low
2475,0,1,10,0.002,NORMAL,None,Medium
2475,0,2,20,0.0022,NORMAL,None,Medium
2475,0,3,30,0.0023,NORMAL,None,Medium
2475,0,4,40,0.0023,NORMAL,None,Low
2475,0,5,50,0.0023,NORMAL,None,Low
2475,0,6,60,0.0023,NORMAL,None,Low
2476,0,1,10,0.0024,NORMAL,None,Medium
2476,0,2,20,0.0023,NORMAL,None,Medium
2476,0,3,30,0.002,NORMAL,None,Medium
2476,0,4,40,0.0023,NORMAL,None,Low
2476,0,5,50,0.002,NORMAL,None,Low
2476,0,6,60,0.0022,NORMAL,None,Low
2477,0,1,10,0.0028,NORMAL,None,Medium
2477,0,2,20,0.0024,NORMAL,None,Medium
2477,0,3,30,0.0022,NORMAL,None,Medium
2477,0,4,40,0.0025,NORMAL,None,Low
2477,0,5,50,0.0026,NORMAL,None,Low
2477,0,6,60,0.0023,NORMAL,None,Low
2478,0,1,10,0.0026,NORMAL,None,Medium
2478,0,2,20,0.0032,NORMAL,None,Medium
2478,0,3,30,0.0027,NORMAL,None,Medium
2478,0,4,40,0.0025,NORMAL,None,Low
2478,0,5,50,0.0024,NORMAL,None,Low
2478,0,6,60,0.0022,NORMAL,None,Low
2479,0,1,10,0.0025,NORMAL,None,Medium
2479,0,2,20,0.0027,NORMAL,None,Medium
2479,0,3,30,0.0028,NORMAL,None,Medium
2479,0,4,40,0.0025,NORMAL,None,Low
2479,0,5,50,0.0025,NORMAL,None,Low
2479,0,6,60,0.0021,NORMAL,None,Low
2480,0,1,10,0.0028,NORMAL,None,Medium
2480,0,2,20,0.0031,NORMAL,None,Medium
2480,0,3,30,0.0023,NORMAL,None,Medium
2480,0,4,40,0.0025,NORMAL,None,Low
2480,0,5,50,0.0022,NORMAL,None,Low
2480,0,6,60,0.002,NORMAL,None,Low
2481,0,1,10,0.0023,NORMAL,None,Medium
2481,0,2,20,0.0026,NORMAL,None,Medium
2481,0,3,30,0.0023,NORMAL,None,Medium
2481,0,4,40,0.0024,NORMAL,None,Low
2481,0,5,50,0.0024,NORMAL,None,Low
2481,0,6,60,0.0022,NORMAL,None,Low
2482,0,1,10,0.003,NORMAL,None,Medium
2482,0,2,20,0.0029,NORMAL,None,Medium
2482,0,3,30,0.0022,NORMAL,None,Medium
2482,0,4,40,0.0027,NORMAL,None,Low
2482,0,5,50,0.0021,NORMAL,None,Low
2482,0,6,60,0.0023,NORMAL,None,Low
2483,0,1,10,0.0029,NORMAL,None,Medium
2483,0,2,20,0.0031,NORMAL,None,Medium
2483,0,3,30,0.0026,NORMAL,None,Medium
2483,0,4,40,0.0026,NORMAL,None,Low
2483,0,5,50,0.0025,NORMAL,None,Low
2483,0,6,60,0.002,NORMAL,None,Low
2484,0,1,10,0.0025,NORMAL,None,Medium
2484,0,2,20,0.0027,NORMAL,None,Medium
2484,0,3,30,0.0025,NORMAL,None,Medium
2484,0,4,40,0.0022,NORMAL,None,Low
2484,0,5,50,0.0023,NORMAL,None,Low
2484,0,6,60,0.002,NORMAL,None,Low
2485,0,1,10,0.0026,NORMAL,None,Medium
2485,0,2,20,0.0031,NORMAL,None,Medium
2485,0,3,30,0.0023,NORMAL,None,Medium
2485,0,4,40,0.0024,NORMAL,None,Low
2485,0,5,50,0.0024,NORMAL,None,Low
2485,0,6,60,0.0022,NORMAL,None,Low
2486,0,1,10,0.0022,NORMAL,None,Medium
2486,0,2,20,0.0028,NORMAL,None,Medium
2486,0,3,30,0.0029,NORMAL,None,Medium
2486,0,4,40,0.0024,NORMAL,None,Low
2486,0,5,50,0.002,NORMAL,None,Low
2486,0,6,60,0.0023,NORMAL,None,Low
2487,0,1,10,0.0024,NORMAL,None,Medium
2487,0,2,20,0.0028,NORMAL,None,Medium
2487,0,3,30,0.0023,NORMAL,None,Medium
2487,0,4,40,0.0027,NORMAL,None,Low
2487,0,5,50,0.0026,NORMAL,None,Low
2487,0,6,60,0.0023,NORMAL,None,Low
2488,0,1,10,0.0022,NORMAL,None,Medium
2488,0,2,20,0.0026,NORMAL,None,Medium
2488,0,3,30,0.0029,NORMAL,None,Medium
2488,0,4,40,0.0023,NORMAL,None,Low
2488,0,5,50,0.0022,NORMAL,None,Low
2488,0,6,60,0.0022,NORMAL,None,Low
2489,0,1,10,0.0026,NORMAL,None,Medium
2489,0,2,20,0.0026,NORMAL,None,Medium
2489,0,3,30,0.0026,NORMAL,None,Medium
2489,0,4,40,0.0023,NORMAL,None,Low
2489,0,5,50,0.0023,NORMAL,None,Low
2489,0,6,60,0.0022,NORMAL,None,Low
2490,0,1,10,0.0024,NORMAL,None,Medium
2490,0,2,20,0.003,NORMAL,None,Medium
2490,0,3,30,0.0027,NORMAL,None,Medium
2490,0,4,40,0.0026,NORMAL,None,Low
2490,0,5,50,0.0025,NORMAL,None,Low
2490,0,6,60,0.0023,NORMAL,None,Low
2491,0,1,10,0.0023,NORMAL,None,Medium
2491,0,2,20,0.0028,NORMAL,None,Medium
2491,0,3,30,0.0023,NORMAL,None,Medium
2491,0,4,40,0.0021,NORMAL,None,Low
2491,0,5,50,0.0024,NORMAL,None,Low
2491,0,6,60,0.0024,NORMAL,None,Low
2492,0,1,10,0.002,NORMAL,None,Medium
2492,0,2,20,0.0026,NORMAL,None,Medium
2492,0,3,30,0.0025,NORMAL,None,Medium
2492,0,4,40,0.0026,NORMAL,None,Low
2492,0,5,50,0.0026,NORMAL,None,Low
2492,0,6,60,0.0025,NORMAL,None,Low
2493,0,1,10,0.0027,NORMAL,None,Medium
2493,0,2,20,0.0028,NORMAL,None,Medium
2493,0,3,30,0.0027,NORMAL,None,Medium
2493,0,4,40,0.0026,NORMAL,None,Low
2493,0,5,50,0.0021,NORMAL,None,Low
2493,0,6,60,0.0023,NORMAL,None,Low
2494,0,1,10,0.0022,NORMAL,None,Medium
2494,0,2,20,0.0026,NORMAL,None,Medium
2494,0,3,30,0.0022,NORMAL,None,Medium
2494,0,4,40,0.0025,NORMAL,None,Low
2494,0,5,50,0.0023,NORMAL,None,Low
2494,0,6,60,0.0022,NORMAL,None,Low
2495,0,1,10,0.0027,NORMAL,None,Medium
2495,0,2,20,0.0029,NORMAL,None,Medium
2495,0,3,30,0.0024,NORMAL,None,Medium
2495,0,4,40,0.0023,NORMAL,None,Low
2495,0,5,50,0.0021,NORMAL,None,Low
2495,0,6,60,0.0022,NORMAL,None,Low
2496,0,1,10,0.0021,NORMAL,None,Medium
2496,0,2,20,0.0025,NORMAL,None,Medium
2496,0,3,30,0.0027,NORMAL,None,Medium
2496,0,4,40,0.0026,NORMAL,None,Low
2496,0,5,50,0.0023,NORMAL,None,Low
2496,0,6,60,0.0022,NORMAL,None,Low
2497,0,1,10,0.0024,NORMAL,None,Medium
2497,0,2,20,0.0023,NORMAL,None,Medium
2497,0,3,30,0.002,NORMAL,None,Medium
2497,0,4,40,0.0021,NORMAL,None,Low
2497,0,5,50,0.002,NORMAL,None,Low
2497,0,6,60,0.0022,NORMAL,None,Low
2498,0,1,10,0.0021,NORMAL,None,Medium
2498,0,2,20,0.0026,NORMAL,None,Medium
2498,0,3,30,0.0028,NORMAL,None,Medium
2498,0,4,40,0.0024,NORMAL,None,Low
2498,0,5,50,0.0023,NORMAL,None,Low
2498,0,6,60,0.0022,NORMAL,None,Low
2499,0,1,10,0.002,NORMAL,None,Medium
2499,0,2,20,0.0021,NORMAL,None,Medium
2499,0,3,30,0.0021,NORMAL,None,Medium
2499,0,4,40,0.0022,NORMAL,None,Low
2499,0,5,50,0.0023,NORMAL,None,Low
2499,0,6,60,0.0022,NORMAL,None,Low
2500,0,1,10,0.0022,NORMAL,None,Medium
2500,0,2,20,0.0023,NORMAL,None,Medium
2500,0,3,30,0.0024,NORMAL,None,Medium
2500,0,4,40,0.0023,NORMAL,None,Low
2500,0,5,50,0.0023,NORMAL,None,Low
2500,0,6,60,0.0026,NORMAL,None,Low
2501,0,1,10,0.0018,NORMAL,None,Medium
2501,0,2,20,0.0022,NORMAL,None,Medium
2501,0,3,30,0.0023,NORMAL,None,Medium
2501,0,4,40,0.0025,NORMAL,None,Low
2501,0,5,50,0.0021,NORMAL,None,Low
2501,0,6,60,0.0019,NORMAL,None,Low
2502,0,1,10,0.002,NORMAL,None,Medium
2502,0,2,20,0.0024,NORMAL,None,Medium
2502,0,3,30,0.0023,NORMAL,None,Medium
2502,0,4,40,0.0023,NORMAL,None,Low
2502,0,5,50,0.002,NORMAL,None,Low
2502,0,6,60,0.002,NORMAL,None,Low
2503,0,1,10,0.002,NORMAL,None,Medium
2503,0,2,20,0.0025,NORMAL,None,Medium
2503,0,3,30,0.0023,NORMAL,None,Medium
2503,0,4,40,0.0025,NORMAL,None,Low
2503,0,5,50,0.002,NORMAL,None,Low
2503,0,6,60,0.0025,NORMAL,None,Low
2504,0,1,10,0.0017,NORMAL,None,Medium
2504,0,2,20,0.0021,NORMAL,None,Medium
2504,0,3,30,0.0024,NORMAL,None,Medium
2504,0,4,40,0.0019,NORMAL,None,Low
2504,0,5,50,0.0023,NORMAL,None,Low
2504,0,6,60,0.0023,NORMAL,None,Low
2505,0,1,10,0.0015,NORMAL,None,Medium
2505,0,2,20,0.0018,NORMAL,None,Medium
2505,0,3,30,0.0021,NORMAL,None,Medium
2505,0,4,40,0.002,NORMAL,None,Low
2505,0,5,50,0.0023,NORMAL,None,Low
2505,0,6,60,0.0025,NORMAL,None,Low
2506,0,1,10,0.002,NORMAL,None,Medium
2506,0,2,20,0.0019,NORMAL,None,Medium
2506,0,3,30,0.0021,NORMAL,None,Medium
2506,0,4,40,0.0022,NORMAL,None,Low
2506,0,5,50,0.0021,NORMAL,None,Low
2506,0,6,60,0.002,NORMAL,None,Low
2507,0,1,10,0.0023,NORMAL,None,Medium
2507,0,2,20,0.0022,NORMAL,None,Medium
2507,0,3,30,0.0023,NORMAL,None,Medium
2507,0,4,40,0.002,NORMAL,None,Low
2507,0,5,50,0.0024,NORMAL,None,Low
2507,0,6,60,0.0021,NORMAL,None,Low
2508,0,1,10,0.0018,NORMAL,None,Medium
2508,0,2,20,0.0023,NORMAL,None,Medium
2508,0,3,30,0.0023,NORMAL,None,Medium
2508,0,4,40,0.0018,NORMAL,None,Low
2508,0,5,50,0.0025,NORMAL,None,Low
2508,0,6,60,0.0022,NORMAL,None,Low
2509,0,1,10,0.0019,NORMAL,None,Medium
2509,0,2,20,0.0022,NORMAL,None,Medium
2509,0,3,30,0.0023,NORMAL,None,Medium
2509,0,4,40,0.0022,NORMAL,None,Low
2509,0,5,50,0.0022,NORMAL,None,Low
2509,0,6,60,0.0019,NORMAL,None,Low
2510,0,1,10,0.002,NORMAL,None,Medium
2510,0,2,20,0.0022,NORMAL,None,Medium
2510,0,3,30,0.0023,NORMAL,None,Medium
2510,0,4,40,0.0021,NORMAL,None,Low
2510,0,5,50,0.0022,NORMAL,None,Low
2510,0,6,60,0.002,NORMAL,None,Low
2511,0,1,10,0.0019,NORMAL,None,Medium
2511,0,2,20,0.0029,NORMAL,None,Medium
2511,0,3,30,0.0029,NORMAL,None,Medium
2511,0,4,40,0.0023,NORMAL,None,Low
2511,0,5,50,0.0022,NORMAL,None,Low
2511,0,6,60,0.0021,NORMAL,None,Low
2512,0,1,10,0.0024,NORMAL,None,Medium
2512,0,2,20,0.0025,NORMAL,None,Medium
2512,0,3,30,0.0024,NORMAL,None,Medium
2512,0,4,40,0.002,NORMAL,None,Low
2512,0,5,50,0.0023,NORMAL,None,Low
2512,0,6,60,0.0023,NORMAL,None,Low
2513,0,1,10,0.0028,NORMAL,None,Medium
2513,0,2,20,0.0027,NORMAL,None,Medium
2513,0,3,30,0.0025,NORMAL,None,Medium
2513,0,4,40,0.0023,NORMAL,None,Low
2513,0,5,50,0.0024,NORMAL,None,Low
2513,0,6,60,0.0024,NORMAL,None,Low
2514,0,1,10,0.0029,NORMAL,None,Medium
2514,0,2,20,0.003,NORMAL,None,Medium
2514,0,3,30,0.0029,NORMAL,None,Medium
2514,0,4,40,0.0026,NORMAL,None,Low
2514,0,5,50,0.0022,NORMAL,None,Low
2514,0,6,60,0.0023,NORMAL,None,Low
2515,0,1,10,0.0021,NORMAL,None,Medium
2515,0,2,20,0.0027,NORMAL,None,Medium
2515,0,3,30,0.0024,NORMAL,None,Medium
2515,0,4,40,0.0021,NORMAL,None,Low
2515,0,5,50,0.0024,NORMAL,None,Low
2515,0,6,60,0.0022,NORMAL,None,Low
2516,0,1,10,0.0028,NORMAL,None,Medium
2516,0,2,20,0.0029,NORMAL,None,Medium
2516,0,3,30,0.003,NORMAL,None,Medium
2516,0,4,40,0.0023,NORMAL,None,Low
2516,0,5,50,0.0023,NORMAL,None,Low
2516,0,6,60,0.0022,NORMAL,None,Low
2517,0,1,10,0.0023,NORMAL,None,Medium
2517,0,2,20,0.0028,NORMAL,None,Medium
2517,0,3,30,0.0027,NORMAL,None,Medium
2517,0,4,40,0.0025,NORMAL,None,Low
2517,0,5,50,0.0023,NORMAL,None,Low
2517,0,6,60,0.0021,NORMAL,None,Low
2518,0,1,10,0.003,NORMAL,None,Medium
2518,0,2,20,0.0032,NORMAL,None,Medium
2518,0,3,30,0.0029,NORMAL,None,Medium
2518,0,4,40,0.0025,NORMAL,None,Low
2518,0,5,50,0.003,NORMAL,None,Low
2518,0,6,60,0.0026,NORMAL,None,Low
2519,0,1,10,0.003,NORMAL,None,Medium
2519,0,2,20,0.0031,NORMAL,None,Medium
2519,0,3,30,0.0027,NORMAL,None,Medium
2519,0,4,40,0.0025,NORMAL,None,Low
2519,0,5,50,0.002,NORMAL,None,Low
2519,0,6,60,0.0024,NORMAL,None,Low
2520,0,1,10,0.0028,NORMAL,None,Medium
2520,0,2,20,0.0035,NORMAL,None,Medium
2520,0,3,30,0.0031,NORMAL,None,Medium
2520,0,4,40,0.003,NORMAL,None,Low
2520,0,5,50,0.0024,NORMAL,None,Low
2520,0,6,60,0.002,NORMAL,None,Low
2521,0,1,10,0.0029,NORMAL,None,Medium
2521,0,2,20,0.0033,NORMAL,None,Medium
2521,0,3,30,0.0029,NORMAL,None,Medium
2521,0,4,40,0.0025,NORMAL,None,Low
2521,0,5,50,0.0023,NORMAL,None,Low
2521,0,6,60,0.0022,NORMAL,None,Low
2522,0,1,10,0.0022,NORMAL,None,Medium
2522,0,2,20,0.0024,NORMAL,None,Medium
2522,0,3,30,0.0024,NORMAL,None,Medium
2522,0,4,40,0.0023,NORMAL,None,Low
2522,0,5,50,0.0021,NORMAL,None,Low
2522,0,6,60,0.0021,NORMAL,None,Low
2523,0,1,10,0.0025,NORMAL,None,Medium
2523,0,2,20,0.0027,NORMAL,None,Medium
2523,0,3,30,0.0022,NORMAL,None,Medium
2523,0,4,40,0.0024,NORMAL,None,Low
2523,0,5,50,0.0024,NORMAL,None,Low
2523,0,6,60,0.0021,NORMAL,None,Low
2524,0,1,10,0.0027,NORMAL,None,Medium
2524,0,2,20,0.0024,NORMAL,None,Medium
2524,0,3,30,0.003,NORMAL,None,Medium
2524,0,4,40,0.0022,NORMAL,None,Low
2524,0,5,50,0.0024,NORMAL,None,Low
2524,0,6,60,0.0022,NORMAL,None,Low
2525,0,1,10,0.0023,NORMAL,None,Medium
2525,0,2,20,0.003,NORMAL,None,Medium
2525,0,3,30,0.0028,NORMAL,None,Medium
2525,0,4,40,0.0023,NORMAL,None,Low
2525,0,5,50,0.0021,NORMAL,None,Low
2525,0,6,60,0.0024,NORMAL,None,Low
2526,0,1,10,0.0024,NORMAL,None,Medium
2526,0,2,20,0.0026,NORMAL,None,Medium
2526,0,3,30,0.0025,NORMAL,None,Medium
2526,0,4,40,0.0019,NORMAL,None,Low
2526,0,5,50,0.0024,NORMAL,None,Low
2526,0,6,60,0.0023,NORMAL,None,Low
2527,0,1,10,0.0024,NORMAL,None,Medium
2527,0,2,20,0.0028,NORMAL,None,Medium
2527,0,3,30,0.0024,NORMAL,None,Medium
2527,0,4,40,0.0026,NORMAL,None,Low
2527,0,5,50,0.0023,NORMAL,None,Low
2527,0,6,60,0.0019,NORMAL,None,Low
2528,0,1,10,0.002,NORMAL,None,Medium
2528,0,2,20,0.0028,NORMAL,None,Medium
2528,0,3,30,0.0026,NORMAL,None,Medium
2528,0,4,40,0.0021,NORMAL,None,Low
2528,0,5,50,0.0022,NORMAL,None,Low
2528,0,6,60,0.0021,NORMAL,None,Low
2529,0,1,10,0.0019,NORMAL,None,Medium
2529,0,2,20,0.0023,NORMAL,None,Medium
2529,0,3,30,0.0026,NORMAL,None,Medium
2529,0,4,40,0.0026,NORMAL,None,Low
2529,0,5,50,0.0022,NORMAL,None,Low
2529,0,6,60,0.0021,NORMAL,None,Low
2530,0,1,10,0.0019,NORMAL,None,Medium
2530,0,2,20,0.0019,NORMAL,None,Medium
2530,0,3,30,0.0023,NORMAL,None,Medium
2530,0,4,40,0.0024,NORMAL,None,Low
2530,0,5,50,0.0023,NORMAL,None,Low
2530,0,6,60,0.0023,NORMAL,None,Low
2531,0,1,10,0.0016,NORMAL,None,Medium
2531,0,2,20,0.002,NORMAL,None,Medium
2531,0,3,30,0.002,NORMAL,None,Medium
2531,0,4,40,0.0024,NORMAL,None,Low
2531,0,5,50,0.0023,NORMAL,None,Low
2531,0,6,60,0.0023,NORMAL,None,Low
2532,0,1,10,0.0021,NORMAL,None,Medium
2532,0,2,20,0.0025,NORMAL,None,Medium
2532,0,3,30,0.0022,NORMAL,None,Medium
2532,0,4,40,0.0023,NORMAL,None,Low
2532,0,5,50,0.0022,NORMAL,None,Low
2532,0,6,60,0.0023,NORMAL,None,Low
2533,0,1,10,0.0022,NORMAL,None,Medium
2533,0,2,20,0.0024,NORMAL,None,Medium
2533,0,3,30,0.0022,NORMAL,None,Medium
2533,0,4,40,0.002,NORMAL,None,Low
2533,0,5,50,0.0019,NORMAL,None,Low
2533,0,6,60,0.0022,NORMAL,None,Low
2534,0,1,10,0.0023,NORMAL,None,Medium
2534,0,2,20,0.0026,NORMAL,None,Medium
2534,0,3,30,0.002,NORMAL,None,Medium
2534,0,4,40,0.0024,NORMAL,None,Low
2534,0,5,50,0.0024,NORMAL,None,Low
2534,0,6,60,0.0021,NORMAL,None,Low
2535,0,1,10,0.0021,NORMAL,None,Medium
2535,0,2,20,0.0024,NORMAL,None,Medium
2535,0,3,30,0.0022,NORMAL,None,Medium
2535,0,4,40,0.0023,NORMAL,None,Low
2535,0,5,50,0.0024,NORMAL,None,Low
2535,0,6,60,0.0021,NORMAL,None,Low
2536,0,1,10,0.0021,NORMAL,None,Medium
2536,0,2,20,0.0026,NORMAL,None,Medium
2536,0,3,30,0.0026,NORMAL,None,Medium
2536,0,4,40,0.0024,NORMAL,None,Low
2536,0,5,50,0.0022,NORMAL,None,Low
2536,0,6,60,0.0021,NORMAL,None,Low
2537,0,1,10,0.0023,NORMAL,None,Medium
2537,0,2,20,0.0023,NORMAL,None,Medium
2537,0,3,30,0.0022,NORMAL,None,Medium
2537,0,4,40,0.0022,NORMAL,None,Low
2537,0,5,50,0.0022,NORMAL,None,Low
2537,0,6,60,0.0023,NORMAL,None,Low
2538,0,1,10,0.0025,NORMAL,None,Medium
2538,0,2,20,0.0025,NORMAL,None,Medium
2538,0,3,30,0.0021,NORMAL,None,Medium
2538,0,4,40,0.002,NORMAL,None,Low
2538,0,5,50,0.002,NORMAL,None,Low
2538,0,6,60,0.002,NORMAL,None,Low
2539,0,1,10,0.0027,NORMAL,None,Medium
2539,0,2,20,0.0033,NORMAL,None,Medium
2539,0,3,30,0.0023,NORMAL,None,Medium
2539,0,4,40,0.0024,NORMAL,None,Low
2539,0,5,50,0.0023,NORMAL,None,Low
2539,0,6,60,0.0024,NORMAL,None,Low
2540,0,1,10,0.0035,NORMAL,None,Medium
2540,0,2,20,0.0036,NORMAL,None,Medium
2540,0,3,30,0.0029,NORMAL,None,Medium
2540,0,4,40,0.0023,NORMAL,None,Low
2540,0,5,50,0.0022,NORMAL,None,Low
2540,0,6,60,0.0023,NORMAL,None,Low
2541,0,1,10,0.0038,NORMAL,None,Medium
2541,0,2,20,0.0036,NORMAL,None,Medium
2541,0,3,30,0.0029,NORMAL,None,Medium
2541,0,4,40,0.0023,NORMAL,None,Low
2541,0,5,50,0.0023,NORMAL,None,Low
2541,0,6,60,0.0023,NORMAL,None,Low
2542,0,1,10,0.0032,NORMAL,None,Medium
2542,0,2,20,0.0028,NORMAL,None,Medium
2542,0,3,30,0.0023,NORMAL,None,Medium
2542,0,4,40,0.0022,NORMAL,None,Low
2542,0,5,50,0.0026,NORMAL,None,Low
2542,0,6,60,0.0022,NORMAL,None,Low
2543,0,1,10,0.0026,NORMAL,None,Medium
2543,0,2,20,0.0031,NORMAL,None,Medium
2543,0,3,30,0.0032,NORMAL,None,Medium
2543,0,4,40,0.0025,NORMAL,None,Low
2543,0,5,50,0.0027,NORMAL,None,Low
2543,0,6,60,0.0023,NORMAL,None,Low
2544,0,1,10,0.0025,NORMAL,None,Medium
2544,0,2,20,0.0031,NORMAL,None,Medium
2544,0,3,30,0.0029,NORMAL,None,Medium
2544,0,4,40,0.0024,NORMAL,None,Low
2544,0,5,50,0.0025,NORMAL,None,Low
2544,0,6,60,0.0022,NORMAL,None,Low
2545,0,1,10,0.0027,NORMAL,None,Medium
2545,0,2,20,0.0027,NORMAL,None,Medium
2545,0,3,30,0.0024,NORMAL,None,Medium
2545,0,4,40,0.0023,NORMAL,None,Low
2545,0,5,50,0.0022,NORMAL,None,Low
2545,0,6,60,0.002,NORMAL,None,Low
2546,0,1,10,0.0022,NORMAL,None,Medium
2546,0,2,20,0.0027,NORMAL,None,Medium
2546,0,3,30,0.0028,NORMAL,None,Medium
2546,0,4,40,0.0023,NORMAL,None,Low
2546,0,5,50,0.0024,NORMAL,None,Low
2546,0,6,60,0.0021,NORMAL,None,Low
2547,0,1,10,0.0029,NORMAL,None,Medium
2547,0,2,20,0.0031,NORMAL,None,Medium
2547,0,3,30,0.0028,NORMAL,None,Medium
2547,0,4,40,0.0026,NORMAL,None,Low
2547,0,5,50,0.0025,NORMAL,None,Low
2547,0,6,60,0.0022,NORMAL,None,Low
2548,0,1,10,0.0029,NORMAL,None,Medium
2548,0,2,20,0.0024,NORMAL,None,Medium
2548,0,3,30,0.0026,NORMAL,None,Medium
2548,0,4,40,0.0023,NORMAL,None,Low
2548,0,5,50,0.0023,NORMAL,None,Low
2548,0,6,60,0.0021,NORMAL,None,Low
2549,0,1,10,0.0028,NORMAL,None,Medium
2549,0,2,20,0.0029,NORMAL,None,Medium
2549,0,3,30,0.0026,NORMAL,None,Medium
2549,0,4,40,0.0026,NORMAL,None,Low
2549,0,5,50,0.0023,NORMAL,None,Low
2549,0,6,60,0.002,NORMAL,None,Low
2550,0,1,10,0.0028,NORMAL,None,Medium
2550,0,2,20,0.0028,NORMAL,None,Medium
2550,0,3,30,0.0028,NORMAL,None,Medium
2550,0,4,40,0.0023,NORMAL,None,Low
2550,0,5,50,0.0023,NORMAL,None,Low
2550,0,6,60,0.002,NORMAL,None,Low
2551,0,1,10,0.0029,NORMAL,None,Medium
2551,0,2,20,0.0024,NORMAL,None,Medium
2551,0,3,30,0.0022,NORMAL,None,Medium
2551,0,4,40,0.0024,NORMAL,None,Low
2551,0,5,50,0.0021,NORMAL,None,Low
2551,0,6,60,0.0022,NORMAL,None,Low
2552,0,1,10,0.0023,NORMAL,None,Medium
2552,0,2,20,0.0027,NORMAL,None,Medium
2552,0,3,30,0.0022,NORMAL,None,Medium
2552,0,4,40,0.0022,NORMAL,None,Low
2552,0,5,50,0.002,NORMAL,None,Low
2552,0,6,60,0.0023,NORMAL,None,Low
2553,0,1,10,0.0023,NORMAL,None,Medium
2553,0,2,20,0.0028,NORMAL,None,Medium
2553,0,3,30,0.0028,NORMAL,None,Medium
2553,0,4,40,0.0025,NORMAL,None,Low
2553,0,5,50,0.0022,NORMAL,None,Low
2553,0,6,60,0.0021,NORMAL,None,Low
2554,0,1,10,0.002,NORMAL,None,Medium
2554,0,2,20,0.0027,NORMAL,None,Medium
2554,0,3,30,0.0026,NORMAL,None,Medium
2554,0,4,40,0.0024,NORMAL,None,Low
2554,0,5,50,0.0023,NORMAL,None,Low
2554,0,6,60,0.0023,NORMAL,None,Low
2555,0,1,10,0.003,NORMAL,None,Medium
2555,0,2,20,0.0031,NORMAL,None,Medium
2555,0,3,30,0.0024,NORMAL,None,Medium
2555,0,4,40,0.0031,NORMAL,None,Low
2555,0,5,50,0.0023,NORMAL,None,Low
2555,0,6,60,0.0022,NORMAL,None,Low
2556,0,1,10,0.0025,NORMAL,None,Medium
2556,0,2,20,0.0024,NORMAL,None,Medium
2556,0,3,30,0.0026,NORMAL,None,Medium
2556,0,4,40,0.0026,NORMAL,None,Low
2556,0,5,50,0.0024,NORMAL,None,Low
2556,0,6,60,0.0022,NORMAL,None,Low
2557,0,1,10,0.0034,NORMAL,None,Medium
2557,0,2,20,0.0033,NORMAL,None,Medium
2557,0,3,30,0.0029,NORMAL,None,Medium
2557,0,4,40,0.0028,NORMAL,None,Low
2557,0,5,50,0.0027,NORMAL,None,Low
2557,0,6,60,0.0026,NORMAL,None,Low
2558,0,1,10,0.0035,NORMAL,None,Medium
2558,0,2,20,0.0036,NORMAL,None,Medium
2558,0,3,30,0.0028,NORMAL,None,Medium
2558,0,4,40,0.0027,NORMAL,None,Low
2558,0,5,50,0.0023,NORMAL,None,Low
2558,0,6,60,0.0024,NORMAL,None,Low
2559,0,1,10,0.0042,NORMAL,None,Medium
2559,0,2,20,0.0038,NORMAL,None,Medium
2559,0,3,30,0.0029,NORMAL,None,Medium
2559,0,4,40,0.0026,NORMAL,None,Low
2559,0,5,50,0.0022,NORMAL,None,Low
2559,0,6,60,0.0024,NORMAL,None,Low
2560,0,1,10,0.0036,NORMAL,None,Medium
2560,0,2,20,0.0034,NORMAL,None,Medium
2560,0,3,30,0.0026,NORMAL,None,Medium
2560,0,4,40,0.0026,NORMAL,None,Low
2560,0,5,50,0.0022,NORMAL,None,Low
2560,0,6,60,0.0023,NORMAL,None,Low
2561,0,1,10,0.0028,NORMAL,None,Medium
2561,0,2,20,0.003,NORMAL,None,Medium
2561,0,3,30,0.0032,NORMAL,None,Medium
2561,0,4,40,0.0026,NORMAL,None,Low
2561,0,5,50,0.0026,NORMAL,None,Low
2561,0,6,60,0.0023,NORMAL,None,Low
2562,0,1,10,0.0023,NORMAL,None,Medium
2562,0,2,20,0.0026,NORMAL,None,Medium
2562,0,3,30,0.0026,NORMAL,None,Medium
2562,0,4,40,0.0022,NORMAL,None,Low
2562,0,5,50,0.0022,NORMAL,None,Low
2562,0,6,60,0.0026,NORMAL,None,Low
2563,0,1,10,0.0025,NORMAL,None,Medium
2563,0,2,20,0.0032,NORMAL,None,Medium
2563,0,3,30,0.003,NORMAL,None,Medium
2563,0,4,40,0.0021,NORMAL,None,Low
2563,0,5,50,0.002,NORMAL,None,Low
2563,0,6,60,0.0021,NORMAL,None,Low
2564,0,1,10,0.0021,NORMAL,None,Medium
2564,0,2,20,0.0026,NORMAL,None,Medium
2564,0,3,30,0.0026,NORMAL,None,Medium
2564,0,4,40,0.0024,NORMAL,None,Low
2564,0,5,50,0.0023,NORMAL,None,Low
2564,0,6,60,0.0022,NORMAL,None,Low
2565,0,1,10,0.0017,NORMAL,None,Medium
2565,0,2,20,0.0023,NORMAL,None,Medium
2565,0,3,30,0.0024,NORMAL,None,Medium
2565,0,4,40,0.0025,NORMAL,None,Low
2565,0,5,50,0.002,NORMAL,None,Low
2565,0,6,60,0.0022,NORMAL,None,Low
2566,0,1,10,0.0018,NORMAL,None,Medium
2566,0,2,20,0.0022,NORMAL,None,Medium
2566,0,3,30,0.0025,NORMAL,None,Medium
2566,0,4,40,0.0022,NORMAL,None,Low
2566,0,5,50,0.0024,NORMAL,None,Low
2566,0,6,60,0.002,NORMAL,None,Low
2567,0,1,10,0.0021,NORMAL,None,Medium
2567,0,2,20,0.0026,NORMAL,None,Medium
2567,0,3,30,0.0023,NORMAL,None,Medium
2567,0,4,40,0.0022,NORMAL,None,Low
2567,0,5,50,0.0024,NORMAL,None,Low
2567,0,6,60,0.002,NORMAL,None,Low
2568,0,1,10,0.0016,NORMAL,None,Medium
2568,0,2,20,0.002,NORMAL,None,Medium
2568,0,3,30,0.0021,NORMAL,None,Medium
2568,0,4,40,0.0022,NORMAL,None,Low
2568,0,5,50,0.0021,NORMAL,None,Low
2568,0,6,60,0.0021,NORMAL,None,Low
2569,0,1,10,0.0017,NORMAL,None,Medium
2569,0,2,20,0.002,NORMAL,None,Medium
2569,0,3,30,0.0025,NORMAL,None,Medium
2569,0,4,40,0.0022,NORMAL,None,Low
2569,0,5,50,0.0022,NORMAL,None,Low
2569,0,6,60,0.0024,NORMAL,None,Low
2570,0,1,10,0.0014,NORMAL,None,Medium
2570,0,2,20,0.0021,NORMAL,None,Medium
2570,0,3,30,0.0026,NORMAL,None,Medium
2570,0,4,40,0.002,NORMAL,None,Low
2570,0,5,50,0.002,NORMAL,None,Low
2570,0,6,60,0.002,NORMAL,None,Low
2571,0,1,10,0.0015,NORMAL,None,Medium
2571,0,2,20,0.0019,NORMAL,None,Medium
2571,0,3,30,0.0023,NORMAL,None,Medium
2571,0,4,40,0.002,NORMAL,None,Low
2571,0,5,50,0.002,NORMAL,None,Low
2571,0,6,60,0.002,NORMAL,None,Low
2572,0,1,10,0.0016,NORMAL,None,Medium
2572,0,2,20,0.002,NORMAL,None,Medium
2572,0,3,30,0.0022,NORMAL,None,Medium
2572,0,4,40,0.0021,NORMAL,None,Low
2572,0,5,50,0.0021,NORMAL,None,Low
2572,0,6,60,0.0019,NORMAL,None,Low
2573,0,1,10,0.0019,NORMAL,None,Medium
2573,0,2,20,0.0021,NORMAL,None,Medium
2573,0,3,30,0.002,NORMAL,None,Medium
2573,0,4,40,0.0021,NORMAL,None,Low
2573,0,5,50,0.0023,NORMAL,None,Low
2573,0,6,60,0.0022,NORMAL,None,Low
2574,0,1,10,0.0015,NORMAL,None,Medium
2574,0,2,20,0.0017,NORMAL,None,Medium
2574,0,3,30,0.0019,NORMAL,None,Medium
2574,0,4,40,0.002,NORMAL,None,Low
2574,0,5,50,0.0021,NORMAL,None,Low
2574,0,6,60,0.0023,NORMAL,None,Low
2575,0,1,10,0.0015,NORMAL,None,Medium
2575,0,2,20,0.0018,NORMAL,None,Medium
2575,0,3,30,0.0022,NORMAL,None,Medium
2575,0,4,40,0.0026,NORMAL,None,Low
2575,0,5,50,0.0023,NORMAL,None,Low
2575,0,6,60,0.002,NORMAL,None,Low
2576,0,1,10,0.0012,NORMAL,None,Medium
2576,0,2,20,0.0016,NORMAL,None,Medium
2576,0,3,30,0.0019,NORMAL,None,Medium
2576,0,4,40,0.0021,NORMAL,None,Low
2576,0,5,50,0.0021,NORMAL,None,Low
2576,0,6,60,0.0025,NORMAL,None,Low
2577,0,1,10,0.0015,NORMAL,None,Medium
2577,0,2,20,0.0021,NORMAL,None,Medium
2577,0,3,30,0.0021,NORMAL,None,Medium
2577,0,4,40,0.0024,NORMAL,None,Low
2577,0,5,50,0.0021,NORMAL,None,Low
2577,0,6,60,0.0023,NORMAL,None,Low
2578,0,1,10,0.0014,NORMAL,None,Medium
2578,0,2,20,0.0019,NORMAL,None,Medium
2578,0,3,30,0.002,NORMAL,None,Medium
2578,0,4,40,0.0022,NORMAL,None,Low
2578,0,5,50,0.0025,NORMAL,None,Low
2578,0,6,60,0.0021,NORMAL,None,Low
2579,0,1,10,0.0013,NORMAL,None,Medium
2579,0,2,20,0.0021,NORMAL,None,Medium
2579,0,3,30,0.0019,NORMAL,None,Medium
2579,0,4,40,0.002,NORMAL,None,Low
2579,0,5,50,0.002,NORMAL,None,Low
2579,0,6,60,0.0022,NORMAL,None,Low
2580,0,1,10,0.0015,NORMAL,None,Medium
2580,0,2,20,0.0021,NORMAL,None,Medium
2580,0,3,30,0.0021,NORMAL,None,Medium
2580,0,4,40,0.0019,NORMAL,None,Low
2580,0,5,50,0.0022,NORMAL,None,Low
2580,0,6,60,0.0021,NORMAL,None,Low
2581,0,1,10,0.0013,NORMAL,None,Medium
2581,0,2,20,0.0017,NORMAL,None,Medium
2581,0,3,30,0.0018,NORMAL,None,Medium
2581,0,4,40,0.0021,NORMAL,None,Low
2581,0,5,50,0.002,NORMAL,None,Low
2581,0,6,60,0.002,NORMAL,None,Low
2582,0,1,10,0.0011,NORMAL,None,Medium
2582,0,2,20,0.002,NORMAL,None,Medium
2582,0,3,30,0.0023,NORMAL,None,Medium
2582,0,4,40,0.0021,NORMAL,None,Low
2582,0,5,50,0.0023,NORMAL,None,Low
2582,0,6,60,0.0019,NORMAL,None,Low
2583,0,1,10,0.0014,NORMAL,None,Medium
2583,0,2,20,0.0019,NORMAL,None,Medium
2583,0,3,30,0.0024,NORMAL,None,Medium
2583,0,4,40,0.0021,NORMAL,None,Low
2583,0,5,50,0.002,NORMAL,None,Low
2583,0,6,60,0.0021,NORMAL,None,Low
2584,0,1,10,0.0015,NORMAL,None,Medium
2584,0,2,20,0.0019,NORMAL,None,Medium
2584,0,3,30,0.002,NORMAL,None,Medium
2584,0,4,40,0.0019,NORMAL,None,Low
2584,0,5,50,0.0022,NORMAL,None,Low
2584,0,6,60,0.0019,NORMAL,None,Low
2585,0,1,10,0.0013,NORMAL,None,Medium
2585,0,2,20,0.0019,NORMAL,None,Medium
2585,0,3,30,0.0019,NORMAL,None,Medium
2585,0,4,40,0.0021,NORMAL,None,Low
2585,0,5,50,0.0019,NORMAL,None,Low
2585,0,6,60,0.002,NORMAL,None,Low
2586,0,1,10,0.0015,NORMAL,None,Medium
2586,0,2,20,0.0019,NORMAL,None,Medium
2586,0,3,30,0.0018,NORMAL,None,Medium
2586,0,4,40,0.0022,NORMAL,None,Low
2586,0,5,50,0.0023,NORMAL,None,Low
2586,0,6,60,0.0022,NORMAL,None,Low
2587,0,1,10,0.0015,NORMAL,None,Medium
2587,0,2,20,0.0022,NORMAL,None,Medium
2587,0,3,30,0.0023,NORMAL,None,Medium
2587,0,4,40,0.0022,NORMAL,None,Low
2587,0,5,50,0.002,NORMAL,None,Low
2587,0,6,60,0.0021,NORMAL,None,Low
2588,0,1,10,0.0021,NORMAL,None,Medium
2588,0,2,20,0.0023,NORMAL,None,Medium
2588,0,3,30,0.0023,NORMAL,None,Medium
2588,0,4,40,0.0023,NORMAL,None,Low
2588,0,5,50,0.0018,NORMAL,None,Low
2588,0,6,60,0.0025,NORMAL,None,Low
2589,0,1,10,0.0018,NORMAL,None,Medium
2589,0,2,20,0.002,NORMAL,None,Medium
2589,0,3,30,0.0023,NORMAL,None,Medium
2589,0,4,40,0.0021,NORMAL,None,Low
2589,0,5,50,0.0021,NORMAL,None,Low
2589,0,6,60,0.0022,NORMAL,None,Low
2590,0,1,10,0.0019,NORMAL,None,Medium
2590,0,2,20,0.0022,NORMAL,None,Medium
2590,0,3,30,0.002,NORMAL,None,Medium
2590,0,4,40,0.0023,NORMAL,None,Low
2590,0,5,50,0.0024,NORMAL,None,Low
2590,0,6,60,0.002,NORMAL,None,Low
2591,0,1,10,0.0017,NORMAL,None,Medium
2591,0,2,20,0.0022,NORMAL,None,Medium
2591,0,3,30,0.0022,NORMAL,None,Medium
2591,0,4,40,0.0022,NORMAL,None,Low
2591,0,5,50,0.0023,NORMAL,None,Low
2591,0,6,60,0.0023,NORMAL,None,Low
2592,0,1,10,0.0015,NORMAL,None,Medium
2592,0,2,20,0.0018,NORMAL,None,Medium
2592,0,3,30,0.002,NORMAL,None,Medium
2592,0,4,40,0.0021,NORMAL,None,Low
2592,0,5,50,0.002,NORMAL,None,Low
2592,0,6,60,0.002,NORMAL,None,Low
2593,0,1,10,0.0016,NORMAL,None,Medium
2593,0,2,20,0.0018,NORMAL,None,Medium
2593,0,3,30,0.0018,NORMAL,None,Medium
2593,0,4,40,0.002,NORMAL,None,Low
2593,0,5,50,0.002,NORMAL,None,Low
2593,0,6,60,0.0017,NORMAL,None,Low
2594,0,1,10,0.0015,NORMAL,None,Medium
2594,0,2,20,0.0019,NORMAL,None,Medium
2594,0,3,30,0.0022,NORMAL,None,Medium
2594,0,4,40,0.0021,NORMAL,None,Low
2594,0,5,50,0.002,NORMAL,None,Low
2594,0,6,60,0.0021,NORMAL,None,Low
2595,0,1,10,0.0014,NORMAL,None,Medium
2595,0,2,20,0.0022,NORMAL,None,Medium
2595,0,3,30,0.0026,NORMAL,None,Medium
2595,0,4,40,0.0024,NORMAL,None,Low
2595,0,5,50,0.002,NORMAL,None,Low
2595,0,6,60,0.0024,NORMAL,None,Low
2596,0,1,10,0.002,NORMAL,None,Medium
2596,0,2,20,0.0024,NORMAL,None,Medium
2596,0,3,30,0.0021,NORMAL,None,Medium
2596,0,4,40,0.0023,NORMAL,None,Low
2596,0,5,50,0.0024,NORMAL,None,Low
2596,0,6,60,0.0021,NORMAL,None,Low
2597,0,1,10,0.0026,NORMAL,None,Medium
2597,0,2,20,0.0026,NORMAL,None,Medium
2597,0,3,30,0.0029,NORMAL,None,Medium
2597,0,4,40,0.0024,NORMAL,None,Low
2597,0,5,50,0.0024,NORMAL,None,Low
2597,0,6,60,0.0024,NORMAL,None,Low
2598,0,1,10,0.0023,NORMAL,None,Medium
2598,0,2,20,0.0024,NORMAL,None,Medium
2598,0,3,30,0.003,NORMAL,None,Medium
2598,0,4,40,0.0023,NORMAL,None,Low
2598,0,5,50,0.0025,NORMAL,None,Low
2598,0,6,60,0.0024,NORMAL,None,Low
2599,0,1,10,0.0018,NORMAL,None,Medium
2599,0,2,20,0.0022,NORMAL,None,Medium
2599,0,3,30,0.0024,NORMAL,None,Medium
2599,0,4,40,0.0027,NORMAL,None,Low
2599,0,5,50,0.0023,NORMAL,None,Low
2599,0,6,60,0.0023,NORMAL,None,Low
2600,0,1,10,0.0023,NORMAL,None,Medium
2600,0,2,20,0.0024,NORMAL,None,Medium
2600,0,3,30,0.0023,NORMAL,None,Medium
2600,0,4,40,0.0023,NORMAL,None,Low
2600,0,5,50,0.0023,NORMAL,None,Low
2600,0,6,60,0.002,NORMAL,None,Low
2601,0,1,10,0.003,NORMAL,None,Medium
2601,0,2,20,0.0031,NORMAL,None,Medium
2601,0,3,30,0.0025,NORMAL,None,Medium
2601,0,4,40,0.0025,NORMAL,None,Low
2601,0,5,50,0.002,NORMAL,None,Low
2601,0,6,60,0.0022,NORMAL,None,Low
2602,0,1,10,0.002,NORMAL,None,Medium
2602,0,2,20,0.0023,NORMAL,None,Medium
2602,0,3,30,0.0023,NORMAL,None,Medium
2602,0,4,40,0.0023,NORMAL,None,Low
2602,0,5,50,0.0022,NORMAL,None,Low
2602,0,6,60,0.0021,NORMAL,None,Low
2603,0,1,10,0.0022,NORMAL,None,Medium
2603,0,2,20,0.0024,NORMAL,None,Medium
2603,0,3,30,0.0024,NORMAL,None,Medium
2603,0,4,40,0.0027,NORMAL,None,Low
2603,0,5,50,0.0024,NORMAL,None,Low
2603,0,6,60,0.0021,NORMAL,None,Low
2604,0,1,10,0.002,NORMAL,None,Medium
2604,0,2,20,0.0026,NORMAL,None,Medium
2604,0,3,30,0.0027,NORMAL,None,Medium
2604,0,4,40,0.0026,NORMAL,None,Low
2604,0,5,50,0.0023,NORMAL,None,Low
2604,0,6,60,0.0022,NORMAL,None,Low
2605,0,1,10,0.0019,NORMAL,None,Medium
2605,0,2,20,0.0024,NORMAL,None,Medium
2605,0,3,30,0.0024,NORMAL,None,Medium
2605,0,4,40,0.0022,NORMAL,None,Low
2605,0,5,50,0.0024,NORMAL,None,Low
2605,0,6,60,0.0023,NORMAL,None,Low
2606,0,1,10,0.0016,NORMAL,None,Medium
2606,0,2,20,0.0019,NORMAL,None,Medium
2606,0,3,30,0.0022,NORMAL,None,Medium
2606,0,4,40,0.0021,NORMAL,None,Low
2606,0,5,50,0.0018,NORMAL,None,Low
2606,0,6,60,0.002,NORMAL,None,Low
2607,0,1,10,0.002,NORMAL,None,Medium
2607,0,2,20,0.0024,NORMAL,None,Medium
2607,0,3,30,0.0023,NORMAL,None,Medium
2607,0,4,40,0.0021,NORMAL,None,Low
2607,0,5,50,0.0021,NORMAL,None,Low
2607,0,6,60,0.0022,NORMAL,None,Low
2608,0,1,10,0.0023,NORMAL,None,Medium
2608,0,2,20,0.0022,NORMAL,None,Medium
2608,0,3,30,0.0024,NORMAL,None,Medium
2608,0,4,40,0.0021,NORMAL,None,Low
2608,0,5,50,0.0022,NORMAL,None,Low
2608,0,6,60,0.0023,NORMAL,None,Low
2609,0,1,10,0.0026,NORMAL,None,Medium
2609,0,2,20,0.0029,NORMAL,None,Medium
2609,0,3,30,0.0023,NORMAL,None,Medium
2609,0,4,40,0.0027,NORMAL,None,Low
2609,0,5,50,0.0024,NORMAL,None,Low
2609,0,6,60,0.0024,NORMAL,None,Low
2610,0,1,10,0.0023,NORMAL,None,Medium
2610,0,2,20,0.0026,NORMAL,None,Medium
2610,0,3,30,0.0026,NORMAL,None,Medium
2610,0,4,40,0.0022,NORMAL,None,Low
2610,0,5,50,0.0021,NORMAL,None,Low
2610,0,6,60,0.002,NORMAL,None,Low
2611,0,1,10,0.0025,NORMAL,None,Medium
2611,0,2,20,0.0027,NORMAL,None,Medium
2611,0,3,30,0.0026,NORMAL,None,Medium
2611,0,4,40,0.0024,NORMAL,None,Low
2611,0,5,50,0.0022,NORMAL,None,Low
2611,0,6,60,0.0021,NORMAL,None,Low
2612,0,1,10,0.0028,NORMAL,None,Medium
2612,0,2,20,0.0025,NORMAL,None,Medium
2612,0,3,30,0.0024,NORMAL,None,Medium
2612,0,4,40,0.0026,NORMAL,None,Low
2612,0,5,50,0.0022,NORMAL,None,Low
2612,0,6,60,0.0019,NORMAL,None,Low
2613,0,1,10,0.0025,NORMAL,None,Medium
2613,0,2,20,0.0029,NORMAL,None,Medium
2613,0,3,30,0.0027,NORMAL,None,Medium
2613,0,4,40,0.0025,NORMAL,None,Low
2613,0,5,50,0.002,NORMAL,None,Low
2613,0,6,60,0.0022,NORMAL,None,Low
2614,0,1,10,0.0028,NORMAL,None,Medium
2614,0,2,20,0.0028,NORMAL,None,Medium
2614,0,3,30,0.0028,NORMAL,None,Medium
2614,0,4,40,0.0024,NORMAL,None,Low
2614,0,5,50,0.0019,NORMAL,None,Low
2614,0,6,60,0.002,NORMAL,None,Low
2615,0,1,10,0.0032,NORMAL,None,Medium
2615,0,2,20,0.0031,NORMAL,None,Medium
2615,0,3,30,0.003,NORMAL,None,Medium
2615,0,4,40,0.0026,NORMAL,None,Low
2615,0,5,50,0.0025,NORMAL,None,Low
2615,0,6,60,0.0025,NORMAL,None,Low
2616,0,1,10,0.003,NORMAL,None,Medium
2616,0,2,20,0.0032,NORMAL,None,Medium
2616,0,3,30,0.0027,NORMAL,None,Medium
2616,0,4,40,0.0024,NORMAL,None,Low
2616,0,5,50,0.0023,NORMAL,None,Low
2616,0,6,60,0.0022,NORMAL,None,Low
2617,0,1,10,0.0033,NORMAL,None,Medium
2617,0,2,20,0.0031,NORMAL,None,Medium
2617,0,3,30,0.0024,NORMAL,None,Medium
2617,0,4,40,0.0025,NORMAL,None,Low
2617,0,5,50,0.0023,NORMAL,None,Low
2617,0,6,60,0.0022,NORMAL,None,Low
2618,0,1,10,0.0022,NORMAL,None,Medium
2618,0,2,20,0.0021,NORMAL,None,Medium
2618,0,3,30,0.0025,NORMAL,None,Medium
2618,0,4,40,0.0023,NORMAL,None,Low
2618,0,5,50,0.0018,NORMAL,None,Low
2618,0,6,60,0.0018,NORMAL,None,Low
2619,0,1,10,0.003,NORMAL,None,Medium
2619,0,2,20,0.0029,NORMAL,None,Medium
2619,0,3,30,0.0027,NORMAL,None,Medium
2619,0,4,40,0.002,NORMAL,None,Low
2619,0,5,50,0.0024,NORMAL,None,Low
2619,0,6,60,0.0024,NORMAL,None,Low
2620,0,1,10,0.0033,NORMAL,None,Medium
2620,0,2,20,0.0028,NORMAL,None,Medium
2620,0,3,30,0.0028,NORMAL,None,Medium
2620,0,4,40,0.0025,NORMAL,None,Low
2620,0,5,50,0.0019,NORMAL,None,Low
2620,0,6,60,0.0021,NORMAL,None,Low
2621,0,1,10,0.0038,NORMAL,None,Medium
2621,0,2,20,0.0034,NORMAL,None,Medium
2621,0,3,30,0.0029,NORMAL,None,Medium
2621,0,4,40,0.0025,NORMAL,None,Low
2621,0,5,50,0.0025,NORMAL,None,Low
2621,0,6,60,0.0022,NORMAL,None,Low
2622,0,1,10,0.003,NORMAL,None,Medium
2622,0,2,20,0.0033,NORMAL,None,Medium
2622,0,3,30,0.0025,NORMAL,None,Medium
2622,0,4,40,0.0026,NORMAL,None,Low
2622,0,5,50,0.0024,NORMAL,None,Low
2622,0,6,60,0.0024,NORMAL,None,Low
2623,0,1,10,0.0029,NORMAL,None,Medium
2623,0,2,20,0.0029,NORMAL,None,Medium
2623,0,3,30,0.0028,NORMAL,None,Medium
2623,0,4,40,0.0024,NORMAL,None,Low
2623,0,5,50,0.0024,NORMAL,None,Low
2623,0,6,60,0.0021,NORMAL,None,Low
2624,0,1,10,0.0023,NORMAL,None,Medium
2624,0,2,20,0.0022,NORMAL,None,Medium
2624,0,3,30,0.0022,NORMAL,None,Medium
2624,0,4,40,0.002,NORMAL,None,Low
2624,0,5,50,0.0023,NORMAL,None,Low
2624,0,6,60,0.0022,NORMAL,None,Low
2625,0,1,10,0.0021,NORMAL,None,Medium
2625,0,2,20,0.0027,NORMAL,None,Medium
2625,0,3,30,0.0026,NORMAL,None,Medium
2625,0,4,40,0.0026,NORMAL,None,Low
2625,0,5,50,0.0022,NORMAL,None,Low
2625,0,6,60,0.0024,NORMAL,None,Low
2626,0,1,10,0.0024,NORMAL,None,Medium
2626,0,2,20,0.0029,NORMAL,None,Medium
2626,0,3,30,0.0027,NORMAL,None,Medium
2626,0,4,40,0.0021,NORMAL,None,Low
2626,0,5,50,0.0025,NORMAL,None,Low
2626,0,6,60,0.0025,NORMAL,None,Low
2627,0,1,10,0.0028,NORMAL,None,Medium
2627,0,2,20,0.0026,NORMAL,None,Medium
2627,0,3,30,0.0024,NORMAL,None,Medium
2627,0,4,40,0.0025,NORMAL,None,Low
2627,0,5,50,0.0024,NORMAL,None,Low
2627,0,6,60,0.0023,NORMAL,None,Low
2628,0,1,10,0.0029,NORMAL,None,Medium
2628,0,2,20,0.0029,NORMAL,None,Medium
2628,0,3,30,0.0023,NORMAL,None,Medium
2628,0,4,40,0.0024,NORMAL,None,Low
2628,0,5,50,0.0024,NORMAL,None,Low
2628,0,6,60,0.0023,NORMAL,None,Low
2629,0,1,10,0.0033,NORMAL,None,Medium
2629,0,2,20,0.0029,NORMAL,None,Medium
2629,0,3,30,0.0029,NORMAL,None,Medium
2629,0,4,40,0.0026,NORMAL,None,Low
2629,0,5,50,0.0023,NORMAL,None,Low
2629,0,6,60,0.0026,NORMAL,None,Low
2630,0,1,10,0.0024,NORMAL,None,Medium
2630,0,2,20,0.0025,NORMAL,None,Medium
2630,0,3,30,0.0026,NORMAL,None,Medium
2630,0,4,40,0.0023,NORMAL,None,Low
2630,0,5,50,0.0022,NORMAL,None,Low
2630,0,6,60,0.0022,NORMAL,None,Low
2631,0,1,10,0.0025,NORMAL,None,Medium
2631,0,2,20,0.0027,NORMAL,None,Medium
2631,0,3,30,0.0022,NORMAL,None,Medium
2631,0,4,40,0.0023,NORMAL,None,Low
2631,0,5,50,0.0023,NORMAL,None,Low
2631,0,6,60,0.0022,NORMAL,None,Low
2632,0,1,10,0.0024,NORMAL,None,Medium
2632,0,2,20,0.0024,NORMAL,None,Medium
2632,0,3,30,0.0022,NORMAL,None,Medium
2632,0,4,40,0.002,NORMAL,None,Low
2632,0,5,50,0.0019,NORMAL,None,Low
2632,0,6,60,0.002,NORMAL,None,Low
2633,0,1,10,0.0023,NORMAL,None,Medium
2633,0,2,20,0.0028,NORMAL,None,Medium
2633,0,3,30,0.0021,NORMAL,None,Medium
2633,0,4,40,0.0024,NORMAL,None,Low
2633,0,5,50,0.0023,NORMAL,None,Low
2633,0,6,60,0.002,NORMAL,None,Low
2634,0,1,10,0.0025,NORMAL,None,Medium
2634,0,2,20,0.003,NORMAL,None,Medium
2634,0,3,30,0.0024,NORMAL,None,Medium
2634,0,4,40,0.0026,NORMAL,None,Low
2634,0,5,50,0.0024,NORMAL,None,Low
2634,0,6,60,0.0022,NORMAL,None,Low
2635,0,1,10,0.0024,NORMAL,None,Medium
2635,0,2,20,0.0028,NORMAL,None,Medium
2635,0,3,30,0.0028,NORMAL,None,Medium
2635,0,4,40,0.0022,NORMAL,None,Low
2635,0,5,50,0.0023,NORMAL,None,Low
2635,0,6,60,0.0024,NORMAL,None,Low
2636,0,1,10,0.0022,NORMAL,None,Medium
2636,0,2,20,0.0029,NORMAL,None,Medium
2636,0,3,30,0.0028,NORMAL,None,Medium
2636,0,4,40,0.0026,NORMAL,None,Low
2636,0,5,50,0.0021,NORMAL,None,Low
2636,0,6,60,0.0021,NORMAL,None,Low
2637,0,1,10,0.0024,NORMAL,None,Medium
2637,0,2,20,0.0026,NORMAL,None,Medium
2637,0,3,30,0.0024,NORMAL,None,Medium
2637,0,4,40,0.0026,NORMAL,None,Low
2637,0,5,50,0.0022,NORMAL,None,Low
2637,0,6,60,0.0022,NORMAL,None,Low
2638,0,1,10,0.0022,NORMAL,None,Medium
2638,0,2,20,0.0026,NORMAL,None,Medium
2638,0,3,30,0.0023,NORMAL,None,Medium
2638,0,4,40,0.0025,NORMAL,None,Low
2638,0,5,50,0.0023,NORMAL,None,Low
2638,0,6,60,0.002,NORMAL,None,Low
2639,0,1,10,0.0027,NORMAL,None,Medium
2639,0,2,20,0.0027,NORMAL,None,Medium
2639,0,3,30,0.0025,NORMAL,None,Medium
2639,0,4,40,0.0022,NORMAL,None,Low
2639,0,5,50,0.0024,NORMAL,None,Low
2639,0,6,60,0.0023,NORMAL,None,Low
2640,0,1,10,0.0027,NORMAL,None,Medium
2640,0,2,20,0.0033,NORMAL,None,Medium
2640,0,3,30,0.0026,NORMAL,None,Medium
2640,0,4,40,0.0024,NORMAL,None,Low
2640,0,5,50,0.0027,NORMAL,None,Low
2640,0,6,60,0.0023,NORMAL,None,Low
2641,0,1,10,0.0025,NORMAL,None,Medium
2641,0,2,20,0.0026,NORMAL,None,Medium
2641,0,3,30,0.0025,NORMAL,None,Medium
2641,0,4,40,0.0022,NORMAL,None,Low
2641,0,5,50,0.0022,NORMAL,None,Low
2641,0,6,60,0.0021,NORMAL,None,Low
2642,0,1,10,0.0026,NORMAL,None,Medium
2642,0,2,20,0.0027,NORMAL,None,Medium
2642,0,3,30,0.0028,NORMAL,None,Medium
2642,0,4,40,0.0029,NORMAL,None,Low
2642,0,5,50,0.0025,NORMAL,None,Low
2642,0,6,60,0.0024,NORMAL,None,Low
2643,0,1,10,0.0028,NORMAL,None,Medium
2643,0,2,20,0.0037,NORMAL,None,Medium
2643,0,3,30,0.0028,NORMAL,None,Medium
2643,0,4,40,0.0022,NORMAL,None,Low
2643,0,5,50,0.0023,NORMAL,None,Low
2643,0,6,60,0.0022,NORMAL,None,Low
2644,0,1,10,0.0027,NORMAL,None,Medium
2644,0,2,20,0.0029,NORMAL,None,Medium
2644,0,3,30,0.0026,NORMAL,None,Medium
2644,0,4,40,0.0024,NORMAL,None,Low
2644,0,5,50,0.0027,NORMAL,None,Low
2644,0,6,60,0.0023,NORMAL,None,Low
2645,0,1,10,0.003,NORMAL,None,Medium
2645,0,2,20,0.003,NORMAL,None,Medium
2645,0,3,30,0.0025,NORMAL,None,Medium
2645,0,4,40,0.0024,NORMAL,None,Low
2645,0,5,50,0.0021,NORMAL,None,Low
2645,0,6,60,0.002,NORMAL,None,Low
2646,0,1,10,0.0033,NORMAL,None,Medium
2646,0,2,20,0.0031,NORMAL,None,Medium
2646,0,3,30,0.0031,NORMAL,None,Medium
2646,0,4,40,0.0031,NORMAL,None,Low
2646,0,5,50,0.0021,NORMAL,None,Low
2646,0,6,60,0.0022,NORMAL,None,Low
2647,0,1,10,0.0033,NORMAL,None,Medium
2647,0,2,20,0.003,NORMAL,None,Medium
2647,0,3,30,0.0029,NORMAL,None,Medium
2647,0,4,40,0.0024,NORMAL,None,Low
2647,0,5,50,0.0024,NORMAL,None,Low
2647,0,6,60,0.0023,NORMAL,None,Low
2648,0,1,10,0.0028,NORMAL,None,Medium
2648,0,2,20,0.0029,NORMAL,None,Medium
2648,0,3,30,0.0027,NORMAL,None,Medium
2648,0,4,40,0.0026,NORMAL,None,Low
2648,0,5,50,0.0022,NORMAL,None,Low
2648,0,6,60,0.0021,NORMAL,None,Low
2649,0,1,10,0.0029,NORMAL,None,Medium
2649,0,2,20,0.003,NORMAL,None,Medium
2649,0,3,30,0.0027,NORMAL,None,Medium
2649,0,4,40,0.0023,NORMAL,None,Low
2649,0,5,50,0.0022,NORMAL,None,Low
2649,0,6,60,0.0023,NORMAL,None,Low
2650,0,1,10,0.0022,NORMAL,None,Medium
2650,0,2,20,0.0025,NORMAL,None,Medium
2650,0,3,30,0.0026,NORMAL,None,Medium
2650,0,4,40,0.0022,NORMAL,None,Low
2650,0,5,50,0.0021,NORMAL,None,Low
2650,0,6,60,0.0024,NORMAL,None,Low
2651,0,1,10,0.0023,NORMAL,None,Medium
2651,0,2,20,0.0032,NORMAL,None,Medium
2651,0,3,30,0.0023,NORMAL,None,Medium
2651,0,4,40,0.0023,NORMAL,None,Low
2651,0,5,50,0.0025,NORMAL,None,Low
2651,0,6,60,0.0023,NORMAL,None,Low
2652,0,1,10,0.0022,NORMAL,None,Medium
2652,0,2,20,0.0027,NORMAL,None,Medium
2652,0,3,30,0.0025,NORMAL,None,Medium
2652,0,4,40,0.0022,NORMAL,None,Low
2652,0,5,50,0.0024,NORMAL,None,Low
2652,0,6,60,0.0022,NORMAL,None,Low
2653,0,1,10,0.0028,NORMAL,None,Medium
2653,0,2,20,0.003,NORMAL,None,Medium
2653,0,3,30,0.0026,NORMAL,None,Medium
2653,0,4,40,0.0022,NORMAL,None,Low
2653,0,5,50,0.0023,NORMAL,None,Low
2653,0,6,60,0.0021,NORMAL,None,Low
2654,0,1,10,0.0023,NORMAL,None,Medium
2654,0,2,20,0.0027,NORMAL,None,Medium
2654,0,3,30,0.0024,NORMAL,None,Medium
2654,0,4,40,0.0027,NORMAL,None,Low
2654,0,5,50,0.0025,NORMAL,None,Low
2654,0,6,60,0.0023,NORMAL,None,Low
2655,0,1,10,0.0037,NORMAL,None,Medium
2655,0,2,20,0.0029,NORMAL,None,Medium
2655,0,3,30,0.0026,NORMAL,None,Medium
2655,0,4,40,0.0025,NORMAL,None,Low
2655,0,5,50,0.002,NORMAL,None,Low
2655,0,6,60,0.0024,NORMAL,None,Low
2656,0,1,10,0.0031,NORMAL,None,Medium
2656,0,2,20,0.0025,NORMAL,None,Medium
2656,0,3,30,0.0021,NORMAL,None,Medium
2656,0,4,40,0.0022,NORMAL,None,Low
2656,0,5,50,0.0023,NORMAL,None,Low
2656,0,6,60,0.0023,NORMAL,None,Low
2657,0,1,10,0.0027,NORMAL,None,Medium
2657,0,2,20,0.0036,NORMAL,None,Medium
2657,0,3,30,0.0025,NORMAL,None,Medium
2657,0,4,40,0.0025,NORMAL,None,Low
2657,0,5,50,0.0023,NORMAL,None,Low
2657,0,6,60,0.0026,NORMAL,None,Low
2658,0,1,10,0.0022,NORMAL,None,Medium
2658,0,2,20,0.0019,NORMAL,None,Medium
2658,0,3,30,0.0021,NORMAL,None,Medium
2658,0,4,40,0.0025,NORMAL,None,Low
2658,0,5,50,0.0022,NORMAL,None,Low
2658,0,6,60,0.0022,NORMAL,None,Low
2659,0,1,10,0.0046,NORMAL,None,Medium
2659,0,2,20,0.0029,NORMAL,None,Medium
2659,0,3,30,0.0026,NORMAL,None,Medium
2659,0,4,40,0.0024,NORMAL,None,Low
2659,0,5,50,0.0024,NORMAL,None,Low
2659,0,6,60,0.002,NORMAL,None,Low
2660,0,1,10,0.0112,NORMAL,None,Medium
2660,0,2,20,0.0036,NORMAL,None,Medium
2660,0,3,30,0.0027,NORMAL,None,Medium
2660,0,4,40,0.0024,NORMAL,None,Low
2660,0,5,50,0.0025,NORMAL,None,Low
2660,0,6,60,0.0024,NORMAL,None,Low
2661,0,1,10,0.0215,NORMAL,None,Medium
2661,0,2,20,0.0065,NORMAL,None,Medium
2661,0,3,30,0.0044,NORMAL,None,Medium
2661,0,4,40,0.0035,NORMAL,None,Low
2661,0,5,50,0.0024,NORMAL,None,Low
2661,0,6,60,0.0024,NORMAL,None,Low
2662,0,1,10,0.0047,NORMAL,None,Medium
2662,0,2,20,0.0035,NORMAL,None,Medium
2662,0,3,30,0.0026,NORMAL,None,Medium
2662,0,4,40,0.0026,NORMAL,None,Low
2662,0,5,50,0.0024,NORMAL,None,Low
2662,0,6,60,0.0021,NORMAL,None,Low
2663,0,1,10,0.0028,NORMAL,None,Medium
2663,0,2,20,0.0028,NORMAL,None,Medium
2663,0,3,30,0.0023,NORMAL,None,Medium
2663,0,4,40,0.0023,NORMAL,None,Low
2663,0,5,50,0.0024,NORMAL,None,Low
2663,0,6,60,0.0023,NORMAL,None,Low
2664,0,1,10,0.0024,NORMAL,None,Medium
2664,0,2,20,0.0033,NORMAL,None,Medium
2664,0,3,30,0.0022,NORMAL,None,Medium
2664,0,4,40,0.0027,NORMAL,None,Low
2664,0,5,50,0.0024,NORMAL,None,Low
2664,0,6,60,0.0021,NORMAL,None,Low
2665,0,1,10,0.0031,NORMAL,None,Medium
2665,0,2,20,0.003,NORMAL,None,Medium
2665,0,3,30,0.0027,NORMAL,None,Medium
2665,0,4,40,0.002,NORMAL,None,Low
2665,0,5,50,0.0021,NORMAL,None,Low
2665,0,6,60,0.0022,NORMAL,None,Low
2666,0,1,10,0.0035,NORMAL,None,Medium
2666,0,2,20,0.0034,NORMAL,None,Medium
2666,0,3,30,0.0024,NORMAL,None,Medium
2666,0,4,40,0.0029,NORMAL,None,Low
2666,0,5,50,0.0026,NORMAL,None,Low
2666,0,6,60,0.0024,NORMAL,None,Low
2667,0,1,10,0.0042,NORMAL,None,Medium
2667,0,2,20,0.0034,NORMAL,None,Medium
2667,0,3,30,0.0031,NORMAL,None,Medium
2667,0,4,40,0.0025,NORMAL,None,Low
2667,0,5,50,0.0024,NORMAL,None,Low
2667,0,6,60,0.0023,NORMAL,None,Low
2668,0,1,10,0.0027,NORMAL,None,Medium
2668,0,2,20,0.0027,NORMAL,None,Medium
2668,0,3,30,0.0027,NORMAL,None,Medium
2668,0,4,40,0.0023,NORMAL,None,Low
2668,0,5,50,0.0026,NORMAL,None,Low
2668,0,6,60,0.0021,NORMAL,None,Low
2669,0,1,10,0.0024,NORMAL,None,Medium
2669,0,2,20,0.0026,NORMAL,None,Medium
2669,0,3,30,0.0025,NORMAL,None,Medium
2669,0,4,40,0.0022,NORMAL,None,Low
2669,0,5,50,0.0025,NORMAL,None,Low
2669,0,6,60,0.0022,NORMAL,None,Low
2670,0,1,10,0.0028,NORMAL,None,Medium
2670,0,2,20,0.0031,NORMAL,None,Medium
2670,0,3,30,0.0027,NORMAL,None,Medium
2670,0,4,40,0.0024,NORMAL,None,Low
2670,0,5,50,0.0024,NORMAL,None,Low
2670,0,6,60,0.0021,NORMAL,None,Low
2671,0,1,10,0.0028,NORMAL,None,Medium
2671,0,2,20,0.0033,NORMAL,None,Medium
2671,0,3,30,0.003,NORMAL,None,Medium
2671,0,4,40,0.0025,NORMAL,None,Low
2671,0,5,50,0.0023,NORMAL,None,Low
2671,0,6,60,0.0031,NORMAL,None,Low
2672,0,1,10,0.0026,NORMAL,None,Medium
2672,0,2,20,0.003,NORMAL,None,Medium
2672,0,3,30,0.0029,NORMAL,None,Medium
2672,0,4,40,0.0026,NORMAL,None,Low
2672,0,5,50,0.0022,NORMAL,None,Low
2672,0,6,60,0.002,NORMAL,None,Low
2673,0,1,10,0.0027,NORMAL,None,Medium
2673,0,2,20,0.0029,NORMAL,None,Medium
2673,0,3,30,0.0027,NORMAL,None,Medium
2673,0,4,40,0.0022,NORMAL,None,Low
2673,0,5,50,0.0022,NORMAL,None,Low
2673,0,6,60,0.0024,NORMAL,None,Low
2674,0,1,10,0.0027,NORMAL,None,Medium
2674,0,2,20,0.0031,NORMAL,None,Medium
2674,0,3,30,0.0026,NORMAL,None,Medium
2674,0,4,40,0.0023,NORMAL,None,Low
2674,0,5,50,0.0024,NORMAL,None,Low
2674,0,6,60,0.0022,NORMAL,None,Low
2675,0,1,10,0.0028,NORMAL,None,Medium
2675,0,2,20,0.0035,NORMAL,None,Medium
2675,0,3,30,0.003,NORMAL,None,Medium
2675,0,4,40,0.0025,NORMAL,None,Low
2675,0,5,50,0.0022,NORMAL,None,Low
2675,0,6,60,0.0023,NORMAL,None,Low
2676,0,1,10,0.0024,NORMAL,None,Medium
2676,0,2,20,0.0029,NORMAL,None,Medium
2676,0,3,30,0.0026,NORMAL,None,Medium
2676,0,4,40,0.0022,NORMAL,None,Low
2676,0,5,50,0.0027,NORMAL,None,Low
2676,0,6,60,0.0024,NORMAL,None,Low
2677,0,1,10,0.003,NORMAL,None,Medium
2677,0,2,20,0.0037,NORMAL,None,Medium
2677,0,3,30,0.0027,NORMAL,None,Medium
2677,0,4,40,0.0025,NORMAL,None,Low
2677,0,5,50,0.0024,NORMAL,None,Low
2677,0,6,60,0.0023,NORMAL,None,Low
2678,0,1,10,0.0027,NORMAL,None,Medium
2678,0,2,20,0.0025,NORMAL,None,Medium
2678,0,3,30,0.0026,NORMAL,None,Medium
2678,0,4,40,0.0021,NORMAL,None,Low
2678,0,5,50,0.0024,NORMAL,None,Low
2678,0,6,60,0.0021,NORMAL,None,Low
2679,0,1,10,0.0023,NORMAL,None,Medium
2679,0,2,20,0.0025,NORMAL,None,Medium
2679,0,3,30,0.0023,NORMAL,None,Medium
2679,0,4,40,0.0022,NORMAL,None,Low
2679,0,5,50,0.0019,NORMAL,None,Low
2679,0,6,60,0.0021,NORMAL,None,Low
2680,0,1,10,0.0022,NORMAL,None,Medium
2680,0,2,20,0.0021,NORMAL,None,Medium
2680,0,3,30,0.0025,NORMAL,None,Medium
2680,0,4,40,0.0018,NORMAL,None,Low
2680,0,5,50,0.0021,NORMAL,None,Low
2680,0,6,60,0.0021,NORMAL,None,Low
2681,0,1,10,0.0018,NORMAL,None,Medium
2681,0,2,20,0.0025,NORMAL,None,Medium
2681,0,3,30,0.0027,NORMAL,None,Medium
2681,0,4,40,0.0023,NORMAL,None,Low
2681,0,5,50,0.0024,NORMAL,None,Low
2681,0,6,60,0.0022,NORMAL,None,Low
2682,0,1,10,0.0027,NORMAL,None,Medium
2682,0,2,20,0.0022,NORMAL,None,Medium
2682,0,3,30,0.0023,NORMAL,None,Medium
2682,0,4,40,0.0023,NORMAL,None,Low
2682,0,5,50,0.0022,NORMAL,None,Low
2682,0,6,60,0.0023,NORMAL,None,Low
2683,0,1,10,0.0027,NORMAL,None,Medium
2683,0,2,20,0.0025,NORMAL,None,Medium
2683,0,3,30,0.0024,NORMAL,None,Medium
2683,0,4,40,0.0021,NORMAL,None,Low
2683,0,5,50,0.0019,NORMAL,None,Low
2683,0,6,60,0.0022,NORMAL,None,Low
2684,0,1,10,0.0024,NORMAL,None,Medium
2684,0,2,20,0.0025,NORMAL,None,Medium
2684,0,3,30,0.0021,NORMAL,None,Medium
2684,0,4,40,0.0023,NORMAL,None,Low
2684,0,5,50,0.0022,NORMAL,None,Low
2684,0,6,60,0.0021,NORMAL,None,Low
2685,0,1,10,0.0039,NORMAL,None,Medium
2685,0,2,20,0.0018,NORMAL,None,Medium
2685,0,3,30,0.0021,NORMAL,None,Medium
2685,0,4,40,0.0017,NORMAL,None,Low
2685,0,5,50,0.0019,NORMAL,None,Low
2685,0,6,60,0.002,NORMAL,None,Low
2686,0,1,10,0.031,NORMAL,None,Medium
2686,0,2,20,0.0045,NORMAL,None,Medium
2686,0,3,30,0.0025,NORMAL,None,Medium
2686,0,4,40,0.0022,NORMAL,None,Low
2686,0,5,50,0.0022,NORMAL,None,Low
2686,0,6,60,0.0022,NORMAL,None,Low
2687,0,1,10,0.2122,NORMAL,None,Medium
2687,0,2,20,0.0572,NORMAL,None,Medium
2687,0,3,30,0.0388,NORMAL,None,Medium
2687,0,4,40,0.0371,NORMAL,None,Low
2687,0,5,50,0.0377,NORMAL,None,Low
2687,0,6,60,0.0406,NORMAL,None,Low
2688,0,1,10,0.9424,CONTINUATION,Attack (unspecified),Low
2688,0,2,20,0.9636,CONTINUATION,Attack (unspecified),Low
2688,0,3,30,0.9791,ACTIVE,Attack (unspecified),Low
2688,0,4,40,0.9843,ACTIVE,Attack (unspecified),Low
2688,0,5,50,0.9853,ACTIVE,Attack (unspecified),Low
2688,0,6,60,0.9828,ACTIVE,Attack (unspecified),Low
2689,0,1,10,0.99,ACTIVE,Attack (unspecified),Low
2689,0,2,20,0.9962,ACTIVE,Attack (unspecified),Low
2689,0,3,30,0.9978,ACTIVE,Attack (unspecified),Low
2689,0,4,40,0.9982,ACTIVE,Attack (unspecified),Low
2689,0,5,50,0.9982,ACTIVE,Attack (unspecified),Low
2689,0,6,60,0.9985,ACTIVE,Attack (unspecified),Low
2690,0,1,10,0.9946,ACTIVE,Attack (unspecified),Low
2690,0,2,20,0.9965,ACTIVE,Attack (unspecified),Low
2690,0,3,30,0.9978,ACTIVE,Attack (unspecified),Low
2690,0,4,40,0.9982,ACTIVE,Attack (unspecified),Low
2690,0,5,50,0.9983,ACTIVE,Attack (unspecified),Low
2690,0,6,60,0.9984,ACTIVE,Attack (unspecified),Low
2691,0,1,10,0.9582,ACTIVE,Attack (unspecified),Low
2691,0,2,20,0.9858,ACTIVE,Attack (unspecified),Low
2691,0,3,30,0.9916,ACTIVE,Attack (unspecified),Low
2691,0,4,40,0.9918,ACTIVE,Attack (unspecified),Low
2691,0,5,50,0.9936,ACTIVE,Attack (unspecified),Low
2691,0,6,60,0.9932,ACTIVE,Attack (unspecified),Low
2692,0,1,10,0.7505,PRE_ATTACK,Reconnaissance,Low
2692,0,2,20,0.7875,CONTINUATION,Attack (unspecified),Low
2692,0,3,30,0.7792,ONSET,Attack (unspecified),Low
2692,0,4,40,0.7743,ONSET,Attack (unspecified),Low
2692,0,5,50,0.7676,ACTIVE,Attack (unspecified),Low
2692,0,6,60,0.7587,ACTIVE,Attack (unspecified),Low
2693,0,1,10,0.3919,NORMAL,None,Medium
2693,0,2,20,0.117,NORMAL,None,Medium
2693,0,3,30,0.0379,NORMAL,None,Medium
2693,0,4,40,0.0222,NORMAL,None,Low
2693,0,5,50,0.0197,NORMAL,None,Low
2693,0,6,60,0.0176,NORMAL,None,Low
2694,0,1,10,0.4843,NORMAL,None,Medium
2694,0,2,20,0.1968,NORMAL,None,Medium
2694,0,3,30,0.0848,NORMAL,None,Medium
2694,0,4,40,0.0633,NORMAL,None,Low
2694,0,5,50,0.0554,NORMAL,None,Low
2694,0,6,60,0.0566,NORMAL,None,Low
2695,0,1,10,0.0265,NORMAL,None,Medium
2695,0,2,20,0.0065,NORMAL,None,Medium
2695,0,3,30,0.0035,NORMAL,None,Medium
2695,0,4,40,0.0029,NORMAL,None,Low
2695,0,5,50,0.0025,NORMAL,None,Low
2695,0,6,60,0.0023,NORMAL,None,Low
2696,0,1,10,0.005,NORMAL,None,Medium
2696,0,2,20,0.0038,NORMAL,None,Medium
2696,0,3,30,0.003,NORMAL,None,Medium
2696,0,4,40,0.0025,NORMAL,None,Low
2696,0,5,50,0.0022,NORMAL,None,Low
2696,0,6,60,0.0023,NORMAL,None,Low
2697,0,1,10,0.0041,NORMAL,None,Medium
2697,0,2,20,0.0038,NORMAL,None,Medium
2697,0,3,30,0.0028,NORMAL,None,Medium
2697,0,4,40,0.0026,NORMAL,None,Low
2697,0,5,50,0.0025,NORMAL,None,Low
2697,0,6,60,0.0022,NORMAL,None,Low
2698,0,1,10,0.0033,NORMAL,None,Medium
2698,0,2,20,0.0027,NORMAL,None,Medium
2698,0,3,30,0.0027,NORMAL,None,Medium
2698,0,4,40,0.0023,NORMAL,None,Low
2698,0,5,50,0.0024,NORMAL,None,Low
2698,0,6,60,0.002,NORMAL,None,Low
2699,0,1,10,0.0027,NORMAL,None,Medium
2699,0,2,20,0.0026,NORMAL,None,Medium
2699,0,3,30,0.0026,NORMAL,None,Medium
2699,0,4,40,0.0025,NORMAL,None,Low
2699,0,5,50,0.0019,NORMAL,None,Low
2699,0,6,60,0.002,NORMAL,None,Low
2700,0,1,10,0.0024,NORMAL,None,Medium
2700,0,2,20,0.0031,NORMAL,None,Medium
2700,0,3,30,0.0031,NORMAL,None,Medium
2700,0,4,40,0.0027,NORMAL,None,Low
2700,0,5,50,0.0025,NORMAL,None,Low
2700,0,6,60,0.0024,NORMAL,None,Low
2701,0,1,10,0.0023,NORMAL,None,Medium
2701,0,2,20,0.0024,NORMAL,None,Medium
2701,0,3,30,0.0021,NORMAL,None,Medium
2701,0,4,40,0.0022,NORMAL,None,Low
2701,0,5,50,0.0021,NORMAL,None,Low
2701,0,6,60,0.0023,NORMAL,None,Low
2702,0,1,10,0.0024,NORMAL,None,Medium
2702,0,2,20,0.0029,NORMAL,None,Medium
2702,0,3,30,0.003,NORMAL,None,Medium
2702,0,4,40,0.0025,NORMAL,None,Low
2702,0,5,50,0.0022,NORMAL,None,Low
2702,0,6,60,0.0023,NORMAL,None,Low
2703,0,1,10,0.0037,NORMAL,None,Medium
2703,0,2,20,0.0032,NORMAL,None,Medium
2703,0,3,30,0.0026,NORMAL,None,Medium
2703,0,4,40,0.0026,NORMAL,None,Low
2703,0,5,50,0.0027,NORMAL,None,Low
2703,0,6,60,0.0024,NORMAL,None,Low
2704,0,1,10,0.0033,NORMAL,None,Medium
2704,0,2,20,0.003,NORMAL,None,Medium
2704,0,3,30,0.0028,NORMAL,None,Medium
2704,0,4,40,0.0025,NORMAL,None,Low
2704,0,5,50,0.0021,NORMAL,None,Low
2704,0,6,60,0.0021,NORMAL,None,Low
2705,0,1,10,0.003,NORMAL,None,Medium
2705,0,2,20,0.0026,NORMAL,None,Medium
2705,0,3,30,0.0025,NORMAL,None,Medium
2705,0,4,40,0.0023,NORMAL,None,Low
2705,0,5,50,0.0024,NORMAL,None,Low
2705,0,6,60,0.0021,NORMAL,None,Low
2706,0,1,10,0.0021,NORMAL,None,Medium
2706,0,2,20,0.0027,NORMAL,None,Medium
2706,0,3,30,0.0028,NORMAL,None,Medium
2706,0,4,40,0.0025,NORMAL,None,Low
2706,0,5,50,0.0023,NORMAL,None,Low
2706,0,6,60,0.0021,NORMAL,None,Low
2707,0,1,10,0.002,NORMAL,None,Medium
2707,0,2,20,0.0019,NORMAL,None,Medium
2707,0,3,30,0.0023,NORMAL,None,Medium
2707,0,4,40,0.0022,NORMAL,None,Low
2707,0,5,50,0.0021,NORMAL,None,Low
2707,0,6,60,0.0021,NORMAL,None,Low
2708,0,1,10,0.0032,NORMAL,None,Medium
2708,0,2,20,0.0027,NORMAL,None,Medium
2708,0,3,30,0.0023,NORMAL,None,Medium
2708,0,4,40,0.0024,NORMAL,None,Low
2708,0,5,50,0.0021,NORMAL,None,Low
2708,0,6,60,0.0021,NORMAL,None,Low
2709,0,1,10,0.003,NORMAL,None,Medium
2709,0,2,20,0.0027,NORMAL,None,Medium
2709,0,3,30,0.0025,NORMAL,None,Medium
2709,0,4,40,0.0025,NORMAL,None,Low
2709,0,5,50,0.0022,NORMAL,None,Low
2709,0,6,60,0.0024,NORMAL,None,Low
2710,0,1,10,0.003,NORMAL,None,Medium
2710,0,2,20,0.0027,NORMAL,None,Medium
2710,0,3,30,0.0027,NORMAL,None,Medium
2710,0,4,40,0.0025,NORMAL,None,Low
2710,0,5,50,0.0019,NORMAL,None,Low
2710,0,6,60,0.0022,NORMAL,None,Low
2711,0,1,10,0.0028,NORMAL,None,Medium
2711,0,2,20,0.0023,NORMAL,None,Medium
2711,0,3,30,0.0026,NORMAL,None,Medium
2711,0,4,40,0.0024,NORMAL,None,Low
2711,0,5,50,0.0021,NORMAL,None,Low
2711,0,6,60,0.0022,NORMAL,None,Low
2712,0,1,10,0.0031,NORMAL,None,Medium
2712,0,2,20,0.0023,NORMAL,None,Medium
2712,0,3,30,0.0024,NORMAL,None,Medium
2712,0,4,40,0.0025,NORMAL,None,Low
2712,0,5,50,0.0022,NORMAL,None,Low
2712,0,6,60,0.002,NORMAL,None,Low
2713,0,1,10,0.0021,NORMAL,None,Medium
2713,0,2,20,0.0029,NORMAL,None,Medium
2713,0,3,30,0.0025,NORMAL,None,Medium
2713,0,4,40,0.0022,NORMAL,None,Low
2713,0,5,50,0.0021,NORMAL,None,Low
2713,0,6,60,0.0021,NORMAL,None,Low
2714,0,1,10,0.002,NORMAL,None,Medium
2714,0,2,20,0.0023,NORMAL,None,Medium
2714,0,3,30,0.0023,NORMAL,None,Medium
2714,0,4,40,0.0024,NORMAL,None,Low
2714,0,5,50,0.0023,NORMAL,None,Low
2714,0,6,60,0.0023,NORMAL,None,Low
2715,0,1,10,0.0024,NORMAL,None,Medium
2715,0,2,20,0.0025,NORMAL,None,Medium
2715,0,3,30,0.0027,NORMAL,None,Medium
2715,0,4,40,0.0027,NORMAL,None,Low
2715,0,5,50,0.0023,NORMAL,None,Low
2715,0,6,60,0.0025,NORMAL,None,Low
2716,0,1,10,0.0026,NORMAL,None,Medium
2716,0,2,20,0.0024,NORMAL,None,Medium
2716,0,3,30,0.0032,NORMAL,None,Medium
2716,0,4,40,0.0021,NORMAL,None,Low
2716,0,5,50,0.0023,NORMAL,None,Low
2716,0,6,60,0.0024,NORMAL,None,Low
2717,0,1,10,0.0017,NORMAL,None,Medium
2717,0,2,20,0.0023,NORMAL,None,Medium
2717,0,3,30,0.0022,NORMAL,None,Medium
2717,0,4,40,0.0023,NORMAL,None,Low
2717,0,5,50,0.0024,NORMAL,None,Low
2717,0,6,60,0.0023,NORMAL,None,Low
2718,0,1,10,0.0023,NORMAL,None,Medium
2718,0,2,20,0.0029,NORMAL,None,Medium
2718,0,3,30,0.0024,NORMAL,None,Medium
2718,0,4,40,0.0024,NORMAL,None,Low
2718,0,5,50,0.0025,NORMAL,None,Low
2718,0,6,60,0.0023,NORMAL,None,Low
2719,0,1,10,0.0024,NORMAL,None,Medium
2719,0,2,20,0.0027,NORMAL,None,Medium
2719,0,3,30,0.0029,NORMAL,None,Medium
2719,0,4,40,0.0023,NORMAL,None,Low
2719,0,5,50,0.0025,NORMAL,None,Low
2719,0,6,60,0.0024,NORMAL,None,Low
2720,0,1,10,0.0023,NORMAL,None,Medium
2720,0,2,20,0.0026,NORMAL,None,Medium
2720,0,3,30,0.0026,NORMAL,None,Medium
2720,0,4,40,0.0024,NORMAL,None,Low
2720,0,5,50,0.0026,NORMAL,None,Low
2720,0,6,60,0.0022,NORMAL,None,Low
2721,0,1,10,0.0024,NORMAL,None,Medium
2721,0,2,20,0.0025,NORMAL,None,Medium
2721,0,3,30,0.0024,NORMAL,None,Medium
2721,0,4,40,0.002,NORMAL,None,Low
2721,0,5,50,0.0024,NORMAL,None,Low
2721,0,6,60,0.0023,NORMAL,None,Low
2722,0,1,10,0.0023,NORMAL,None,Medium
2722,0,2,20,0.0025,NORMAL,None,Medium
2722,0,3,30,0.0027,NORMAL,None,Medium
2722,0,4,40,0.0026,NORMAL,None,Low
2722,0,5,50,0.0026,NORMAL,None,Low
2722,0,6,60,0.0024,NORMAL,None,Low
2723,0,1,10,0.0026,NORMAL,None,Medium
2723,0,2,20,0.0027,NORMAL,None,Medium
2723,0,3,30,0.0026,NORMAL,None,Medium
2723,0,4,40,0.0026,NORMAL,None,Low
2723,0,5,50,0.0023,NORMAL,None,Low
2723,0,6,60,0.0021,NORMAL,None,Low
2724,0,1,10,0.0021,NORMAL,None,Medium
2724,0,2,20,0.0026,NORMAL,None,Medium
2724,0,3,30,0.0025,NORMAL,None,Medium
2724,0,4,40,0.0021,NORMAL,None,Low
2724,0,5,50,0.0026,NORMAL,None,Low
2724,0,6,60,0.0021,NORMAL,None,Low
2725,0,1,10,0.0025,NORMAL,None,Medium
2725,0,2,20,0.0025,NORMAL,None,Medium
2725,0,3,30,0.0026,NORMAL,None,Medium
2725,0,4,40,0.0021,NORMAL,None,Low
2725,0,5,50,0.0024,NORMAL,None,Low
2725,0,6,60,0.0024,NORMAL,None,Low
2726,0,1,10,0.0028,NORMAL,None,Medium
2726,0,2,20,0.0028,NORMAL,None,Medium
2726,0,3,30,0.0023,NORMAL,None,Medium
2726,0,4,40,0.0023,NORMAL,None,Low
2726,0,5,50,0.002,NORMAL,None,Low
2726,0,6,60,0.0022,NORMAL,None,Low
2727,0,1,10,0.0027,NORMAL,None,Medium
2727,0,2,20,0.0031,NORMAL,None,Medium
2727,0,3,30,0.0024,NORMAL,None,Medium
2727,0,4,40,0.0026,NORMAL,None,Low
2727,0,5,50,0.0022,NORMAL,None,Low
2727,0,6,60,0.0023,NORMAL,None,Low
2728,0,1,10,0.0033,NORMAL,None,Medium
2728,0,2,20,0.0031,NORMAL,None,Medium
2728,0,3,30,0.0027,NORMAL,None,Medium
2728,0,4,40,0.0023,NORMAL,None,Low
2728,0,5,50,0.0024,NORMAL,None,Low
2728,0,6,60,0.0023,NORMAL,None,Low
2729,0,1,10,0.003,NORMAL,None,Medium
2729,0,2,20,0.0022,NORMAL,None,Medium
2729,0,3,30,0.0028,NORMAL,None,Medium
2729,0,4,40,0.0022,NORMAL,None,Low
2729,0,5,50,0.0024,NORMAL,None,Low
2729,0,6,60,0.0024,NORMAL,None,Low
2730,0,1,10,0.0034,NORMAL,None,Medium
2730,0,2,20,0.003,NORMAL,None,Medium
2730,0,3,30,0.0031,NORMAL,None,Medium
2730,0,4,40,0.0025,NORMAL,None,Low
2730,0,5,50,0.002,NORMAL,None,Low
2730,0,6,60,0.0022,NORMAL,None,Low
2731,0,1,10,0.0039,NORMAL,None,Medium
2731,0,2,20,0.0032,NORMAL,None,Medium
2731,0,3,30,0.0027,NORMAL,None,Medium
2731,0,4,40,0.0025,NORMAL,None,Low
2731,0,5,50,0.0025,NORMAL,None,Low
2731,0,6,60,0.0021,NORMAL,None,Low
2732,0,1,10,0.0039,NORMAL,None,Medium
2732,0,2,20,0.0036,NORMAL,None,Medium
2732,0,3,30,0.0029,NORMAL,None,Medium
2732,0,4,40,0.0029,NORMAL,None,Low
2732,0,5,50,0.0026,NORMAL,None,Low
2732,0,6,60,0.0026,NORMAL,None,Low
2733,0,1,10,0.0037,NORMAL,None,Medium
2733,0,2,20,0.0032,NORMAL,None,Medium
2733,0,3,30,0.0028,NORMAL,None,Medium
2733,0,4,40,0.0024,NORMAL,None,Low
2733,0,5,50,0.0022,NORMAL,None,Low
2733,0,6,60,0.002,NORMAL,None,Low
2734,0,1,10,0.0028,NORMAL,None,Medium
2734,0,2,20,0.0026,NORMAL,None,Medium
2734,0,3,30,0.0027,NORMAL,None,Medium
2734,0,4,40,0.0025,NORMAL,None,Low
2734,0,5,50,0.0022,NORMAL,None,Low
2734,0,6,60,0.0023,NORMAL,None,Low
2735,0,1,10,0.0028,NORMAL,None,Medium
2735,0,2,20,0.0024,NORMAL,None,Medium
2735,0,3,30,0.0026,NORMAL,None,Medium
2735,0,4,40,0.0026,NORMAL,None,Low
2735,0,5,50,0.0026,NORMAL,None,Low
2735,0,6,60,0.0023,NORMAL,None,Low
2736,0,1,10,0.0038,NORMAL,None,Medium
2736,0,2,20,0.0029,NORMAL,None,Medium
2736,0,3,30,0.0021,NORMAL,None,Medium
2736,0,4,40,0.0022,NORMAL,None,Low
2736,0,5,50,0.0021,NORMAL,None,Low
2736,0,6,60,0.0022,NORMAL,None,Low
2737,0,1,10,0.0037,NORMAL,None,Medium
2737,0,2,20,0.0032,NORMAL,None,Medium
2737,0,3,30,0.0029,NORMAL,None,Medium
2737,0,4,40,0.0022,NORMAL,None,Low
2737,0,5,50,0.0024,NORMAL,None,Low
2737,0,6,60,0.0024,NORMAL,None,Low
2738,0,1,10,0.0033,NORMAL,None,Medium
2738,0,2,20,0.0031,NORMAL,None,Medium
2738,0,3,30,0.0025,NORMAL,None,Medium
2738,0,4,40,0.0028,NORMAL,None,Low
2738,0,5,50,0.0022,NORMAL,None,Low
2738,0,6,60,0.0022,NORMAL,None,Low
2739,0,1,10,0.003,NORMAL,None,Medium
2739,0,2,20,0.0028,NORMAL,None,Medium
2739,0,3,30,0.0024,NORMAL,None,Medium
2739,0,4,40,0.0025,NORMAL,None,Low
2739,0,5,50,0.0025,NORMAL,None,Low
2739,0,6,60,0.002,NORMAL,None,Low
2740,0,1,10,0.0025,NORMAL,None,Medium
2740,0,2,20,0.0024,NORMAL,None,Medium
2740,0,3,30,0.0024,NORMAL,None,Medium
2740,0,4,40,0.0026,NORMAL,None,Low
2740,0,5,50,0.0024,NORMAL,None,Low
2740,0,6,60,0.002,NORMAL,None,Low
2741,0,1,10,0.0025,NORMAL,None,Medium
2741,0,2,20,0.0025,NORMAL,None,Medium
2741,0,3,30,0.0023,NORMAL,None,Medium
2741,0,4,40,0.0022,NORMAL,None,Low
2741,0,5,50,0.0023,NORMAL,None,Low
2741,0,6,60,0.0021,NORMAL,None,Low
2742,0,1,10,0.0023,NORMAL,None,Medium
2742,0,2,20,0.0026,NORMAL,None,Medium
2742,0,3,30,0.0024,NORMAL,None,Medium
2742,0,4,40,0.0023,NORMAL,None,Low
2742,0,5,50,0.0023,NORMAL,None,Low
2742,0,6,60,0.0021,NORMAL,None,Low
2743,0,1,10,0.0029,NORMAL,None,Medium
2743,0,2,20,0.0027,NORMAL,None,Medium
2743,0,3,30,0.0025,NORMAL,None,Medium
2743,0,4,40,0.0024,NORMAL,None,Low
2743,0,5,50,0.0022,NORMAL,None,Low
2743,0,6,60,0.0024,NORMAL,None,Low
2744,0,1,10,0.003,NORMAL,None,Medium
2744,0,2,20,0.0026,NORMAL,None,Medium
2744,0,3,30,0.0023,NORMAL,None,Medium
2744,0,4,40,0.0022,NORMAL,None,Low
2744,0,5,50,0.0022,NORMAL,None,Low
2744,0,6,60,0.0023,NORMAL,None,Low
2745,0,1,10,0.0036,NORMAL,None,Medium
2745,0,2,20,0.0037,NORMAL,None,Medium
2745,0,3,30,0.003,NORMAL,None,Medium
2745,0,4,40,0.0024,NORMAL,None,Low
2745,0,5,50,0.0023,NORMAL,None,Low
2745,0,6,60,0.002,NORMAL,None,Low
2746,0,1,10,0.0034,NORMAL,None,Medium
2746,0,2,20,0.0029,NORMAL,None,Medium
2746,0,3,30,0.0027,NORMAL,None,Medium
2746,0,4,40,0.0026,NORMAL,None,Low
2746,0,5,50,0.0026,NORMAL,None,Low
2746,0,6,60,0.0024,NORMAL,None,Low
2747,0,1,10,0.0053,NORMAL,None,Medium
2747,0,2,20,0.0038,NORMAL,None,Medium
2747,0,3,30,0.0027,NORMAL,None,Medium
2747,0,4,40,0.0022,NORMAL,None,Low
2747,0,5,50,0.0022,NORMAL,None,Low
2747,0,6,60,0.0019,NORMAL,None,Low
2748,0,1,10,0.0036,NORMAL,None,Medium
2748,0,2,20,0.0038,NORMAL,None,Medium
2748,0,3,30,0.0028,NORMAL,None,Medium
2748,0,4,40,0.003,NORMAL,None,Low
2748,0,5,50,0.0023,NORMAL,None,Low
2748,0,6,60,0.0021,NORMAL,None,Low
2749,0,1,10,0.0029,NORMAL,None,Medium
2749,0,2,20,0.003,NORMAL,None,Medium
2749,0,3,30,0.0028,NORMAL,None,Medium
2749,0,4,40,0.0028,NORMAL,None,Low
2749,0,5,50,0.0026,NORMAL,None,Low
2749,0,6,60,0.0024,NORMAL,None,Low
2750,0,1,10,0.0032,NORMAL,None,Medium
2750,0,2,20,0.0036,NORMAL,None,Medium
2750,0,3,30,0.003,NORMAL,None,Medium
2750,0,4,40,0.0024,NORMAL,None,Low
2750,0,5,50,0.002,NORMAL,None,Low
2750,0,6,60,0.0022,NORMAL,None,Low
2751,0,1,10,0.0025,NORMAL,None,Medium
2751,0,2,20,0.0031,NORMAL,None,Medium
2751,0,3,30,0.0025,NORMAL,None,Medium
2751,0,4,40,0.0021,NORMAL,None,Low
2751,0,5,50,0.0023,NORMAL,None,Low
2751,0,6,60,0.0023,NORMAL,None,Low
2752,0,1,10,0.0026,NORMAL,None,Medium
2752,0,2,20,0.0031,NORMAL,None,Medium
2752,0,3,30,0.0026,NORMAL,None,Medium
2752,0,4,40,0.0024,NORMAL,None,Low
2752,0,5,50,0.0024,NORMAL,None,Low
2752,0,6,60,0.0023,NORMAL,None,Low
2753,0,1,10,0.0022,NORMAL,None,Medium
2753,0,2,20,0.0026,NORMAL,None,Medium
2753,0,3,30,0.0023,NORMAL,None,Medium
2753,0,4,40,0.0023,NORMAL,None,Low
2753,0,5,50,0.002,NORMAL,None,Low
2753,0,6,60,0.0021,NORMAL,None,Low
2754,0,1,10,0.0027,NORMAL,None,Medium
2754,0,2,20,0.0029,NORMAL,None,Medium
2754,0,3,30,0.0026,NORMAL,None,Medium
2754,0,4,40,0.0024,NORMAL,None,Low
2754,0,5,50,0.0022,NORMAL,None,Low
2754,0,6,60,0.0021,NORMAL,None,Low
2755,0,1,10,0.0024,NORMAL,None,Medium
2755,0,2,20,0.0025,NORMAL,None,Medium
2755,0,3,30,0.0023,NORMAL,None,Medium
2755,0,4,40,0.0023,NORMAL,None,Low
2755,0,5,50,0.002,NORMAL,None,Low
2755,0,6,60,0.0022,NORMAL,None,Low
2756,0,1,10,0.0023,NORMAL,None,Medium
2756,0,2,20,0.0022,NORMAL,None,Medium
2756,0,3,30,0.0024,NORMAL,None,Medium
2756,0,4,40,0.0026,NORMAL,None,Low
2756,0,5,50,0.0025,NORMAL,None,Low
2756,0,6,60,0.0024,NORMAL,None,Low
2757,0,1,10,0.0024,NORMAL,None,Medium
2757,0,2,20,0.0023,NORMAL,None,Medium
2757,0,3,30,0.0026,NORMAL,None,Medium
2757,0,4,40,0.0026,NORMAL,None,Low
2757,0,5,50,0.0022,NORMAL,None,Low
2757,0,6,60,0.0022,NORMAL,None,Low
2758,0,1,10,0.0029,NORMAL,None,Medium
2758,0,2,20,0.003,NORMAL,None,Medium
2758,0,3,30,0.0027,NORMAL,None,Medium
2758,0,4,40,0.0026,NORMAL,None,Low
2758,0,5,50,0.0023,NORMAL,None,Low
2758,0,6,60,0.002,NORMAL,None,Low
2759,0,1,10,0.0026,NORMAL,None,Medium
2759,0,2,20,0.0024,NORMAL,None,Medium
2759,0,3,30,0.0025,NORMAL,None,Medium
2759,0,4,40,0.0023,NORMAL,None,Low
2759,0,5,50,0.002,NORMAL,None,Low
2759,0,6,60,0.002,NORMAL,None,Low
2760,0,1,10,0.0022,NORMAL,None,Medium
2760,0,2,20,0.0021,NORMAL,None,Medium
2760,0,3,30,0.0024,NORMAL,None,Medium
2760,0,4,40,0.0025,NORMAL,None,Low
2760,0,5,50,0.0026,NORMAL,None,Low
2760,0,6,60,0.0023,NORMAL,None,Low
2761,0,1,10,0.0029,NORMAL,None,Medium
2761,0,2,20,0.0029,NORMAL,None,Medium
2761,0,3,30,0.0028,NORMAL,None,Medium
2761,0,4,40,0.0023,NORMAL,None,Low
2761,0,5,50,0.0026,NORMAL,None,Low
2761,0,6,60,0.002,NORMAL,None,Low
2762,0,1,10,0.0071,NORMAL,None,Medium
2762,0,2,20,0.0036,NORMAL,None,Medium
2762,0,3,30,0.0032,NORMAL,None,Medium
2762,0,4,40,0.003,NORMAL,None,Low
2762,0,5,50,0.0026,NORMAL,None,Low
2762,0,6,60,0.0022,NORMAL,None,Low
2763,0,1,10,0.0049,NORMAL,None,Medium
2763,0,2,20,0.0036,NORMAL,None,Medium
2763,0,3,30,0.0032,NORMAL,None,Medium
2763,0,4,40,0.0024,NORMAL,None,Low
2763,0,5,50,0.0023,NORMAL,None,Low
2763,0,6,60,0.0025,NORMAL,None,Low
2764,0,1,10,0.0049,NORMAL,None,Medium
2764,0,2,20,0.003,NORMAL,None,Medium
2764,0,3,30,0.0026,NORMAL,None,Medium
2764,0,4,40,0.0025,NORMAL,None,Low
2764,0,5,50,0.0023,NORMAL,None,Low
2764,0,6,60,0.0023,NORMAL,None,Low
2765,0,1,10,0.0036,NORMAL,None,Medium
2765,0,2,20,0.0031,NORMAL,None,Medium
2765,0,3,30,0.0025,NORMAL,None,Medium
2765,0,4,40,0.0028,NORMAL,None,Low
2765,0,5,50,0.0021,NORMAL,None,Low
2765,0,6,60,0.0022,NORMAL,None,Low
2766,0,1,10,0.0035,NORMAL,None,Medium
2766,0,2,20,0.0029,NORMAL,None,Medium
2766,0,3,30,0.0024,NORMAL,None,Medium
2766,0,4,40,0.0021,NORMAL,None,Low
2766,0,5,50,0.0021,NORMAL,None,Low
2766,0,6,60,0.0024,NORMAL,None,Low
2767,0,1,10,0.0027,NORMAL,None,Medium
2767,0,2,20,0.002,NORMAL,None,Medium
2767,0,3,30,0.0023,NORMAL,None,Medium
2767,0,4,40,0.0023,NORMAL,None,Low
2767,0,5,50,0.0022,NORMAL,None,Low
2767,0,6,60,0.0021,NORMAL,None,Low
2768,0,1,10,0.0034,NORMAL,None,Medium
2768,0,2,20,0.0025,NORMAL,None,Medium
2768,0,3,30,0.0026,NORMAL,None,Medium
2768,0,4,40,0.0025,NORMAL,None,Low
2768,0,5,50,0.0022,NORMAL,None,Low
2768,0,6,60,0.002,NORMAL,None,Low
2769,0,1,10,0.0042,NORMAL,None,Medium
2769,0,2,20,0.0029,NORMAL,None,Medium
2769,0,3,30,0.002,NORMAL,None,Medium
2769,0,4,40,0.0023,NORMAL,None,Low
2769,0,5,50,0.0021,NORMAL,None,Low
2769,0,6,60,0.0021,NORMAL,None,Low
2770,0,1,10,0.0024,NORMAL,None,Medium
2770,0,2,20,0.0025,NORMAL,None,Medium
2770,0,3,30,0.0025,NORMAL,None,Medium
2770,0,4,40,0.0022,NORMAL,None,Low
2770,0,5,50,0.002,NORMAL,None,Low
2770,0,6,60,0.0018,NORMAL,None,Low
2771,0,1,10,0.0022,NORMAL,None,Medium
2771,0,2,20,0.0025,NORMAL,None,Medium
2771,0,3,30,0.002,NORMAL,None,Medium
2771,0,4,40,0.0022,NORMAL,None,Low
2771,0,5,50,0.002,NORMAL,None,Low
2771,0,6,60,0.0023,NORMAL,None,Low
2772,0,1,10,0.0028,NORMAL,None,Medium
2772,0,2,20,0.0028,NORMAL,None,Medium
2772,0,3,30,0.0022,NORMAL,None,Medium
2772,0,4,40,0.0021,NORMAL,None,Low
2772,0,5,50,0.0022,NORMAL,None,Low
2772,0,6,60,0.0019,NORMAL,None,Low
2773,0,1,10,0.002,NORMAL,None,Medium
2773,0,2,20,0.0023,NORMAL,None,Medium
2773,0,3,30,0.0023,NORMAL,None,Medium
2773,0,4,40,0.0021,NORMAL,None,Low
2773,0,5,50,0.0019,NORMAL,None,Low
2773,0,6,60,0.0026,NORMAL,None,Low
2774,0,1,10,0.0022,NORMAL,None,Medium
2774,0,2,20,0.0026,NORMAL,None,Medium
2774,0,3,30,0.0026,NORMAL,None,Medium
2774,0,4,40,0.0024,NORMAL,None,Low
2774,0,5,50,0.0023,NORMAL,None,Low
2774,0,6,60,0.002,NORMAL,None,Low
2775,0,1,10,0.0021,NORMAL,None,Medium
2775,0,2,20,0.0022,NORMAL,None,Medium
2775,0,3,30,0.0024,NORMAL,None,Medium
2775,0,4,40,0.0024,NORMAL,None,Low
2775,0,5,50,0.0025,NORMAL,None,Low
2775,0,6,60,0.0022,NORMAL,None,Low
2776,0,1,10,0.0025,NORMAL,None,Medium
2776,0,2,20,0.0021,NORMAL,None,Medium
2776,0,3,30,0.0025,NORMAL,None,Medium
2776,0,4,40,0.0022,NORMAL,None,Low
2776,0,5,50,0.002,NORMAL,None,Low
2776,0,6,60,0.0022,NORMAL,None,Low
2777,0,1,10,0.0033,NORMAL,None,Medium
2777,0,2,20,0.0031,NORMAL,None,Medium
2777,0,3,30,0.0026,NORMAL,None,Medium
2777,0,4,40,0.0028,NORMAL,None,Low
2777,0,5,50,0.002,NORMAL,None,Low
2777,0,6,60,0.0024,NORMAL,None,Low
2778,0,1,10,0.0038,NORMAL,None,Medium
2778,0,2,20,0.0035,NORMAL,None,Medium
2778,0,3,30,0.003,NORMAL,None,Medium
2778,0,4,40,0.0029,NORMAL,None,Low
2778,0,5,50,0.0027,NORMAL,None,Low
2778,0,6,60,0.0023,NORMAL,None,Low
2779,0,1,10,0.0037,NORMAL,None,Medium
2779,0,2,20,0.0039,NORMAL,None,Medium
2779,0,3,30,0.0028,NORMAL,None,Medium
2779,0,4,40,0.0025,NORMAL,None,Low
2779,0,5,50,0.0023,NORMAL,None,Low
2779,0,6,60,0.0023,NORMAL,None,Low
2780,0,1,10,0.0027,NORMAL,None,Medium
2780,0,2,20,0.003,NORMAL,None,Medium
2780,0,3,30,0.0024,NORMAL,None,Medium
2780,0,4,40,0.0023,NORMAL,None,Low
2780,0,5,50,0.0025,NORMAL,None,Low
2780,0,6,60,0.0024,NORMAL,None,Low
2781,0,1,10,0.0025,NORMAL,None,Medium
2781,0,2,20,0.0029,NORMAL,None,Medium
2781,0,3,30,0.0029,NORMAL,None,Medium
2781,0,4,40,0.0025,NORMAL,None,Low
2781,0,5,50,0.0019,NORMAL,None,Low
2781,0,6,60,0.002,NORMAL,None,Low
2782,0,1,10,0.0025,NORMAL,None,Medium
2782,0,2,20,0.0026,NORMAL,None,Medium
2782,0,3,30,0.0026,NORMAL,None,Medium
2782,0,4,40,0.0026,NORMAL,None,Low
2782,0,5,50,0.0022,NORMAL,None,Low
2782,0,6,60,0.0021,NORMAL,None,Low
2783,0,1,10,0.0031,NORMAL,None,Medium
2783,0,2,20,0.0031,NORMAL,None,Medium
2783,0,3,30,0.0029,NORMAL,None,Medium
2783,0,4,40,0.0025,NORMAL,None,Low
2783,0,5,50,0.0025,NORMAL,None,Low
2783,0,6,60,0.0022,NORMAL,None,Low
2784,0,1,10,0.003,NORMAL,None,Medium
2784,0,2,20,0.0032,NORMAL,None,Medium
2784,0,3,30,0.0029,NORMAL,None,Medium
2784,0,4,40,0.0029,NORMAL,None,Low
2784,0,5,50,0.0023,NORMAL,None,Low
2784,0,6,60,0.0021,NORMAL,None,Low
2785,0,1,10,0.0031,NORMAL,None,Medium
2785,0,2,20,0.0029,NORMAL,None,Medium
2785,0,3,30,0.0024,NORMAL,None,Medium
2785,0,4,40,0.0024,NORMAL,None,Low
2785,0,5,50,0.0023,NORMAL,None,Low
2785,0,6,60,0.0025,NORMAL,None,Low
2786,0,1,10,0.0027,NORMAL,None,Medium
2786,0,2,20,0.0026,NORMAL,None,Medium
2786,0,3,30,0.0024,NORMAL,None,Medium
2786,0,4,40,0.0024,NORMAL,None,Low
2786,0,5,50,0.0021,NORMAL,None,Low
2786,0,6,60,0.0021,NORMAL,None,Low
2787,0,1,10,0.0021,NORMAL,None,Medium
2787,0,2,20,0.0023,NORMAL,None,Medium
2787,0,3,30,0.0026,NORMAL,None,Medium
2787,0,4,40,0.0027,NORMAL,None,Low
2787,0,5,50,0.0022,NORMAL,None,Low
2787,0,6,60,0.002,NORMAL,None,Low
2788,0,1,10,0.0018,NORMAL,None,Medium
2788,0,2,20,0.002,NORMAL,None,Medium
2788,0,3,30,0.0022,NORMAL,None,Medium
2788,0,4,40,0.0021,NORMAL,None,Low
2788,0,5,50,0.0023,NORMAL,None,Low
2788,0,6,60,0.0026,NORMAL,None,Low
2789,0,1,10,0.002,NORMAL,None,Medium
2789,0,2,20,0.0023,NORMAL,None,Medium
2789,0,3,30,0.0019,NORMAL,None,Medium
2789,0,4,40,0.0019,NORMAL,None,Low
2789,0,5,50,0.002,NORMAL,None,Low
2789,0,6,60,0.0019,NORMAL,None,Low
2790,0,1,10,0.0022,NORMAL,None,Medium
2790,0,2,20,0.0024,NORMAL,None,Medium
2790,0,3,30,0.0022,NORMAL,None,Medium
2790,0,4,40,0.0024,NORMAL,None,Low
2790,0,5,50,0.0022,NORMAL,None,Low
2790,0,6,60,0.0021,NORMAL,None,Low
2791,0,1,10,0.0021,NORMAL,None,Medium
2791,0,2,20,0.0025,NORMAL,None,Medium
2791,0,3,30,0.0026,NORMAL,None,Medium
2791,0,4,40,0.0024,NORMAL,None,Low
2791,0,5,50,0.0021,NORMAL,None,Low
2791,0,6,60,0.0023,NORMAL,None,Low
2792,0,1,10,0.0021,NORMAL,None,Medium
2792,0,2,20,0.0026,NORMAL,None,Medium
2792,0,3,30,0.002,NORMAL,None,Medium
2792,0,4,40,0.0023,NORMAL,None,Low
2792,0,5,50,0.0021,NORMAL,None,Low
2792,0,6,60,0.0021,NORMAL,None,Low
2793,0,1,10,0.0022,NORMAL,None,Medium
2793,0,2,20,0.0025,NORMAL,None,Medium
2793,0,3,30,0.0023,NORMAL,None,Medium
2793,0,4,40,0.0022,NORMAL,None,Low
2793,0,5,50,0.002,NORMAL,None,Low
2793,0,6,60,0.0024,NORMAL,None,Low
2794,0,1,10,0.0026,NORMAL,None,Medium
2794,0,2,20,0.0027,NORMAL,None,Medium
2794,0,3,30,0.0025,NORMAL,None,Medium
2794,0,4,40,0.0024,NORMAL,None,Low
2794,0,5,50,0.0025,NORMAL,None,Low
2794,0,6,60,0.0024,NORMAL,None,Low
2795,0,1,10,0.0024,NORMAL,None,Medium
2795,0,2,20,0.0022,NORMAL,None,Medium
2795,0,3,30,0.0025,NORMAL,None,Medium
2795,0,4,40,0.0023,NORMAL,None,Low
2795,0,5,50,0.0021,NORMAL,None,Low
2795,0,6,60,0.0022,NORMAL,None,Low
2796,0,1,10,0.0021,NORMAL,None,Medium
2796,0,2,20,0.0025,NORMAL,None,Medium
2796,0,3,30,0.0024,NORMAL,None,Medium
2796,0,4,40,0.0025,NORMAL,None,Low
2796,0,5,50,0.0026,NORMAL,None,Low
2796,0,6,60,0.0024,NORMAL,None,Low
2797,0,1,10,0.0025,NORMAL,None,Medium
2797,0,2,20,0.0026,NORMAL,None,Medium
2797,0,3,30,0.0028,NORMAL,None,Medium
2797,0,4,40,0.0023,NORMAL,None,Low
2797,0,5,50,0.0024,NORMAL,None,Low
2797,0,6,60,0.0024,NORMAL,None,Low
2798,0,1,10,0.0022,NORMAL,None,Medium
2798,0,2,20,0.0024,NORMAL,None,Medium
2798,0,3,30,0.0024,NORMAL,None,Medium
2798,0,4,40,0.0024,NORMAL,None,Low
2798,0,5,50,0.0025,NORMAL,None,Low
2798,0,6,60,0.0021,NORMAL,None,Low
2799,0,1,10,0.0028,NORMAL,None,Medium
2799,0,2,20,0.0026,NORMAL,None,Medium
2799,0,3,30,0.0029,NORMAL,None,Medium
2799,0,4,40,0.0026,NORMAL,None,Low
2799,0,5,50,0.0024,NORMAL,None,Low
2799,0,6,60,0.0023,NORMAL,None,Low
2800,0,1,10,0.0021,NORMAL,None,Medium
2800,0,2,20,0.0025,NORMAL,None,Medium
2800,0,3,30,0.0025,NORMAL,None,Medium
2800,0,4,40,0.0026,NORMAL,None,Low
2800,0,5,50,0.0022,NORMAL,None,Low
2800,0,6,60,0.002,NORMAL,None,Low
2801,0,1,10,0.0026,NORMAL,None,Medium
2801,0,2,20,0.003,NORMAL,None,Medium
2801,0,3,30,0.0027,NORMAL,None,Medium
2801,0,4,40,0.0021,NORMAL,None,Low
2801,0,5,50,0.0021,NORMAL,None,Low
2801,0,6,60,0.0023,NORMAL,None,Low
2802,0,1,10,0.0035,NORMAL,None,Medium
2802,0,2,20,0.0031,NORMAL,None,Medium
2802,0,3,30,0.0028,NORMAL,None,Medium
2802,0,4,40,0.003,NORMAL,None,Low
2802,0,5,50,0.0021,NORMAL,None,Low
2802,0,6,60,0.0023,NORMAL,None,Low
2803,0,1,10,0.0036,NORMAL,None,Medium
2803,0,2,20,0.0036,NORMAL,None,Medium
2803,0,3,30,0.0026,NORMAL,None,Medium
2803,0,4,40,0.0025,NORMAL,None,Low
2803,0,5,50,0.0026,NORMAL,None,Low
2803,0,6,60,0.0029,NORMAL,None,Low
2804,0,1,10,0.003,NORMAL,None,Medium
2804,0,2,20,0.0032,NORMAL,None,Medium
2804,0,3,30,0.0026,NORMAL,None,Medium
2804,0,4,40,0.0026,NORMAL,None,Low
2804,0,5,50,0.0023,NORMAL,None,Low
2804,0,6,60,0.0022,NORMAL,None,Low
2805,0,1,10,0.0031,NORMAL,None,Medium
2805,0,2,20,0.0029,NORMAL,None,Medium
2805,0,3,30,0.0029,NORMAL,None,Medium
2805,0,4,40,0.0027,NORMAL,None,Low
2805,0,5,50,0.0022,NORMAL,None,Low
2805,0,6,60,0.0021,NORMAL,None,Low
2806,0,1,10,0.0044,NORMAL,None,Medium
2806,0,2,20,0.0039,NORMAL,None,Medium
2806,0,3,30,0.0033,NORMAL,None,Medium
2806,0,4,40,0.0024,NORMAL,None,Low
2806,0,5,50,0.0023,NORMAL,None,Low
2806,0,6,60,0.0023,NORMAL,None,Low
2807,0,1,10,0.0038,NORMAL,None,Medium
2807,0,2,20,0.0037,NORMAL,None,Medium
2807,0,3,30,0.0034,NORMAL,None,Medium
2807,0,4,40,0.0033,NORMAL,None,Low
2807,0,5,50,0.0024,NORMAL,None,Low
2807,0,6,60,0.0023,NORMAL,None,Low
2808,0,1,10,0.0034,NORMAL,None,Medium
2808,0,2,20,0.0032,NORMAL,None,Medium
2808,0,3,30,0.0027,NORMAL,None,Medium
2808,0,4,40,0.0024,NORMAL,None,Low
2808,0,5,50,0.002,NORMAL,None,Low
2808,0,6,60,0.0021,NORMAL,None,Low
2809,0,1,10,0.0047,NORMAL,None,Medium
2809,0,2,20,0.0039,NORMAL,None,Medium
2809,0,3,30,0.0034,NORMAL,None,Medium
2809,0,4,40,0.0025,NORMAL,None,Low
2809,0,5,50,0.0026,NORMAL,None,Low
2809,0,6,60,0.002,NORMAL,None,Low
2810,0,1,10,0.0033,NORMAL,None,Medium
2810,0,2,20,0.0035,NORMAL,None,Medium
2810,0,3,30,0.0034,NORMAL,None,Medium
2810,0,4,40,0.0027,NORMAL,None,Low
2810,0,5,50,0.0023,NORMAL,None,Low
2810,0,6,60,0.0022,NORMAL,None,Low
2811,0,1,10,0.005,NORMAL,None,Medium
2811,0,2,20,0.0049,NORMAL,None,Medium
2811,0,3,30,0.0035,NORMAL,None,Medium
2811,0,4,40,0.0031,NORMAL,None,Low
2811,0,5,50,0.0025,NORMAL,None,Low
2811,0,6,60,0.0027,NORMAL,None,Low
2812,0,1,10,0.0051,NORMAL,None,Medium
2812,0,2,20,0.004,NORMAL,None,Medium
2812,0,3,30,0.0036,NORMAL,None,Medium
2812,0,4,40,0.0026,NORMAL,None,Low
2812,0,5,50,0.0029,NORMAL,None,Low
2812,0,6,60,0.0023,NORMAL,None,Low
2813,0,1,10,0.0045,NORMAL,None,Medium
2813,0,2,20,0.0041,NORMAL,None,Medium
2813,0,3,30,0.0037,NORMAL,None,Medium
2813,0,4,40,0.0028,NORMAL,None,Low
2813,0,5,50,0.0024,NORMAL,None,Low
2813,0,6,60,0.0024,NORMAL,None,Low
2814,0,1,10,0.0037,NORMAL,None,Medium
2814,0,2,20,0.0043,NORMAL,None,Medium
2814,0,3,30,0.0032,NORMAL,None,Medium
2814,0,4,40,0.0028,NORMAL,None,Low
2814,0,5,50,0.0025,NORMAL,None,Low
2814,0,6,60,0.0024,NORMAL,None,Low
2815,0,1,10,0.0039,NORMAL,None,Medium
2815,0,2,20,0.0034,NORMAL,None,Medium
2815,0,3,30,0.0026,NORMAL,None,Medium
2815,0,4,40,0.0029,NORMAL,None,Low
2815,0,5,50,0.0023,NORMAL,None,Low
2815,0,6,60,0.0026,NORMAL,None,Low
2816,0,1,10,0.0041,NORMAL,None,Medium
2816,0,2,20,0.0036,NORMAL,None,Medium
2816,0,3,30,0.0029,NORMAL,None,Medium
2816,0,4,40,0.0026,NORMAL,None,Low
2816,0,5,50,0.0028,NORMAL,None,Low
2816,0,6,60,0.0023,NORMAL,None,Low
2817,0,1,10,0.0037,NORMAL,None,Medium
2817,0,2,20,0.0033,NORMAL,None,Medium
2817,0,3,30,0.0029,NORMAL,None,Medium
2817,0,4,40,0.0031,NORMAL,None,Low
2817,0,5,50,0.0027,NORMAL,None,Low
2817,0,6,60,0.0027,NORMAL,None,Low
2818,0,1,10,0.0029,NORMAL,None,Medium
2818,0,2,20,0.0042,NORMAL,None,Medium
2818,0,3,30,0.0034,NORMAL,None,Medium
2818,0,4,40,0.0023,NORMAL,None,Low
2818,0,5,50,0.0025,NORMAL,None,Low
2818,0,6,60,0.0021,NORMAL,None,Low
2819,0,1,10,0.0033,NORMAL,None,Medium
2819,0,2,20,0.0037,NORMAL,None,Medium
2819,0,3,30,0.0031,NORMAL,None,Medium
2819,0,4,40,0.0024,NORMAL,None,Low
2819,0,5,50,0.0024,NORMAL,None,Low
2819,0,6,60,0.0023,NORMAL,None,Low
2820,0,1,10,0.0023,NORMAL,None,Medium
2820,0,2,20,0.0025,NORMAL,None,Medium
2820,0,3,30,0.0025,NORMAL,None,Medium
2820,0,4,40,0.0023,NORMAL,None,Low
2820,0,5,50,0.0021,NORMAL,None,Low
2820,0,6,60,0.0021,NORMAL,None,Low
2821,0,1,10,0.002,NORMAL,None,Medium
2821,0,2,20,0.002,NORMAL,None,Medium
2821,0,3,30,0.002,NORMAL,None,Medium
2821,0,4,40,0.0022,NORMAL,None,Low
2821,0,5,50,0.0025,NORMAL,None,Low
2821,0,6,60,0.0021,NORMAL,None,Low
2822,0,1,10,0.0022,NORMAL,None,Medium
2822,0,2,20,0.0025,NORMAL,None,Medium
2822,0,3,30,0.0023,NORMAL,None,Medium
2822,0,4,40,0.0022,NORMAL,None,Low
2822,0,5,50,0.0021,NORMAL,None,Low
2822,0,6,60,0.0022,NORMAL,None,Low
2823,0,1,10,0.0019,NORMAL,None,Medium
2823,0,2,20,0.0025,NORMAL,None,Medium
2823,0,3,30,0.0022,NORMAL,None,Medium
2823,0,4,40,0.0023,NORMAL,None,Low
2823,0,5,50,0.0022,NORMAL,None,Low
2823,0,6,60,0.0023,NORMAL,None,Low
2824,0,1,10,0.0023,NORMAL,None,Medium
2824,0,2,20,0.0021,NORMAL,None,Medium
2824,0,3,30,0.0021,NORMAL,None,Medium
2824,0,4,40,0.0021,NORMAL,None,Low
2824,0,5,50,0.0022,NORMAL,None,Low
2824,0,6,60,0.0021,NORMAL,None,Low
2825,0,1,10,0.0022,NORMAL,None,Medium
2825,0,2,20,0.0027,NORMAL,None,Medium
2825,0,3,30,0.0025,NORMAL,None,Medium
2825,0,4,40,0.0021,NORMAL,None,Low
2825,0,5,50,0.0022,NORMAL,None,Low
2825,0,6,60,0.0021,NORMAL,None,Low
2826,0,1,10,0.0026,NORMAL,None,Medium
2826,0,2,20,0.0028,NORMAL,None,Medium
2826,0,3,30,0.0027,NORMAL,None,Medium
2826,0,4,40,0.0025,NORMAL,None,Low
2826,0,5,50,0.0023,NORMAL,None,Low
2826,0,6,60,0.0021,NORMAL,None,Low
2827,0,1,10,0.0025,NORMAL,None,Medium
2827,0,2,20,0.0028,NORMAL,None,Medium
2827,0,3,30,0.0023,NORMAL,None,Medium
2827,0,4,40,0.0023,NORMAL,None,Low
2827,0,5,50,0.0024,NORMAL,None,Low
2827,0,6,60,0.0023,NORMAL,None,Low
2828,0,1,10,0.0021,NORMAL,None,Medium
2828,0,2,20,0.0025,NORMAL,None,Medium
2828,0,3,30,0.0021,NORMAL,None,Medium
2828,0,4,40,0.0022,NORMAL,None,Low
2828,0,5,50,0.002,NORMAL,None,Low
2828,0,6,60,0.0021,NORMAL,None,Low
2829,0,1,10,0.0022,NORMAL,None,Medium
2829,0,2,20,0.0024,NORMAL,None,Medium
2829,0,3,30,0.0024,NORMAL,None,Medium
2829,0,4,40,0.0022,NORMAL,None,Low
2829,0,5,50,0.0021,NORMAL,None,Low
2829,0,6,60,0.0026,NORMAL,None,Low
2830,0,1,10,0.0024,NORMAL,None,Medium
2830,0,2,20,0.0024,NORMAL,None,Medium
2830,0,3,30,0.0019,NORMAL,None,Medium
2830,0,4,40,0.0024,NORMAL,None,Low
2830,0,5,50,0.0023,NORMAL,None,Low
2830,0,6,60,0.0022,NORMAL,None,Low
2831,0,1,10,0.0029,NORMAL,None,Medium
2831,0,2,20,0.0027,NORMAL,None,Medium
2831,0,3,30,0.0022,NORMAL,None,Medium
2831,0,4,40,0.0026,NORMAL,None,Low
2831,0,5,50,0.0023,NORMAL,None,Low
2831,0,6,60,0.0024,NORMAL,None,Low
2832,0,1,10,0.0026,NORMAL,None,Medium
2832,0,2,20,0.0026,NORMAL,None,Medium
2832,0,3,30,0.0022,NORMAL,None,Medium
2832,0,4,40,0.0021,NORMAL,None,Low
2832,0,5,50,0.0025,NORMAL,None,Low
2832,0,6,60,0.0022,NORMAL,None,Low
2833,0,1,10,0.003,NORMAL,None,Medium
2833,0,2,20,0.0028,NORMAL,None,Medium
2833,0,3,30,0.0024,NORMAL,None,Medium
2833,0,4,40,0.0022,NORMAL,None,Low
2833,0,5,50,0.0023,NORMAL,None,Low
2833,0,6,60,0.0017,NORMAL,None,Low
2834,0,1,10,0.0027,NORMAL,None,Medium
2834,0,2,20,0.003,NORMAL,None,Medium
2834,0,3,30,0.0027,NORMAL,None,Medium
2834,0,4,40,0.0027,NORMAL,None,Low
2834,0,5,50,0.0021,NORMAL,None,Low
2834,0,6,60,0.0023,NORMAL,None,Low
2835,0,1,10,0.0029,NORMAL,None,Medium
2835,0,2,20,0.0025,NORMAL,None,Medium
2835,0,3,30,0.0024,NORMAL,None,Medium
2835,0,4,40,0.0027,NORMAL,None,Low
2835,0,5,50,0.0024,NORMAL,None,Low
2835,0,6,60,0.0024,NORMAL,None,Low
2836,0,1,10,0.0028,NORMAL,None,Medium
2836,0,2,20,0.0026,NORMAL,None,Medium
2836,0,3,30,0.0025,NORMAL,None,Medium
2836,0,4,40,0.0024,NORMAL,None,Low
2836,0,5,50,0.0024,NORMAL,None,Low
2836,0,6,60,0.0023,NORMAL,None,Low
2837,0,1,10,0.003,NORMAL,None,Medium
2837,0,2,20,0.0028,NORMAL,None,Medium
2837,0,3,30,0.0026,NORMAL,None,Medium
2837,0,4,40,0.0027,NORMAL,None,Low
2837,0,5,50,0.0021,NORMAL,None,Low
2837,0,6,60,0.0023,NORMAL,None,Low
2838,0,1,10,0.0032,NORMAL,None,Medium
2838,0,2,20,0.0029,NORMAL,None,Medium
2838,0,3,30,0.0028,NORMAL,None,Medium
2838,0,4,40,0.0023,NORMAL,None,Low
2838,0,5,50,0.0024,NORMAL,None,Low
2838,0,6,60,0.0021,NORMAL,None,Low
2839,0,1,10,0.0029,NORMAL,None,Medium
2839,0,2,20,0.0029,NORMAL,None,Medium
2839,0,3,30,0.0026,NORMAL,None,Medium
2839,0,4,40,0.0023,NORMAL,None,Low
2839,0,5,50,0.0021,NORMAL,None,Low
2839,0,6,60,0.0019,NORMAL,None,Low
2840,0,1,10,0.0023,NORMAL,None,Medium
2840,0,2,20,0.0024,NORMAL,None,Medium
2840,0,3,30,0.0025,NORMAL,None,Medium
2840,0,4,40,0.0025,NORMAL,None,Low
2840,0,5,50,0.0023,NORMAL,None,Low
2840,0,6,60,0.0019,NORMAL,None,Low
2841,0,1,10,0.0025,NORMAL,None,Medium
2841,0,2,20,0.0024,NORMAL,None,Medium
2841,0,3,30,0.0022,NORMAL,None,Medium
2841,0,4,40,0.0025,NORMAL,None,Low
2841,0,5,50,0.0025,NORMAL,None,Low
2841,0,6,60,0.0022,NORMAL,None,Low
2842,0,1,10,0.0029,NORMAL,None,Medium
2842,0,2,20,0.0025,NORMAL,None,Medium
2842,0,3,30,0.0022,NORMAL,None,Medium
2842,0,4,40,0.0021,NORMAL,None,Low
2842,0,5,50,0.0024,NORMAL,None,Low
2842,0,6,60,0.0024,NORMAL,None,Low
2843,0,1,10,0.0025,NORMAL,None,Medium
2843,0,2,20,0.0024,NORMAL,None,Medium
2843,0,3,30,0.0022,NORMAL,None,Medium
2843,0,4,40,0.0023,NORMAL,None,Low
2843,0,5,50,0.0022,NORMAL,None,Low
2843,0,6,60,0.0022,NORMAL,None,Low
2844,0,1,10,0.0031,NORMAL,None,Medium
2844,0,2,20,0.0027,NORMAL,None,Medium
2844,0,3,30,0.0026,NORMAL,None,Medium
2844,0,4,40,0.002,NORMAL,None,Low
2844,0,5,50,0.0022,NORMAL,None,Low
2844,0,6,60,0.0021,NORMAL,None,Low
2845,0,1,10,0.0033,NORMAL,None,Medium
2845,0,2,20,0.0031,NORMAL,None,Medium
2845,0,3,30,0.0029,NORMAL,None,Medium
2845,0,4,40,0.0025,NORMAL,None,Low
2845,0,5,50,0.0026,NORMAL,None,Low
2845,0,6,60,0.0021,NORMAL,None,Low
2846,0,1,10,0.0034,NORMAL,None,Medium
2846,0,2,20,0.0036,NORMAL,None,Medium
2846,0,3,30,0.003,NORMAL,None,Medium
2846,0,4,40,0.0027,NORMAL,None,Low
2846,0,5,50,0.0024,NORMAL,None,Low
2846,0,6,60,0.0022,NORMAL,None,Low
2847,0,1,10,0.0041,NORMAL,None,Medium
2847,0,2,20,0.0035,NORMAL,None,Medium
2847,0,3,30,0.003,NORMAL,None,Medium
2847,0,4,40,0.0028,NORMAL,None,Low
2847,0,5,50,0.0026,NORMAL,None,Low
2847,0,6,60,0.0024,NORMAL,None,Low
2848,0,1,10,0.0042,NORMAL,None,Medium
2848,0,2,20,0.0038,NORMAL,None,Medium
2848,0,3,30,0.0029,NORMAL,None,Medium
2848,0,4,40,0.0023,NORMAL,None,Low
2848,0,5,50,0.0023,NORMAL,None,Low
2848,0,6,60,0.0022,NORMAL,None,Low
2849,0,1,10,0.0027,NORMAL,None,Medium
2849,0,2,20,0.0032,NORMAL,None,Medium
2849,0,3,30,0.0027,NORMAL,None,Medium
2849,0,4,40,0.0027,NORMAL,None,Low
2849,0,5,50,0.0026,NORMAL,None,Low
2849,0,6,60,0.0024,NORMAL,None,Low
2850,0,1,10,0.0027,NORMAL,None,Medium
2850,0,2,20,0.0028,NORMAL,None,Medium
2850,0,3,30,0.0024,NORMAL,None,Medium
2850,0,4,40,0.0021,NORMAL,None,Low
2850,0,5,50,0.0026,NORMAL,None,Low
2850,0,6,60,0.0022,NORMAL,None,Low
2851,0,1,10,0.0031,NORMAL,None,Medium
2851,0,2,20,0.0028,NORMAL,None,Medium
2851,0,3,30,0.0025,NORMAL,None,Medium
2851,0,4,40,0.0024,NORMAL,None,Low
2851,0,5,50,0.0021,NORMAL,None,Low
2851,0,6,60,0.0024,NORMAL,None,Low
2852,0,1,10,0.0025,NORMAL,None,Medium
2852,0,2,20,0.0027,NORMAL,None,Medium
2852,0,3,30,0.0029,NORMAL,None,Medium
2852,0,4,40,0.0024,NORMAL,None,Low
2852,0,5,50,0.0024,NORMAL,None,Low
2852,0,6,60,0.002,NORMAL,None,Low
2853,0,1,10,0.0023,NORMAL,None,Medium
2853,0,2,20,0.0024,NORMAL,None,Medium
2853,0,3,30,0.0024,NORMAL,None,Medium
2853,0,4,40,0.0027,NORMAL,None,Low
2853,0,5,50,0.0027,NORMAL,None,Low
2853,0,6,60,0.0023,NORMAL,None,Low
2854,0,1,10,0.0026,NORMAL,None,Medium
2854,0,2,20,0.0026,NORMAL,None,Medium
2854,0,3,30,0.0022,NORMAL,None,Medium
2854,0,4,40,0.0024,NORMAL,None,Low
2854,0,5,50,0.002,NORMAL,None,Low
2854,0,6,60,0.0026,NORMAL,None,Low
2855,0,1,10,0.0025,NORMAL,None,Medium
2855,0,2,20,0.0024,NORMAL,None,Medium
2855,0,3,30,0.0027,NORMAL,None,Medium
2855,0,4,40,0.0024,NORMAL,None,Low
2855,0,5,50,0.0024,NORMAL,None,Low
2855,0,6,60,0.0022,NORMAL,None,Low
2856,0,1,10,0.0023,NORMAL,None,Medium
2856,0,2,20,0.0022,NORMAL,None,Medium
2856,0,3,30,0.0027,NORMAL,None,Medium
2856,0,4,40,0.0025,NORMAL,None,Low
2856,0,5,50,0.002,NORMAL,None,Low
2856,0,6,60,0.0019,NORMAL,None,Low
2857,0,1,10,0.0021,NORMAL,None,Medium
2857,0,2,20,0.0023,NORMAL,None,Medium
2857,0,3,30,0.0021,NORMAL,None,Medium
2857,0,4,40,0.0022,NORMAL,None,Low
2857,0,5,50,0.0024,NORMAL,None,Low
2857,0,6,60,0.0023,NORMAL,None,Low
2858,0,1,10,0.002,NORMAL,None,Medium
2858,0,2,20,0.0023,NORMAL,None,Medium
2858,0,3,30,0.0024,NORMAL,None,Medium
2858,0,4,40,0.0023,NORMAL,None,Low
2858,0,5,50,0.0025,NORMAL,None,Low
2858,0,6,60,0.0022,NORMAL,None,Low
2859,0,1,10,0.0025,NORMAL,None,Medium
2859,0,2,20,0.0028,NORMAL,None,Medium
2859,0,3,30,0.0025,NORMAL,None,Medium
2859,0,4,40,0.0022,NORMAL,None,Low
2859,0,5,50,0.0024,NORMAL,None,Low
2859,0,6,60,0.0022,NORMAL,None,Low
2860,0,1,10,0.0019,NORMAL,None,Medium
2860,0,2,20,0.0024,NORMAL,None,Medium
2860,0,3,30,0.0026,NORMAL,None,Medium
2860,0,4,40,0.0026,NORMAL,None,Low
2860,0,5,50,0.0023,NORMAL,None,Low
2860,0,6,60,0.0022,NORMAL,None,Low
2861,0,1,10,0.0022,NORMAL,None,Medium
2861,0,2,20,0.0029,NORMAL,None,Medium
2861,0,3,30,0.0029,NORMAL,None,Medium
2861,0,4,40,0.0029,NORMAL,None,Low
2861,0,5,50,0.0026,NORMAL,None,Low
2861,0,6,60,0.0023,NORMAL,None,Low
2862,0,1,10,0.0023,NORMAL,None,Medium
2862,0,2,20,0.003,NORMAL,None,Medium
2862,0,3,30,0.0027,NORMAL,None,Medium
2862,0,4,40,0.0023,NORMAL,None,Low
2862,0,5,50,0.0022,NORMAL,None,Low
2862,0,6,60,0.0027,NORMAL,None,Low
2863,0,1,10,0.0026,NORMAL,None,Medium
2863,0,2,20,0.0024,NORMAL,None,Medium
2863,0,3,30,0.0024,NORMAL,None,Medium
2863,0,4,40,0.0025,NORMAL,None,Low
2863,0,5,50,0.0025,NORMAL,None,Low
2863,0,6,60,0.0024,NORMAL,None,Low
2864,0,1,10,0.0017,NORMAL,None,Medium
2864,0,2,20,0.0021,NORMAL,None,Medium
2864,0,3,30,0.0022,NORMAL,None,Medium
2864,0,4,40,0.0021,NORMAL,None,Low
2864,0,5,50,0.0022,NORMAL,None,Low
2864,0,6,60,0.0018,NORMAL,None,Low
2865,0,1,10,0.0016,NORMAL,None,Medium
2865,0,2,20,0.0019,NORMAL,None,Medium
2865,0,3,30,0.0019,NORMAL,None,Medium
2865,0,4,40,0.0018,NORMAL,None,Low
2865,0,5,50,0.0021,NORMAL,None,Low
2865,0,6,60,0.0022,NORMAL,None,Low
2866,0,1,10,0.0022,NORMAL,None,Medium
2866,0,2,20,0.0022,NORMAL,None,Medium
2866,0,3,30,0.0022,NORMAL,None,Medium
2866,0,4,40,0.0021,NORMAL,None,Low
2866,0,5,50,0.002,NORMAL,None,Low
2866,0,6,60,0.0022,NORMAL,None,Low
2867,0,1,10,0.0021,NORMAL,None,Medium
2867,0,2,20,0.0025,NORMAL,None,Medium
2867,0,3,30,0.0025,NORMAL,None,Medium
2867,0,4,40,0.0024,NORMAL,None,Low
2867,0,5,50,0.0024,NORMAL,None,Low
2867,0,6,60,0.0021,NORMAL,None,Low
2868,0,1,10,0.0029,NORMAL,None,Medium
2868,0,2,20,0.0027,NORMAL,None,Medium
2868,0,3,30,0.0022,NORMAL,None,Medium
2868,0,4,40,0.0024,NORMAL,None,Low
2868,0,5,50,0.0023,NORMAL,None,Low
2868,0,6,60,0.0021,NORMAL,None,Low
2869,0,1,10,0.0029,NORMAL,None,Medium
2869,0,2,20,0.0025,NORMAL,None,Medium
2869,0,3,30,0.0028,NORMAL,None,Medium
2869,0,4,40,0.0025,NORMAL,None,Low
2869,0,5,50,0.0021,NORMAL,None,Low
2869,0,6,60,0.0022,NORMAL,None,Low
2870,0,1,10,0.0036,NORMAL,None,Medium
2870,0,2,20,0.0032,NORMAL,None,Medium
2870,0,3,30,0.003,NORMAL,None,Medium
2870,0,4,40,0.0026,NORMAL,None,Low
2870,0,5,50,0.0024,NORMAL,None,Low
2870,0,6,60,0.0024,NORMAL,None,Low
2871,0,1,10,0.0034,NORMAL,None,Medium
2871,0,2,20,0.0032,NORMAL,None,Medium
2871,0,3,30,0.0029,NORMAL,None,Medium
2871,0,4,40,0.0025,NORMAL,None,Low
2871,0,5,50,0.0024,NORMAL,None,Low
2871,0,6,60,0.0022,NORMAL,None,Low
2872,0,1,10,0.0025,NORMAL,None,Medium
2872,0,2,20,0.0022,NORMAL,None,Medium
2872,0,3,30,0.0026,NORMAL,None,Medium
2872,0,4,40,0.0024,NORMAL,None,Low
2872,0,5,50,0.0023,NORMAL,None,Low
2872,0,6,60,0.0024,NORMAL,None,Low
2873,0,1,10,0.0029,NORMAL,None,Medium
2873,0,2,20,0.0029,NORMAL,None,Medium
2873,0,3,30,0.0025,NORMAL,None,Medium
2873,0,4,40,0.0023,NORMAL,None,Low
2873,0,5,50,0.0025,NORMAL,None,Low
2873,0,6,60,0.0024,NORMAL,None,Low
2874,0,1,10,0.0023,NORMAL,None,Medium
2874,0,2,20,0.0026,NORMAL,None,Medium
2874,0,3,30,0.0024,NORMAL,None,Medium
2874,0,4,40,0.002,NORMAL,None,Low
2874,0,5,50,0.0022,NORMAL,None,Low
2874,0,6,60,0.0021,NORMAL,None,Low
2875,0,1,10,0.0033,NORMAL,None,Medium
2875,0,2,20,0.0026,NORMAL,None,Medium
2875,0,3,30,0.0025,NORMAL,None,Medium
2875,0,4,40,0.0029,NORMAL,None,Low
2875,0,5,50,0.0023,NORMAL,None,Low
2875,0,6,60,0.0023,NORMAL,None,Low
2876,0,1,10,0.0026,NORMAL,None,Medium
2876,0,2,20,0.0026,NORMAL,None,Medium
2876,0,3,30,0.0026,NORMAL,None,Medium
2876,0,4,40,0.0023,NORMAL,None,Low
2876,0,5,50,0.0026,NORMAL,None,Low
2876,0,6,60,0.0024,NORMAL,None,Low
2877,0,1,10,0.0027,NORMAL,None,Medium
2877,0,2,20,0.0028,NORMAL,None,Medium
2877,0,3,30,0.0026,NORMAL,None,Medium
2877,0,4,40,0.0024,NORMAL,None,Low
2877,0,5,50,0.0025,NORMAL,None,Low
2877,0,6,60,0.0023,NORMAL,None,Low
2878,0,1,10,0.0023,NORMAL,None,Medium
2878,0,2,20,0.0027,NORMAL,None,Medium
2878,0,3,30,0.0028,NORMAL,None,Medium
2878,0,4,40,0.0027,NORMAL,None,Low
2878,0,5,50,0.0024,NORMAL,None,Low
2878,0,6,60,0.0025,NORMAL,None,Low
2879,0,1,10,0.0025,NORMAL,None,Medium
2879,0,2,20,0.0027,NORMAL,None,Medium
2879,0,3,30,0.0025,NORMAL,None,Medium
2879,0,4,40,0.0022,NORMAL,None,Low
2879,0,5,50,0.0022,NORMAL,None,Low
2879,0,6,60,0.0023,NORMAL,None,Low
2880,0,1,10,0.0024,NORMAL,None,Medium
2880,0,2,20,0.0025,NORMAL,None,Medium
2880,0,3,30,0.0025,NORMAL,None,Medium
2880,0,4,40,0.0022,NORMAL,None,Low
2880,0,5,50,0.002,NORMAL,None,Low
2880,0,6,60,0.0021,NORMAL,None,Low
2881,0,1,10,0.0028,NORMAL,None,Medium
2881,0,2,20,0.003,NORMAL,None,Medium
2881,0,3,30,0.0027,NORMAL,None,Medium
2881,0,4,40,0.0022,NORMAL,None,Low
2881,0,5,50,0.0025,NORMAL,None,Low
2881,0,6,60,0.0019,NORMAL,None,Low
2882,0,1,10,0.0024,NORMAL,None,Medium
2882,0,2,20,0.0028,NORMAL,None,Medium
2882,0,3,30,0.0027,NORMAL,None,Medium
2882,0,4,40,0.0024,NORMAL,None,Low
2882,0,5,50,0.0024,NORMAL,None,Low
2882,0,6,60,0.0023,NORMAL,None,Low
2883,0,1,10,0.003,NORMAL,None,Medium
2883,0,2,20,0.0028,NORMAL,None,Medium
2883,0,3,30,0.0025,NORMAL,None,Medium
2883,0,4,40,0.0023,NORMAL,None,Low
2883,0,5,50,0.002,NORMAL,None,Low
2883,0,6,60,0.0024,NORMAL,None,Low
2884,0,1,10,0.0028,NORMAL,None,Medium
2884,0,2,20,0.0024,NORMAL,None,Medium
2884,0,3,30,0.0021,NORMAL,None,Medium
2884,0,4,40,0.0026,NORMAL,None,Low
2884,0,5,50,0.0021,NORMAL,None,Low
2884,0,6,60,0.0025,NORMAL,None,Low
2885,0,1,10,0.0027,NORMAL,None,Medium
2885,0,2,20,0.0024,NORMAL,None,Medium
2885,0,3,30,0.0023,NORMAL,None,Medium
2885,0,4,40,0.0024,NORMAL,None,Low
2885,0,5,50,0.0022,NORMAL,None,Low
2885,0,6,60,0.002,NORMAL,None,Low
2886,0,1,10,0.002,NORMAL,None,Medium
2886,0,2,20,0.0024,NORMAL,None,Medium
2886,0,3,30,0.0021,NORMAL,None,Medium
2886,0,4,40,0.0026,NORMAL,None,Low
2886,0,5,50,0.0024,NORMAL,None,Low
2886,0,6,60,0.0024,NORMAL,None,Low
2887,0,1,10,0.0024,NORMAL,None,Medium
2887,0,2,20,0.0026,NORMAL,None,Medium
2887,0,3,30,0.0023,NORMAL,None,Medium
2887,0,4,40,0.0022,NORMAL,None,Low
2887,0,5,50,0.0025,NORMAL,None,Low
2887,0,6,60,0.0021,NORMAL,None,Low
2888,0,1,10,0.0021,NORMAL,None,Medium
2888,0,2,20,0.0025,NORMAL,None,Medium
2888,0,3,30,0.0024,NORMAL,None,Medium
2888,0,4,40,0.002,NORMAL,None,Low
2888,0,5,50,0.002,NORMAL,None,Low
2888,0,6,60,0.0019,NORMAL,None,Low
2889,0,1,10,0.0025,NORMAL,None,Medium
2889,0,2,20,0.0026,NORMAL,None,Medium
2889,0,3,30,0.0025,NORMAL,None,Medium
2889,0,4,40,0.0023,NORMAL,None,Low
2889,0,5,50,0.0023,NORMAL,None,Low
2889,0,6,60,0.0022,NORMAL,None,Low
2890,0,1,10,0.0027,NORMAL,None,Medium
2890,0,2,20,0.0024,NORMAL,None,Medium
2890,0,3,30,0.0024,NORMAL,None,Medium
2890,0,4,40,0.0026,NORMAL,None,Low
2890,0,5,50,0.0022,NORMAL,None,Low
2890,0,6,60,0.0023,NORMAL,None,Low
2891,0,1,10,0.0027,NORMAL,None,Medium
2891,0,2,20,0.0025,NORMAL,None,Medium
2891,0,3,30,0.0024,NORMAL,None,Medium
2891,0,4,40,0.0024,NORMAL,None,Low
2891,0,5,50,0.002,NORMAL,None,Low
2891,0,6,60,0.002,NORMAL,None,Low
2892,0,1,10,0.0023,NORMAL,None,Medium
2892,0,2,20,0.0023,NORMAL,None,Medium
2892,0,3,30,0.0024,NORMAL,None,Medium
2892,0,4,40,0.0024,NORMAL,None,Low
2892,0,5,50,0.0023,NORMAL,None,Low
2892,0,6,60,0.0022,NORMAL,None,Low
2893,0,1,10,0.0023,NORMAL,None,Medium
2893,0,2,20,0.0028,NORMAL,None,Medium
2893,0,3,30,0.0027,NORMAL,None,Medium
2893,0,4,40,0.0028,NORMAL,None,Low
2893,0,5,50,0.0021,NORMAL,None,Low
2893,0,6,60,0.0021,NORMAL,None,Low
2894,0,1,10,0.002,NORMAL,None,Medium
2894,0,2,20,0.002,NORMAL,None,Medium
2894,0,3,30,0.002,NORMAL,None,Medium
2894,0,4,40,0.0021,NORMAL,None,Low
2894,0,5,50,0.002,NORMAL,None,Low
2894,0,6,60,0.0023,NORMAL,None,Low
2895,0,1,10,0.0032,NORMAL,None,Medium
2895,0,2,20,0.0028,NORMAL,None,Medium
2895,0,3,30,0.0022,NORMAL,None,Medium
2895,0,4,40,0.0021,NORMAL,None,Low
2895,0,5,50,0.0023,NORMAL,None,Low
2895,0,6,60,0.0024,NORMAL,None,Low
2896,0,1,10,0.0037,NORMAL,None,Medium
2896,0,2,20,0.0034,NORMAL,None,Medium
2896,0,3,30,0.0025,NORMAL,None,Medium
2896,0,4,40,0.0022,NORMAL,None,Low
2896,0,5,50,0.0027,NORMAL,None,Low
2896,0,6,60,0.0022,NORMAL,None,Low
2897,0,1,10,0.0047,NORMAL,None,Medium
2897,0,2,20,0.0032,NORMAL,None,Medium
2897,0,3,30,0.0029,NORMAL,None,Medium
2897,0,4,40,0.0024,NORMAL,None,Low
2897,0,5,50,0.0024,NORMAL,None,Low
2897,0,6,60,0.0021,NORMAL,None,Low
2898,0,1,10,0.003,NORMAL,None,Medium
2898,0,2,20,0.003,NORMAL,None,Medium
2898,0,3,30,0.0028,NORMAL,None,Medium
2898,0,4,40,0.0028,NORMAL,None,Low
2898,0,5,50,0.0025,NORMAL,None,Low
2898,0,6,60,0.0023,NORMAL,None,Low
2899,0,1,10,0.0034,NORMAL,None,Medium
2899,0,2,20,0.0029,NORMAL,None,Medium
2899,0,3,30,0.0027,NORMAL,None,Medium
2899,0,4,40,0.0023,NORMAL,None,Low
2899,0,5,50,0.0024,NORMAL,None,Low
2899,0,6,60,0.0021,NORMAL,None,Low
2900,0,1,10,0.0035,NORMAL,None,Medium
2900,0,2,20,0.0029,NORMAL,None,Medium
2900,0,3,30,0.0027,NORMAL,None,Medium
2900,0,4,40,0.0027,NORMAL,None,Low
2900,0,5,50,0.0025,NORMAL,None,Low
2900,0,6,60,0.0021,NORMAL,None,Low
2901,0,1,10,0.0034,NORMAL,None,Medium
2901,0,2,20,0.0033,NORMAL,None,Medium
2901,0,3,30,0.0026,NORMAL,None,Medium
2901,0,4,40,0.0022,NORMAL,None,Low
2901,0,5,50,0.0026,NORMAL,None,Low
2901,0,6,60,0.0024,NORMAL,None,Low
2902,0,1,10,0.0027,NORMAL,None,Medium
2902,0,2,20,0.0027,NORMAL,None,Medium
2902,0,3,30,0.0022,NORMAL,None,Medium
2902,0,4,40,0.0023,NORMAL,None,Low
2902,0,5,50,0.0022,NORMAL,None,Low
2902,0,6,60,0.0021,NORMAL,None,Low
2903,0,1,10,0.0023,NORMAL,None,Medium
2903,0,2,20,0.0028,NORMAL,None,Medium
2903,0,3,30,0.0026,NORMAL,None,Medium
2903,0,4,40,0.0026,NORMAL,None,Low
2903,0,5,50,0.0023,NORMAL,None,Low
2903,0,6,60,0.0025,NORMAL,None,Low
2904,0,1,10,0.0022,NORMAL,None,Medium
2904,0,2,20,0.0025,NORMAL,None,Medium
2904,0,3,30,0.0023,NORMAL,None,Medium
2904,0,4,40,0.0028,NORMAL,None,Low
2904,0,5,50,0.0023,NORMAL,None,Low
2904,0,6,60,0.0024,NORMAL,None,Low
2905,0,1,10,0.0024,NORMAL,None,Medium
2905,0,2,20,0.0031,NORMAL,None,Medium
2905,0,3,30,0.0026,NORMAL,None,Medium
2905,0,4,40,0.0026,NORMAL,None,Low
2905,0,5,50,0.0026,NORMAL,None,Low
2905,0,6,60,0.0023,NORMAL,None,Low
2906,0,1,10,0.0026,NORMAL,None,Medium
2906,0,2,20,0.0031,NORMAL,None,Medium
2906,0,3,30,0.0029,NORMAL,None,Medium
2906,0,4,40,0.0023,NORMAL,None,Low
2906,0,5,50,0.002,NORMAL,None,Low
2906,0,6,60,0.0019,NORMAL,None,Low
2907,0,1,10,0.0028,NORMAL,None,Medium
2907,0,2,20,0.0028,NORMAL,None,Medium
2907,0,3,30,0.0026,NORMAL,None,Medium
2907,0,4,40,0.0022,NORMAL,None,Low
2907,0,5,50,0.0022,NORMAL,None,Low
2907,0,6,60,0.0021,NORMAL,None,Low
2908,0,1,10,0.0023,NORMAL,None,Medium
2908,0,2,20,0.0024,NORMAL,None,Medium
2908,0,3,30,0.0026,NORMAL,None,Medium
2908,0,4,40,0.0025,NORMAL,None,Low
2908,0,5,50,0.0024,NORMAL,None,Low
2908,0,6,60,0.0023,NORMAL,None,Low
2909,0,1,10,0.0021,NORMAL,None,Medium
2909,0,2,20,0.0027,NORMAL,None,Medium
2909,0,3,30,0.0025,NORMAL,None,Medium
2909,0,4,40,0.0022,NORMAL,None,Low
2909,0,5,50,0.0024,NORMAL,None,Low
2909,0,6,60,0.0023,NORMAL,None,Low
2910,0,1,10,0.0022,NORMAL,None,Medium
2910,0,2,20,0.0027,NORMAL,None,Medium
2910,0,3,30,0.0025,NORMAL,None,Medium
2910,0,4,40,0.0022,NORMAL,None,Low
2910,0,5,50,0.0025,NORMAL,None,Low
2910,0,6,60,0.0021,NORMAL,None,Low
2911,0,1,10,0.0022,NORMAL,None,Medium
2911,0,2,20,0.0024,NORMAL,None,Medium
2911,0,3,30,0.0025,NORMAL,None,Medium
2911,0,4,40,0.0025,NORMAL,None,Low
2911,0,5,50,0.0025,NORMAL,None,Low
2911,0,6,60,0.0023,NORMAL,None,Low
2912,0,1,10,0.0022,NORMAL,None,Medium
2912,0,2,20,0.0025,NORMAL,None,Medium
2912,0,3,30,0.0022,NORMAL,None,Medium
2912,0,4,40,0.0022,NORMAL,None,Low
2912,0,5,50,0.0021,NORMAL,None,Low
2912,0,6,60,0.0018,NORMAL,None,Low
2913,0,1,10,0.0022,NORMAL,None,Medium
2913,0,2,20,0.0028,NORMAL,None,Medium
2913,0,3,30,0.0022,NORMAL,None,Medium
2913,0,4,40,0.0025,NORMAL,None,Low
2913,0,5,50,0.0025,NORMAL,None,Low
2913,0,6,60,0.0023,NORMAL,None,Low
2914,0,1,10,0.0025,NORMAL,None,Medium
2914,0,2,20,0.0024,NORMAL,None,Medium
2914,0,3,30,0.0026,NORMAL,None,Medium
2914,0,4,40,0.0027,NORMAL,None,Low
2914,0,5,50,0.0024,NORMAL,None,Low
2914,0,6,60,0.0023,NORMAL,None,Low
2915,0,1,10,0.0029,NORMAL,None,Medium
2915,0,2,20,0.0031,NORMAL,None,Medium
2915,0,3,30,0.0028,NORMAL,None,Medium
2915,0,4,40,0.0023,NORMAL,None,Low
2915,0,5,50,0.0019,NORMAL,None,Low
2915,0,6,60,0.0021,NORMAL,None,Low
2916,0,1,10,0.0024,NORMAL,None,Medium
2916,0,2,20,0.0024,NORMAL,None,Medium
2916,0,3,30,0.0022,NORMAL,None,Medium
2916,0,4,40,0.0022,NORMAL,None,Low
2916,0,5,50,0.0025,NORMAL,None,Low
2916,0,6,60,0.0022,NORMAL,None,Low
2917,0,1,10,0.0017,NORMAL,None,Medium
2917,0,2,20,0.0024,NORMAL,None,Medium
2917,0,3,30,0.0022,NORMAL,None,Medium
2917,0,4,40,0.002,NORMAL,None,Low
2917,0,5,50,0.0021,NORMAL,None,Low
2917,0,6,60,0.0024,NORMAL,None,Low
2918,0,1,10,0.0018,NORMAL,None,Medium
2918,0,2,20,0.002,NORMAL,None,Medium
2918,0,3,30,0.002,NORMAL,None,Medium
2918,0,4,40,0.0021,NORMAL,None,Low
2918,0,5,50,0.0022,NORMAL,None,Low
2918,0,6,60,0.0021,NORMAL,None,Low
2919,0,1,10,0.0021,NORMAL,None,Medium
2919,0,2,20,0.0021,NORMAL,None,Medium
2919,0,3,30,0.0022,NORMAL,None,Medium
2919,0,4,40,0.0021,NORMAL,None,Low
2919,0,5,50,0.002,NORMAL,None,Low
2919,0,6,60,0.0021,NORMAL,None,Low
2920,0,1,10,0.0018,NORMAL,None,Medium
2920,0,2,20,0.0021,NORMAL,None,Medium
2920,0,3,30,0.0025,NORMAL,None,Medium
2920,0,4,40,0.0021,NORMAL,None,Low
2920,0,5,50,0.002,NORMAL,None,Low
2920,0,6,60,0.0019,NORMAL,None,Low
2921,0,1,10,0.0028,NORMAL,None,Medium
2921,0,2,20,0.0024,NORMAL,None,Medium
2921,0,3,30,0.0023,NORMAL,None,Medium
2921,0,4,40,0.0027,NORMAL,None,Low
2921,0,5,50,0.0022,NORMAL,None,Low
2921,0,6,60,0.0018,NORMAL,None,Low
2922,0,1,10,0.0027,NORMAL,None,Medium
2922,0,2,20,0.0027,NORMAL,None,Medium
2922,0,3,30,0.0026,NORMAL,None,Medium
2922,0,4,40,0.0023,NORMAL,None,Low
2922,0,5,50,0.0021,NORMAL,None,Low
2922,0,6,60,0.0021,NORMAL,None,Low
2923,0,1,10,0.0026,NORMAL,None,Medium
2923,0,2,20,0.0025,NORMAL,None,Medium
2923,0,3,30,0.0025,NORMAL,None,Medium
2923,0,4,40,0.0024,NORMAL,None,Low
2923,0,5,50,0.0023,NORMAL,None,Low
2923,0,6,60,0.0023,NORMAL,None,Low
2924,0,1,10,0.0026,NORMAL,None,Medium
2924,0,2,20,0.0026,NORMAL,None,Medium
2924,0,3,30,0.0026,NORMAL,None,Medium
2924,0,4,40,0.0021,NORMAL,None,Low
2924,0,5,50,0.0018,NORMAL,None,Low
2924,0,6,60,0.0021,NORMAL,None,Low
2925,0,1,10,0.0032,NORMAL,None,Medium
2925,0,2,20,0.0032,NORMAL,None,Medium
2925,0,3,30,0.003,NORMAL,None,Medium
2925,0,4,40,0.0025,NORMAL,None,Low
2925,0,5,50,0.0023,NORMAL,None,Low
2925,0,6,60,0.0023,NORMAL,None,Low
2926,0,1,10,0.0033,NORMAL,None,Medium
2926,0,2,20,0.0039,NORMAL,None,Medium
2926,0,3,30,0.0032,NORMAL,None,Medium
2926,0,4,40,0.0025,NORMAL,None,Low
2926,0,5,50,0.0025,NORMAL,None,Low
2926,0,6,60,0.0024,NORMAL,None,Low
2927,0,1,10,0.0037,NORMAL,None,Medium
2927,0,2,20,0.0029,NORMAL,None,Medium
2927,0,3,30,0.0026,NORMAL,None,Medium
2927,0,4,40,0.0026,NORMAL,None,Low
2927,0,5,50,0.0026,NORMAL,None,Low
2927,0,6,60,0.002,NORMAL,None,Low
2928,0,1,10,0.0045,NORMAL,None,Medium
2928,0,2,20,0.004,NORMAL,None,Medium
2928,0,3,30,0.0035,NORMAL,None,Medium
2928,0,4,40,0.0024,NORMAL,None,Low
2928,0,5,50,0.0022,NORMAL,None,Low
2928,0,6,60,0.0026,NORMAL,None,Low
2929,0,1,10,0.0043,NORMAL,None,Medium
2929,0,2,20,0.0043,NORMAL,None,Medium
2929,0,3,30,0.0034,NORMAL,None,Medium
2929,0,4,40,0.0025,NORMAL,None,Low
2929,0,5,50,0.0026,NORMAL,None,Low
2929,0,6,60,0.0025,NORMAL,None,Low
2930,0,1,10,0.005,NORMAL,None,Medium
2930,0,2,20,0.0037,NORMAL,None,Medium
2930,0,3,30,0.0035,NORMAL,None,Medium
2930,0,4,40,0.0028,NORMAL,None,Low
2930,0,5,50,0.0029,NORMAL,None,Low
2930,0,6,60,0.0023,NORMAL,None,Low
2931,0,1,10,0.0054,NORMAL,None,Medium
2931,0,2,20,0.0055,NORMAL,None,Medium
2931,0,3,30,0.004,NORMAL,None,Medium
2931,0,4,40,0.003,NORMAL,None,Low
2931,0,5,50,0.0024,NORMAL,None,Low
2931,0,6,60,0.0023,NORMAL,None,Low
2932,0,1,10,0.0052,NORMAL,None,Medium
2932,0,2,20,0.0039,NORMAL,None,Medium
2932,0,3,30,0.0033,NORMAL,None,Medium
2932,0,4,40,0.0026,NORMAL,None,Low
2932,0,5,50,0.0024,NORMAL,None,Low
2932,0,6,60,0.0022,NORMAL,None,Low
2933,0,1,10,0.0059,NORMAL,None,Medium
2933,0,2,20,0.0038,NORMAL,None,Medium
2933,0,3,30,0.0035,NORMAL,None,Medium
2933,0,4,40,0.0028,NORMAL,None,Low
2933,0,5,50,0.0027,NORMAL,None,Low
2933,0,6,60,0.0025,NORMAL,None,Low
2934,0,1,10,0.0046,NORMAL,None,Medium
2934,0,2,20,0.0043,NORMAL,None,Medium
2934,0,3,30,0.0032,NORMAL,None,Medium
2934,0,4,40,0.0026,NORMAL,None,Low
2934,0,5,50,0.0025,NORMAL,None,Low
2934,0,6,60,0.0022,NORMAL,None,Low
2935,0,1,10,0.0046,NORMAL,None,Medium
2935,0,2,20,0.0033,NORMAL,None,Medium
2935,0,3,30,0.0036,NORMAL,None,Medium
2935,0,4,40,0.0025,NORMAL,None,Low
2935,0,5,50,0.0027,NORMAL,None,Low
2935,0,6,60,0.0021,NORMAL,None,Low
2936,0,1,10,0.0039,NORMAL,None,Medium
2936,0,2,20,0.003,NORMAL,None,Medium
2936,0,3,30,0.0028,NORMAL,None,Medium
2936,0,4,40,0.0028,NORMAL,None,Low
2936,0,5,50,0.0026,NORMAL,None,Low
2936,0,6,60,0.0026,NORMAL,None,Low
2937,0,1,10,0.0034,NORMAL,None,Medium
2937,0,2,20,0.0032,NORMAL,None,Medium
2937,0,3,30,0.0028,NORMAL,None,Medium
2937,0,4,40,0.0024,NORMAL,None,Low
2937,0,5,50,0.0022,NORMAL,None,Low
2937,0,6,60,0.0026,NORMAL,None,Low
2938,0,1,10,0.0029,NORMAL,None,Medium
2938,0,2,20,0.0026,NORMAL,None,Medium
2938,0,3,30,0.0024,NORMAL,None,Medium
2938,0,4,40,0.0019,NORMAL,None,Low
2938,0,5,50,0.0021,NORMAL,None,Low
2938,0,6,60,0.0021,NORMAL,None,Low
2939,0,1,10,0.003,NORMAL,None,Medium
2939,0,2,20,0.0031,NORMAL,None,Medium
2939,0,3,30,0.0026,NORMAL,None,Medium
2939,0,4,40,0.0026,NORMAL,None,Low
2939,0,5,50,0.0024,NORMAL,None,Low
2939,0,6,60,0.0021,NORMAL,None,Low
2940,0,1,10,0.0027,NORMAL,None,Medium
2940,0,2,20,0.0031,NORMAL,None,Medium
2940,0,3,30,0.0029,NORMAL,None,Medium
2940,0,4,40,0.0024,NORMAL,None,Low
2940,0,5,50,0.0024,NORMAL,None,Low
2940,0,6,60,0.0023,NORMAL,None,Low
2941,0,1,10,0.0024,NORMAL,None,Medium
2941,0,2,20,0.0035,NORMAL,None,Medium
2941,0,3,30,0.0028,NORMAL,None,Medium
2941,0,4,40,0.0024,NORMAL,None,Low
2941,0,5,50,0.0024,NORMAL,None,Low
2941,0,6,60,0.0021,NORMAL,None,Low
2942,0,1,10,0.0026,NORMAL,None,Medium
2942,0,2,20,0.0034,NORMAL,None,Medium
2942,0,3,30,0.0025,NORMAL,None,Medium
2942,0,4,40,0.002,NORMAL,None,Low
2942,0,5,50,0.0021,NORMAL,None,Low
2942,0,6,60,0.0024,NORMAL,None,Low
2943,0,1,10,0.0022,NORMAL,None,Medium
2943,0,2,20,0.0026,NORMAL,None,Medium
2943,0,3,30,0.0025,NORMAL,None,Medium
2943,0,4,40,0.0026,NORMAL,None,Low
2943,0,5,50,0.0021,NORMAL,None,Low
2943,0,6,60,0.0021,NORMAL,None,Low
2944,0,1,10,0.0027,NORMAL,None,Medium
2944,0,2,20,0.0026,NORMAL,None,Medium
2944,0,3,30,0.0031,NORMAL,None,Medium
2944,0,4,40,0.0024,NORMAL,None,Low
2944,0,5,50,0.0023,NORMAL,None,Low
2944,0,6,60,0.0022,NORMAL,None,Low
2945,0,1,10,0.0026,NORMAL,None,Medium
2945,0,2,20,0.003,NORMAL,None,Medium
2945,0,3,30,0.0023,NORMAL,None,Medium
2945,0,4,40,0.0023,NORMAL,None,Low
2945,0,5,50,0.0022,NORMAL,None,Low
2945,0,6,60,0.0023,NORMAL,None,Low
2946,0,1,10,0.0024,NORMAL,None,Medium
2946,0,2,20,0.0032,NORMAL,None,Medium
2946,0,3,30,0.0031,NORMAL,None,Medium
2946,0,4,40,0.0023,NORMAL,None,Low
2946,0,5,50,0.0025,NORMAL,None,Low
2946,0,6,60,0.0022,NORMAL,None,Low
2947,0,1,10,0.0022,NORMAL,None,Medium
2947,0,2,20,0.0027,NORMAL,None,Medium
2947,0,3,30,0.0027,NORMAL,None,Medium
2947,0,4,40,0.0025,NORMAL,None,Low
2947,0,5,50,0.0021,NORMAL,None,Low
2947,0,6,60,0.0019,NORMAL,None,Low
2948,0,1,10,0.0025,NORMAL,None,Medium
2948,0,2,20,0.0028,NORMAL,None,Medium
2948,0,3,30,0.0023,NORMAL,None,Medium
2948,0,4,40,0.0021,NORMAL,None,Low
2948,0,5,50,0.0022,NORMAL,None,Low
2948,0,6,60,0.0023,NORMAL,None,Low
2949,0,1,10,0.0027,NORMAL,None,Medium
2949,0,2,20,0.0033,NORMAL,None,Medium
2949,0,3,30,0.0027,NORMAL,None,Medium
2949,0,4,40,0.0028,NORMAL,None,Low
2949,0,5,50,0.0023,NORMAL,None,Low
2949,0,6,60,0.0021,NORMAL,None,Low
2950,0,1,10,0.0028,NORMAL,None,Medium
2950,0,2,20,0.0025,NORMAL,None,Medium
2950,0,3,30,0.0027,NORMAL,None,Medium
2950,0,4,40,0.0024,NORMAL,None,Low
2950,0,5,50,0.0022,NORMAL,None,Low
2950,0,6,60,0.0022,NORMAL,None,Low
2951,0,1,10,0.0021,NORMAL,None,Medium
2951,0,2,20,0.0023,NORMAL,None,Medium
2951,0,3,30,0.0022,NORMAL,None,Medium
2951,0,4,40,0.0019,NORMAL,None,Low
2951,0,5,50,0.0017,NORMAL,None,Low
2951,0,6,60,0.0022,NORMAL,None,Low
2952,0,1,10,0.002,NORMAL,None,Medium
2952,0,2,20,0.0024,NORMAL,None,Medium
2952,0,3,30,0.002,NORMAL,None,Medium
2952,0,4,40,0.0023,NORMAL,None,Low
2952,0,5,50,0.0021,NORMAL,None,Low
2952,0,6,60,0.0022,NORMAL,None,Low
2953,0,1,10,0.0018,NORMAL,None,Medium
2953,0,2,20,0.0026,NORMAL,None,Medium
2953,0,3,30,0.0022,NORMAL,None,Medium
2953,0,4,40,0.0024,NORMAL,None,Low
2953,0,5,50,0.0022,NORMAL,None,Low
2953,0,6,60,0.0022,NORMAL,None,Low
2954,0,1,10,0.002,NORMAL,None,Medium
2954,0,2,20,0.0024,NORMAL,None,Medium
2954,0,3,30,0.0023,NORMAL,None,Medium
2954,0,4,40,0.0022,NORMAL,None,Low
2954,0,5,50,0.0021,NORMAL,None,Low
2954,0,6,60,0.0019,NORMAL,None,Low
2955,0,1,10,0.0023,NORMAL,None,Medium
2955,0,2,20,0.0026,NORMAL,None,Medium
2955,0,3,30,0.0028,NORMAL,None,Medium
2955,0,4,40,0.0025,NORMAL,None,Low
2955,0,5,50,0.0023,NORMAL,None,Low
2955,0,6,60,0.0022,NORMAL,None,Low
2956,0,1,10,0.0021,NORMAL,None,Medium
2956,0,2,20,0.0027,NORMAL,None,Medium
2956,0,3,30,0.0027,NORMAL,None,Medium
2956,0,4,40,0.0024,NORMAL,None,Low
2956,0,5,50,0.0024,NORMAL,None,Low
2956,0,6,60,0.0024,NORMAL,None,Low
2957,0,1,10,0.0024,NORMAL,None,Medium
2957,0,2,20,0.0023,NORMAL,None,Medium
2957,0,3,30,0.0022,NORMAL,None,Medium
2957,0,4,40,0.0023,NORMAL,None,Low
2957,0,5,50,0.0018,NORMAL,None,Low
2957,0,6,60,0.0021,NORMAL,None,Low
2958,0,1,10,0.0017,NORMAL,None,Medium
2958,0,2,20,0.0021,NORMAL,None,Medium
2958,0,3,30,0.0024,NORMAL,None,Medium
2958,0,4,40,0.0024,NORMAL,None,Low
2958,0,5,50,0.0021,NORMAL,None,Low
2958,0,6,60,0.0026,NORMAL,None,Low
2959,0,1,10,0.0027,NORMAL,None,Medium
2959,0,2,20,0.0029,NORMAL,None,Medium
2959,0,3,30,0.0024,NORMAL,None,Medium
2959,0,4,40,0.0022,NORMAL,None,Low
2959,0,5,50,0.002,NORMAL,None,Low
2959,0,6,60,0.0023,NORMAL,None,Low
2960,0,1,10,0.0029,NORMAL,None,Medium
2960,0,2,20,0.0028,NORMAL,None,Medium
2960,0,3,30,0.0024,NORMAL,None,Medium
2960,0,4,40,0.0024,NORMAL,None,Low
2960,0,5,50,0.0021,NORMAL,None,Low
2960,0,6,60,0.0023,NORMAL,None,Low
2961,0,1,10,0.0026,NORMAL,None,Medium
2961,0,2,20,0.0026,NORMAL,None,Medium
2961,0,3,30,0.0026,NORMAL,None,Medium
2961,0,4,40,0.0025,NORMAL,None,Low
2961,0,5,50,0.0021,NORMAL,None,Low
2961,0,6,60,0.0019,NORMAL,None,Low
2962,0,1,10,0.0024,NORMAL,None,Medium
2962,0,2,20,0.0026,NORMAL,None,Medium
2962,0,3,30,0.0026,NORMAL,None,Medium
2962,0,4,40,0.0019,NORMAL,None,Low
2962,0,5,50,0.0023,NORMAL,None,Low
2962,0,6,60,0.0022,NORMAL,None,Low
2963,0,1,10,0.0023,NORMAL,None,Medium
2963,0,2,20,0.0023,NORMAL,None,Medium
2963,0,3,30,0.0025,NORMAL,None,Medium
2963,0,4,40,0.0023,NORMAL,None,Low
2963,0,5,50,0.0019,NORMAL,None,Low
2963,0,6,60,0.0022,NORMAL,None,Low
2964,0,1,10,0.0025,NORMAL,None,Medium
2964,0,2,20,0.0027,NORMAL,None,Medium
2964,0,3,30,0.0026,NORMAL,None,Medium
2964,0,4,40,0.0023,NORMAL,None,Low
2964,0,5,50,0.0023,NORMAL,None,Low
2964,0,6,60,0.0026,NORMAL,None,Low
2965,0,1,10,0.0023,NORMAL,None,Medium
2965,0,2,20,0.0026,NORMAL,None,Medium
2965,0,3,30,0.0026,NORMAL,None,Medium
2965,0,4,40,0.0022,NORMAL,None,Low
2965,0,5,50,0.0022,NORMAL,None,Low
2965,0,6,60,0.002,NORMAL,None,Low
2966,0,1,10,0.0023,NORMAL,None,Medium
2966,0,2,20,0.0024,NORMAL,None,Medium
2966,0,3,30,0.0022,NORMAL,None,Medium
2966,0,4,40,0.0025,NORMAL,None,Low
2966,0,5,50,0.0025,NORMAL,None,Low
2966,0,6,60,0.0023,NORMAL,None,Low
2967,0,1,10,0.0021,NORMAL,None,Medium
2967,0,2,20,0.0025,NORMAL,None,Medium
2967,0,3,30,0.0022,NORMAL,None,Medium
2967,0,4,40,0.0023,NORMAL,None,Low
2967,0,5,50,0.0022,NORMAL,None,Low
2967,0,6,60,0.0021,NORMAL,None,Low
2968,0,1,10,0.0031,NORMAL,None,Medium
2968,0,2,20,0.0031,NORMAL,None,Medium
2968,0,3,30,0.0027,NORMAL,None,Medium
2968,0,4,40,0.0022,NORMAL,None,Low
2968,0,5,50,0.0025,NORMAL,None,Low
2968,0,6,60,0.0022,NORMAL,None,Low
2969,0,1,10,0.0037,NORMAL,None,Medium
2969,0,2,20,0.003,NORMAL,None,Medium
2969,0,3,30,0.0024,NORMAL,None,Medium
2969,0,4,40,0.0022,NORMAL,None,Low
2969,0,5,50,0.0024,NORMAL,None,Low
2969,0,6,60,0.002,NORMAL,None,Low
2970,0,1,10,0.0038,NORMAL,None,Medium
2970,0,2,20,0.0032,NORMAL,None,Medium
2970,0,3,30,0.0028,NORMAL,None,Medium
2970,0,4,40,0.003,NORMAL,None,Low
2970,0,5,50,0.0025,NORMAL,None,Low
2970,0,6,60,0.002,NORMAL,None,Low
2971,0,1,10,0.0046,NORMAL,None,Medium
2971,0,2,20,0.0033,NORMAL,None,Medium
2971,0,3,30,0.0026,NORMAL,None,Medium
2971,0,4,40,0.0026,NORMAL,None,Low
2971,0,5,50,0.0023,NORMAL,None,Low
2971,0,6,60,0.0023,NORMAL,None,Low
2972,0,1,10,0.0038,NORMAL,None,Medium
2972,0,2,20,0.0029,NORMAL,None,Medium
2972,0,3,30,0.0029,NORMAL,None,Medium
2972,0,4,40,0.0023,NORMAL,None,Low
2972,0,5,50,0.0026,NORMAL,None,Low
2972,0,6,60,0.0024,NORMAL,None,Low
2973,0,1,10,0.0067,NORMAL,None,Medium
2973,0,2,20,0.0037,NORMAL,None,Medium
2973,0,3,30,0.0026,NORMAL,None,Medium
2973,0,4,40,0.0022,NORMAL,None,Low
2973,0,5,50,0.0023,NORMAL,None,Low
2973,0,6,60,0.0021,NORMAL,None,Low
2974,0,1,10,0.0027,NORMAL,None,Medium
2974,0,2,20,0.0028,NORMAL,None,Medium
2974,0,3,30,0.0024,NORMAL,None,Medium
2974,0,4,40,0.0022,NORMAL,None,Low
2974,0,5,50,0.0021,NORMAL,None,Low
2974,0,6,60,0.0023,NORMAL,None,Low
2975,0,1,10,0.0028,NORMAL,None,Medium
2975,0,2,20,0.0027,NORMAL,None,Medium
2975,0,3,30,0.0026,NORMAL,None,Medium
2975,0,4,40,0.0026,NORMAL,None,Low
2975,0,5,50,0.0022,NORMAL,None,Low
2975,0,6,60,0.0022,NORMAL,None,Low
2976,0,1,10,0.003,NORMAL,None,Medium
2976,0,2,20,0.0029,NORMAL,None,Medium
2976,0,3,30,0.0024,NORMAL,None,Medium
2976,0,4,40,0.0024,NORMAL,None,Low
2976,0,5,50,0.0026,NORMAL,None,Low
2976,0,6,60,0.0025,NORMAL,None,Low
2977,0,1,10,0.004,NORMAL,None,Medium
2977,0,2,20,0.0027,NORMAL,None,Medium
2977,0,3,30,0.0025,NORMAL,None,Medium
2977,0,4,40,0.0022,NORMAL,None,Low
2977,0,5,50,0.0023,NORMAL,None,Low
2977,0,6,60,0.0024,NORMAL,None,Low
2978,0,1,10,0.0021,NORMAL,None,Medium
2978,0,2,20,0.0021,NORMAL,None,Medium
2978,0,3,30,0.0024,NORMAL,None,Medium
2978,0,4,40,0.0026,NORMAL,None,Low
2978,0,5,50,0.002,NORMAL,None,Low
2978,0,6,60,0.0022,NORMAL,None,Low
2979,0,1,10,0.0026,NORMAL,None,Medium
2979,0,2,20,0.0022,NORMAL,None,Medium
2979,0,3,30,0.0022,NORMAL,None,Medium
2979,0,4,40,0.0026,NORMAL,None,Low
2979,0,5,50,0.0021,NORMAL,None,Low
2979,0,6,60,0.0021,NORMAL,None,Low
2980,0,1,10,0.0027,NORMAL,None,Medium
2980,0,2,20,0.0025,NORMAL,None,Medium
2980,0,3,30,0.0023,NORMAL,None,Medium
2980,0,4,40,0.0026,NORMAL,None,Low
2980,0,5,50,0.0022,NORMAL,None,Low
2980,0,6,60,0.002,NORMAL,None,Low
2981,0,1,10,0.0027,NORMAL,None,Medium
2981,0,2,20,0.0029,NORMAL,None,Medium
2981,0,3,30,0.0029,NORMAL,None,Medium
2981,0,4,40,0.0028,NORMAL,None,Low
2981,0,5,50,0.0027,NORMAL,None,Low
2981,0,6,60,0.0024,NORMAL,None,Low
2982,0,1,10,0.0024,NORMAL,None,Medium
2982,0,2,20,0.0027,NORMAL,None,Medium
2982,0,3,30,0.0025,NORMAL,None,Medium
2982,0,4,40,0.0025,NORMAL,None,Low
2982,0,5,50,0.0023,NORMAL,None,Low
2982,0,6,60,0.0023,NORMAL,None,Low
2983,0,1,10,0.0022,NORMAL,None,Medium
2983,0,2,20,0.0023,NORMAL,None,Medium
2983,0,3,30,0.0027,NORMAL,None,Medium
2983,0,4,40,0.0022,NORMAL,None,Low
2983,0,5,50,0.0024,NORMAL,None,Low
2983,0,6,60,0.0026,NORMAL,None,Low
2984,0,1,10,0.0022,NORMAL,None,Medium
2984,0,2,20,0.0022,NORMAL,None,Medium
2984,0,3,30,0.0024,NORMAL,None,Medium
2984,0,4,40,0.0021,NORMAL,None,Low
2984,0,5,50,0.0025,NORMAL,None,Low
2984,0,6,60,0.0023,NORMAL,None,Low
2985,0,1,10,0.0031,NORMAL,None,Medium
2985,0,2,20,0.0029,NORMAL,None,Medium
2985,0,3,30,0.0025,NORMAL,None,Medium
2985,0,4,40,0.0024,NORMAL,None,Low
2985,0,5,50,0.0021,NORMAL,None,Low
2985,0,6,60,0.0021,NORMAL,None,Low
2986,0,1,10,0.0023,NORMAL,None,Medium
2986,0,2,20,0.0029,NORMAL,None,Medium
2986,0,3,30,0.0026,NORMAL,None,Medium
2986,0,4,40,0.003,NORMAL,None,Low
2986,0,5,50,0.0021,NORMAL,None,Low
2986,0,6,60,0.0021,NORMAL,None,Low
2987,0,1,10,0.002,NORMAL,None,Medium
2987,0,2,20,0.0023,NORMAL,None,Medium
2987,0,3,30,0.0027,NORMAL,None,Medium
2987,0,4,40,0.0021,NORMAL,None,Low
2987,0,5,50,0.0022,NORMAL,None,Low
2987,0,6,60,0.002,NORMAL,None,Low
2988,0,1,10,0.0018,NORMAL,None,Medium
2988,0,2,20,0.0023,NORMAL,None,Medium
2988,0,3,30,0.0025,NORMAL,None,Medium
2988,0,4,40,0.0022,NORMAL,None,Low
2988,0,5,50,0.0021,NORMAL,None,Low
2988,0,6,60,0.0024,NORMAL,None,Low
2989,0,1,10,0.0017,NORMAL,None,Medium
2989,0,2,20,0.0022,NORMAL,None,Medium
2989,0,3,30,0.0021,NORMAL,None,Medium
2989,0,4,40,0.0025,NORMAL,None,Low
2989,0,5,50,0.0024,NORMAL,None,Low
2989,0,6,60,0.0021,NORMAL,None,Low
2990,0,1,10,0.0016,NORMAL,None,Medium
2990,0,2,20,0.0021,NORMAL,None,Medium
2990,0,3,30,0.0023,NORMAL,None,Medium
2990,0,4,40,0.0024,NORMAL,None,Low
2990,0,5,50,0.0025,NORMAL,None,Low
2990,0,6,60,0.0022,NORMAL,None,Low
2991,0,1,10,0.0019,NORMAL,None,Medium
2991,0,2,20,0.0025,NORMAL,None,Medium
2991,0,3,30,0.0025,NORMAL,None,Medium
2991,0,4,40,0.0022,NORMAL,None,Low
2991,0,5,50,0.0022,NORMAL,None,Low
2991,0,6,60,0.0022,NORMAL,None,Low
2992,0,1,10,0.0019,NORMAL,None,Medium
2992,0,2,20,0.0023,NORMAL,None,Medium
2992,0,3,30,0.0021,NORMAL,None,Medium
2992,0,4,40,0.0024,NORMAL,None,Low
2992,0,5,50,0.0023,NORMAL,None,Low
2992,0,6,60,0.0021,NORMAL,None,Low
2993,0,1,10,0.0018,NORMAL,None,Medium
2993,0,2,20,0.0025,NORMAL,None,Medium
2993,0,3,30,0.0023,NORMAL,None,Medium
2993,0,4,40,0.0023,NORMAL,None,Low
2993,0,5,50,0.0023,NORMAL,None,Low
2993,0,6,60,0.0022,NORMAL,None,Low
2994,0,1,10,0.003,NORMAL,None,Medium
2994,0,2,20,0.0028,NORMAL,None,Medium
2994,0,3,30,0.0027,NORMAL,None,Medium
2994,0,4,40,0.0025,NORMAL,None,Low
2994,0,5,50,0.0022,NORMAL,None,Low
2994,0,6,60,0.0025,NORMAL,None,Low
2995,0,1,10,0.0024,NORMAL,None,Medium
2995,0,2,20,0.0021,NORMAL,None,Medium
2995,0,3,30,0.0027,NORMAL,None,Medium
2995,0,4,40,0.0022,NORMAL,None,Low
2995,0,5,50,0.0018,NORMAL,None,Low
2995,0,6,60,0.002,NORMAL,None,Low
2996,0,1,10,0.0033,NORMAL,None,Medium
2996,0,2,20,0.0031,NORMAL,None,Medium
2996,0,3,30,0.0022,NORMAL,None,Medium
2996,0,4,40,0.0019,NORMAL,None,Low
2996,0,5,50,0.002,NORMAL,None,Low
2996,0,6,60,0.002,NORMAL,None,Low
2997,0,1,10,0.0063,NORMAL,None,Medium
2997,0,2,20,0.003,NORMAL,None,Medium
2997,0,3,30,0.0024,NORMAL,None,Medium
2997,0,4,40,0.0026,NORMAL,None,Low
2997,0,5,50,0.0023,NORMAL,None,Low
2997,0,6,60,0.0024,NORMAL,None,Low
2998,0,1,10,0.1106,NORMAL,None,Medium
2998,0,2,20,0.0187,NORMAL,None,Medium
2998,0,3,30,0.0061,NORMAL,None,Medium
2998,0,4,40,0.0035,NORMAL,None,Low
2998,0,5,50,0.0031,NORMAL,None,Low
2998,0,6,60,0.0022,NORMAL,None,Low
2999,0,1,10,0.0053,NORMAL,None,Medium
2999,0,2,20,0.0043,NORMAL,None,Medium
2999,0,3,30,0.0031,NORMAL,None,Medium
2999,0,4,40,0.0024,NORMAL,None,Low
2999,0,5,50,0.0024,NORMAL,None,Low
2999,0,6,60,0.0024,NORMAL,None,Low
3000,0,1,10,0.0056,NORMAL,None,Medium
3000,0,2,20,0.0045,NORMAL,None,Medium
3000,0,3,30,0.0033,NORMAL,None,Medium
3000,0,4,40,0.0029,NORMAL,None,Low
3000,0,5,50,0.0025,NORMAL,None,Low
3000,0,6,60,0.0022,NORMAL,None,Low
3001,0,1,10,0.0092,NORMAL,None,Medium
3001,0,2,20,0.0057,NORMAL,None,Medium
3001,0,3,30,0.004,NORMAL,None,Medium
3001,0,4,40,0.0039,NORMAL,None,Low
3001,0,5,50,0.0028,NORMAL,None,Low
3001,0,6,60,0.0023,NORMAL,None,Low
3002,0,1,10,0.0048,NORMAL,None,Medium
3002,0,2,20,0.0042,NORMAL,None,Medium
3002,0,3,30,0.0031,NORMAL,None,Medium
3002,0,4,40,0.0028,NORMAL,None,Low
3002,0,5,50,0.0025,NORMAL,None,Low
3002,0,6,60,0.0021,NORMAL,None,Low
3003,0,1,10,0.0046,NORMAL,None,Medium
3003,0,2,20,0.0044,NORMAL,None,Medium
3003,0,3,30,0.003,NORMAL,None,Medium
3003,0,4,40,0.0024,NORMAL,None,Low
3003,0,5,50,0.0025,NORMAL,None,Low
3003,0,6,60,0.0023,NORMAL,None,Low
3004,0,1,10,0.0056,NORMAL,None,Medium
3004,0,2,20,0.0041,NORMAL,None,Medium
3004,0,3,30,0.0029,NORMAL,None,Medium
3004,0,4,40,0.0024,NORMAL,None,Low
3004,0,5,50,0.0024,NORMAL,None,Low
3004,0,6,60,0.0024,NORMAL,None,Low
3005,0,1,10,0.0054,NORMAL,None,Medium
3005,0,2,20,0.0043,NORMAL,None,Medium
3005,0,3,30,0.0036,NORMAL,None,Medium
3005,0,4,40,0.003,NORMAL,None,Low
3005,0,5,50,0.0027,NORMAL,None,Low
3005,0,6,60,0.0022,NORMAL,None,Low
3006,0,1,10,0.0069,NORMAL,None,Medium
3006,0,2,20,0.0051,NORMAL,None,Medium
3006,0,3,30,0.0035,NORMAL,None,Medium
3006,0,4,40,0.0029,NORMAL,None,Low
3006,0,5,50,0.0029,NORMAL,None,Low
3006,0,6,60,0.0025,NORMAL,None,Low
3007,0,1,10,0.0053,NORMAL,None,Medium
3007,0,2,20,0.0044,NORMAL,None,Medium
3007,0,3,30,0.0031,NORMAL,None,Medium
3007,0,4,40,0.0026,NORMAL,None,Low
3007,0,5,50,0.0027,NORMAL,None,Low
3007,0,6,60,0.0024,NORMAL,None,Low
3008,0,1,10,0.0047,NORMAL,None,Medium
3008,0,2,20,0.0042,NORMAL,None,Medium
3008,0,3,30,0.0031,NORMAL,None,Medium
3008,0,4,40,0.0025,NORMAL,None,Low
3008,0,5,50,0.0023,NORMAL,None,Low
3008,0,6,60,0.0025,NORMAL,None,Low
3009,0,1,10,0.0039,NORMAL,None,Medium
3009,0,2,20,0.0037,NORMAL,None,Medium
3009,0,3,30,0.0032,NORMAL,None,Medium
3009,0,4,40,0.0026,NORMAL,None,Low
3009,0,5,50,0.0028,NORMAL,None,Low
3009,0,6,60,0.0021,NORMAL,None,Low
3010,0,1,10,0.0037,NORMAL,None,Medium
3010,0,2,20,0.0037,NORMAL,None,Medium
3010,0,3,30,0.0031,NORMAL,None,Medium
3010,0,4,40,0.0031,NORMAL,None,Low
3010,0,5,50,0.0025,NORMAL,None,Low
3010,0,6,60,0.0022,NORMAL,None,Low
3011,0,1,10,0.0039,NORMAL,None,Medium
3011,0,2,20,0.0036,NORMAL,None,Medium
3011,0,3,30,0.003,NORMAL,None,Medium
3011,0,4,40,0.0028,NORMAL,None,Low
3011,0,5,50,0.0024,NORMAL,None,Low
3011,0,6,60,0.0025,NORMAL,None,Low
3012,0,1,10,0.0037,NORMAL,None,Medium
3012,0,2,20,0.0041,NORMAL,None,Medium
3012,0,3,30,0.0034,NORMAL,None,Medium
3012,0,4,40,0.0026,NORMAL,None,Low
3012,0,5,50,0.0024,NORMAL,None,Low
3012,0,6,60,0.002,NORMAL,None,Low
3013,0,1,10,0.0028,NORMAL,None,Medium
3013,0,2,20,0.0031,NORMAL,None,Medium
3013,0,3,30,0.0026,NORMAL,None,Medium
3013,0,4,40,0.0025,NORMAL,None,Low
3013,0,5,50,0.0023,NORMAL,None,Low
3013,0,6,60,0.0022,NORMAL,None,Low
3014,0,1,10,0.003,NORMAL,None,Medium
3014,0,2,20,0.0026,NORMAL,None,Medium
3014,0,3,30,0.0027,NORMAL,None,Medium
3014,0,4,40,0.0024,NORMAL,None,Low
3014,0,5,50,0.0023,NORMAL,None,Low
3014,0,6,60,0.0023,NORMAL,None,Low
3015,0,1,10,0.003,NORMAL,None,Medium
3015,0,2,20,0.003,NORMAL,None,Medium
3015,0,3,30,0.0025,NORMAL,None,Medium
3015,0,4,40,0.0026,NORMAL,None,Low
3015,0,5,50,0.0024,NORMAL,None,Low
3015,0,6,60,0.0023,NORMAL,None,Low
3016,0,1,10,0.0027,NORMAL,None,Medium
3016,0,2,20,0.0029,NORMAL,None,Medium
3016,0,3,30,0.0026,NORMAL,None,Medium
3016,0,4,40,0.0026,NORMAL,None,Low
3016,0,5,50,0.0024,NORMAL,None,Low
3016,0,6,60,0.0023,NORMAL,None,Low
3017,0,1,10,0.0028,NORMAL,None,Medium
3017,0,2,20,0.0032,NORMAL,None,Medium
3017,0,3,30,0.0029,NORMAL,None,Medium
3017,0,4,40,0.003,NORMAL,None,Low
3017,0,5,50,0.0024,NORMAL,None,Low
3017,0,6,60,0.0022,NORMAL,None,Low
3018,0,1,10,0.003,NORMAL,None,Medium
3018,0,2,20,0.0032,NORMAL,None,Medium
3018,0,3,30,0.0027,NORMAL,None,Medium
3018,0,4,40,0.0024,NORMAL,None,Low
3018,0,5,50,0.0023,NORMAL,None,Low
3018,0,6,60,0.0022,NORMAL,None,Low
3019,0,1,10,0.0033,NORMAL,None,Medium
3019,0,2,20,0.0033,NORMAL,None,Medium
3019,0,3,30,0.0031,NORMAL,None,Medium
3019,0,4,40,0.0027,NORMAL,None,Low
3019,0,5,50,0.0029,NORMAL,None,Low
3019,0,6,60,0.0021,NORMAL,None,Low
3020,0,1,10,0.0032,NORMAL,None,Medium
3020,0,2,20,0.0035,NORMAL,None,Medium
3020,0,3,30,0.003,NORMAL,None,Medium
3020,0,4,40,0.0025,NORMAL,None,Low
3020,0,5,50,0.0028,NORMAL,None,Low
3020,0,6,60,0.0023,NORMAL,None,Low
3021,0,1,10,0.003,NORMAL,None,Medium
3021,0,2,20,0.0034,NORMAL,None,Medium
3021,0,3,30,0.0028,NORMAL,None,Medium
3021,0,4,40,0.0024,NORMAL,None,Low
3021,0,5,50,0.0022,NORMAL,None,Low
3021,0,6,60,0.0022,NORMAL,None,Low
3022,0,1,10,0.0023,NORMAL,None,Medium
3022,0,2,20,0.003,NORMAL,None,Medium
3022,0,3,30,0.0025,NORMAL,None,Medium
3022,0,4,40,0.0024,NORMAL,None,Low
3022,0,5,50,0.0024,NORMAL,None,Low
3022,0,6,60,0.0022,NORMAL,None,Low
3023,0,1,10,0.0025,NORMAL,None,Medium
3023,0,2,20,0.0028,NORMAL,None,Medium
3023,0,3,30,0.0024,NORMAL,None,Medium
3023,0,4,40,0.0023,NORMAL,None,Low
3023,0,5,50,0.0022,NORMAL,None,Low
3023,0,6,60,0.0019,NORMAL,None,Low
3024,0,1,10,0.0026,NORMAL,None,Medium
3024,0,2,20,0.0026,NORMAL,None,Medium
3024,0,3,30,0.0028,NORMAL,None,Medium
3024,0,4,40,0.0025,NORMAL,None,Low
3024,0,5,50,0.0027,NORMAL,None,Low
3024,0,6,60,0.0024,NORMAL,None,Low
3025,0,1,10,0.0023,NORMAL,None,Medium
3025,0,2,20,0.0027,NORMAL,None,Medium
3025,0,3,30,0.0031,NORMAL,None,Medium
3025,0,4,40,0.0026,NORMAL,None,Low
3025,0,5,50,0.0023,NORMAL,None,Low
3025,0,6,60,0.002,NORMAL,None,Low
